file	label	intervaldID	t	f0	F1	F2	F3	H1c	H2c	H4c	A1c	A2c	A3c	H2Ku	H5Ku	H1u	H2u	H4u	A1u	A2u	A3u	B1	B2	B3	H1H2c	H2H4c	H1A1c	H1A2c	H1A3c	H2KH5Ku	H1H2u	H2H4u	H1A1u	H1A2u	H1A3u	CPP	HNR05	HNR15	HNR25	HNR35	intensity	soe
archi-vowels-PSX.wav	áʲˤ	1	0.365	223.2017630070714	708.767	1785.943	2922.982	42.2342232978392	38.69839618715335	34.91108273147457	32.768894066560726	26.42815938713953	38.226367018097214	40.25640976531521	18.456173921714267	43.275501633488716	43.62173411519939	41.98761831646193	57.18632232218609	40.25640976531521	35.54672521465136	50.72064940058974	68.77125036183209	154.94891239938377	3.535827110685851	3.7873134556787775	9.465329231278474	15.80606391069967	4.007856279741986	21.800235843600944	-0.3462324817106719	1.6341157987374544	-13.910820688697378	3.019091868173504	7.728776418837356	24.636	6.962687337725497	5.061249749734149	4.004363018659339	3.46093608260885	83.50178595470484	0.0954362537243725
 archi-vowels-PSX.wav	áʲˤ	1	0.387	210.77388913855827	829.061	1875.398	3082.977	39.636172993684795	40.08120735728933	27.644610090098404	26.462862013539763	27.742591586777127	37.291337523158205	44.0322217154123	20.420778695109995	40.32641876922825	43.12421994327125	52.733742864756636	52.733742864756636	44.0322217154123	36.25566001978755	50.20038593706341	70.73009161452504	167.18498551488167	-0.44503436360453463	12.436597267190926	13.173310980145033	11.893581406907668	2.34483547052659	23.611443020302303	-2.797801174043002	-9.609522921485386	-12.407324095528388	-3.7058029461840505	4.070758749440699	21.119	14.12053855948974	7.366548560391724	6.154914255938943	5.589582125417413	81.82061985411998	0.07396459868083728
 archi-vowels-PSX.wav	áʲˤ	1	0.409	196.83152668628733	854.011	1884.099	3180.295	37.85912602438289	39.46859241612007	27.8234049727418	18.544960935192762	19.01644016200303	32.15721945791984	36.126093600461566	16.52148971771146	38.42836278234384	41.928519528315434	45.442646838409885	45.442646838409885	36.126093600461566	30.431392805257556	48.720625038059005	68.8326517976581	171.90326410123356	-1.609466391737179	11.64518744337827	19.314165089190126	18.84268586237986	5.701906566463052	19.604603882750105	-3.5001567459715943	-3.5141273100944517	-7.014284056066046	2.3022691818822736	7.996969977086284	19.968	17.931140000409155	9.58114837750668	8.287381500601773	7.755374180046301	78.60629932665724	0.05552085244666546
 archi-vowels-PSX.wav	áʲˤ	1	0.43	188.05127682606633	826.002	2110.779	3315.333	38.10713155282413	34.19288103378953	16.416560131849096	6.2765172196325345	13.654406253546092	29.47604230080104	23.826113952115623	17.422887359194345	38.638382223107605	36.488460086879236	32.544245384068574	32.544245384068574	27.479927731883826	28.248845164314126	47.534433615587766	78.959043858257	182.4434665790891	3.9142505190345958	17.776320901940437	31.830614333191594	24.452725299278036	8.631089252023088	6.403226592921278	2.149922136228369	3.9442147028106618	6.094136839039031	11.158454491223779	10.38953705879348	14.679	21.875479866993746	6.943354376822367	6.598426494636753	6.4050621816838404	72.15378409370896	0.055236712883934384
 archi-vowels-PSX.wav	áʲˤ	1	0.452	159.97507709954837	789.803	1997.538	3215.287	24.227786165261396	25.596371563754804	17.031730718665553	0.9123639279859326	13.557224528357747	21.828037292279312	28.426528351786597	22.639185847119172	24.647359754369035	27.377426375314485	27.17593639931499	27.48213805972533	28.426528351786597	20.474151601986875	44.054941343690835	67.78717344919616	160.08039463611627	-1.3685853984934084	8.56464084508925	23.315422237275463	10.67056163690365	2.3997488729820837	5.787342504667425	-2.7300666209454505	0.2014899759994968	-2.834778305356295	-3.779168597417563	4.173208152382159	15.423	10.375513573005284	0.6862149070282568	0.12943012491520212	0.03936718899715966	65.16169730778438	0.011203293085912414
archi-vowels-PSX.wav	áʲˤ	2	1.056	175.0701837136951	731.403	1762.451	2810.602	28.699433161897115	35.47225010913647	21.44052745663945	21.83173875861393	19.492441153262448	30.17776507341018	32.78055010542604	15.49249516515549	29.29728152450492	38.07729296978051	42.68865066852493	47.637407854521584	35.25083849300449	30.830492924029443	45.39626380601078	60.442475257957724	127.9249672480524	-6.7728169472393525	14.031722652497017	6.867694403283185	9.206992008634668	-1.478331911513063	17.28805494027055	-8.780011445275587	-4.6113576987444205	-18.340126330016663	-5.953556968499566	-1.5332113995245216	16.838	16.518651308737155	2.6539380314420757	2.546384105180951	2.472773467398431	76.48743600874832	0.06537842535446482
 archi-vowels-PSX.wav	áʲˤ	2	1.08	164.22077968186542	825.233	1794.776	2891.134	32.99666335468313	32.22432607023588	27.435962351891106	12.80209021542489	6.0440192823272625	21.517968940612853	23.36891598572516	9.368817725531583	33.420574029591265	34.01696773540452	37.34710725795292	40.20332133832541	24.23608202240114	23.645540974329755	44.754114853357464	59.941706785119614	131.47610816064463	0.7723372844472465	4.788363718344776	20.19457313925824	26.952644072355866	11.478694414070276	14.000098260193576	-0.5963937058132558	-3.3301395225484	-6.7827473087341446	9.184492007190126	9.77503305526151	15.785	14.150446745601865	7.881891239389274	6.702831435064517	6.42475055666758	71.09132562404463	0.06542392446942001
 archi-vowels-PSX.wav	áʲˤ	2	1.104	167.90248100520213	875.281	2058.51	2997.463	32.667616917958966	25.613784522285254	22.377565020885747	7.4197659947703585	15.019015491688087	18.925611952146525	31.11846612498711	13.351597988204059	33.05133393879947	27.230740788552946	31.036707116451183	34.869968535835795	31.11846612498711	24.193113404912346	45.449440366016404	72.2671003286179	142.47321773430392	7.053832395673712	3.236219501399507	25.247850923188608	17.64860142627088	13.742004965812441	17.76686813678305	5.820593150246527	-3.8059663278982363	-1.818634597036322	1.932867813812365	8.858220533887128	13.744	10.216043191234121	2.5434396478803585	1.285560407324586	0.5042692950460013	67.60131947194073	0.06224936590579661
 archi-vowels-PSX.wav	áʲˤ	2	1.128	155.9668891604038	790.446	1903.315	3049.79	26.703493517754403	19.56858871555408	11.19207694514252	2.4572538850717294	16.691885267083894	23.616622493347908	32.80418777900264	14.827014495556147	27.10678925881083	21.274052149509657	20.593299472966198	29.29300252914997	32.80418777900264	23.869545540593137	43.59409172745878	62.87973422673422	142.8539123088463	7.1349048022003245	8.376511770411557	24.246239632682673	10.011608250670509	3.086871024406495	17.97717328344649	5.832737109301174	0.6807526765434595	-2.186213270339138	-5.697398520191808	3.2372437182176945	6.651	8.611441041681354	0.5253786277980343	-1.8167497630762175	-2.2155001566114887	63.79283892637153	0.029274841585250712
 archi-vowels-PSX.wav	áʲˤ	2	1.152	135.63302779950496	815.947	2005.546	3240.086	21.58261654010485	8.664109959623099	3.6909579382491735	-9.772811324259134	-1.6652570460091525	12.071555825212915	14.356005207965406	7.270282733893221	21.86584498961262	9.841620871846748	9.407919401740386	17.72022426484871	14.356005207965406	11.592172017264101	41.375831895136955	63.80281217543712	152.0814438611742	12.918506580481752	4.9731520213739255	31.355427864363985	23.247873586114004	9.511060714891936	7.085722474072186	12.02422411776587	0.43370147010636195	4.1456207247639085	7.509839781647212	10.273672972348518	0	5.84066952794101	-0.04809021666670954	-0.8892166185682805	-2.495455025005179	54.80821182589439	0.01693355401366133
archi-vowels-PSX.wav	á	3	2.008	188.33070185239052	726.089	1519.176	2970.547	33.33127856410128	35.53649248888341	28.136749360971596	24.46418655597543	19.981211861131076	29.029502866653978	21.39149918614594	-6.744000265170093	34.06960275333543	38.801642755334726	50.5377607709287	50.5377607709287	38.29008519150807	22.57028950255941	46.87686705893268	55.120997758604474	147.34718371715422	-2.2052139247821287	7.399743127911815	8.867092008125852	13.350066702970206	4.3017756974473045	28.135499451316033	-4.7320400019992945	-11.736118015593973	-16.468158017593268	-4.220482438172638	11.49931325077602	27.252	31.340455058267	19.18564664454745	18.182934788308856	17.875125745870633	77.99603403011686	0.0626750339643451
 archi-vowels-PSX.wav	á	3	2.055	206.1034549266968	803.32	1643.097	2889.042	37.62237771768342	32.48157137424482	12.599041293315306	18.317122939296436	21.90385535628806	21.75179021853429	38.15696792871507	15.05466790835078	38.350852830070934	35.69385713659749	36.86330928433196	44.91937709475101	40.539181194120474	20.140729822840004	49.49345861249861	60.99400112312608	145.60137098687832	5.140806343438598	19.882530080929516	19.305254778386985	15.718522361395362	15.870587499149131	23.10230002036429	2.6569956934734478	-1.169452147734475	-6.568524264680079	-2.1883283640495392	18.21012300723093	23.211	21.5528446607573	12.034848229872052	11.307537376651403	11.168909153860248	76.90632852348303	0.09129678916473156
 archi-vowels-PSX.wav	á	3	2.101	237.45753948825427	789.783	1649.354	2802.983	36.55556120484688	22.843936950558536	25.90971928943613	17.36245006849541	14.458581271190972	17.644822890799894	32.01235653508924	13.699419502699566	37.5587877617821	27.476528503778468	36.326677295540286	43.10626567271156	32.01235653508924	16.785886328642846	53.03824020503426	65.6955983872383	147.34407616635144	13.711624254288346	-3.065782338877593	19.193111136351472	22.09697993365591	18.910738314046988	18.312937032389673	10.082259258003631	-8.850148791761818	-5.547477910929459	5.54643122669286	20.772901433139253	20.059	15.555054926674465	13.938400632903274	13.013838532198037	12.807148988055898	73.60709598635773	0.07663799116560455
 archi-vowels-PSX.wav	á	3	2.147	274.26603180724	808.937	1577.099	3328.596	36.05488799949572	27.08960472548214	6.899464200170673	11.245782639457524	5.9959508599541	23.16353852301644	24.364893654265934	1.8496868941266245	37.37948701926242	33.52204216439452	14.150827641748396	36.89298842917554	24.37701091350465	12.353858412017837	57.45310044622654	68.47923963208342	222.7041355527414	8.96528327401358	20.190140525311467	24.809105360038195	30.05893713954162	12.891349476479277	22.51520676013931	3.8574448548679	19.371214522646124	0.4864985900868817	13.002476105757768	25.025628607244585	15.233	19.367067843465854	11.66404881889546	10.232514678581726	9.983761497865455	67.70442751865005	0.04503728461852022
 archi-vowels-PSX.wav	á	3	2.194	294.86801776008565	599.722	1605.096	3388.644	12.68998161857553	-10.337683769759614	-2.261438410096064	-9.195974579648441	-2.6771963750510075	20.68596623104311	2.2923270712819486	-3.527873144900467	15.371022373334977	10.903917633941916	-4.646841295616506	12.515978898306388	8.54931035296286	3.63751011147786	57.402893366403	72.30037887115958	240.13042931641135	23.027665388335144	-8.07624535966355	21.885956198223973	15.367177993626537	-7.995984612467581	5.820200216182416	4.467104739393061	15.550758929558421	2.855043475028589	6.821712020372118	11.733512261857117	0	21.216992377680786	8.865827026302156	8.466983324377896	8.332219179162195	50.558679229830254	0.00253676996140029
archi-vowels-PSX.wav	á	4	2.794	173.46939346008708	657.111	1405.624	2983.047	33.34793036135429	38.31402566066272	20.054945954623182	16.006957270863023	12.589592752204386	23.666134344506638	10.988001415941195	9.987270821834079	34.10708237961558	41.68683688222696	39.92644303792953	41.544548136623625	30.4197979551453	13.713048894162188	44.543561694849046	50.85183413849761	143.15828415561234	-4.966095299308435	18.25907970603954	17.340973090491264	20.7583376091499	9.681796016847649	1.0007305941071163	-7.5797545026113795	1.7603938442974325	-7.437465757008042	3.6872844244702847	20.394033485453395	22.443	24.623378159200236	13.808828365728145	13.655958747035795	13.55396024693441	71.99286693228606	0.0676856395527117
 archi-vowels-PSX.wav	á	4	2.83	154.9259920090881	780.911	1677.885	2968.984	31.29577903116314	35.20564656910265	30.298239897259386	14.682663587875286	20.406038975759287	30.503525878534568	25.914956325632197	0.11708983156846627	31.71872805187524	36.99332464873219	40.13980993382298	41.92381924518514	39.06958612154665	28.590716723429992	43.41540267945187	54.666785950039234	135.15346685109748	-3.9098675379395083	4.907406671843262	16.613115443287853	10.889740055403852	0.7922531526285717	25.79786649406373	-5.274596596856952	-3.1464852850907903	-10.205091193309904	-7.3508580696714105	3.128011328445247	21.062	21.606488053621547	10.86359687375235	9.111799271239802	8.502043759345423	72.25499204624089	0.05741363132621584
 archi-vowels-PSX.wav	á	4	2.866	154.13855881531984	771.664	1754.55	2874.324	28.723311071951642	33.70586978123212	10.598682437333768	0.12198456158040827	14.264052099205102	23.509467368484536	27.78510912222334	-2.16265270476387	29.144044030973724	35.48669262706481	20.510914896591935	27.036305072907084	31.728765992569613	24.288710177445317	43.26633790355777	56.972797257145814	126.57286041500895	-4.982558709280475	23.10718734389835	28.601326510371234	14.45925897274654	5.213843703467106	29.94776182698721	-6.342648596091088	14.975777730472878	2.1077389580666406	-2.584721961595889	4.855333853528407	15.248	12.799886925864703	4.689854719330822	3.05347220435379	2.374143316887688	64.56691090868415	0.03838756242502786
 archi-vowels-PSX.wav	á	4	2.901	131.29662175132486	947.166	1748.7	2927.56	23.577022143566623	-0.7310030013882816	9.293503565991644	-4.834609117757893	1.816578991728175	18.09543225028824	18.84320228313333	9.30875636793189	23.794880974015843	0.16256556585257376	13.305850336875958	25.37933721939009	24.592095103815783	22.238816047703192	41.48413207211824	53.310680114715154	123.1949946778636	24.308025144954904	-10.024506567379925	28.411631261324516	21.760443151838448	5.481589893278382	9.53444591520144	23.63231540816327	-13.143284771023383	-1.5844562453742483	-0.79721412979994	1.5560649263126507	11.359	5.535298949619243	-0.1475969088396658	0.870947648792349	0.13483312937494288	57.569793834016565	0.014749564763196506
 archi-vowels-PSX.wav	á	4	2.937	167.92552851964658	1022.146	1724.8	2793.326	11.471188119758267	8.599846211629561	1.872861781742948	-17.75223021354721	-1.8162023943527075	-2.7436164294614542	14.202658876520175	-0.8256555278840396	11.791953311888179	9.92919032431637	8.208748466349448	12.932317487984168	22.398988368067087	4.233765633554539	46.198977673235014	58.0597515599637	124.11058551251335	2.8713419081287057	6.726984429886613	29.223418333305478	13.287390514110974	14.214804549219721	15.028314404404215	1.8627629875718092	1.7204418579669216	-1.1403641760959893	-10.607035056178908	7.55818767833364	9.496	5.284423539314731	-1.157658864439393	0.46073472633061274	0.35859813375215605	50.52169778266207	0.005963901427087577
archi-vowels-PSX.wav	áˤ	5	3.283	200.86038050593228	664.707	1729.615	2413.941	37.14652983283656	37.73512736176278	35.704233036514665	25.429857060205627	25.243716400997094	26.105660266790085	38.86796014161098	20.923040513862702	38.09364714277397	42.14235555890892	44.44117036824764	49.71622843399223	38.86796014161098	32.58779197992434	47.72784697477553	63.16319417234425	102.13567376613055	-0.5885975289262149	2.030894325248113	11.716672772630936	11.90281343183947	11.040869566046478	17.944919627748277	-4.04870841613495	-2.2988148093387224	-11.62258129121826	-0.7743129988370114	5.5058551628496275	28.546	28.588383366439935	17.442566097710653	16.11831014911995	15.944459724475895	79.24314230093937	0.08449899043070545
 archi-vowels-PSX.wav	áˤ	5	3.336	192.70710571242552	767.433	1751.511	2529.118	33.97167765497872	38.551837100073826	22.946702760314743	22.85880480694445	24.634025840126085	25.195631396445368	32.54730562326661	17.61500592744796	34.642398347885596	41.500992794134255	48.86379541712859	48.86379541712859	41.16720159152873	32.197817707521324	47.69661491769298	62.733478608895155	109.14186650252631	-4.580159445095106	15.605134339759083	11.112872848034272	9.337651814852634	8.776046258533352	14.93229969581865	-6.858594446248659	-7.362802622994337	-14.221397069242997	-6.5248032436431345	2.444580640364272	29.033	33.538659378905656	23.211694017613613	20.759507540318065	19.849873088687097	77.68779311089531	0.05575841057300125
 archi-vowels-PSX.wav	áˤ	5	3.389	185.93462493834693	786.666	1691.334	2473.206	30.73302369772968	34.82150629930506	26.986091151510387	21.088309593585514	24.603076281266706	26.558651405650156	33.285646262623004	10.86741659175942	31.337441248325575	37.444283726577865	47.213853863138404	47.6937188831196	42.570038419838376	34.34848838611664	47.04424590947526	59.624394079899965	102.98047999971213	-4.088482601575375	7.83541514779467	9.644714104144168	6.129947416462976	4.174372292079525	22.41822967086358	-6.10684247825229	-9.769570136560539	-16.356277634794026	-11.2325971715128	-3.011047137791067	24.591	25.985534848151808	18.61818078841774	13.60776667537952	12.95942226317858	77.68994964045486	0.04563287973569654
 archi-vowels-PSX.wav	áˤ	5	3.443	210.93130655825772	797.946	1783.952	2456.948	34.12324051767234	31.48359159623703	25.944420713993917	19.96342890621425	24.816906498205523	17.06657017941687	41.41512077893665	10.120448452711335	34.87388590148025	34.82306756542529	45.59462128180094	45.98281189840129	41.41512077893665	26.853288634518595	50.01836486356974	66.78639804394285	108.00265730293886	2.639648921435313	5.539170882243113	14.159811611458093	9.30633401946682	17.056670338255472	31.29467232622531	0.050818336054959445	-10.77155371637565	-11.108925996921037	-6.541234877456397	8.020597266961655	16.979	15.33761633775108	9.315854520361189	7.742251373026306	7.4161289816743325	76.87189914199305	0.049384537649095124
 archi-vowels-PSX.wav	áˤ	5	3.496	260.47632103505305	756.179	1721.179	2531.318	39.818130408148164	30.147517992363216	21.15051713480127	21.05586526110672	14.544158857275285	19.49272065733488	26.551324128654098	5.093771436414133	41.113063855595975	36.52913173423895	26.03741820390271	45.639514299095225	29.81541589551959	24.270837670912524	55.43361635228314	71.76308327651407	127.27078967447052	9.670612415784948	8.997000857561947	18.762265147041443	25.27397155087288	20.325409750813286	21.457552692239965	4.583932121357023	10.491713530336241	-4.52645044349925	11.297647960076386	16.84222618468345	14.28	19.896864838912897	10.544698577009278	9.859601370631289	8.475085925200153	73.33233981925918	0.05202508674319335
archi-vowels-PSX.wav	áˤ	6	4.211	197.3734754281098	707.852	1722.658	2451.916	34.25592898303622	35.60034380321838	24.68767706463852	23.172024447133055	19.680951773743615	26.141441912620383	29.609394183520866	13.909256128513476	35.07211875451232	39.291146989450745	38.6565400382215	48.21798421453599	34.755569877398976	32.79768652875446	47.75660220646728	62.39074716501308	104.21195236769216	-1.344414820182159	10.912666738579858	11.083904535903166	14.574977209292605	8.114487070415837	15.70013805500739	-4.219028234938428	0.6346069512292445	-13.145865460023671	0.3165488771133411	2.274432225757856	21.003	13.109208715755914	5.224755004381981	3.9059873638772014	3.836482006939146	75.12657973667567	0.0749236729121766
 archi-vowels-PSX.wav	áˤ	6	4.251	182.9636142220333	843.338	1780.892	2612.038	31.1029326911843	39.29181087649368	35.78892295970485	22.07518786781712	20.366358550313105	26.29987226790688	38.80384649713331	18.716532459763872	31.61372819652561	41.47644664045232	49.37539952355381	49.37539952355381	38.80384649713331	33.959480236997095	47.04064173095954	62.33616841958344	113.26370446928806	-8.188878185309377	3.502887916788829	9.027744823367179	10.736574140871195	4.803060423277419	20.087314037369435	-9.862718443926713	-7.898952883101487	-17.7616713270282	-7.190118300607697	-2.345752040471485	25.782	19.228307448442287	10.391661255493531	9.098316205696205	8.700460528574212	77.85746750998105	0.06250021625423388
 archi-vowels-PSX.wav	áˤ	6	4.291	165.3308547171539	840.416	1739.228	2554.481	28.480915633337553	38.530538098762904	23.388788421441287	22.94091004385994	21.628646006585708	24.347001070314985	39.69857211094431	8.258893001491641	28.90255727977456	40.31026211107079	33.080388700533625	50.706255946817045	40.91392033241628	32.87514176942556	44.96657401788374	58.15307115679172	103.82992618637398	-10.049622465425351	15.141749677321616	5.540005589477612	6.852269626751845	4.133914563022568	31.43967910945267	-11.407704831296233	7.2298734105371665	-21.803698667042486	-12.011363052641723	-3.972584489651002	25.706	16.05934489137767	13.211018209009868	11.520216133948955	11.3053564453768	77.55998621948598	0.05187492450142281
 archi-vowels-PSX.wav	áˤ	6	4.332	149.85925639560205	825.134	1733.535	2539.446	26.195015409110834	31.49545225689891	22.118880716784755	14.240445726879464	13.873389456731772	19.758162306141408	32.207328216417196	3.764510852640109	26.551498482064876	32.9875307495436	29.716897191801745	42.139617575700385	33.17396362195395	28.526713453870226	43.080751625950604	55.634406449227846	98.5608290818704	-5.300436847788077	9.376571540114156	11.95456968223137	12.321625952379062	6.436853102969426	28.44281736377709	-6.436032267478726	3.2706335577418564	-15.588119093635509	-6.622465139889076	-1.9752149718053502	22.865	4.80908414129448	3.9800399390176953	3.536078356645106	2.967025751322496	71.48807571821747	0.03243718742769304
 archi-vowels-PSX.wav	áˤ	6	4.372	159.64286287454246	840.103	1702.372	2706.723	28.946290214572418	23.749295438533853	20.707370157044615	4.494286610679065	2.4861124192693005	17.26948478292031	22.273767439446743	-2.0540958887456124	29.342460207992815	25.414688379730368	29.477148223379448	32.50012468784248	22.372787586020358	21.965470508971734	44.30114769929023	56.10475399423042	114.25810987470736	5.196994776038565	3.041925281489238	24.452003603893353	26.460177795303117	11.67680543165211	24.327863328192358	3.927771828262447	-4.06245984364908	-3.1576644798496645	6.969672621972457	7.376989699021081	8.933	10.107646967572608	6.529062152745629	3.4924791950636496	1.428311661389841	63.73887004129428	0.034136276508502365
archi-vowels-PSX.wav	áˤ	7	4.93	186.55899244826404	736.018	1651.5	2432.707	26.599530625162746	30.88068688443621	10.009131808830027	11.16562051759428	12.538550149613307	18.331327035187126	18.96567127093379	-4.263180306483591	27.28689557401491	33.908345871143254	35.13652270019073	37.0516697326267	29.532009658155953	25.02041803806661	46.75299116100727	58.45161698657562	100.06277293011581	-4.281156259273462	20.87155507560618	15.433910107568465	14.060980475549439	8.26820358997562	23.22885157741738	-6.621450297128344	-1.2281768290474773	-9.76477415861179	-2.2451140841410435	2.266477535948301	21.042	4.307128000061031	2.802243697995457	1.1143561427866109	1.0852617306570478	70.29346041773637	0.018299617950650188
 archi-vowels-PSX.wav	áˤ	7	4.952	190.70789048505642	772.338	1728.736	2662.33	30.8270792698356	36.94636613004603	20.42726222742643	19.78229942506787	16.337522157220725	19.85897360363955	28.39257196348024	5.190820531480135	31.479153108950957	39.80226372458601	45.960758605856526	45.960758605856526	33.3318740704871	23.643004066255273	47.500007210890324	61.60836679994765	119.73086036239705	-6.11928686021043	16.5191039026196	11.044779844767731	14.489557112614875	10.968105666196049	23.201751432000105	-8.323110615635056	-6.158494881270514	-14.48160549690557	-1.8527209615361464	7.836149042695684	19.852	17.297288365311047	7.5598298144978235	7.195230079634357	7.147486092302463	74.22011438449188	0.013885879367948006
 archi-vowels-PSX.wav	áˤ	7	4.973	197.20535800711053	780.783	1853.119	2669.795	32.862844894182714	37.95752467576909	14.174470939092181	14.830812037677273	19.362298018400132	22.63739200832955	32.055897186758834	14.962470860412624	33.53361151439423	40.91277610536146	39.6033557079225	40.72122646462775	34.9238734984361	28.527563640709793	48.310357467517065	67.51914394379054	122.28135637339305	-5.094679781586379	23.783053736676912	18.03203285650544	13.500546875782582	10.225452885853166	17.09342632634621	-7.379164590967228	1.3094203974389558	-7.187614950233517	-1.3902619840418708	5.006047873684437	18.394	11.775746032686365	8.384023374348022	4.505628862173219	4.238757177783202	73.0964979799394	0.02965183210172742
 archi-vowels-PSX.wav	áˤ	7	4.995	191.03280723761236	782.774	1899.335	2873.509	34.23998182825477	29.05521538236223	10.494113212407182	10.07654704835738	18.906294169974828	22.00853082461728	32.838584876242344	4.257356498280279	34.86105964926974	31.772404789646554	34.395834326467984	36.03546923307703	34.08935527660216	24.567363897683588	47.6090499531904	68.56256158954127	138.97720678489048	5.184766445892539	18.56110216995505	24.16343477989739	15.333687658279942	12.231451003637488	28.581228377962063	3.088654859623187	-2.6234295368214298	-1.1744095838072894	0.7717043726675783	10.293695751586153	17.052	13.687607280913276	4.577218941311607	3.2447906611008475	2.2979324641689356	70.42171112880537	0.04837594269796093
 archi-vowels-PSX.wav	áˤ	7	5.017	177.6999714465855	777.007	1956.054	2838.249	36.78007822553943	25.710784713832748	16.85339059096803	9.525494301491488	11.477845851580717	21.06655942677864	26.1110413985179	16.887343541289173	37.3182249915791	28.037493275796855	33.35618338939262	35.58814117270128	26.1110413985179	25.429806029443004	46.026822828211884	68.93334020529703	131.2612826043735	11.069293511706679	8.857394122864719	27.25458392404794	25.30223237395871	15.713518798760788	9.223697857228728	9.280731715782245	-5.318690113595764	1.730083818877823	11.207183593061199	11.888418962136097	0	14.944242915432852	5.468647096384317	3.500164314477345	3.0856329067611132	67.9024132618275	0.06802100356413308
archi-vowels-PSX.wav	áˤ	8	5.97	155.9684865002046	700.207	1686.065	2418.825	27.935527273339797	34.98951284890582	26.87889790640368	16.049876495339007	13.225675053756955	18.99441677619579	22.55562770916906	4.843063577061412	28.451523145458076	37.209114557259454	41.56068748592527	41.95814094885488	29.4157688092875	26.430613048718396	42.95603254584586	55.063449873370786	91.57601783957003	-7.053985575566021	8.110614942502139	11.885650778000791	14.709852219582842	8.941110497144006	17.712564132107648	-8.757591411801378	-4.351572928665817	-13.506617803396807	-0.9642456638294234	2.02091009673968	21.735	13.995462130080973	11.275343277208151	10.352910696710167	10.35444026551156	70.551041012129	0.022370174527885017
 archi-vowels-PSX.wav	áˤ	8	5.993	161.07572721310635	751.45	1672.944	2521.103	26.657422378161755	32.055489975753986	24.905746557407706	15.560137223780703	12.539121865157664	19.029935735103308	21.591050758748978	3.8184812765530647	27.146463530285278	34.144671192306696	37.67887746097424	42.200680814331065	30.27933447494522	25.032176647167837	43.93294138193405	55.41539915905843	100.18018125038104	-5.398067597592231	7.149743418346279	11.097285154381051	14.11830051300409	7.627486643058447	17.772569482195912	-6.998207662021418	-3.534206268667546	-15.054217284045787	-3.132870944659942	2.1142868831174404	21.952	9.231882883936944	8.548221512843726	6.9072672088197695	6.657220540711343	70.99229283605646	0.023397901565248454
 archi-vowels-PSX.wav	áˤ	8	6.016	170.90270741238595	739.93	1672.81	2564.562	29.28002723750033	33.79202103423094	6.526620601195056	15.608137079177983	11.511158357931638	16.629836976947185	21.574160541133452	6.264856726416303	29.846730125304724	36.242684682909406	24.177213203402594	41.843342337892054	28.69758390411871	21.14704819003123	44.98190783591542	56.8403219352326	106.11652109212059	-4.511993796730611	27.265400433035886	13.671890158322348	17.768868879568693	12.650190260553146	15.309303814717149	-6.395954557604682	12.065471479506812	-11.99661221258733	1.1491462211860153	8.699681935273492	14.63	6.622350735207959	2.0527710335907114	1.479498866840763	1.3397050951839335	69.8441845983125	0.02161101907359174
 archi-vowels-PSX.wav	áˤ	8	6.038	174.74928685152778	752.057	1670.77	2646.286	34.74749943976792	22.490232829575184	13.147406394233812	5.0756645532291	3.934353059565254	15.186247674423985	18.470031850084695	3.6868319515865524	35.32454829983818	24.987674038781428	31.425788583406767	31.425788583406767	21.413363071363353	18.143489486741878	45.513688357031	57.3367294580456	113.75159433570452	12.257266610192737	9.342826435341372	29.67183488653882	30.813146380202667	19.561251765343936	14.783199898498143	10.33687426105675	-6.438114544625339	3.8987597164314103	13.911185228474825	17.1810588130963	14.772	13.79094233617498	4.6144067183610655	3.206686466779958	2.7504310662274323	64.54838560933341	0.05214895385459217
 archi-vowels-PSX.wav	áˤ	8	6.061	150.96639419781195	729.806	1851.227	2901.179	27.33399990383816	21.675853701616155	6.485218735322665	-0.027788951666632755	5.613033506393794	21.86018249658259	14.057029981732619	9.499933330706178	27.77141931057162	23.537924125973177	17.380003825598077	26.133024383629984	20.810114847958822	22.69270261487444	42.614884434283056	59.96298549015614	127.80583837793391	5.658146202222003	15.19063496629349	27.36178885550479	21.720966397444364	5.47381740725557	4.557096651026441	4.233495184598443	6.1579203003751	1.6383949269416362	6.961304462612798	5.078716695697178	16.897	1.8915704948087688	3.144964594261957	2.038946301222521	1.071984737068051	59.48745237372496	0.02837800869352396
archi-vowels-PSX.wav	áˤ	9	6.953	226.50391261572148	677.359	1701.977	2409.953	40.6247225945485	39.54433480627832	22.67725743075343	25.720633155500536	15.346281704254523	23.270271343331462	25.745662242416675	-7.432980914771995	41.806253395950854	45.292361993145235	27.605988422425256	49.74350102640475	29.16787547821344	29.128620855421083	50.77738888977671	65.97114681587043	108.03519147104733	1.0803877882701798	16.867077375524893	14.904089439047965	25.27844089029398	17.35445125121704	33.17864315718867	-3.486108597194381	17.68637357071998	-7.937247630453896	12.638377917737415	12.677632540529771	21.997	26.228804118820662	24.724992101468892	22.827110435878776	22.699670959264694	79.36683560161042	0.0660698353771322
 archi-vowels-PSX.wav	áˤ	9	7.01	238.67719773058099	721.978	1769.543	2258.76	37.677509297025196	35.468568396605335	24.99561695332505	23.656619715096937	15.393762940781073	17.533856814023736	30.057466482480947	-2.8819390089984576	38.839145746700524	41.082377048820376	30.47532532457861	48.00895265911596	29.50231814515164	30.057466482480947	52.61854694806002	70.47148740034665	99.06002063621837	2.2089409004198615	10.472951443280284	14.020889581928259	22.283746356244123	20.14365248300146	32.939405491479405	-2.2432313021198524	10.607051724241767	-9.169806912415439	9.336827601548883	8.781679264219576	21.212	23.248930219163256	22.345967752814026	21.095004691822687	20.512174964404824	78.04992967235151	0.046623555138346026
 archi-vowels-PSX.wav	áˤ	9	7.067	249.20384193394426	739.198	1696.08	2295.51	38.081330214052215	34.871109243726636	27.787626500973943	24.377670102666777	19.339414880292622	19.893428962374113	34.6367483193417	-5.860100265684692	39.315602442133574	40.88304489858102	33.192786300518804	48.96032405669789	34.6367483193417	29.858469041660122	53.98561606114125	69.09831445581929	104.16871599169961	3.2102209703255795	7.083482742752693	13.703660111385439	18.741915333759593	18.187901251678102	40.49684858502639	-1.567442456447445	7.690258598062215	-9.644721614564318	4.678854122791876	9.457133400473452	22.233	26.929744059441912	29.49361687892342	25.019392432851557	24.299165990169445	78.90629787712	0.03420498160923626
 archi-vowels-PSX.wav	áˤ	9	7.123	252.45306336743687	731.129	1764.831	2292.646	36.551069206556114	36.30378654128013	21.158042038308878	22.424583105339654	20.053177531201513	16.785979886292438	34.22489538633813	-9.784316365757414	37.82972252079122	42.6281874739988	25.43760611788546	46.669870158778004	34.22489538633813	28.15772998909054	54.28553772827883	72.38392866411617	104.66454263973611	0.24728266527598208	15.145744502971255	14.12648610121646	16.4978916753546	19.765089320263677	44.009211752095545	-4.798464953207578	17.19058135611334	-8.840147637986782	3.604827134453089	9.671992531700681	23.745	28.966997098559535	28.88636228851523	22.660220174118496	22.552473628550466	77.60613559920361	0.044042123655774354
 archi-vowels-PSX.wav	áˤ	9	7.18	231.28742520695758	740.958	2019.76	2398.415	18.223231866372153	19.47675208781606	4.983367940206968	7.56481705866668	3.0502220710867647	-10.943903670236075	14.870250146274735	-22.753122436282926	19.226055770241082	24.211157162522014	12.027012257217635	31.929920642717867	14.870250146274735	4.394956700957965	51.93930908868938	81.78103609551363	108.25097934842847	-1.2535202214439067	14.493384147609092	10.658414807705473	15.173009795285388	29.167135536608228	37.623372582557664	-4.9851013922809315	12.184144905304379	-12.703864872476785	4.355805623966347	14.831099069283116	15.848	6.275739814293024	13.959409399993643	13.379208095114095	13.36514762086837	62.508905225746204	0.00578222737845778
archi-vowels-PSX.wav	áˤ	10	8.337	195.86687163135068	622.691	1752.779	2495.3	31.350323863901597	29.63383870100474	31.574863405383944	27.258485899373312	22.64137517602319	21.318022629471137	34.500822898977866	13.332570585722472	32.36112723931383	34.424612529346135	38.132675997704524	50.95551392701654	34.78974915954503	25.15311405175141	46.671374584928664	63.26098172389563	107.25118959585782	1.7164851628968556	-1.9410247043792026	4.091837964528285	8.708948687878408	10.03230123443046	21.168252313255394	-2.063485290032304	-3.7080634683583895	-18.59438668770271	-2.428621920231201	7.208013187562422	21.737	14.254730386642398	14.398527832422914	11.437787562503788	10.956604143178962	77.9499866447789	0.034187873953374755
 archi-vowels-PSX.wav	áˤ	10	8.395	222.00128322372169	676.552	1779.689	2405.564	38.92735703540535	26.882229925433165	32.43574121798004	25.40594520411924	20.547596519119296	22.68557458791792	33.522247586496064	-2.3868232266119302	40.049724329301135	32.29800955779046	37.71179102444166	49.36600837510618	33.522247586496064	30.34457227459923	50.256625494168944	68.32532079805061	106.59406232897733	12.045127109972185	-5.553511292546872	13.521411831286109	18.379760516286055	16.24178244748743	35.909070813107995	7.751714771510677	-5.413781466651201	-9.316284045805048	6.527476742805071	9.705152054701905	19.737	16.060382818079045	13.367592591438417	12.178522127241276	12.146072247786613	77.7391958845188	0.039236676338615724
 archi-vowels-PSX.wav	áˤ	10	8.454	248.16296259455373	734.885	1760.316	2324.203	36.536858305014064	28.859209627826136	21.24445517542108	22.52881485620763	21.019258469139032	18.539520737558213	35.43188381375254	-0.7023815894281171	37.7596055573932	34.82982751622497	26.230268961239197	46.920087961545896	35.43188381375254	29.07072941641117	53.826977537256106	71.53426707389617	106.20457331528192	7.677648677187928	7.614754452405055	14.008043448806433	15.517599835875032	17.99733756745585	36.134265403180656	2.929778041168234	8.59955855498577	-9.160482404152695	2.3277217436406588	8.688876140982032	20.791	26.170067966746494	19.05779320738976	16.105128298071712	16.01854025494289	76.67200871109266	0.031496077126672406
 archi-vowels-PSX.wav	áˤ	10	8.512	261.9353493249195	788.637	1795.452	2481.683	37.622060808752764	35.596660259070056	19.108644984140064	18.419484133580205	13.9529176424712	18.911164576425723	29.18533810747038	-6.180713757068654	38.82158549943672	41.39310238879506	25.035250154283627	43.300349094324666	29.18533810747038	27.10702110030686	55.867371645421606	75.21719110728056	123.03616998162154	2.0254005496827077	16.488015274929992	19.20257667517256	23.669143166281565	18.71089623232704	35.36605186453903	-2.5715168893583353	16.35785223451143	-4.478763594887944	9.636247391966343	11.714564399129863	21.186	22.141051631347498	21.367255106723174	18.51789012283583	18.324685215496444	72.40037778496367	0.03541741311851875
 archi-vowels-PSX.wav	áˤ	10	8.57	--undefined--	754.97	1733.311	2197.354	--undefined--	--undefined--	--undefined--	--undefined--	--undefined--	--undefined--	0	0	0	0	0	0	0	0	--undefined--	--undefined--	--undefined--	--undefined--	--undefined--	--undefined--	--undefined--	--undefined--	0	0	0	0	0	0	19.761	-1.2784369451994848	2.0888907114521085	2.345317585729726	2.3345798351608704	52.179000425262146	0.001795647832906075
archi-vowels-PSX.wav	é	11	9.585	208.7993315955117	440.332	2484.035	3254.149	34.099581575852696	30.986310876103815	23.73367256522368	28.16717451518447	29.806932685911942	33.225406687155825	11.108072272231793	12.491899312593961	36.35088309300852	48.205704346447966	16.51025096033992	48.205704346447966	27.339176070588564	26.929378527198544	45.39337320693331	109.66279254592236	184.91969435084926	3.113270699748881	7.252638310880133	5.9324070606682255	4.292648889940754	0.8741748886968708	-1.3838270403621689	-11.854821253439447	31.695453386108046	-11.854821253439447	9.011707022419955	9.421504565809975	25.261	11.88941560890504	11.267282128016081	10.8388286557844	9.784169293317111	75.70896427075425	0.04490825230407042
 archi-vowels-PSX.wav	é	11	9.609	206.69339065798826	424.367	2476.726	3286.099	36.84088788317242	32.73590832796346	34.06112392175389	31.944395712827028	32.010389235905535	39.27588841798423	17.71902708282028	20.28500206806647	39.226360283725185	51.525825288437005	26.185880717448985	51.525825288437005	28.999575266957716	31.6110758424431	46.022775111771146	108.53129576404723	187.53362299141725	4.104979555208963	-1.325215593790432	4.896492170345393	4.830498647266886	-2.435000534811806	-2.5659749852461893	-12.29946500471182	25.33994457098802	-12.29946500471182	10.226785016767469	7.6152844412820855	27.826	27.186140358537312	26.420225636259648	25.874474173056562	22.144237535221272	79.20168385361112	0.06947591979192268
 archi-vowels-PSX.wav	é	11	9.633	206.34055606221403	428.069	2480.544	3234.989	38.5756291185106	33.30791545919951	31.603657280945388	31.875892983056815	38.88774523438668	40.846701262706645	24.129418470245227	24.645498454902818	40.90697418847775	51.53579864640014	23.966477882931486	51.586313101592296	36.00052997545526	34.43776531358649	45.756954632405055	108.75067822338268	181.76131186347476	5.2677136593110845	1.7042581782541255	6.699736135453783	-0.3121161158760799	-2.2710721441960473	-0.5160799846575905	-10.628824457922391	27.569320763468653	-10.679338913114549	4.906444213022489	6.469208874891258	30.03	27.823488633179775	25.30194378393068	23.728457132089634	17.912467102402413	80.06041378225842	0.07146420741054303
 archi-vowels-PSX.wav	é	11	9.656	205.73579193386018	420.111	2445.003	3232.939	39.25133743890084	33.37363453288431	34.82848204310976	32.88390321783005	36.32885591238368	35.35404345304651	21.356670831242713	16.0932232179121	41.66609491968224	52.34570264997005	26.84384492441032	52.34570264997005	33.47772409123181	28.075186064728193	46.20378298557459	105.75164215177868	181.27988192575387	5.8777029060165304	-1.4548475102254486	6.367434221070788	2.92248152651716	3.8972939858543327	5.263447613330612	-10.679607730287813	25.50185772555973	-10.679607730287813	8.188370828450424	13.590908854954044	21.609	32.72322684601396	31.584426337922167	29.972186570388864	25.364155416221877	80.06978934905226	0.07068829479606388
 archi-vowels-PSX.wav	é	11	9.68	199.81832380408773	402.494	2471.977	3353.23	39.57482614518071	29.407722134054232	29.424531776560926	29.371384477316738	23.66046590623159	32.03162178185183	9.832894987446476	15.0804638504803	42.0557563033708	48.291880539008496	21.036640145359552	48.291880539008496	19.89663328082677	22.21474900962374	46.98050163631392	106.40498559098667	191.8736959835429	10.167104011126476	-0.01680964250669348	10.20344166786397	15.914360238949119	7.543204363328876	-5.247568863033823	-6.236124235637696	27.255240393648943	-6.236124235637696	22.15912302254403	19.841007293747058	0	20.697302801449826	20.103938493502756	19.955827493125163	18.146374451256555	76.4218872074097	0.05594457531349567
archi-vowels-PSX.wav	é	12	10.31	--undefined--	420.905	2568.079	3356.964	--undefined--	--undefined--	--undefined--	--undefined--	--undefined--	--undefined--	0	0	0	0	0	0	0	0	--undefined--	--undefined--	--undefined--	--undefined--	--undefined--	--undefined--	--undefined--	--undefined--	0	0	0	0	0	0	12.745	5.8458888264166555	4.601257358246767	4.563854225155924	4.395844521519913	69.93037844667899	0.01632974433012599
 archi-vowels-PSX.wav	é	12	10.336	204.80258082083205	424.654	2600.788	3388.968	33.31955872318203	34.14642581976479	31.053395587425626	32.72575707556379	32.60943029433794	35.00266405915198	9.8194748152182	13.289217074919017	35.64685964288249	52.33075860278951	23.29209272631833	52.33075860278951	28.422709626704275	27.364713398019802	45.800582781097965	118.42514491857752	198.16109494791223	-0.8268670965827596	3.09303023233916	0.5938016476182355	0.7101284288440866	-1.6831053359699553	-3.4697422597008174	-16.68389895990702	29.03866587647118	-16.68389895990702	7.224150016178214	8.282146244862687	22.094	8.03408968641656	8.325240619461857	8.25758972395547	7.827481900447614	78.41700027375614	0.07335179224188632
 archi-vowels-PSX.wav	é	12	10.362	194.06310035330205	394.117	2597.834	3341.132	35.29656615640039	35.29216028738726	29.59884841516791	35.080271433664926	38.367140408318676	38.82560755657772	12.154040502499903	17.838499066367774	37.72223163303352	53.75734528878556	21.254607227833073	53.75734528878556	33.10770485287935	31.0121422234797	47.14705268864592	115.18211959526779	187.92703192723155	0.004405869013126562	5.6933118722193505	0.21629472273546213	-3.0705742519182877	-3.5290414001773343	-5.684458563867871	-16.035113655752035	32.50273806095248	-16.035113655752035	4.614526780154172	6.710089409553824	23.025	21.244441066520707	19.232930075505354	18.848011585792666	15.412536549844516	79.80549198307578	0.09223818575088676
 archi-vowels-PSX.wav	é	12	10.388	182.70375744596893	376.71	2633.283	3423.936	35.36981998115333	30.664493421621856	29.49014601663725	29.9076155333628	34.0846854264812	32.45564026206909	7.263428053321256	10.77310747233835	37.70355086082751	48.05618884140698	21.38468272069682	48.05618884140698	27.926573221260405	23.020427446818932	47.78372051318391	114.95461605919137	191.5986660030631	4.705326559531471	1.174347404984605	5.462204447790526	1.2851345546721262	2.9141797190842382	-3.5096794190170932	-10.352637980579466	26.67150612071016	-10.352637980579466	9.776977639567107	14.68312341400858	15.873	17.595620422390503	17.21425795507535	17.08629356696919	14.745406037853954	75.61830236492423	0.0699577420656704
 archi-vowels-PSX.wav	é	12	10.414	174.3702733895365	406.445	2580.986	3383.314	33.40194859618537	16.25160104947985	12.718281306840865	15.439054111953453	25.59708400667618	35.478475976899404	9.298366514066192	9.68104379564288	35.1897905543772	27.42697389084752	7.611635629418391	35.034416389613355	21.46685142665998	27.507202850453464	43.7995546950078	108.35806600238888	183.3743702500156	17.15034754670552	3.5333197426389837	17.962894484231917	7.80486458950919	-2.076527380714033	-0.38267728157668834	7.7628166635296765	19.81533826142913	0.1553741647638418	13.722939127717218	7.682587703923733	0	7.308377630846077	6.593619975494387	6.495850429393705	5.06917193845409	68.14018897408953	0.042126122616659246
archi-vowels-PSX.wav	é	13	11.137	203.57779841521526	373.606	2710.535	3299.425	40.073623301579154	23.20529501451205	17.306632513528424	21.431647834035026	39.0844927884815	32.74154598782634	6.8295743280364505	15.751728222072591	43.11988212560654	36.0163403919465	6.687679803856926	38.99087670729111	31.61429057457591	26.742168117531886	50.66605939099183	127.82809962779545	187.63007643783394	16.868328287067104	5.898662500983626	18.64197546754413	0.9891305130976562	7.332077313752812	-8.922153894036141	7.1035417336600375	29.328660588089573	4.12900541831543	11.505591551030626	16.37771400807465	18.936	17.533119965060564	17.075820374386527	16.852805244915356	11.599072466433737	72.11167571198692	0.05635642656411135
 archi-vowels-PSX.wav	é	13	11.173	228.35466979570043	440.374	2638.094	3187.569	41.05864888538002	29.14020028836294	17.42794016447999	27.315421399513987	42.76192581046199	30.292463164704536	18.0939554130044	20.172354123178962	43.81140586969672	46.93777383438107	8.196172769390879	46.93777383438107	38.395307841712054	27.939805547135173	47.46164386055979	128.43371636149521	185.72903214186454	11.918448597017083	11.712260123882952	13.743227485866036	-1.7032769250819655	10.766185720675487	-2.078398710174561	-3.1263679646843485	38.74160106499019	-3.1263679646843485	5.416098027984667	15.871600322561548	25.346	24.999565992141548	25.804876951661385	23.386420883036998	19.279524095822886	77.12289746177488	0.06157778170071265
 archi-vowels-PSX.wav	é	13	11.209	225.53953047468121	445.612	2593.046	3105.71	40.091019321448194	31.181395015054687	30.479227339854216	30.905575001522884	42.96723776710483	32.92857527676016	21.072432886149134	18.339964999940893	42.698543732880566	50.73911999024091	21.809226912669516	50.73911999024091	39.30214484903579	31.98264385367783	46.94844624305612	123.50452692245271	175.41949396990327	8.909624306393507	0.7021676752004709	9.18544431992531	-2.876218445656633	7.162444044688037	2.7324678862082408	-8.040576257360343	28.929893077571393	-8.040576257360343	3.3963988838447747	10.715899879202738	25.44	31.76562445728397	31.78526449813414	25.59884486201447	18.386701740463437	79.47186338735725	0.05672718958546199
 archi-vowels-PSX.wav	é	13	11.245	215.27462662446072	478.53	2516.288	3147.154	40.88890167034776	32.43181712417049	32.8813207906985	25.42890817250545	38.652467327247294	33.335321862046854	17.084438024718352	19.33250142970675	42.90080064445082	46.23938296567494	26.98860237628885	46.23938296567494	37.22340022772584	31.275810575701236	45.34684104208248	114.02054629170995	175.87665939727688	8.457084546177263	-0.44950366652800966	15.459993497842305	2.2364343431004627	7.553579808300903	-2.2480634049883967	-3.3385823212241235	19.250780589386093	-3.3385823212241235	5.6774004167249785	11.624990068749582	27.095	32.934680123387714	27.623517300075818	26.34790319953943	19.61563138651175	76.15932647564134	0.06908403622562016
 archi-vowels-PSX.wav	é	13	11.281	211.54911340961075	451.992	2289.806	3170.354	40.152509297595245	25.429398615067754	31.390243067110926	21.4683684647774	30.311514945591426	30.623158036836248	23.399192400673808	14.286730819293593	42.35420863369083	41.82481683756458	24.714980216065054	41.82481683756458	30.25383533718205	23.247413521105326	45.2686782861207	95.39909352531443	176.88935448138594	14.72311068252749	-5.9608444520431725	18.684140832817846	9.840994352003818	9.529351260758997	9.112461581380215	0.529391796126248	17.10983662149953	0.529391796126248	12.100373296508781	19.106795112585505	25.891	27.594286101713934	26.867809180848425	22.280851270972107	19.56940677491678	72.59767089733627	0.059114605715074105
archi-vowels-PSX.wav	é	14	11.995	196.002946620947	387.617	2638.575	3287.793	34.424919520405794	24.83207744084409	16.54400037012993	24.645066237648134	36.36336992621126	33.45684391044182	5.773845578840426	13.63848911642187	36.99718606181289	42.99935990942983	7.576934337491339	42.99935990942983	30.377499050339107	27.16432197535024	48.06484188848345	119.20797269900602	183.01788488014873	9.592842079561706	8.28807707071416	9.77985328275766	-1.9384504058054688	0.9680756099639751	-7.864643537581443	-6.0021738476169375	35.42242557193849	-6.0021738476169375	6.619687011473783	9.83286408646265	28.111	19.503873760679078	18.389089910739433	18.045575120032396	13.520848472863335	72.36796557191292	0.03705795013402024
 archi-vowels-PSX.wav	é	14	12.022	193.24257350701552	394.083	2634.148	3203.492	34.88698458764881	36.538881939834326	32.10817233769894	36.1844071722817	44.75938910227127	39.75351100077711	14.208039166241115	22.879830537882818	37.28853829725586	54.8715878063405	23.8305127812109	54.8715878063405	39.165202021366675	35.68604621492923	47.05709826082198	118.03711591517559	172.8542653797509	-1.6518973521855145	4.430709602135387	-1.2974225846328906	-9.87240451462246	-4.866526413128298	-8.671791371641703	-17.58304950908464	31.0410750251296	-17.58304950908464	-1.8766637241108128	1.6024920823266342	27.213	26.85655552615514	26.258676397163867	23.079016962857818	14.799261099721532	81.15350243000614	0.08000022654390904
 archi-vowels-PSX.wav	é	14	12.05	190.28209958646102	391.059	2534.07	3016.681	33.655353563532486	35.14108700298242	31.20981796303856	34.45810819982712	38.060197803971946	33.317199709026326	12.939557179945762	19.67319336404872	36.01733994759713	53.095912404124505	23.152462890667486	53.095912404124505	33.36600155623686	31.874810450591365	47.032913605091125	108.89896930304339	152.59300322079164	-1.4857334394499304	3.9312690399438566	-0.8027546362946367	-4.404844240439459	0.3381538545061602	-6.733636184102959	-17.078572456527375	29.94344951345702	-17.078572456527375	2.6513383913602695	4.142529497005764	18.339	20.931782828633352	21.39058832280353	20.115765400706383	17.657558731313742	79.68331147304482	0.07537899806167908
 archi-vowels-PSX.wav	é	14	12.077	180.61748637594872	416.422	2444.955	3103.835	33.36902286752171	36.58326011514251	30.013089027682774	28.472106680249464	33.0308381370652	30.101264438990587	19.371305176089532	17.394866703752122	35.2086132984372	48.29470711037956	24.75708831172021	48.32891762462673	30.547931459753958	25.959531284081052	43.728326935654685	99.50874757413963	157.54638485341513	-3.214237247620801	6.570171087459734	4.896916187272243	0.3381847304565042	3.2677584285311205	1.97643847233741	-13.086093811942362	23.537618798659352	-13.120304326189533	4.660681838683242	9.249082014356148	19.826	13.909432248640147	13.249301163833977	12.352499586764974	10.482093518859655	75.1650433262105	0.05901303743129223
 archi-vowels-PSX.wav	é	14	12.105	166.94660319744517	454.839	2277.016	3034.623	31.378149032060254	32.1695292290527	23.462439964985247	18.449564507425535	27.177208401253466	27.236457933220745	23.741244176851456	16.747879694421673	32.67378139735002	38.979467442861015	22.976667737021245	39.82717182809822	28.310014863964	23.46314086126754	40.52286201130434	84.72126272176753	145.59648359073452	-0.7913801969924457	8.707089264067452	12.928584524634719	4.200940630806787	4.141691098839509	6.993364482429783	-6.3056860455109955	16.00279970583977	-7.153390430748203	4.36376653338602	9.21064053608248	0	8.445785324674354	7.588801530664514	6.843381779690741	6.082960589134322	70.98298254328131	0.030279278153179254
archi-vowels-PSX.wav	éˤ	15	12.677	216.24956690291341	588.152	2160.603	2810.911	27.041299509482794	29.292445115751043	26.126757788585824	16.705607547215816	22.354852486242205	23.793277884461922	28.418968737859032	8.029365475654263	28.383956307379314	36.31988416069723	26.33279603514402	39.077919114568004	28.418968737859032	26.526098923126284	48.464057190660625	87.56718521562507	141.28927873981917	-2.251145606268249	3.1656873271652195	10.335691962266978	4.686447023240589	3.248021625020872	20.38960326220477	-7.935927853317914	9.987088125553207	-10.69396280718869	-0.03501243047971769	1.8578573842530304	12.11	12.496689995621836	19.851987887012605	18.171907672357776	20.97365669642475	71.05091373339684	0.02814087391927755
 archi-vowels-PSX.wav	éˤ	15	12.698	229.51846510315002	520.861	2123.212	2899.631	36.067942858901944	28.8540718393418	19.087087838448557	20.54343890606251	23.463658623687397	30.93823949055903	27.41774090286973	10.347669281553673	38.0307865864994	41.68726676768476	14.435837942116558	41.68768093604619	27.41774090286973	28.49981820147604	48.71445305264548	87.77871352908355	154.70688370576872	7.213871019560145	9.766984000893242	15.524503952839435	12.604284235214546	5.129703368342913	17.07007162131606	-3.6564801811853584	27.251428825568205	-3.656894349546789	10.613045683629672	9.530968385023364	15.379	12.04537366451261	9.321331778887448	7.711460058477795	6.951820616405978	73.78978094250354	0.06103493358219972
 archi-vowels-PSX.wav	éˤ	15	12.719	228.48417321007094	456.227	2059.239	2816.864	39.32415388914556	25.22233311571224	25.36957188034494	25.212427708750916	24.295070793546095	25.21242097312142	26.531237674073452	5.124633548161379	41.91333508517873	45.42922169682595	17.72683519939623	45.42922169682595	26.531237674073452	21.1038386583042	46.933330724947446	83.59743889838495	145.85255662461688	14.101820773433325	-0.14723876463270003	14.111726180394648	15.029083095599468	14.111732916024142	21.406604125912075	-3.5158866116472183	27.702386497429718	-3.5158866116472183	15.382097411105278	20.80949642687453	17.505	21.392739055288917	10.941987307301527	9.26871388035076	8.242876758810171	74.87835704602509	0.0942784220514262
 archi-vowels-PSX.wav	éˤ	15	12.74	215.28667759293512	407.495	2136.684	3232.989	39.11416574939312	22.2324656574716	26.745334052614346	19.206953613844274	20.389352260501212	39.784397725318065	20.013734919731398	12.387461700574852	42.00277776824621	38.092374485087234	17.52470366843839	38.092374485087234	20.013734919731398	27.0650213806833	48.249775802135986	85.84522070657702	185.35225924908644	16.881700091921523	-4.512868395142746	19.90721213554885	18.72481348889191	-0.670231975924942	7.6262732191565465	3.9104032831589777	20.567670816648842	3.9104032831589777	21.989042848514813	14.93775638756291	15.503	22.247159500387774	18.792169975947154	17.29587569874012	16.045338983484665	71.70476434323824	0.08130301868862079
 archi-vowels-PSX.wav	éˤ	15	12.761	223.66424517123798	545.224	2235.199	3485.91	22.418073524470746	9.887370891313882	5.0685130925027	-1.0126743147032222	2.5374955429588617	29.638076475908605	5.055346851045055	18.565003985029545	24.095531581702247	19.715889632555232	2.0304163558488697	20.549990812933466	6.238085873737711	19.123389391271637	48.55517072225077	94.14120682463486	218.47341773045684	12.530702633156864	4.818857798811182	23.430747839173968	19.880577981511884	-7.220002951437859	-13.50965713398449	4.379641949147015	17.68547327670636	3.545540768768781	17.857445707964537	4.97214219043061	15.92	13.459933018259614	12.410629761596518	11.753173353303962	9.573178298924587	63.572952200676	0.008215559706183664
archi-vowels-PSX.wav	éˤ	16	13.665	177.26688780871498	532.242	2263.072	2802.965	10.08964204378034	18.9183334472302	19.94426991933311	5.787204342699866	10.095636240313048	14.863448283212144	12.944706869750211	-1.4145710251171308	11.159422874148518	24.179460197585193	23.0198784399322	28.103054415266374	14.009891979422557	18.92304419309766	43.25576802110297	86.07525574410019	127.95545948995544	-8.82869140344986	-1.0259364721029094	4.302437701080475	-0.0059941965327077185	-4.773806239431803	14.359277894867342	-13.020037323436675	1.1595817576529939	-16.943631541117856	-2.8504691052740387	-7.763621318949141	18.241	3.8940139337625594	31.377416675192276	34.683945313019684	34.639407763037646	68.09985863473034	0.0006401649828004164
 archi-vowels-PSX.wav	éˤ	16	13.687	204.00527356329417	516.392	2191.96	2897.609	27.194397771566937	34.43351066902083	29.92173812848689	24.981000299618895	28.850198113101555	27.148709083726068	28.443771132147226	13.052020821105303	28.734360257162468	43.071439511968855	27.720532695356038	46.52979163912384	32.40770330321653	26.344786138423807	45.86147053725911	87.11284126368216	145.72698458711517	-7.2391128974538965	4.5117725405339435	2.213397471948042	-1.6558003415346185	0.04568868784086888	15.391750311041923	-14.337079254806387	15.350906816612817	-17.795431381961375	-3.673343046054061	2.389574118738661	19.346	9.074724794597772	10.158311307761906	8.099012645684704	6.8949538778038955	74.96497960086133	0.04993989917359126
 archi-vowels-PSX.wav	éˤ	16	13.709	207.75634249258655	479.234	2149.554	3133.726	35.458980937196856	35.98187790485841	16.64903159806327	26.838358701611526	34.61436612189571	40.61632143569627	32.167855315609614	20.566817571124293	37.33491573743409	47.934552208076454	12.022670703941909	47.934552208076454	37.183876666484416	32.87147062307683	44.56672061074009	85.16416126235517	171.40106791835646	-0.522896967661552	19.332846306795137	8.62062223558533	0.8446148153011421	-5.157340498499416	11.601037744485321	-10.599636470642366	35.91188150413454	-10.599636470642366	0.15103907094967184	4.463445114357256	21.657	17.69124925867657	13.990923639275604	10.937678377649885	8.910372607479975	76.5724943610158	0.07731082062143795
 archi-vowels-PSX.wav	éˤ	16	13.73	198.80183793120847	437.621	2115.215	3249.62	38.693426832417444	32.17308553199001	36.07599436996024	26.235725911133354	25.919416566456146	39.48305109649207	27.39011802890659	9.6003543730943	40.758827057192526	46.50429616433847	30.17887220304846	46.50429616433847	27.39011802890659	27.75965075374092	44.45367866089842	81.30273987546526	180.1202846538611	6.520341300427432	-3.90290883797023	12.45770092128409	12.774010265961298	-0.7896242640746252	17.789763655812287	-5.745469107145944	16.32542396129001	-5.745469107145944	13.368709028285938	12.999176303451605	13.544	21.844541064784934	17.770042138584067	15.135898397226557	13.015715912692388	75.19119798667141	0.09464835553949895
 archi-vowels-PSX.wav	éˤ	16	13.752	187.03518222443975	541.131	2247.825	3522.143	35.285136583884174	35.053860108213485	18.730459016102934	7.993876713882901	18.338223209727335	33.23552679032103	15.753161868488307	25.48333156936212	36.44502717710561	40.88173171820622	20.534324070979256	30.236768335659345	22.509873601329943	22.93920258739871	44.47610595819054	87.18931072626931	204.43685229803432	0.23127647567068976	16.32340109211055	27.291259870001273	16.94691337415684	2.0496097935631425	-9.730169700873814	-4.43670454110061	20.347407647226962	6.208258841446263	13.935153575775665	13.505824589706897	0	13.07179166756847	11.904796330649532	11.085168869967234	9.98414384709505	70.81455166900591	0.060625594681852635
archi-vowels-PSX.wav	éˤ	17	14.595	--undefined--	634.969	2244.014	3148.482	--undefined--	--undefined--	--undefined--	--undefined--	--undefined--	--undefined--	0	0	0	0	0	0	0	0	--undefined--	--undefined--	--undefined--	--undefined--	--undefined--	--undefined--	--undefined--	--undefined--	0	0	0	0	0	0	14.553	1.225391728392766	-0.462738503383173	-1.3823847717066864	-2.599239308351379	49.43539700447285	0.001150259041205885
 archi-vowels-PSX.wav	éˤ	17	14.625	--undefined--	570.507	2322.709	3146.743	--undefined--	--undefined--	--undefined--	--undefined--	--undefined--	--undefined--	0	0	0	0	0	0	0	0	--undefined--	--undefined--	--undefined--	--undefined--	--undefined--	--undefined--	--undefined--	--undefined--	0	0	0	0	0	0	12.322	-3.927490394642379	-2.528012022049282	-3.301537411785031	-3.301117262667186	62.85013484064954	0.003050790754657381
 archi-vowels-PSX.wav	éˤ	17	14.655	164.40958100343738	430.736	2434.141	3155.765	30.906361578753227	26.55272171545731	13.343915268733074	15.525395223514852	22.862544199958656	25.87221691319545	16.237650471150474	-3.8006675903206415	32.303309305165826	34.15138547485065	11.512998980919772	36.22752984931962	21.449014312156216	21.340793449678998	41.11904568079248	94.71301214192059	156.15512555929436	4.353639863295918	13.208806446724235	15.380966355238375	8.043817378794571	5.0341446655577755	20.038318061471116	-1.8480761696848234	22.638386493930877	-3.9242205441537976	10.85429499300961	10.962515855486828	16.697	15.77097693355201	11.466946104490596	10.645839149449712	8.853869798920313	65.38422374697177	0.05875435074348458
 archi-vowels-PSX.wav	éˤ	17	14.685	172.3109558757578	368.813	2368.183	3121.725	30.98684131239785	22.174803427431208	25.758309420417447	19.34812606163526	26.736484840185206	30.414555638203566	14.300898221966744	0.943983976600007	33.13730174113976	37.39343273741532	18.61749541194235	37.39343273741532	23.062196693634903	22.559940045172546	47.52983394538717	91.99048963400473	156.0236380758578	8.812037884966642	-3.5835059929862396	11.63871525076259	4.250356472212644	0.5722856741942834	13.356914245366736	-4.256130996275559	18.775937325472967	-4.256130996275559	10.075105047504856	10.577361695967213	13.052	18.11417335262641	16.6200610785612	14.568390356338659	11.652842635108767	65.07548671300836	0.0656434923344132
 archi-vowels-PSX.wav	éˤ	17	14.715	156.4841128610493	2387.497	3411.997	4332.801	32.26235895710662	28.97516881512974	10.881492386462984	-21.23860067267359	-6.74468920867195	-7.391742819446282	7.634532360281446	5.977549743189833	32.31869128032836	29.201701016824863	11.807649893953009	13.263375879566084	18.895918377513926	14.241099028619331	89.57023999436059	177.92528498011367	280.6587139895063	3.287190141976879	18.093676428666758	53.50095962978021	39.00704816577857	39.654101776552906	1.6569826170916127	3.116990263503496	17.394051122871854	19.055315400762275	13.422772902814433	18.077592251709028	0	9.050688096722332	8.300683038026452	6.998845524979576	7.340212919596457	60.803899207985694	0.04312195019215351
archi-vowels-PSX.wav	éˤ	18	15.222	152.2764608700047	515.745	2349.71	2990.827	25.318039215194254	34.18645879694786	30.33715878769289	20.41605307783035	30.84613250415089	28.31328847975683	20.46027238793539	8.018357834609157	26.143479112112033	38.0319526824066	38.83837895180032	43.01617430489236	33.83114456586395	29.42411984403237	40.25504094625241	86.08838751580636	136.14103589708046	-8.868419581753606	3.8493000092549714	4.901986137363902	-5.5280932889566365	-2.9952492645625775	12.441914553326233	-11.888473570294565	-0.8064262693937252	-16.872695192780327	-7.687665453751919	-3.280640731920336	19.181	13.736308823560046	14.107340492350161	11.371890702042439	9.819422411502302	71.85993001020076	0.05630806019519385
 archi-vowels-PSX.wav	éˤ	18	15.241	183.52482743204098	534.731	2328.883	2969.376	30.867926654714218	33.39273128881014	30.691111533217885	18.54305308145849	28.958013601702525	24.173751795845533	21.033561949037068	4.822533116447759	32.005166973827045	39.08666069603462	32.63985224671235	40.731533328185165	32.12472072729601	25.33853892834621	43.9812132373189	91.86398842763231	145.50044540648503	-2.524804634095922	2.7016197555922545	12.32487357325573	1.9099130530116923	6.694174858868685	16.21102883258931	-7.081493722207576	6.446808449322269	-8.72636635435812	-0.11955375346896346	6.666628045480834	13.811	9.204618012158468	5.96260118913561	5.080487111212618	3.984032735062172	71.82254364750622	0.06838394816784368
 archi-vowels-PSX.wav	éˤ	18	15.261	182.20739638706632	522.497	2473.078	3151.225	32.8734429854849	34.69979028529174	32.61445932071997	10.360631202715567	24.132781098430538	26.751640168796115	14.863639992176036	4.2937382516481835	34.04103738451351	40.61282602516283	33.86830348388331	32.346449689284846	25.411941727547994	26.04886209958567	43.61757255421695	102.02518595718394	162.92633759123723	-1.8263472998068409	2.0853309645717673	22.512811782769333	8.740661887054362	6.121802816688785	10.569901740527854	-6.5717886406493236	6.744522541279522	1.6945876952286625	8.629095656965514	7.992175284927839	17.062	13.714207005214893	10.505445389579277	9.312169039251362	7.842599465652365	69.88538238281664	0.06856956018040349
 archi-vowels-PSX.wav	éˤ	18	15.281	183.26767767589993	476.633	2364.018	3132.139	32.04594959434229	31.650890344400096	30.468693620248473	18.01967905609731	25.38624427376795	31.780145817094027	12.118156541065623	5.792504429044467	33.47910170964929	39.49837439886149	28.64216501256874	39.49837439886149	26.098108470523563	27.91460033424471	42.007022255831195	94.26398479800149	161.4286326418727	0.395059249942193	1.1821967241516234	14.02627053824498	6.659705320574339	0.2658037772482622	6.325652112021157	-6.019272689212201	10.856209386292754	-6.019272689212201	7.380993239125729	5.564501375404582	16.88	16.2197201999697	14.954718832717223	13.053503416323764	9.560175086141548	68.18434007919254	0.06871160428486207
 archi-vowels-PSX.wav	éˤ	18	15.3	183.16424194078525	427.274	2462.982	3316.914	31.77359172217121	23.25383774178869	22.122452619400505	14.320374989167902	20.423100343354875	36.28097532514224	13.18891069738957	11.07799342289123	33.56918431178774	34.491813534935545	17.183582576455084	34.491813534935545	18.162019015896455	28.40984615344893	43.31434318688939	101.50006001968221	180.42480171470513	8.519753980382522	1.1313851223881848	17.45321673300331	11.350491378816336	-4.507383602971032	2.1109172744983393	-0.9226292231478084	17.30823095848046	-0.9226292231478084	15.407165295891282	5.159338158338805	0	11.340710065480584	10.254692354264904	9.192979179365562	6.724759319859376	65.28781370525354	0.06440457830805145
archi-vowels-PSX.wav	éˤ	19	15.849	265.3264916647047	623.9	2070.013	2729.16	35.39022947374232	27.25739439929452	18.10013517829021	22.191123683824536	24.658170117909012	16.074529855089622	31.91801160233577	3.1215461249903775	37.25623931872517	38.677229821676924	15.229268285356046	44.21976943542006	31.91801160233577	19.165402460392592	54.48448617409961	91.17020683796397	148.41666058732915	8.132835074447804	9.15725922100431	13.199105789917787	10.73205935583331	19.3156996186527	28.796465477345393	-1.4209905029517529	23.44796153632088	-6.963530116694891	5.338227716389401	18.09083685833258	22.856	-1.457233920522212	3.0504569499914824	3.299004661646789	3.396533776636315	71.9133226442184	0.021463391228854784
 archi-vowels-PSX.wav	éˤ	19	15.88	274.90709533397995	615.68	2066.76	2742.609	42.09140885861371	36.7978092715039	38.20358155088596	28.87715455636434	35.83072505915166	35.01839223594003	42.7051189759894	23.07065174407314	44.16456540589451	50.62106462231615	34.31688552122532	50.62106462231615	42.7051189759894	37.30845401891331	55.434215830560696	92.75191259489561	152.79569761068566	5.29359958710981	-1.405772279382056	13.214254302249373	6.260683799462051	7.073016622673684	19.63446723191626	-6.456499216421641	16.304179101090824	-6.456499216421641	1.4594464299051069	6.856111386981198	22.63	13.464828847576186	10.065780036628203	8.51404437629579	8.440860091743135	79.23395795861393	0.042244442437326106
 archi-vowels-PSX.wav	éˤ	19	15.912	280.22698191235867	552.14	1949.097	2512.566	46.35903003662617	30.19396202239823	38.522219382213684	29.770784009690818	33.893122370058286	22.72778826499772	39.92055393673284	13.216408347958339	49.102262140575434	50.57529494907626	32.16208317147893	50.57529494907626	39.92055393673284	26.38296655458998	54.8883603871303	86.29139047679412	130.6734608309258	16.16506801422794	-8.328257359815453	16.588246026935355	12.465907666567887	23.631241771628453	26.704145588774498	-1.4730328085008253	18.413211777597326	-1.4730328085008253	9.181708203842597	22.719295585985453	20.989	19.926598069514817	20.119995420946687	16.221229228374515	15.55648469720828	80.52365377551014	0.07353411537754134
 archi-vowels-PSX.wav	éˤ	19	15.944	262.6802034011365	475.88	2039.574	3198.542	48.4263009083324	32.749947195784515	19.50324232299352	25.54243800640874	32.05307236045688	37.61544106336175	34.637602934578396	18.51156371813002	51.689061964219285	45.57817134690741	10.458357057578096	45.57817134690741	34.637602934578396	25.93344803148881	50.2778943644793	88.71192099601281	201.2918629382383	15.676353712547886	13.246704872790996	22.88386290192366	16.37322854787552	10.81085984497065	16.126039216448376	6.110890617311874	35.11981428932931	6.110890617311874	17.05145902964089	25.755613932730476	16.045	27.735824292881755	24.5195246158832	19.55455123188338	18.442659937459535	79.14685768505117	0.10551009048897904
 archi-vowels-PSX.wav	éˤ	19	15.975	220.04635473173116	558.716	2058.579	3320.253	32.87093752336867	14.800705018427863	25.752694270338683	13.418905986490753	9.252061409013116	32.24349977774364	15.400912821906722	10.74493916500652	34.426048705862506	23.463469648206132	24.10120093253488	35.35278418554489	15.400912821906722	22.474601927841515	48.40126931896029	81.98569007556587	197.314075008383	18.070232504940805	-10.95198925191082	19.452031536877914	23.61887611435555	0.6274377456250306	4.655973656900203	10.962579057656374	-0.6377312843287477	-0.9267354796823852	19.025135883955784	11.95144677802099	0	19.563605690752567	15.965039960540768	14.567243020213505	13.54968263370412	69.37331580615988	0.022780460658704902
archi-vowels-PSX.wav	éˤ	20	16.834	--undefined--	622.665	2092.277	2710.827	--undefined--	--undefined--	--undefined--	--undefined--	--undefined--	--undefined--	0	0	0	0	0	0	0	0	--undefined--	--undefined--	--undefined--	--undefined--	--undefined--	--undefined--	--undefined--	--undefined--	0	0	0	0	0	0	14.721	3.146473671625202	5.515809508681019	4.476722252243751	4.349803328792023	71.35487152108001	0.013344686493618408
 archi-vowels-PSX.wav	éˤ	20	16.87	231.13322633407415	539.628	2092.335	2633.63	36.94743494414125	32.99344551010769	28.148019498764945	23.11428439232484	33.75421373905843	25.283592545581154	38.66910214894346	6.341060729082237	38.80198655922055	44.52671931228555	24.32086534015779	44.52671931228555	38.66910214894346	29.30146075491399	49.26568612284617	86.12918334759964	128.8116041615236	3.9539894340335593	4.845426011342745	13.83315055181641	3.1932212050828213	11.663842398560096	32.32804141986122	-5.724732753064998	20.20585397212776	-5.724732753064998	0.13288441027709297	9.500525804306562	16.923	9.352363380091957	8.481629467904348	8.022896854504879	7.752033791267179	75.71135267324938	0.04384993502748503
 archi-vowels-PSX.wav	éˤ	20	16.906	237.6483711126492	499.363	2034.463	2649.835	38.34543610670869	35.02050460523806	32.91025499770122	32.158656806275715	31.809320031867294	31.60354696496008	35.795109108971936	10.497926321728468	40.67594367085754	53.06296588546527	26.700788431909103	53.06296588546527	35.795109108971936	32.42489395525775	48.01695536347526	83.8050785316551	132.21593873202426	3.3249315014706298	2.1102496075368364	6.186779300432974	6.536116074841395	6.741889141748608	25.297182787243468	-12.387022214607725	26.362177453556164	-12.387022214607725	4.880834561885607	8.251049715599791	22.659	21.912391246384317	18.236174515030967	13.84404576267139	12.843408321024452	81.65504200789663	0.06785437338536304
 archi-vowels-PSX.wav	éˤ	20	16.942	229.7628386955123	445.933	2064.721	2750.074	39.56995084416363	32.55702245565206	32.96286907064461	31.99005279625731	33.86284936805443	25.351001636951633	35.60041385653135	7.177150427188392	42.32673964690073	51.13139552321211	24.683723112694146	51.9049364539393	35.60041385653135	22.444487614322476	47.381381853510184	84.16744641868796	139.59245423603636	7.012928388511568	-0.4058466149925479	7.579898047906319	5.707101476109202	14.218949207211995	28.423263429342953	-8.804655876311386	26.447672410517967	-9.578196807038573	6.72632579036938	19.88225203257825	19.836	22.072119199349185	20.593688029273757	16.29352515274388	15.699334222755976	80.68933752818928	0.09739159247333944
 archi-vowels-PSX.wav	éˤ	20	16.978	220.95230511239654	446.733	2139.542	3020.329	32.3852168734179	20.963983041664758	20.923051526613843	20.818432804755062	16.6629637797614	18.695781355358662	17.801081551599395	-0.026410762656539095	34.888928899748564	40.89753256412982	13.288724517667802	40.89753256412982	17.801081551599395	11.459757174912497	46.424264441439696	87.1457409643336	164.38891328587786	11.421233831753145	0.04093151505091441	11.566784068662841	15.722253093656501	13.689435518059241	17.827492314255935	-6.008603664381255	27.608808046462016	-6.008603664381255	17.087847348149168	23.429171724836067	11.714	9.2050903287283	8.885966243577297	8.234611373878046	7.959895942112325	68.3044993673878	0.016624535055122146
archi-vowels-PSX.wav	éˤ	21	17.797	229.7609463475825	483.116	1857.682	2894.016	28.66490507332921	26.199466150848764	21.91675999379015	23.84915153220123	22.81692265873389	30.279393940879658	27.1931652498863	16.886000561003524	31.006078323540972	44.20760417993734	16.020390027176774	44.74121269317187	28.264418564724473	22.201048999244158	46.88788382747189	73.00224068745057	154.20381287115745	2.4654389224804447	4.2827061570586125	4.815753541127979	5.847982414595318	-1.614488867550449	10.307164688882775	-13.201525856396369	28.187214152760568	-13.735134369630895	2.7416597588164997	8.805029324296815	25.929	20.260167678211495	20.022965146722306	17.380777885092808	16.011426390662937	74.60232030499397	0.04956073820547008
 archi-vowels-PSX.wav	éˤ	21	17.825	224.47875471801876	588.008	1864.667	2826.804	37.320669149321574	41.25699075948817	28.662375194887456	27.979691596353035	32.63243815659527	37.28137213402712	41.82064780041791	23.27274174055257	38.80833232570155	49.2556475614333	28.47139940945301	50.429190357576786	41.82064780041791	34.25860945371445	49.37600342339435	72.47184325262606	145.54737013184103	-3.936321610166594	12.594615564600712	9.340977552968539	4.688230992726304	0.0392970152944514	18.54790605986534	-10.44731523573175	20.78424815198029	-11.620858031875237	-3.0123154747163596	4.5497228719871	21.899	19.354251272320344	15.91979289038348	13.275060502772007	12.149241083681911	79.44671603277433	0.07406603975410193
 archi-vowels-PSX.wav	éˤ	21	17.853	213.7081103629792	557.86	1871.673	2754.703	39.79188977490491	39.05507045977441	24.49575260497155	23.360974131332675	28.605875394172838	37.138013414622705	36.9203917762451	15.568365851394203	41.27652393253426	47.077055834689176	23.938821857300834	45.553181256144526	36.9203917762451	34.968002142829945	47.68936182376521	71.03881097502327	135.04988138428416	0.7368193151304965	14.559317854802863	16.430915643572234	11.186014380732072	2.6538763602822044	21.352025924850892	-5.8005319021549155	23.138233977388342	-4.276657323610266	4.3561321562891635	6.308521789704315	20.141	21.57103378763448	16.568181106223648	13.535643144674223	12.141975586260989	77.95064478718002	0.08695910115048297
 archi-vowels-PSX.wav	éˤ	21	17.881	195.24442347592543	591.896	1917.868	2783.064	41.22248185208683	39.12792514511668	27.63494768195095	22.55797060797909	26.80841694583462	33.23432121572237	36.115770940205664	18.17753733556711	42.30936912492485	44.4165576840428	31.777664471324464	45.60318078210621	36.115770940205664	32.71303851504538	46.184880886109326	70.12887006454399	131.90188795298278	2.0945567069701525	11.492977463165726	18.66451124410774	14.41406490625221	7.988160636364462	17.938233604638555	-2.107188559117951	12.638893212718337	-3.293811657181358	6.193598184719185	9.596330609879466	21.132	12.59343301306836	9.356655215952953	8.09016151841778	7.783126736726286	76.47190163488968	0.09568184993425109
 archi-vowels-PSX.wav	éˤ	21	17.909	174.24219760846995	570.702	1730.374	2599.77	36.42731937231477	37.70546680646396	27.691752871219762	18.06035960157353	20.58592018947136	27.18403805529232	29.62656885285494	10.832643691367199	37.36242042485615	42.08978193361286	35.296513629249006	41.42944394597306	31.735316816727863	27.079887075365434	43.54625260053819	59.194145434438155	109.82383686507546	-1.27814743414919	10.013713935244198	18.36695977074124	15.84139918284341	9.24328131702245	18.793925161487742	-4.727361508756715	6.793268304363856	-4.067023521116916	5.627103608128284	10.282533349490713	13.31	10.417959233623968	6.805991016874662	6.304609388968946	6.208103622434654	73.70304779382076	0.06299925400470105
archi-vowels-PSX.wav	éˤ	22	18.424	216.4657283865782	454.602	1847.807	3127.393	29.621581154025925	28.26991882679418	25.777622858938436	25.641974373751495	22.114185304874788	37.119443454916706	26.80137860391013	15.763389563834814	31.95333688175749	46.1604460600783	19.565533114722975	46.1604460600783	26.80137860391013	23.935006032281127	45.714639154340475	70.39562508922663	174.2008092002623	1.3516623272317467	2.4922959678557426	3.9796067802744304	7.507395849151138	-7.49786230089078	11.037989040075317	-14.20710917832081	26.594912945355325	-14.20710917832081	5.15195827784736	8.018330849476364	20.076	8.986205345154387	9.438441249911877	7.555946874877151	8.039175826107636	73.64284341628058	0.047399248479764094
 archi-vowels-PSX.wav	éˤ	22	18.452	205.33633070066523	501.184	1865.387	2819.028	37.78537658467731	38.70469762417247	29.207014066616132	27.078888298687485	30.73652857052564	37.601746594710455	37.26829454259003	18.495747267125818	39.47609696090689	48.55507422433987	26.555358834818215	48.55507422433987	37.26829454259003	32.2487476826366	45.69292215873708	69.38311338381196	138.53206660866212	-0.9193210394951592	9.497683557556336	10.706488285989824	7.04884801415167	0.1836299899668532	18.77254727546421	-9.078977263432982	21.999715389521654	-9.078977263432982	2.2078024183168594	7.227349278270289	21.382	19.853654394424535	14.86121623159804	12.648397243957959	11.12746172682696	76.50861095793947	0.0812703364691608
 archi-vowels-PSX.wav	éˤ	22	18.479	184.75896171506864	564.403	1930.914	2846.068	38.40091739519755	40.37099707344704	29.034514177428672	22.98984049231048	24.44075624965159	32.69154259421507	32.91683479381283	14.76708215375721	39.461003928913186	45.51511879577984	33.28607418139856	45.82908837064333	32.91683479381283	30.44659581503346	44.610259692222684	68.96289980649512	134.31130572408543	-1.9700796782494905	11.33648289601837	15.411076902887071	13.960161145545964	5.709374800982481	18.149752640055624	-6.054114866866655	12.22904461438128	-6.368084441730147	6.544169135100354	9.014408113879725	19.931	17.70197640314967	14.463649819502852	11.34128772667255	9.053835270424674	75.64817279811078	0.08908335406090948
 archi-vowels-PSX.wav	éˤ	22	18.506	166.21331477065954	587.253	1831.43	2735.987	34.414774937009724	39.38507617165981	29.067319269631952	17.30962413370567	22.113010185875225	29.404065804668228	31.844785201521173	15.42702455709733	35.20944401936677	43.013017321660996	41.000133077497914	41.000133077497914	32.865638646347755	28.869779964340083	42.89315388431573	61.64438524046085	118.68030772790019	-4.970301234650087	10.31775690202786	17.105150803304053	12.301764751134499	5.010709132341496	16.417760644423844	-7.803573302294225	2.0128842441630823	-5.790689058131143	2.3438053730190163	6.339664055026688	16.378	9.69280762587448	8.270210906817596	7.153709601560258	6.539158784804951	71.94232352209174	0.052564845413027105
 archi-vowels-PSX.wav	éˤ	22	18.534	147.8895758518101	502.487	1669.264	2569.267	32.54422664582077	35.747059968014355	25.19534389072125	14.13022209689974	18.440930290509062	16.987180748763063	17.581895289200787	14.60361094191856	33.39619152810413	39.69261387058631	34.442909408109	37.054339002898296	28.40672613417153	14.734093209362651	39.54533290625507	53.39224876215878	100.21559114126569	-3.202833322193584	10.551716077293104	18.41400454892103	14.10329635531171	15.557045897057709	2.9782843472822265	-6.296422342482174	5.249704462477304	-3.6581474747941627	4.989465393932601	18.66209831874148	0	7.940701406304241	5.850828295281926	4.821629714134536	4.667733606637711	67.92441437866319	0.04977048528149472
archi-vowels-PSX.wav	ó	23	18.935	--undefined--	470.827	957.735	3122.096	--undefined--	--undefined--	--undefined--	--undefined--	--undefined--	--undefined--	0	0	0	0	0	0	0	0	--undefined--	--undefined--	--undefined--	--undefined--	--undefined--	--undefined--	--undefined--	--undefined--	0	0	0	0	0	0	17.61	5.367117168443309	5.065747096470426	5.060119240493487	5.0532079753391335	79.67673024676816	0.04990796607160053
 archi-vowels-PSX.wav	ó	23	18.972	226.3514927803115	447.194	905.443	3175.526	38.984670490201594	32.15588572476452	29.80525084389282	31.93957751773408	30.766117422914817	45.32475162524054	0.750951588666944	3.9333222351948742	42.08582981600774	53.958985352015674	44.76095129469105	53.958985352015674	45.720713159552844	15.629269409014817	46.9762056642717	52.471802858086136	183.5394632355143	6.828784765437078	2.350634880871695	7.045092972467515	8.218553067286777	-6.340081135038943	-3.1823706465279304	-11.873155536007935	9.198034057324627	-11.873155536007935	-3.6348833435451056	26.45656040699292	22.914	20.886826112292958	18.949074527562416	18.946981445402407	18.93316326905716	82.66116705581288	0.08551537704966747
 archi-vowels-PSX.wav	ó	23	19.01	212.40086875802163	434.563	986.886	3092.08	40.82557663912032	30.79792928979422	34.8044772248185	30.085809091182718	19.938138827949402	47.33188197444011	2.1894724472609735	5.543097783152269	43.5815427859274	51.47695776560405	37.41786556587252	51.47695776560405	33.2966425802944	20.22749524319692	46.04711729198816	51.28553040490498	168.78765537956255	10.027647349326102	-4.00654793502428	10.739767547937603	20.88743781117092	-6.506305335319787	-3.3536253358912953	-7.8954149796766515	14.05909219973153	-7.8954149796766515	10.284900205632994	23.354047542730477	20.501	24.69234402339727	19.65270499149249	19.654166836610926	19.553114777852137	79.40231780637565	0.08713526226398109
 archi-vowels-PSX.wav	ó	23	19.047	207.26221982176077	422.364	1313.05	2868.746	39.44813005438689	31.307285457453066	33.709222732502525	30.87815342516249	25.78202073868545	38.85262241997262	12.069501990931876	8.5882572008945	42.03149104982301	51.0714698401066	29.041370317202087	51.0714698401066	34.87218788938647	20.611898353785318	46.21534614024983	53.681860638143625	143.99642854297227	8.140844596933821	-2.401937275049459	8.569976629224396	13.666109315701437	0.5955076344142682	3.481244790037376	-9.039978790283591	22.030099522904514	-9.039978790283591	7.159303160436544	21.419592696037693	26.927	30.585879524197512	20.76063723952967	20.73231079363171	20.444509795634936	78.89731726836116	0.0784861491486643
 archi-vowels-PSX.wav	ó	23	19.084	204.74187433694976	404.873	1886.471	2794.038	37.46138744421162	34.81673013331765	31.318785757628262	34.6152432399813	23.598499428508646	30.75347683600775	25.990600541625103	11.641376824004873	40.09358831442056	53.70189773207155	23.36007722937136	53.70189773207155	25.990600541625103	22.476084038080263	47.312880815068574	70.24856248753589	135.9568870730205	2.644657310893969	3.4979443756893858	2.8461442042303204	13.862888015702971	6.707910608203868	14.34922371762023	-13.608309417650993	30.34182050270019	-13.608309417650993	14.102987772795455	17.617504276340295	22.388	21.427741668110215	20.077611202789384	18.490235229913214	17.93266007485753	79.48221387615517	0.07479782397981945
archi-vowels-PSX.wav	ó	24	19.603	220.136401273939	450.918	916.222	3086.495	25.16835046714681	25.08206285518189	21.40463852422274	24.22054088311308	17.87422005075404	44.084685442195735	18.653929849209533	11.245670095743902	28.02396909685087	46.43633726564211	32.96186194912747	46.43633726564211	32.96186194912747	16.13557133503359	46.201004890043976	51.801648163105945	171.20037670268033	0.08628761196492007	3.6774243309591483	0.9478095840337275	7.294130416392768	-18.916334975048926	7.4082597534656305	-18.41236816879124	13.474475316514642	-18.41236816879124	-4.9378928522765975	11.88839776181728	24.817	28.549559559191763	20.95683767818148	20.966585190226667	20.92146380125761	78.45493418888366	0.018843101377901284
 archi-vowels-PSX.wav	ó	24	19.633	211.13468046173185	427.666	865.566	3054.24	39.536508789912816	33.74026098800732	33.191090714650386	33.495466182338724	31.573981573441827	44.14064219713745	1.9378616286912158	8.277293278326008	42.46601499434522	55.2566744323622	46.4846817639642	55.2566744323622	46.4846817639642	14.820217135004665	46.29565312765528	50.459437353591305	164.2842993402982	5.796247801905494	0.5491702733569355	6.0410426075740915	7.962527216470988	-4.604133407224637	-6.3394316496347916	-12.79065943801698	8.771992668398006	-12.79065943801698	-4.018666769618974	27.645797859340558	25.23	25.047275749309854	21.059365667816454	21.05501627321093	21.005694773610465	82.87012566303373	0.09966243749957468
 archi-vowels-PSX.wav	ó	24	19.662	205.79902364676238	452.367	1023.967	3031.224	40.2175670792559	37.18847358304481	39.61170274825782	30.864555598999587	10.986696320401158	35.001623257228715	6.491399516770182	3.485568460294069	42.57112717289725	52.882847614684835	41.3209207963278	52.882847614684835	24.83186028838942	10.34614629730722	44.65519580527377	50.72050769843777	159.8639847440225	3.0290934962110896	-2.4232291652130087	9.353011480256313	29.230870758854742	5.215943822027185	3.005831056476113	-10.311720441787585	11.561926818357037	-10.311720441787585	17.739266884507828	32.22498087559003	26.747	25.1246017378365	19.254764676380564	19.243862683268254	19.188436809683214	80.45132188427063	0.09373311565972661
 archi-vowels-PSX.wav	ó	24	19.692	200.58115866733647	444.228	1338.75	2796.989	38.7019388340302	35.16350526308491	15.884120966852212	28.6141573181014	19.827667983257214	33.842217054619965	9.092202019385292	0.7275992523366477	40.86112550064247	49.66132975932429	12.673944751697693	49.66132975932429	29.76297013005931	18.26823175114036	44.36873257520211	53.224405305707045	134.90230024112023	3.538433570945294	19.279384296232696	10.0877815159288	18.874270850772987	4.859721779410236	8.364602767048645	-8.800204258681816	36.9873850076266	-8.800204258681816	11.098155370583164	22.592893749502114	21.575	23.571189575326592	17.175101844214552	17.11917862352459	16.84291918795928	77.82975725643117	0.07351404127347827
 archi-vowels-PSX.wav	ó	24	19.721	195.53458805101556	408.67	1840.827	2906.957	36.129778169303805	31.912046500910563	26.304473998588453	30.058091675813955	12.456817980222759	35.67484054047668	15.693328516463227	10.580134203270594	38.45842846064569	49.5050860660764	19.55201713158357	49.5050860660764	15.693328516463227	24.802971459703777	45.96162750543162	66.72140132875009	143.71959876875067	4.217731668393242	5.60757250232211	6.07168649348985	23.672960189081046	0.45493762882712474	5.113194313192633	-11.04665760543071	29.953068934492833	-11.04665760543071	22.765099944182467	13.655457000941915	0	18.265969393104257	14.855850598365713	14.580299075810482	14.444628699865575	76.86290627416274	0.0622672652105368
archi-vowels-PSX.wav	ó	25	20.386	194.5112466860239	399.696	795.615	3280.967	26.80176260009651	26.937687165577124	20.07661535348017	26.07595814716231	18.836012670743912	30.85009215225415	-13.547590744778981	-7.998601440467961	29.651233559945318	47.28112461148169	33.813475733213004	47.28112461148169	33.813475733213004	-4.0205939535470385	46.64719660878352	48.09734376294002	181.62825315476286	-0.1359245654806145	6.861071812096952	0.7258044529341987	7.965749929352597	-4.0483295521576395	-5.5489893043110206	-17.62989105153637	13.467648878268683	-17.62989105153637	-4.1622421732676855	33.67182751349236	29.251	16.538353943566	16.149778930229196	16.150410489476144	16.149145103708797	74.0714516788866	0.029550702746098893
 archi-vowels-PSX.wav	ó	25	20.425	198.67895937680768	423.051	882.516	3181.972	32.21143445223262	28.942207569293842	23.975403293196777	25.31203491744411	13.938799882686297	42.72299757812028	-8.102074070262663	7.292549276109318	34.802683409371575	47.01664357099582	30.088674250750223	47.01664357099582	28.568935829922253	12.027721854295168	45.24222577079516	49.09504364792845	172.8427448874614	3.2692268829387814	4.966804276097065	6.899399534788515	18.272634569546327	-10.511563125887655	-15.394623346371981	-12.213960161624243	16.927969320245595	-12.213960161624243	6.233747579449322	22.77496155507641	27.98	28.230849679081803	24.10336269942597	24.100751361696865	24.049122479133345	74.52357965688181	0.039006283388735886
 archi-vowels-PSX.wav	ó	25	20.464	204.42105704911842	457.072	1031.621	3109.897	31.132007008988595	32.93992061258824	25.95122850869513	25.421923283830097	19.680798655360526	38.10644648577262	-1.2593130148676663	2.8994096058511696	33.401148783846764	47.59236219405669	27.66265749381807	47.59236219405669	33.673254875155244	12.660018765782722	44.396718334616075	50.60330382342017	167.54559657648613	-1.8079136035996441	6.988692103893108	5.710083725158498	11.451208353628068	-6.974439476784028	-4.1587226207188355	-14.191213410209926	19.92970470023862	-14.191213410209926	-0.27210609130847985	20.74113001806404	26.303	29.368088197971673	20.527178572668404	20.510519175998184	20.44979085656092	75.59288413452386	0.05708250684246632
 archi-vowels-PSX.wav	ó	25	20.503	215.01232626928666	504.447	1438.922	2920.859	28.255954533910796	33.95667811523046	1.9271784987660476	23.83516518680537	19.27765500859538	34.52061730458782	10.146813117334336	12.13784027648562	30.180484573687544	45.647379338043734	0.1728688636476909	45.647379338043734	30.347877616215758	20.475049595505638	46.802561265955056	56.88471257238585	151.86938260020077	-5.700723581319664	32.02949961646441	4.420789347105426	8.978299525315414	-6.2646627706770275	-1.991027159151285	-15.46689476435619	45.47451047439604	-15.46689476435619	-0.1673930425282144	9.705434978181906	21.216	29.563490741257958	16.200304264119826	15.674175825208671	15.541467960515796	74.44723886280995	0.05242474133982671
 archi-vowels-PSX.wav	ó	25	20.543	196.56774584313638	431.437	1702.906	2916.178	32.32627415956405	26.407798467963527	16.727409521868804	22.225396496607893	12.784282749143514	20.985133346845156	15.561638077434177	1.4504056543089825	34.44352096052605	41.05143675212127	11.515378027657096	42.55369993045504	18.453769460542073	8.733317876287025	44.52122892183091	61.57996703610025	144.9737330408389	5.9184756916005234	9.680388946094723	10.100877662956158	19.541991410420536	11.341140812718894	14.111232423125195	-6.607915791595218	29.536058724464173	-8.110178969928988	15.989751499983978	25.710203084239026	17.373	12.86131282852747	13.718960985782555	13.461984735324892	13.393072549746513	70.4511951610613	0.04530201207124441
archi-vowels-PSX.wav	ṵ́	26	21.252	--undefined--	394.915	724.098	3211.345	--undefined--	--undefined--	--undefined--	--undefined--	--undefined--	--undefined--	0	0	0	0	0	0	0	0	--undefined--	--undefined--	--undefined--	--undefined--	--undefined--	--undefined--	--undefined--	--undefined--	0	0	0	0	0	0	14.252	0.5002266718693398	-0.000837005974068063	-0.02675207436199078	-0.04871224712732848	71.35963447222872	0.029211994118429566
 archi-vowels-PSX.wav	ṵ́	26	21.286	190.689608765196	396.661	744	3267.614	30.12080739529312	25.34957989813634	11.77489888093369	23.703822198561085	16.153438404754304	26.828455955343347	-22.825032953264788	-17.40669835461349	32.96081988664717	45.24372117188125	24.897286758044782	45.24372117188125	32.100531607061846	-9.152255797540354	46.508924803114745	47.290416689795336	178.53555637337686	4.771227497156779	13.57468101720265	6.4169851967320355	13.967368990538816	3.2923514399497726	-5.418334598651299	-12.282901285234075	20.346434413836466	-12.282901285234075	0.8602882795853262	42.11307568418753	10.565	13.405923116511492	10.057502984161626	10.057757689909534	10.057510062692877	74.58839269689788	0.05000670778939067
 archi-vowels-PSX.wav	ṵ́	26	21.319	176.89076109627612	377.968	830.742	3413.52	31.423295799961814	33.56569327127846	27.628447307407157	30.42941949942918	16.144321975091245	27.285347695728266	-18.640744895928673	-11.623512535932372	33.94043362350153	50.58885603397147	30.760657172138494	50.58885603397147	29.609728424347562	-9.101333044501247	46.943487709997115	46.26135050702031	187.73042112183435	-2.1423974713166487	5.937245963871305	0.9938763005326336	15.278973824870569	4.137948104233548	-7.017232359996301	-16.64842241046994	19.828198861832973	-16.64842241046994	4.3307051991539645	43.04176666800277	16.91	15.51227931194652	12.33514521782341	12.33526840606742	12.335009965341666	76.46860061237962	0.029180704415917056
 archi-vowels-PSX.wav	ṵ́	26	21.353	178.85907326092666	438.222	1086.109	3404.807	31.074795810722215	36.743817173478405	4.39802285218938	24.92531739975714	19.44877855384602	23.155042717987875	-6.666044219535	-13.358348450536957	32.883267222676096	47.004223484241066	4.904111891673461	46.79405322415811	32.38969809380157	-5.518001548262253	42.31102474057544	47.895475359792165	187.7363945343152	-5.66902136275619	32.34579432128903	6.149478410965074	11.626017256876196	7.919753092734339	6.692304231001956	-14.12095626156497	42.10011159256761	-13.910786001482016	0.4935691288745261	38.40126877093835	12.352	2.573719602706503	1.562273380093406	1.562526862002318	1.561721672651368	75.15201748789883	0.04894572765940063
 archi-vowels-PSX.wav	ṵ́	26	21.387	157.42415612828518	462.591	1789.572	3047.875	25.784113231259514	31.46593875710132	24.133540391913556	28.511366455961404	16.668076675823254	26.062377273044195	18.567413342089846	-5.084963806394943	26.914654952351732	37.082606709611916	26.62791511896245	50.527206637769275	23.56056316188504	14.925189398818624	39.39271687997747	58.69422672523812	143.231249335479	-5.681825525841806	7.332398365187764	-2.72725322470189	9.11603655543626	-0.27826404178468067	23.65237714848479	-10.167951757260184	10.454691590649468	-23.612551685417543	3.3540917904666934	11.989465553533108	16.172	2.7175638069043018	2.9879022598560994	2.98348493726866	2.9825876548072645	74.1577874383028	0.0332254514336784
archi-vowels-PSX.wav	ó	27	22.329	249.02749306751568	416.8	1046.124	3126.056	38.833250542673824	30.96519626926213	17.5210432156979	20.440177415090723	19.45936842264355	39.555391324125765	2.7418531255845213	1.6582059853607785	43.102497095486726	40.19049017249979	23.529502323640482	40.19049017249979	30.460752901732672	11.6619288654271	51.16444356646487	56.02257341525813	187.04035797173088	7.868054273411694	13.444153053564229	18.3930731275831	19.373882120030274	-0.7221407814519409	1.0836471402237429	2.912006922986933	16.66098784885931	2.912006922986933	12.641744193754054	31.440568230059625	15.127	11.98941420631481	4.469087714164816	4.330625464375549	3.9818739447996956	74.15992285966504	0.067483508020522
 archi-vowels-PSX.wav	ó	27	22.38	284.4166117768248	557.14	1097.33	3027.133	42.67273570713158	29.97398908039954	24.24098639457698	29.301065268424736	18.872858324611528	40.550361029854294	12.627535892465932	6.840120348392759	45.872228785323756	51.951160644377495	34.84241361034343	51.951160644377495	34.88495619555951	19.579221468672667	55.44979537251993	60.66787022320254	188.87992083166577	12.698746626732039	5.733002685822562	13.371670438706843	23.79987738252005	2.1223746772772856	5.787415544073173	-6.078931859053739	17.108747034034067	-6.078931859053739	10.987272589764245	26.29300731665109	23.687	23.97853404440803	18.12751178773827	18.10539764296903	17.96161204120922	80.46495540683098	0.07610246579905232
 archi-vowels-PSX.wav	ó	27	22.43	330.5065727556864	617.041	1198.257	3019	43.005531912285214	38.025137082467474	35.66040122546252	35.80905828530133	22.742741109005344	48.76416900104883	17.397273442832436	10.127247113629789	46.59830552032395	56.07764673387979	37.57789652439668	58.508954510673306	38.9505089229682	30.787537850566352	61.68537877597984	67.34830665798191	205.05423511166583	4.98039482981774	2.364735857004952	7.196473626983881	20.26279080327987	-5.758637088763614	7.270026329202647	-9.479341213555841	18.49975020948311	-11.910648990349358	7.64779659735575	15.810767669757595	20.081	22.222557854410407	20.330952436429477	20.33891915737194	19.96635800232527	86.51526017577687	0.08788333162056092
 archi-vowels-PSX.wav	ó	27	22.481	386.5447173482408	720.665	1455.033	2796.22	41.70965776245316	39.126569549212604	36.19231392139194	35.01525428855443	29.166932843045334	29.505932068970395	33.74659582823456	15.736451886538756	45.26400770181703	56.88229964091123	42.15931389097168	57.79196661066369	44.701747905566265	21.476034546762435	69.56533091885701	79.79149383137289	194.44627415191832	2.5830882132405577	2.9342556278206615	6.694403473898731	12.542724919407828	12.203725693482767	18.010143941695805	-11.618291939094199	14.722985749939546	-12.527958908846664	0.562259796250764	23.787973155054594	19.947	19.22814082244269	11.31212882246718	11.324160935353955	11.270880233357452	86.72057855926349	0.07279791024137516
 archi-vowels-PSX.wav	ó	27	22.532	381.1992211557038	774.973	1813.334	3435.623	36.50555602813016	17.07115077168694	23.463625818832124	19.122965286443527	20.630826304796752	26.948404643563094	33.355468421291306	12.49569109870011	39.28745427895787	39.26472871023317	24.93209870281385	41.842009866418024	33.355468421291306	15.358877246620523	69.55782779905243	94.87448033452449	287.9170432308062	19.434405256443217	-6.392475047145183	17.38259074168663	15.874729723333406	9.557151384567064	20.859777322591196	0.022725568724695222	14.332630007419322	-2.5545555874601575	5.931985857666561	23.928577032337344	9.766	22.46844176637975	14.868723355597322	14.656056399782502	14.565258597726974	77.25166647131425	0.01081557379228656
archi-vowels-PSX.wav	ó	28	23.118	196.31671589900853	538.263	1048.232	3207.446	36.68122587590921	22.31806563773339	0.616516643685042	9.698007496696853	11.844089946666003	38.62841767895797	10.019629382459849	5.967458174654347	38.22396746620277	30.138217065238194	6.683412969333293	33.8434877913	29.441831661514968	15.188163663481138	45.4391767993346	49.73986614814552	174.5590069853863	14.363160238175823	21.70154899404835	26.98321837921236	24.83713592924321	-1.94719180304876	4.052171207805502	8.085750400964578	23.4548040959049	4.380479674902773	8.782135804687805	23.035803802721635	18.207	17.444650563743135	11.21046798383503	11.20683199902796	11.169371835776165	68.31424259822708	0.0468627558547391
 archi-vowels-PSX.wav	ó	28	23.142	213.9266258473455	476.868	1067.366	3099.382	42.01489784345858	29.68754371456945	33.02411344590602	22.171580315847194	21.58120699625607	38.04442798183726	1.1077336723388114	10.358526124662806	44.306338725323606	44.589710352614524	35.00071791234629	44.589710352614524	35.81941727996257	13.978196461201831	45.20114823033872	51.97306328145628	170.166849446677	12.327354128889127	-3.336569731336567	19.843317527611383	20.433690847202506	3.970469861621318	-9.250792452323994	-0.2833716272909186	9.588992440268235	-0.2833716272909186	8.486921445361034	30.328142264121773	19.946	16.88676189471556	12.44597475926743	12.437627211026578	12.334398619828498	75.43982693319555	0.07977604635258208
 archi-vowels-PSX.wav	ó	28	23.166	206.6071702393285	569.848	1032.272	3169.616	39.19127482623379	37.37610216438343	20.255453590375097	16.42969140538073	20.21108311414404	38.764226319799945	2.0100485289379906	5.768511965233326	40.763713629398154	45.29085152948625	28.234635946811984	41.253737435678765	39.232314339519725	16.365089966774768	47.107346864849646	50.86800297581752	174.7842726142263	1.8151726618503545	17.120648574008335	22.761583420853057	18.98019171208975	0.4270485064338416	-3.7584634362953357	-4.527137900088093	17.056215582674263	-0.49002380628061104	1.5313992898784292	24.398623662623386	15.406	6.1418360545878254	0.029047318680870782	0.02351935294385901	0.002135674472193881	76.1433593161786	0.06442414097854321
 archi-vowels-PSX.wav	ó	28	23.191	158.49952230713052	579.729	1333.061	3095.101	26.954668954866595	35.384993902803934	13.891001809486205	15.374440578984377	9.934895388580145	28.760296725821185	0.2918351690084622	1.348260996595172	27.750869795400355	38.960033052639254	29.688596886451965	40.02605897328174	26.257710021183513	13.970002317286623	41.934228489027625	47.82070622477344	148.02988775443256	-8.43032494793734	21.49399209331773	11.580228375882218	17.01977356628645	-1.8056277709545903	-1.0564258275867098	-11.209163257238899	9.27143616618729	-12.275189177881387	1.493159774216842	13.780867478113732	13.376	1.343433265634582	2.932098511579741	2.8335662113835154	2.795630575063109	71.9840409634365	0.028529231668392944
 archi-vowels-PSX.wav	ó	28	23.215	133.57472182167663	559.448	1683.212	3019.282	21.77277653820594	29.814988874625495	23.66573708157709	19.500002095906577	10.185734421195072	24.424944734747303	5.503391711989245	5.8294426164530835	22.335990648911277	32.275405439553836	43.69046462923465	43.69046462923465	22.413887954010047	16.147919004139442	38.90039638962625	51.703085791536395	131.7246214409567	-8.042212336419556	6.149251793048403	2.2727744422993617	11.587042117010867	-2.652168196541364	-0.32605090446383844	-9.939414790642559	-11.415059189680811	-21.35447398032337	-0.07789730509876946	6.188071644771835	13.992	3.1952971491583178	3.5516331389962685	3.2894428600694874	3.2186767703702324	69.53639952644014	0.01720510322445381
archi-vowels-PSX.wav	óːˤ	29	23.745	202.21579374972353	501.598	2590.329	3681.992	38.246225530768434	38.110295421871456	26.67322580538133	25.49088572593997	19.316808073108845	17.362517687615664	7.692539698726471	5.622113269699625	39.82937875533109	47.234771467188935	23.490444167521854	46.71769775571925	18.265532159983664	7.399425300249084	45.36637822562078	116.80645990003978	230.72551570352059	0.13593010889697865	11.437069616490128	12.755339804828463	18.92941745765959	20.88370784315277	2.0704264290268464	-7.405392711857843	23.74432729966708	-6.888319000388158	21.563846595347428	32.42995345508201	24.696	35.07370443265361	24.59892639161466	24.415598116606052	24.008314576099835	76.3907095637605	0.0772720774017006
 archi-vowels-PSX.wav	óːˤ	29	23.815	196.97787883409367	465.637	2130.925	3504.18	38.156127432912584	36.45580645675312	34.063689609071474	26.28199935816423	13.669562570329969	17.754995229362912	16.13532081841313	2.851084025970667	39.930261851780315	47.32395908385237	29.949665539123565	47.32395908385237	16.13532081841313	3.3434962338827914	43.483019806992004	81.88687056411136	207.39517556234821	1.7003209761594604	2.392116847681649	11.874128074748352	24.486564862582615	20.401132203549672	13.284236792442464	-7.393697232072057	17.374293544728808	-7.393697232072057	23.794941033367184	36.58676561789753	23.668	31.945544240734733	25.98515144062538	25.803500307316718	25.775774063957243	75.79003402223024	0.07788667690511565
 archi-vowels-PSX.wav	óːˤ	29	23.886	191.96528179584155	448.952	2112.481	3516.222	35.032980354321495	35.54629670416614	32.193142723427286	26.07933979750439	14.59548179146205	21.717573619348954	16.700693576039587	6.962669525542571	36.84426185666612	46.81784187429492	27.74880537447203	46.81784187429492	16.700693576039587	6.35183201337219	43.301593756599786	79.81570239938145	206.24938056157347	-0.5133163498446436	3.3531539807388526	8.953640556817106	20.437498562859446	13.315406734972541	9.738024050497016	-9.973580017628798	19.06903649982289	-9.973580017628798	20.143568280626535	30.492429843293934	28.612	33.002432954763286	27.167273639164367	27.049998890503183	27.028537257494666	74.74430930166992	0.05871441092065738
 archi-vowels-PSX.wav	óːˤ	29	23.956	183.86679839762417	484.446	2110.1	3484.918	32.97358139087066	39.88351040032458	33.854715888148945	25.779481014436787	12.322526929997522	19.461852607497683	16.011658759420577	7.282507203662135	34.3825743597575	47.48656988033515	32.66798916364128	47.48656988033515	16.011658759420577	6.0426149418784085	42.115765883142736	78.11055063147538	198.76769411774882	-6.9099290094539185	6.0287945121756366	7.194100376433877	20.65105446087314	13.51172878337298	8.729151555758442	-13.103995520577655	14.818580716693873	-13.103995520577655	18.37091560033692	28.33995941787909	27.543	30.600450223582524	25.170905873428513	24.826876719785353	24.797833537771975	76.34688283120006	0.04703118674111812
 archi-vowels-PSX.wav	óːˤ	29	24.026	182.43683593168407	502.278	1142.296	2873.1	29.361843748656607	36.43203198673176	29.792877122334307	18.237896445971085	21.401414305797584	26.768183239852043	7.158778034620829	14.56879464441757	30.807767470608557	43.79222386541911	33.41453666564795	41.42054352435171	36.444313753769634	9.095615399927192	43.25473599636257	48.740228150297455	136.03286152551004	-7.070188238075151	6.639154864397451	11.123947302685522	7.960429442859024	2.5936605088045646	-7.410016609796742	-12.984456394810554	10.37768719977116	-10.61277605374315	-5.636546283161078	21.712152070681363	0	34.916041878781	23.592826268564707	23.54560552715806	23.4917959377292	72.94364232335566	0.031980593009290015
archi-vowels-PSX.wav	óːˤ	30	24.831	191.41056608365366	550.032	1428.169	2573.209	30.318669236695314	35.21769584070026	27.528776432951396	24.66587355812107	18.45140586877538	24.515050628085948	14.628630520930027	10.85766540435866	31.591693324416944	41.55662259337571	31.009682579682515	47.803106749720655	31.85807904211994	18.593846667288837	45.10733167952805	53.589856800678504	112.39628188932004	-4.899026604004945	7.6889194077488625	5.652795678574243	11.867263367919932	5.803618608609366	3.770965116571368	-9.964929268958763	10.546940013693192	-16.21141342530371	-0.26638571770299535	12.997846657128107	21.911	10.515067025335668	7.367965572668379	7.29329016026945	7.265193700967343	76.83474405025602	0.08384316179874243
 archi-vowels-PSX.wav	óːˤ	30	24.891	181.89072750527865	553.43	2309.943	3630.191	31.984678199167536	33.09936094661741	35.65203707716421	14.862510355793308	16.24183672155175	15.407023622048982	20.274995660703404	4.083927716694438	33.02709115272262	38.18818416193949	39.27127041107315	37.365120771374485	20.274995660703404	4.794048220899513	44.1192921663651	90.1978781815417	213.8000406854139	-1.1146827474498728	-2.5526761305468	17.12216784337423	15.742841477615787	16.577654577118555	16.191067944008964	-5.16109300921687	-1.0830862491336575	-4.338029618651866	12.752095492019215	28.233042931823107	25.876	13.477753350444324	11.8078930126862	11.737008947202241	11.73357666417942	71.85804133168051	0.05974226692216042
 archi-vowels-PSX.wav	óːˤ	30	24.95	167.22040463171663	832.193	2196.059	3303.109	31.105093056057076	40.4903192137546	28.700059416605452	12.966806945828708	6.0370901229434075	-2.1392945987791627	19.469478191233474	4.322366643533092	31.513531463735184	42.223078132908014	38.50178167140109	39.65051877984544	19.469478191233474	-1.3754510799293835	45.14218919304067	79.7983760829966	171.89616286278655	-9.385226157697527	11.790259797149151	18.138286110228368	25.068002933113668	33.24438765483624	15.147111547700382	-10.70954666917283	3.721296461506924	-8.136987316110257	12.04405327250171	32.88898254366457	23.573	26.204564314905493	20.114980757513408	20.090650915978475	20.081911413471836	71.18012672154218	0.06468408948562746
 archi-vowels-PSX.wav	óːˤ	30	25.01	165.19912741636458	860.98	2170.826	3401.478	28.989696611168114	39.3665117825034	22.91401650733323	5.377902528970203	-4.957673415273373	-0.36117509263285896	9.51037165263702	-3.0710935267494053	29.366010119592595	40.95335145332559	31.445024046630138	32.51387815826381	9.51037165263702	-0.9069342802301956	45.05957910325596	77.90755837802942	180.96597286884804	-10.376815171335288	16.452495275170172	23.61179408219791	33.94737002644149	29.350871703800973	12.581465179386424	-11.587341333732994	9.50832740669545	-3.147868038671213	19.855638466955575	30.27294439982279	26.51	31.95605554215003	24.453665284939742	24.378497041265327	24.36159645312096	69.87264346694242	0.060169500365303316
 archi-vowels-PSX.wav	óːˤ	30	25.069	161.44059916849787	500.075	2719.624	3508.808	18.33849996712833	28.78227508055907	13.481572122089968	0.8623108296728645	0.16808461280531617	12.578364380341146	-3.1645885010261923	-6.1347198169550925	19.32041109024254	33.54762408494724	17.435904523967675	22.915059486670568	-1.3046432752023502	8.327484129480831	40.956215091264475	115.85964056882193	190.19885382257846	-10.443775113430739	15.300702958469103	17.476189137455467	18.170415354323016	5.760135586787186	2.9701313159289002	-14.227212994704697	16.111719560979562	-3.5946483964280276	20.62505436544489	10.992926960761709	26.471	4.778277094893318	2.7589011315951066	2.7420217265505165	2.7165818428536186	61.7707944803571	0.029253476067006977
archi-vowels-PSX.wav	óˤ	31	25.773	211.14819350462358	586.094	2124.486	3542.436	37.746105151959526	38.293293041956304	32.68142712503004	24.783846090932453	25.12869325591656	25.061101319118293	31.625528019852972	9.020457259042695	39.03395731443473	44.9285229380532	33.52934444934871	47.25211906459049	31.625528019852972	13.796821657137787	47.86595129944262	84.27023086967515	218.9343840279374	-0.5471878899967777	5.611865916926263	12.962259061027073	12.617411896042967	12.685003832841232	22.60507076081028	-5.894565623618469	11.399178488704486	-8.218161750155758	7.408429294581758	25.237135657296943	27.614	20.588405243450268	9.814989434783374	9.455167855490034	9.435992895942654	77.85489540520027	0.08680625706029371
 archi-vowels-PSX.wav	óˤ	31	25.814	216.71295089490982	609.884	2186.61	3565.003	40.13897529684576	41.68346065613882	30.98700675778165	26.822271242842554	27.983815611104408	27.39165961190845	34.434848296875195	8.996438681433155	41.391778684723086	48.07464856331058	32.2919325304979	49.47814390094858	34.434848296875195	17.18785653494061	48.83534786169883	89.36738531284081	224.45967132400213	-1.5444853592930627	10.69645389835717	13.316704054003203	12.15515968574135	12.747315684937305	25.43840961544204	-6.682869878587496	15.78271603281268	-8.086365216225495	6.9569303878478905	24.203922149782475	30.047	33.37692900577124	25.445352884385454	24.850411515247153	24.820775862300387	80.12019824638304	0.11934165562497767
 archi-vowels-PSX.wav	óˤ	31	25.855	224.94357308777984	623.748	2239.658	3593.757	38.32053649626479	39.74567178590617	33.35280650317867	28.600801789823286	24.56760119582968	23.468631343992968	30.699885953399825	6.369015819944482	39.61329753271723	46.41093467758828	34.20476175644173	51.25433782316107	30.699885953399825	13.755612995316955	49.94889830767523	94.72829824230301	232.21209806348614	-1.425135289641375	6.392865282727499	9.719734706441507	13.752935300435112	14.851905152271826	24.330870133455342	-6.797637144871047	12.206172921146553	-11.64104029044384	8.913411579317408	25.857684537400278	27.406	22.083598033961465	18.735949265326454	18.351257695678328	18.33362630012172	80.652796910359	0.0962462270952863
 archi-vowels-PSX.wav	óˤ	31	25.896	245.76335380090583	664.504	2205.279	3615.714	38.1219820668486	34.88845580934591	36.658030313872786	24.579931472722127	24.108824598457012	25.516556243837172	30.266905865669308	3.9001492294098528	39.502590529775354	42.12959596544037	37.08954354031344	47.42475096380787	31.42167913772341	15.789088060155883	52.817657286085755	96.64609273481595	245.90714379906808	3.233526257502689	-1.7695745045268723	13.542050594126476	14.01315746839159	12.60542582301143	26.366756636259456	-2.627005435665019	5.04005242512693	-7.922160434032513	8.080911392051945	23.71350246961947	24.672	27.390941239475495	16.10996212848579	15.630698625750545	15.610270622249836	78.97982169432791	0.0791310852825776
 archi-vowels-PSX.wav	óˤ	31	25.937	276.34848719720543	593.075	2317.866	3512.425	41.67474056935525	22.915648686312725	23.94886342782239	18.168508405840303	15.655483145369754	31.142086165019418	24.30818922869388	10.348891865543553	43.90873704904345	39.40170348356127	18.358316118845334	39.40170348356127	19.057208829323784	21.833844309881755	55.225795861622004	112.06314956554695	247.98334717628234	18.759091883042526	-1.0332147415096635	23.506232163514948	26.019257423985497	10.532654404335833	13.959297363150327	4.507033565482182	21.043387364715937	4.507033565482182	24.85152821971967	22.074892739161697	0	11.01356427749764	8.560482269181101	8.062316704103013	8.023827817588495	72.63277400032227	0.07684858315679151
archi-vowels-PSX.wav	óˤ	32	26.572	196.81132512007377	550.391	2153.407	3537.135	24.849540510632604	32.037336299552855	25.71671187333534	21.26390667137463	17.307151467453114	17.086995996973606	22.606900236926684	1.8037694147877612	26.10459761503689	38.479948393502696	26.56336508500019	43.48604820367213	22.606900236926684	5.443332382797506	45.70561727230486	83.2215003982438	211.0506314489903	-7.187795788920251	6.320624426217517	3.585633839257973	7.54238904317949	7.762544513658998	20.80313082213892	-12.375350778465805	11.916583308502506	-17.381450588635236	3.4976973781102068	20.661265232239383	18.339	4.706785935290555	0.9674363773482464	0.7351437106434335	0.6286546341246981	73.02308228255083	0.052500537607836975
 archi-vowels-PSX.wav	óˤ	32	26.607	187.3817530841825	554.632	2209.967	3538.062	31.124700192077075	36.71883336517956	25.78021083386281	23.898225404780835	19.31055841990982	19.63535079449383	20.22663700594226	0.648665845136537	32.235139968290135	42.21814512713523	28.470384862354592	46.34985190727765	24.337194083537295	9.038571440683809	44.74189050527995	84.82793832900386	206.37912561206807	-5.594133173102488	10.938622531316753	7.22647478729624	11.814141772167254	11.489349397583243	19.57797116080572	-9.983005158845096	13.747760264780638	-14.114711938987519	7.89794588475284	23.196568527606324	24.73	17.061107448166027	10.696890278636006	10.561227220352535	10.557406810722291	74.85439403115055	0.06450433043080821
 archi-vowels-PSX.wav	óˤ	32	26.642	172.1933186195938	541.542	2196.29	3577.507	31.976202995017466	39.08843650295161	28.941928533420004	28.20678526328681	21.55190867268665	24.40180180998115	26.61340905173358	-1.3851895448550013	32.95147014336424	43.76911511338338	33.96029070564547	50.80289037874742	26.61340905173358	12.950448628668877	42.8612133831112	80.83709535249578	202.92557459287076	-7.1122335079341426	10.146507969531605	3.7694177317306554	10.424294322330816	7.574401185036315	27.998598596588582	-10.817644970019138	9.808824407737909	-17.85142023538318	6.33806109163066	20.001021514695363	24.817	22.573321045305825	14.93818911192369	14.78500137590041	14.790909389739413	76.95012496652167	0.0870390406402286
 archi-vowels-PSX.wav	óˤ	32	26.677	169.83909808761322	525.762	2186.572	3610.526	31.954757234902605	37.73514548671656	32.06087263959816	20.58692736767182	16.10803368338042	20.62132481895911	18.660069608132215	-0.5028204897127466	32.96007511174379	42.59880410867916	36.36970214485862	43.00606898786137	20.781094377855798	8.096564475298969	42.334213092209076	79.77303333004367	205.26125732803166	-5.780388251813957	5.674272847118402	11.367829867230785	15.846723551522185	11.333432415943495	19.16289009784496	-9.63872899693537	6.22910196382054	-10.045993876117578	12.178980733887993	24.863510636444822	23.395	12.124341734699096	10.434797062423673	10.274913679318576	10.266499877406032	71.50858995797643	0.07756699525354774
 archi-vowels-PSX.wav	óˤ	32	26.712	173.92548540728285	451.183	2183.661	3637.119	33.57631135201416	30.79839365866053	25.974334211602866	14.122072021674509	18.162809107107392	20.77517405446926	17.09667917992056	-3.5310634613614598	35.019151017730834	38.70797479518243	24.120518869619538	35.28153481840149	19.983765092860065	5.0426402323062955	41.34316697638877	80.43503373261758	210.32201143405814	2.777917693353629	4.824059447057664	19.45423933033965	15.413502244906766	12.801137297544898	20.62774264128202	-3.6888237774515957	14.587455925562892	-0.2623838006706549	15.03538592487077	29.976510785424537	21.167	17.723961379573325	11.291019229960046	10.800560079649717	10.801329039608463	66.56507247719776	0.06994169111942636
archi-vowels-PSX.wav	í	33	27.229	251.1577730830044	423.986	2712.821	3485.81	39.142883868609175	29.636682673884497	14.84615549561385	18.836819765945577	25.61296349462974	26.67987584606108	-4.96831969480726	14.716913478231252	42.905250210541155	37.41994050706021	2.893006657012857	37.50567856771072	19.435012361358535	18.023203884813157	50.845727048971725	142.41882478652988	231.99931002652318	9.506201194724678	14.790527178270647	20.306064102663598	13.529920373979436	12.463008022548095	-19.68523317303851	5.485309703480944	34.52693385004736	5.399571642830438	23.47023784918262	24.882046325728	17.087	7.585827394214829	7.471789852704286	7.46980176964594	7.356934926925028	71.64779066179783	0.0427451719973751
 archi-vowels-PSX.wav	í	33	27.247	244.9976893833919	443.854	2698.348	3558.657	40.169093431990575	27.7821269240671	19.041327547304345	20.828963098284888	31.51318075151991	30.41324011948862	-1.9229519894961329	19.78884427904368	43.35430522958963	40.22422508506851	8.546349569521697	40.22422508506851	26.397635862699154	21.073225273094355	49.06988398732013	139.1115558835039	238.18775169515752	12.386966507923475	8.740799376762755	19.340130333705687	8.655912680470664	9.755853312501955	-21.711796268539814	3.1300801445211164	31.677875515546816	3.1300801445211164	16.956669366890473	22.281079956495272	25.681	17.107715610063345	17.170884198031953	17.157650947006424	16.35132113689274	73.82169873261742	0.04643225177554646
 archi-vowels-PSX.wav	í	33	27.265	246.44239218272318	439.232	2707.653	3501.834	41.993192994729846	29.324806840443987	26.185342204552853	21.304410320704978	36.79259781319493	33.88184051478743	5.784728057025932	18.538822919646773	45.30184358389224	40.53921963232664	15.34246149235923	40.53921963232664	31.37649303534124	25.539202619980045	49.43067670852504	140.47470319163227	231.7009024478238	12.668386154285859	3.139464635891134	20.688782674024868	5.200595181534915	8.111352479942418	-12.75409486262084	4.762623951565601	25.19675813996741	4.762623951565601	13.925350548551002	19.762640963912197	29.729	26.665921007726258	25.650181100805632	25.587684304978765	22.97102643229595	75.40140451127722	0.056552591652941527
 archi-vowels-PSX.wav	í	33	27.283	247.51456348305464	433.917	2691.414	3373.751	42.62054717665562	30.209942031171305	31.106760737456653	21.228771182503195	32.45059577380353	33.09425760101479	7.163403181237745	14.81891172050426	46.06066751526305	40.287248922992546	19.93662327945582	40.287248922992546	26.9517753682555	26.84044108652822	49.82242516181724	139.1718358263172	216.2024500244954	12.410605145484315	-0.8968187062853481	21.391775994152425	10.169951402852092	9.526289575640831	-7.655508539266515	5.773418592270502	20.350625643536727	5.773418592270502	19.10889214700755	19.22022642873483	26.481	32.228115737622424	32.033304056860786	31.731228608073806	25.391438861674263	75.8442813930074	0.059240327915140625
 archi-vowels-PSX.wav	í	33	27.301	241.4649042000798	433.513	2449.618	3058.478	43.070727329926434	28.190880627183017	32.14536158454497	20.758687580674955	31.360667647086206	25.559044501424342	15.958890231755621	11.753392881842743	46.33468672530019	39.96526563124578	21.692389862605065	39.96526563124578	28.327693732905637	22.047390332425728	49.20024161308161	115.02308516819464	176.31994694352855	14.879846702743418	-3.9544809573619553	22.31203974925148	11.710059682840228	17.511682828502092	4.2054973499128785	6.36942109405441	18.272875768640713	6.36942109405441	18.00699299239455	24.28729639287446	21.19	21.504776359347858	21.20148833714593	20.366201597778616	18.976537936872123	75.88076226346735	0.06370880257030052
archi-vowels-PSX.wav	í	34	27.857	227.48209624519185	408.92	2598.242	3356.147	31.468135415803633	27.73773698831091	23.205676103054497	22.434685046130117	22.56433555944597	23.24463349497659	-0.3906378996280366	10.243167592877157	34.69791122328091	39.413697111959046	12.44868226453429	41.03025427589559	17.284210017032994	15.106398576677131	49.472931001633484	124.51561579585145	204.86068230238808	3.730398427492723	4.5320608852564135	9.033450369673517	8.903799856357665	8.223501920827044	-10.633805492505193	-4.715785888678134	26.965014847424754	-6.332343052614675	17.413701206247918	19.591512646603782	13.458	2.3228321662894045	23.49550052387094	23.98234644253952	24.96666613166335	69.24582771182435	0.027254813475853918
 archi-vowels-PSX.wav	í	34	27.88	222.82144740796537	434.119	2713.182	3481.775	37.69826341268913	23.588057522844544	19.697203607406454	22.556731257053684	27.981823352592116	25.27501190443705	-2.8259757873346034	11.997598743000463	40.38056005725938	42.08651974181133	10.57900536645314	42.08651974181133	22.75399062497985	17.655823700763523	47.180190446078456	133.88793274781662	217.56366115276177	14.110205889844586	3.8908539154380897	15.141532155635446	9.716440060097014	12.42325150825208	-14.823574530335065	-1.7059596845519494	31.50751437535819	-1.7059596845519494	17.62656943227953	22.724736356495857	19.337	5.268780991416669	5.17511517294195	5.147495970641513	4.914917944723422	71.88264385612857	0.045413349179873795
 archi-vowels-PSX.wav	í	34	27.902	216.28271463140746	414.86	2645.407	3409.103	40.443525962062	26.61159739526605	20.835085930325373	24.544198066690427	30.546127418788277	36.55456676847986	3.1194337280511126	17.815621221453874	43.21817305763952	43.57022647475407	11.355204246126867	43.57022647475407	25.28495738463041	28.60306551261121	47.74251679055059	125.6399238310347	205.84975415723324	13.831928566795948	5.7765114649406755	15.89932789537157	9.89739854327372	3.8889591935821386	-14.69618749340276	-0.3520534171145542	32.215022228627205	-0.3520534171145542	17.93321567300911	14.615107545028309	24.629	22.116215477047568	21.672794316599205	21.563909267826673	19.79911083401	73.66930988834916	0.05754386225892901
 archi-vowels-PSX.wav	í	34	27.924	214.72631491242694	391.066	2654.352	3293.826	41.62128482986286	30.940188361132865	29.75621884617717	25.284439922494563	35.97163104444418	35.46705175167753	6.895986415926534	19.011635041938582	44.738093970771146	43.40445217989897	19.108054612398963	43.40445217989897	29.61205440686504	29.103081935499983	49.83430726556409	126.00466390911616	191.93587226708928	10.681096468729994	1.1839695149556952	16.336844907368295	5.649653785418678	6.154233078185328	-12.11564862601205	1.3336417908721785	24.296397567500005	1.3336417908721785	15.126039563906104	15.635012035271163	26.335	29.01459297987489	27.75293431257248	27.34932065423665	20.70844852451627	74.37077303718682	0.06556187848511405
 archi-vowels-PSX.wav	í	34	27.946	208.1584155088808	396.652	2532.424	3091.022	40.51496387462519	22.504688564835735	24.5228438442105	21.12003724562156	24.217327084035567	17.324333997030053	7.987494087211885	10.632532312003269	43.3272637925827	38.62310789860483	14.906530728006917	39.62390935671205	19.423043018675223	13.767822043398732	48.48811703910131	113.50545424514821	167.01971384546525	18.010275309789453	-2.0181552793747635	19.394926629003628	16.29763679058962	23.190629877595136	-2.645038224791384	4.70415589397787	23.716577170597912	3.7033544358706507	23.904220773907475	29.559441749183968	26.261	26.713776695998863	25.340558450355527	25.17903152515361	21.901844449440592	73.1675432310347	0.05769305596196187
archi-vowels-PSX.wav	í	35	28.843	227.67984533101128	422.808	2504.759	3289.89	40.04647049243581	29.430107185023736	20.493465956543915	25.03020757201706	24.57752987424594	26.8547151667631	12.540908829947053	12.37162517879555	43.0506162885057	43.76506647677628	10.54236776211239	44.138230844210725	20.806413606184112	19.090721700490153	48.392876130263225	116.27057038889814	197.19750511164673	10.616363307412072	8.936641228479822	15.01626292041875	15.468940618189869	13.191755325672709	0.16928365115150257	-0.7144501882705825	33.22269871466389	-1.0876145557050236	22.24420268232159	23.959894588015548	24.51	17.983789185108762	16.580652527322272	15.814821934008274	14.858957661798172	74.58423648944239	0.06606913622159581
 archi-vowels-PSX.wav	í	35	28.879	240.88593796775595	444.065	2579.081	3302.317	38.904893345713916	29.96503383888512	18.63805093794359	24.33082734999718	30.222685612200664	25.59473429564604	7.0101341444874885	9.00989849208806	41.96844490621693	43.83162262927509	8.60044633973127	43.83162262927509	26.33987393770974	19.43307063015324	48.62730239914227	126.45710539021745	204.50301301938168	8.939859506828796	11.32698290094153	14.574065995716737	8.682207733513252	13.310159050067874	-1.9997643476005722	-1.8631777230581577	35.23117628954382	-1.8631777230581577	15.62857096850719	22.535374276063692	23.569	24.285985968453417	23.852665680213168	23.24712982773532	21.33250275020888	74.20178246297438	0.06565811094851436
 archi-vowels-PSX.wav	í	35	28.915	254.46740161868033	449.596	2733.604	3328.577	39.71954346264765	28.379292441633233	17.8494327598113	20.025732091879796	30.579733781230857	25.469011228468517	8.594693220691422	14.01789854198649	43.10205825636131	39.02472559604236	6.880545038412539	39.396037730929685	25.187617548119828	21.491631332506262	49.84880642863154	145.55403410542604	213.78099959853344	11.340251021014417	10.529859681821932	19.693811370767854	9.139809681416793	14.250532234179133	-5.423205321295068	4.077332660318952	32.144180557629824	3.706020525431626	17.914440708241482	21.610426923855048	19.051	21.300354784693685	22.09464690272882	21.93995315726566	20.700334245783388	73.21929190037694	0.06653222524111302
 archi-vowels-PSX.wav	í	35	28.951	252.71226867681926	442.282	2681.219	3438.286	34.096202715420695	20.78786643400129	8.499538005299744	11.578427351473202	19.972613350355616	20.161751925826902	-2.046264454384753	1.6162091036282398	37.55570958453837	30.790380235710174	-2.637680020379864	30.790380235710174	14.814341449495238	12.643787883444134	49.952327345055366	139.69351381803682	226.721022976454	13.308336281419404	12.288328428701547	22.517775363947493	14.12358936506508	13.934450789593793	-3.6624735580129926	6.765329348828196	33.428060256090035	6.765329348828196	22.741368135043132	24.911921701094236	16.2	18.177191885941365	16.274245135763692	16.234382642334296	15.278870758302274	67.64901825467311	0.03497509971092322
 archi-vowels-PSX.wav	í	35	28.986	239.57183876079478	296.613	2648.034	3430.39	20.89947361631266	16.71313890532692	11.32276440128092	16.13408128043845	15.172147236851519	17.672058100096425	-8.77663293645641	-6.428665803216535	28.853767742160397	12.828919851044152	-6.825535452290775	28.853767742160397	3.591610896696741	3.089402852171082	70.32468558815809	132.59868054621353	219.44779888606394	4.18633471098574	5.390374504046001	4.7653923358742105	5.727326379461143	3.2274155162162366	-2.3479671332398757	16.024847891116245	19.654455303334927	0	25.262156845463657	25.764364889989317	0	19.653107592612248	19.17211274446849	19.10169817740908	17.204594228112676	59.31945920918936	0.01487003581646656
archi-vowels-PSX.wav	í	36	29.567	218.10947000500417	420.522	2565.823	3214.326	41.96282192151059	30.09973431192809	24.679136002682796	28.384798354929003	31.668013896219236	20.649183712324838	13.033335236537333	14.405408735371896	44.71115725609168	47.589077614273165	15.399693152012397	47.589077614273165	27.38284378373907	15.64278906744625	47.517308456233266	119.04195278628202	184.46456441848417	11.8630876095825	5.4205983092452925	13.578023566581585	10.294808025291353	21.31363820918575	-1.3720734988345633	-2.877920358181484	32.18938446226077	-2.877920358181484	17.32831347235261	29.06836818864543	21.338	28.176729711880114	27.604732413350344	27.04017398246155	23.568916080890155	76.44227735118334	0.05449134342613154
 archi-vowels-PSX.wav	í	36	29.596	209.9690531989051	408.306	2639.506	3259.281	41.102070486958155	30.545735172288133	27.064273317081472	29.504938813202468	37.29285703061956	29.614017880625777	10.4122513817586	7.246647148774418	43.78710017798345	48.415105174929984	17.838090761629743	48.415105174929984	31.931979852372393	24.608079234572926	47.58963775551506	123.29326935769012	185.9924786459674	10.556335314670022	3.4814618552066605	11.597131673755687	3.809213456338597	11.488052606332378	3.1656042329841814	-4.628004996946537	30.57701441330024	-4.628004996946537	11.855120325611054	19.17902094341052	22.079	17.654751265912378	17.369670250072517	17.1669048715733	15.159201469429233	76.74897152090074	0.04993778305894849
 archi-vowels-PSX.wav	í	36	29.625	189.6239634491076	389.818	2727.585	3285.325	35.506738575915676	34.682429130873786	27.89277785078802	33.99357585682357	31.746281214524092	26.838942746098105	6.071705383777683	9.791494654973402	37.85987340072677	52.563501010401474	19.72006417413105	52.563501010401474	25.15216357916335	22.549103516765356	47.08918781605618	125.12623317873907	179.94933393414058	0.8243094450418909	6.789651280085767	1.513162719092108	3.760457361391584	8.667795829817571	-3.719789271195719	-14.703627609674705	32.84343683627043	-14.703627609674705	12.70770982156342	15.310769883961413	17.37	13.332791610595132	13.049827186692484	13.040113121901832	12.668132636114018	77.75514209038042	0.02397831289096257
 archi-vowels-PSX.wav	í	36	29.655	176.40466201794987	364.751	2731.638	3273.212	31.17515037960109	26.088894724946606	18.422504083904855	25.281043170118753	30.972657584405773	27.029765196024773	-2.778921830518783	6.405932444570754	33.48466571946685	42.98794733491356	10.287705495479225	42.98794733491356	23.455147477064177	22.24546318531585	48.56563333345913	121.43701569137349	172.8989348489233	5.086255654654483	7.666390641041751	5.8941072094823355	0.20249279519531527	4.145385183576316	-9.184854275089538	-9.50328161544671	32.700241839434334	-9.50328161544671	10.02951824240267	11.239202534150998	15.881	2.584271035796919	2.2692035504620525	2.2611516446339572	1.8856945698996412	70.3553219821554	0.019581170866218807
 archi-vowels-PSX.wav	í	36	29.684	158.12473265570915	372.941	2629.551	3062.391	28.072134240421438	15.110514979405941	-2.0740301743738367	15.621003986807331	17.182656754625665	10.691524282858602	-3.7448409180464157	-3.188564290363118	29.801656245595215	25.652219299965115	-7.014638778807276	34.13861263759777	11.425817347038867	10.100225151145619	45.308283800505556	107.64609052507755	144.8389955794946	12.961619261015496	17.18454515377978	12.451130253614107	10.889477485795773	17.380609957562836	-0.5562766276832978	4.1494369456301	32.66685807877239	-4.336956392002552	18.375838898556346	19.701431094449596	15.391	2.9829676975001247	2.5320169480099874	2.4768740065003776	8.150021643535027	60.97245593332307	0.019421470599602236
archi-vowels-PSX.wav	íˤ	37	30.322	286.5521767376464	471.183	2679.609	3380.997	38.07978397680755	32.77953995861438	18.806474889842974	20.005540804443555	37.93225860624031	35.760094911870915	15.937536460563615	16.771358205859993	42.12714581298389	39.323475234152255	6.779571867037157	39.323475234152255	33.321444155698806	29.901781816569066	52.77367097209463	149.52064214962104	235.22605436083686	5.300244018193169	13.973065068771405	18.074243172363992	0.14752537056723725	2.3196890649366324	-0.8338217452963779	2.8036705788316354	32.5439033671151	2.8036705788316354	8.805701657285084	12.225363996414824	17.097	5.594171446671638	7.737685343077177	7.761916678231644	5.1580772839448406	72.90123382474225	0.03135572889243853
 archi-vowels-PSX.wav	íˤ	37	30.364	280.03612415192475	340.104	2846.166	3422.131	43.34070686412929	42.62178491537086	26.874568897373234	35.11341707270887	46.42364239459458	43.962100051333884	17.72462454709354	27.081539195495388	52.194024212556094	38.282800655430286	8.573711306493502	49.55982136626902	34.65479465240933	34.65479465240933	65.954792834781	165.93832783980042	237.666602701617	0.7189219487584282	15.747216017997626	8.227289791420418	-3.082935530465292	-0.6213931872045961	-9.356914648401848	13.911223557125808	29.709089348936786	2.6342028462870744	17.539229560146765	17.539229560146765	24.119	24.61821086257141	24.07922350445125	23.94379742094258	19.51236031268524	79.41400498717148	0.0904298209222935
 archi-vowels-PSX.wav	íˤ	37	30.407	236.07172031835518	416.988	2843.404	3310.313	40.92207396363576	29.850208989861706	19.292479618330194	21.62716164447594	35.5413081269234	30.362575805959956	11.686894612998156	17.50425330937256	44.283254895333435	40.31671545786766	8.035978948278036	40.31671545786766	28.149644654335155	28.149644654335155	49.73623533302435	151.0616763461353	203.3166836009657	11.071864973774055	10.557729371531511	19.29491231915982	5.380765836712364	10.559498157675804	-5.817358696374406	3.9665394374657765	32.28073650958962	3.9665394374657765	16.13361024099828	16.13361024099828	16.606	11.793234252637419	11.866208347616789	11.803458339060827	9.449263684084313	74.44460014587818	0.07253248631702887
 archi-vowels-PSX.wav	íˤ	37	30.449	169.33317782459787	455.185	2836.779	3495.993	30.835737449688164	31.487963334660176	19.44684319331504	14.966777543351888	23.55364852343382	21.921025161658257	-0.5560763559820404	-2.949437765715815	32.152086977304904	38.50429909721293	18.262770516047894	36.17228222133321	19.140573205394315	18.054497095194606	40.765224410652735	128.3698088584376	192.7813532764507	-0.6522258849720117	12.041120141345136	15.868959906336276	7.2820889262543425	8.914712288029907	2.3933614097337745	-6.352212119908025	20.241528581165035	-4.020195244028308	13.01151377191059	14.097589882110299	12.949	7.585486610996599	6.86850617472833	6.850375955355372	6.314595777922176	69.46156908159786	0.02067806151939356
 archi-vowels-PSX.wav	íˤ	37	30.492	169.63771009852258	346.53	2897.959	3535.275	32.32414740410989	12.827346869516445	18.604702550234855	12.567062311144877	19.508044106653124	19.508565013274463	-12.984778336835852	-5.827967444827991	34.68268342056609	29.487224778516786	10.076596654170988	29.487224778516786	9.739629745250403	11.111896678448872	50.36810876656295	133.9468305686097	197.09355084490488	19.49680053459344	-5.77735568071841	19.75708509296501	12.816103297456763	12.815582390835424	-7.1568108920078615	5.1954586420493065	19.4106281243458	5.1954586420493065	24.94305367531569	23.57078674211722	10.313	11.810305299610967	11.010470004514417	10.998622635560205	10.298915475504147	60.378303402772254	0.025764116832506682
archi-vowels-PSX.wav	íˤ	38	31.191	237.56542157002997	434.952	2400.792	2764.922	32.40948527889931	29.739444017213046	19.27350672523444	25.470266735086458	34.1144759821866	28.088257179003815	18.086061036695547	7.9986859658522835	35.52959733963568	43.03385228394572	9.259402838834548	44.806207030832795	31.711020780523395	31.875593023448786	48.70600985149767	109.95295676337234	143.5074983932656	2.670041261686265	10.465937291978605	6.939218543812853	-1.7049907032872866	4.321228099895496	10.087375070843263	-7.504254944310041	33.77444944511117	-9.276609691197116	3.8185765591122838	3.6540043161868923	24.878	6.785959675314035	5.290640666244045	5.164374460664755	4.10033368125862	73.04018084944974	0.03660781676683753
 archi-vowels-PSX.wav	íˤ	38	31.231	223.6401423546164	458.347	2565.333	3070.266	38.6679729991215	25.508968755032388	19.927900403812014	25.69592791256444	32.517749477817716	28.989166556004143	13.75055409577579	9.003960947232846	41.07233474854975	44.91365711754952	12.112582598121381	45.90017607938593	29.664512103556675	28.91108712647959	46.3798071144401	120.50126906278291	170.79126497048912	13.159004244089115	5.581068351220374	12.972045086557063	6.150223521303786	9.67880644311736	4.746593148542944	-3.8413223689997693	32.80107451942814	-4.827841330836179	11.407822644993075	12.16124762207016	18.607	17.718535811613137	18.56341964834381	17.61562501853746	13.321272529262453	75.07934091088978	0.04834429581603874
 archi-vowels-PSX.wav	íˤ	38	31.272	187.19056988369087	430.35	2712.688	3461.198	39.38165879836944	34.26176632967646	9.552650129471665	28.381932874182006	24.71285253001404	28.674706104566994	-1.0597109729611434	2.427156259351146	41.227930184182135	46.11983486444505	4.118794249266359	48.519309958601646	20.0588713903451	22.030297327411475	43.576398071645855	123.07152292266133	197.79942904154586	5.119892468692981	24.709116200204797	10.999725924187437	14.668806268355404	10.70695269380245	-3.4868672323122896	-4.891904680262918	42.001040615178695	-7.291379774419511	21.169058793837035	19.19763285677066	18.182	20.009200258563244	20.286866756371808	20.208088948668802	18.00160486379929	74.89627883750312	0.06342862912628208
 archi-vowels-PSX.wav	íˤ	38	31.312	174.59700812886	406.468	2867.19	3694.718	31.068404005581048	27.602308544690846	21.802649876558856	19.249696960052134	24.94894555418019	24.836279412098527	-8.151215207689688	3.1240610803011357	32.85357471288759	38.79918854894318	16.536149061428365	38.79918854894318	18.14191224592494	15.437924710705644	43.82285400118355	132.8464596264977	217.04548543886207	3.4660954608902017	5.79965866813199	11.818707045528914	6.119458451400856	6.232124593482521	-11.275276287990824	-5.9456138360555855	22.263039487514813	-5.9456138360555855	14.711662466962654	17.41565000218195	16.396	10.557375675673875	9.99670561973927	9.993848850795025	9.375737592489095	66.61605691141	0.029093502079973712
 archi-vowels-PSX.wav	íˤ	38	31.352	158.22495885615916	380.573	2816.944	3490.191	30.14550575763027	7.9947688281617815	7.983806579972095	10.443425778782089	16.011787875997282	19.97054044013901	-8.659379791673569	-4.339516480047539	31.801003830636517	17.852737752659046	3.500785523255269	29.28565219108566	8.862005840598671	12.987758240636875	44.44491258954887	123.01021551817404	186.68702619226053	22.15073692946849	0.010962248189686719	19.702079978848182	14.13371788163299	10.17496531749126	-4.31986331162603	13.948266077977472	14.351952229403777	2.5153516395508575	22.938997990037848	18.813245589999642	14.07	9.803492913385263	9.555995470213517	9.544382850223165	8.661594701086553	58.384695665482774	0.0222757278793631
archi-vowels-PSX.wav	íˤ	39	31.713	279.61227775911044	442.694	2599.093	2985.012	42.0545145133414	31.25667982685621	15.415737595100374	17.224719401643505	41.19886729015601	28.411983279337257	23.451374054793497	15.895218282189827	46.49209748536636	35.98600485291994	2.628956524501051	35.98600485291994	36.3699768423551	29.971621186716856	52.775602303328036	139.10783319036216	182.01172645501998	10.797834686485192	15.840942231755836	24.829795111697898	0.8556472231853931	13.642531234004146	7.55615577260367	10.506092632446418	33.35704832841889	10.506092632446418	10.122120643011257	16.520476298649502	19.91	9.256411536485022	9.990476978085427	9.689276896270286	8.51941571203436	74.53473283259822	0.060535530567557394
 archi-vowels-PSX.wav	íˤ	39	31.748	282.4803100415205	355.841	2573.213	2748.882	40.791076992360374	40.95126981621746	20.897294535970527	36.55880360462473	49.014877197439105	34.17767574158426	31.665121652654832	18.193353270164007	48.858002903264854	37.71297304041942	3.6848662210199166	51.80643095964158	40.53899937005393	40.53899937005393	63.15505288672335	137.27669938662027	155.82312737838825	-0.16019282385708777	20.053975280246934	4.2322733877356455	-8.223800205078732	6.613401250776114	13.471768382490826	11.145029862845433	34.028106819399504	-2.948428056376727	8.319003533210925	8.319003533210925	20.801	23.14107146836799	20.269694712251937	19.56975395208885	15.288609646771349	79.59233645839635	0.08339606903531391
 archi-vowels-PSX.wav	íˤ	39	31.783	325.79297463605263	350.878	2395.283	2695.368	41.39761256421318	40.80152305801812	40.10479080043588	39.86998266783721	47.403545856375416	40.66051435024907	39.74940584938368	13.509405306037474	54.184123638484095	33.72418709959102	21.130196508867304	54.184123638484095	39.74940584938368	41.473829310536836	69.6225482203642	130.61259976824581	162.9349082564836	0.5960895061950637	0.6967322575822408	1.52762989637597	-6.005933292162233	0.73709821396411	26.240000543346206	20.459936538893075	12.593990590723717	0	14.434717789100418	12.71029432794726	24.791	30.65846491807752	28.69245465372589	27.943543645018014	24.244629724512766	82.31384028198237	0.11881729292829914
 archi-vowels-PSX.wav	íˤ	39	31.818	332.8804874905757	380.947	2256.009	2634.628	36.85033605849421	51.05806137373155	37.68099574025939	32.31162368658144	47.52766752726804	38.28273339404135	42.640411334389796	6.064299215918462	47.99281962079317	45.61015542087805	20.498408359731883	47.99281962079317	42.640411334389796	38.37182317475376	64.90850323750523	119.15893281610629	157.97783311624622	-14.20772531523734	13.377065633472156	4.538712371912766	-10.67733146877383	-1.4323973355471438	36.576112118471336	2.3826641999151192	25.11174706114617	0	5.352408286403374	9.620996446039413	22.236	28.71012476148726	26.059344032057233	21.040760280420855	19.55242837562635	80.63710274600419	0.07417641745398282
 archi-vowels-PSX.wav	íˤ	39	31.853	317.56213337291746	554.96	1941.313	2387.833	27.007701718830695	32.89432839719355	24.40592513615932	23.30538565032562	31.495364385477046	20.8656826877234	37.08336237515948	-2.8441053951598945	30.644176757582244	43.53641005095204	16.761816604493426	43.53641005095204	37.08336237515948	27.45740645236593	59.046437630565755	92.23983782740976	127.92498856510491	-5.886626678362852	8.488403261034229	3.702316068505077	-4.487662666646351	6.142019031107296	39.927467770319375	-12.892233293369799	26.774593446458617	-12.892233293369799	-6.4391856175772375	3.1867703052163137	14.196	5.5706330194156575	10.286603346663291	5.675282408724645	5.486362256827537	77.30344895237563	0.0008409359829210843
archi-vowels-PSX.wav	íˤ	40	32.806	249.4309262401659	468.753	2494.662	3090.858	36.28042623979805	18.91083132144666	0.5606284648125719	15.543552215081554	20.616866028952803	18.598987890457984	7.500615249288355	6.894777579559317	39.22567506740062	34.64153004297703	-8.842594294807673	35.511176743585224	18.38118570351512	16.42880043598075	48.921784950120376	121.00779036669337	183.10063510538882	17.369594918351385	18.35020285663409	20.736874024716492	15.663560210845244	17.681438349340063	0.6058376697290377	4.5841450244235915	43.484124337784706	3.7144983238153984	20.844489363885504	22.796874631419872	21.128	10.999656485913498	12.324284340124409	11.770400453123573	10.142055106131082	69.70959178975353	0.02765265027789574
 archi-vowels-PSX.wav	íˤ	40	32.842	282.9470406709299	339.405	2522.883	3277.949	38.89999641788924	47.75146531495646	28.36958241705163	30.421980672308454	35.25029305197465	31.632187236914085	17.658039616899856	13.244768007288881	48.103413052496585	43.18476260155029	10.323577260495503	44.815895255776496	26.436838874423593	19.581010142064336	66.48658169429525	132.39323224067	219.9855734180165	-8.851468897067221	19.38188289790483	8.478015745580787	3.64970336591459	7.267809180975156	4.413271609610975	4.918650450946295	32.861185341054785	3.2875177967200884	21.66657417807299	28.52240291043225	21.976	24.086559242039307	21.985216818574017	21.29615145040446	19.146108356051503	76.41817112647666	0.05671205233883188
 archi-vowels-PSX.wav	íˤ	40	32.879	297.9330263878693	327.386	2511.085	2961.259	42.36328494200261	40.726186443189206	17.450263874927888	39.62600385137256	42.315669071305344	38.223037364447165	18.490057930806152	22.798161351801948	53.96300745731797	33.976603090684854	-1.9686015668242156	53.117715460936026	32.745321045629574	32.69364687608225	71.20767095195048	135.1501168977305	185.75341249922764	1.6370984988134012	23.27592256826132	2.7372810906300487	0.04761587069726403	4.140247577555442	-4.308103420995796	19.986404366633117	35.945204657509066	0.8452919963819454	21.217686411688398	21.269360581235723	21.604	33.25543626043091	32.45183786977035	29.20502568308683	22.766799739016	81.75974109784404	0.10667457695733941
 archi-vowels-PSX.wav	íˤ	40	32.915	295.8517153699504	407.464	2374.201	2952.59	45.9109248446961	40.70364441243399	25.908648843179975	34.770788420568536	41.15305939315916	41.33374553604283	26.564317351563822	18.01694007917083	52.3149441984697	40.308671195126145	11.033511852693135	52.128544307388566	36.826467498805265	36.846810383529146	57.183349854407886	121.50727836091879	183.94659068535663	5.20728043226211	14.794995569254013	11.140136424127562	4.7578654515369365	4.577179308653271	8.547377272392993	12.006273003343559	29.27515934243301	0.18639989108113753	15.488476699664439	15.468133814940558	18.603	35.77922951860161	29.925871553702002	26.615055104163158	22.97077551373507	80.90559250115227	0.08787868051740752
 archi-vowels-PSX.wav	íˤ	40	32.952	269.0466514312325	506.232	2118.973	2619.138	47.278238482014075	23.226824426961073	20.321933159479713	20.80842696681536	38.76535815853673	33.660123967397624	41.51251949881044	18.55012282579785	50.26966206219545	39.30552758226449	12.025448694432106	41.003710365348375	41.51251949881044	36.84031505915576	52.658798598184234	95.20115802858648	138.1729180443924	24.051414055053	2.9048912674813607	26.469811515198714	8.512880323477347	13.618114514616451	22.96239667301259	10.964134479930962	27.28007888783238	9.265951696847075	8.75714256338501	13.429347003039688	0	8.26977376019553	8.897026664510824	4.736978031478599	3.820619960262888	78.83409188847995	0.06902802894271198
archi-vowels-PSX.wav	ú	41	33.863	167.69978494606977	662.726	2711.699	3923.895	15.290423655504704	21.4770878352607	-1.080494373165596	6.059151294822001	-10.64508074924272	8.145397792767021	-10.144136348869786	-8.60651112758415	15.89722504295895	24.17206896576918	22.45416720275191	30.18260357135329	-7.062972521071316	1.7274955329004846	43.94744356439375	117.0979264205253	238.9098205843557	-6.186664179755997	22.557582208426297	9.231272360682702	25.935504404747423	7.145025862737683	-1.5376252212856354	-8.27484392281023	1.7179017630172702	-14.28537852839434	22.960197564030267	14.169729510058467	6.456	3.8890328298877113	-2.349269957055904	1.237045830761064	-0.281354243107772	61.55482320744602	0.0066412673828664835
 archi-vowels-PSX.wav	ú	41	33.896	230.91443516417533	811.798	2802.638	4106.367	33.83651835643887	37.216213135454495	11.565808354805267	7.991790362985348	-8.473540616848076	2.331004429459515	-9.696128191745636	-2.386659676145059	34.62745513775162	40.84051779371429	22.97938037286095	32.575414159861296	-3.279944942444206	-3.2661382452992687	52.433369867889354	145.20173285223262	302.8878838564109	-3.3796947790156224	25.65040478064923	25.844727993453525	42.31005897328695	31.505513926979358	-7.309468515600577	-6.213062655962673	17.861137420853343	2.0520409778903215	37.90740008019582	37.893593383050884	11.934	3.8653928405382043	0.9105633711421854	0.9086552077592235	0.9083813926156857	71.60862150719184	0.046520757998017796
 archi-vowels-PSX.wav	ú	41	33.929	252.3253357062159	740.059	3105.825	4077.975	40.83702055247633	36.08870673913993	19.571565075117416	16.22122994890674	1.38993280149894	8.93395102311112	-0.2434736513943323	0.3511852662439251	41.964653573602746	41.712982242941095	21.844948023045873	39.43484349210585	1.7386219255478745	5.410198558988575	54.3525225564703	185.97917212059858	313.0982105378969	4.748313813336402	16.517141664022514	24.615790603569593	39.44708775097739	31.90306952936521	-0.5946589176382574	0.2516713306616509	19.868034219895222	2.5298100814968976	40.22603164805487	36.55445501461417	20.832	11.2994665092663	10.187564265780152	10.182927478731457	10.182222725200523	74.22422974986945	0.07964250041032744
 archi-vowels-PSX.wav	ú	41	33.962	272.5545606335059	965.218	3297.977	4063.753	43.87687945352217	37.56922559181397	13.169715333142546	6.037410794002392	-0.4547961637835449	-3.089669834502704	-0.925106339019961	-2.722749940747757	44.65798764537281	41.13960401373045	25.17218149325791	31.229024949564792	2.911475672458298	0.7873713106126107	58.27966882490054	217.9989066520284	324.3432370206436	6.307653861708204	24.39951025867142	37.83946865951978	44.33167561730572	46.96654928802488	1.797643601727796	3.518383631642365	15.967422520472539	13.428962695808021	41.74651197291452	43.8706163347602	15.778	11.498975683157731	9.650278958537474	9.645992066032985	9.64180744152035	72.74853245894144	0.07880625754390436
 archi-vowels-PSX.wav	ú	41	33.995	286.9012502108494	1186.008	3250.021	3448.245	46.805846928236605	30.993680583361925	4.025169284555503	0.029673446738216924	0.7229036904789865	-14.713732414559875	4.104767419937141	-4.970701092138917	47.39861563935485	33.587245667593606	26.96522930373517	26.96522930373517	8.244501979769716	8.244501979769716	61.8679815818251	218.06276953711387	244.4716822151736	15.81216634487468	26.968511298806423	46.77617348149839	46.08294323775762	61.519579342796476	9.075468512076057	13.811369971761245	6.622016363858435	20.43338633561968	39.154113659585136	39.154113659585136	15.388	22.647431575451762	19.18873617063458	19.138678444216254	19.13700542785534	74.48250178323144	0.10631274297721427
archi-vowels-PSX.wav	ú	42	34.628	230.02973503163383	453.56	967.144	2540.804	26.70889280096334	8.95717561870865	12.56935290435824	15.87077820752205	7.7576761588491365	14.054038887997713	-9.469100355615083	-11.377885370026448	29.7679922929794	30.486067514238965	21.9890417781886	37.708757615120334	21.9890417781886	-4.187673417394218	47.162948279983524	53.25934994833223	120.0452531074216	17.75171718225469	-3.61217728564959	10.83811459344129	18.951216642114204	12.654853912965628	1.9087850144113645	-0.7180752212595642	8.497025736050364	-7.940765322140933	7.7789505147908	33.955665710373616	19.12	7.822290972740502	6.870146941272564	6.869799525853322	6.869827147208827	71.15200397802835	0.01843051651500799
 archi-vowels-PSX.wav	ú	42	34.651	230.09759489768885	444.418	1109.366	2566.228	39.371818671424755	29.566485735748856	33.118121073927824	27.945741595165323	10.888134478801128	15.101824480497687	-5.456978433779069	-6.970877328530559	42.431575432451616	48.91580919813079	32.85618326940295	48.91580919813079	22.791750696247778	-1.1078242691187403	47.47499673170052	54.230788747325725	122.33579044358792	9.8053329356759	-3.5516353381789685	11.426077076259432	28.483684192623627	24.26999419092707	1.51389889475149	-6.484233765679171	16.05962592872784	-6.484233765679171	19.63982473620384	43.53939970157035	22.633	18.35353967773287	19.04734231479643	19.04607068858696	19.0424078728997	77.62575490817709	0.06958858724812612
 archi-vowels-PSX.wav	ú	42	34.674	236.64230967923743	465.401	1025.551	2812.8	41.472178604679506	26.035435312169618	26.523922908075214	25.58772498344633	18.905149416260123	31.82101581262291	4.913446184209963	5.4504539933928235	44.51717120658522	47.4117028080819	32.73930438582613	47.4117028080819	32.73930438582613	10.476233492011247	47.62207840278245	54.40489097507477	148.08789175083578	15.436743292509888	-0.4884875959055961	15.884453621233178	22.567029188419383	9.651162792056596	-0.5370078091828603	-2.8945316014966807	14.672398422255768	-2.8945316014966807	11.777866820759087	34.04093771457397	21.893	20.87866157053505	18.85388947882966	18.829098509776003	18.798181181879613	77.6325720741987	0.07029147745583363
 archi-vowels-PSX.wav	ú	42	34.697	239.94989450108034	474.78	1146.056	3111.955	42.481017071939036	26.577424642819192	34.39043404004663	26.375907930460126	19.50500585452887	37.23297194991636	7.898965893318916	15.840205768350383	45.405364992453485	47.9550361481473	35.043484510666275	47.9550361481473	32.15131879248474	13.818585657407574	47.90971162347339	55.740605309583316	181.8061339175057	15.903592429119843	-7.813009397227436	16.10510914147891	22.976011217410164	5.248045122022674	-7.941239875031467	-2.549671155693815	12.911551637481026	-2.549671155693815	13.254046199968748	31.58677933504591	21.419	24.54817622872268	24.09459634192355	24.04463517645396	23.879501835222378	78.56618436311827	0.06830403955673303
 archi-vowels-PSX.wav	ú	42	34.72	231.7321404487681	448.806	1263.953	2632.399	43.4596022684508	31.143445242003015	31.297477618606262	29.68427626789141	15.387930319017048	25.348725676578947	9.325254192668597	16.388792246260927	46.418196476094266	50.38979836010364	27.733166804320653	50.38979836010364	25.70469098238741	10.945922381246673	47.486388064849194	56.05351180906064	128.86734521112265	12.316157026447787	-0.1540323766032472	13.775326000559392	28.071671949433753	18.110876591871854	-7.06353805359233	-3.971601884009374	22.656631555782987	-3.971601884009374	20.713505493706855	35.47227409484759	15.3	20.22665219877281	20.614583204861276	20.53329722869973	20.421812349339184	79.6609923812645	0.06975430241169428
archi-vowels-PSX.wav	ú	43	35.78	299.50732027785233	345.844	872.644	3131.614	42.82843903019867	42.51144712475846	21.87500489865704	38.03314734593594	25.854738708437004	48.202200515037106	3.488708759955799	-14.719863843997627	54.18655150193991	41.991305784826864	2.1976208346509623	53.80320274210802	34.484438936379156	12.630009136251461	67.29895196756277	60.85118083782388	207.89141301369924	0.3169919054402115	20.636442226101423	4.795291684262736	16.97370032176167	-5.3737614848384325	18.208572603953428	12.195245717113046	39.7936849501759	0.38334875983188965	19.702112565560753	41.55654236568845	13.926	16.04035433667448	14.329936049477826	14.32490335081993	14.3053095708247	81.23271634529262	0.09602451551196144
 archi-vowels-PSX.wav	ú	43	35.794	306.0741728016231	372.922	848.513	3072.905	42.4408227480168	43.69946753453666	35.987280379435475	35.20189468203666	20.743425288067662	49.45171337013508	2.4791402302847896	-15.540323978496025	52.55500495484034	45.43270760516926	15.578449511598091	52.55500495484034	31.199864905507027	15.3811331544651	63.03927914092298	61.44974913900372	202.86749436205284	-1.2586447865198593	7.712187155101184	7.23892806598014	21.697397459949137	-7.010890622118282	18.019464208780814	7.122297349671079	29.854258093571172	0	21.355140049333315	37.17387180037524	16.009	24.908654568697166	18.236496848397177	18.237017764930673	18.22377334546601	80.966145881215	0.07956219280747993
 archi-vowels-PSX.wav	ú	43	35.808	298.31043098462624	425.481	815.864	3144.454	43.81010661100714	37.918927575616415	29.87907480140768	30.334533545049062	19.577417885169623	53.18148390234494	2.4699909885659252	-17.179097673443128	50.75497558528539	44.72277903657026	12.070822141534737	50.75497558528539	33.69361202810045	19.802421786107153	55.818826945597934	60.30176247896136	209.0772428291181	5.891179035390728	8.039852774208736	13.47557306595808	24.23268872583752	-9.371377291337794	19.649088662009053	6.0321965487151346	32.651956895035525	0	17.06136355718494	30.95255379917824	19.99	24.5513970766762	19.70818463348094	19.685736679296262	19.64581143495346	80.09694828500338	0.06637604404641836
 archi-vowels-PSX.wav	ú	43	35.822	292.9137335138957	333.617	1134.181	2688.261	41.66683714902397	46.76209553870196	24.690186649055654	37.766916400080845	20.026483767987898	35.26341089250504	10.536514767147382	-5.2624904012755795	52.78975601846731	43.08880617190284	24.921284018740252	52.312887327549404	24.921284018740252	11.214924724809233	69.0823663669715	62.03816006282316	152.34172678770014	-5.095258389677994	22.07190888964631	3.8999207489431242	21.64035338103607	6.403426256518927	15.799005168422962	9.70094984656447	18.167522153162587	0.47686869091790385	27.868471999727056	41.57483129365808	20.969	27.03433892471541	20.0154689242375	19.969987187266028	19.922141001665377	80.76851048984125	0.07944448472297756
 archi-vowels-PSX.wav	ú	43	35.836	287.06554572910295	303.697	1259.909	2545.982	42.133442772175975	39.31162359710322	37.98163270307435	41.54900187507934	32.12716105945791	34.13040318007958	15.58840667276936	-8.785086338667341	54.259912548910464	33.1677668218647	30.764692591106623	54.259912548910464	34.146298165946824	13.424399978375552	75.65200615967461	62.85967724887437	135.7779253838119	2.821819175072754	1.3299908940288745	0.5844408970966342	10.006281712718064	8.003039592096393	24.3734930114367	21.09214572704576	2.4030742307580795	0	20.11361438296364	40.83551257053491	19.56	30.006794894182896	22.484570170154868	22.42157240712677	22.313545987211253	81.67829240350683	0.09082877957704422
archi-vowels-PSX.wav	ú	44	37.074	275.23111670254707	967.285	2602.357	3546.266	54.03856357966282	35.41033395667286	16.73587989274393	9.723207059636682	3.115138745551427	15.708210733029631	11.770242532495223	-8.408819913421354	54.86940663298532	39.20007592313433	28.87461348851509	35.397678035871	12.921832481349089	18.67776760410778	58.60967486749283	138.2174328778318	251.99389427747028	18.628229622989963	18.674454063928927	44.31535652002614	50.923424834111394	38.33035284663319	20.17906244591658	15.669330709850989	10.325462434619237	19.471728597114314	41.94757415163623	36.19163902887754	24.234	25.812259569406685	23.901289630001056	23.89745784478366	23.857702993133113	81.05075688135473	0.09975557475660135
 archi-vowels-PSX.wav	ú	44	37.087	272.8288557957641	1016.293	2580.786	3647.214	53.77529701981997	39.20703163102999	16.477730580220445	11.833443896775915	3.638955370588697	16.031610496966653	11.658088531189986	-6.904014747172954	54.52281478476919	42.55477383629319	33.909557928670836	38.10499641004627	14.72385257852392	17.94709355639393	58.65126726023726	135.39089342708277	264.5144633059884	14.568265388789982	22.729301050809546	41.941853123044055	50.13634164923128	37.743686522853324	18.56210327836294	11.968040948476002	8.645215907622351	16.41781837472292	39.79896220624527	36.57572122837526	22.381	29.27202462454798	24.417784578901415	24.397733049474503	24.32270657133448	81.08239006642457	0.09956623020035432
 archi-vowels-PSX.wav	ú	44	37.1	270.6361344811941	1080.426	2437.808	3577.572	52.609606616596594	38.32900998507904	11.963180991582394	11.94067960454435	0.48653299507677517	11.651225375370544	16.300464514771637	-15.345506448338552	53.280776765345536	41.27813969282136	39.14970395180475	39.14970395180475	14.502682655138228	13.997286708234448	58.86959868556908	121.21813395186541	253.86985651490838	14.280596631517554	26.365828993496645	40.668927012052244	52.12307362151982	40.95838124122605	31.645970963110187	12.002637072524173	2.1284357410166095	14.131072813540783	38.778094110207306	39.28349005711109	21.595	31.109683537242226	23.78318148072386	23.73443750989963	23.684014878247034	80.06230976047175	0.08527164055713204
 archi-vowels-PSX.wav	ú	44	37.114	266.53518727838866	1104.296	2403.653	3702.645	51.59047681421001	36.89618256966202	9.769597327611358	5.453540489815925	-4.694678528506941	19.811711496696383	10.344625856756064	-10.715812381600585	52.220002506805926	39.639473147301885	33.05641028175715	33.05641028175715	10.273193466158235	20.257149867666723	58.57683936485778	117.16577453124475	268.70269395015697	14.69429424454799	27.12658524205066	46.136936324394085	56.28515534271695	31.778765317513624	21.06043823835665	12.580529359504041	6.583062865544733	19.163592225048774	41.94680904064769	31.962852639139204	21.66	30.26818581977932	24.809255158920553	24.78513693119988	24.735065302770995	78.66764609564939	0.07442412818632434
 archi-vowels-PSX.wav	ú	44	37.127	262.18891176578677	1218.787	2572.898	3667.366	50.167546526742235	38.167819644381424	11.673727845955796	-1.8410573570748845	-2.813333129106944	10.420459755714461	8.429654720731872	-4.487712198452733	50.67085707714199	40.31768916982945	24.8705925816162	26.675523840914643	12.433931655722283	15.567819541977299	59.23519790117225	131.70263137481996	261.52018518861803	11.999726882360811	26.49409179842563	52.008603883817116	52.98087965584918	39.747086771027774	12.917366919184605	10.353167907312539	15.447096588213249	23.995333236227346	38.236925421419706	35.10303753516469	0	21.903542757099967	18.907174768026906	18.829378368995414	18.756983069356806	76.98290769289733	0.0619987951506785
archi-vowels-PSX.wav	úˤ	45	37.709	254.10677415088165	524.976	1141.107	2969.765	39.45964329094369	21.898046836276208	29.483337792822375	20.356424741692052	19.617069589132797	31.443346355031608	10.60707439339074	4.819996378875579	42.1982174307678	42.61521081011374	34.21751662504464	42.61521081011374	34.21751662504464	11.603693747164607	51.46830565538996	57.409112041922874	170.9943533939903	17.56159645466748	-7.585290956546167	19.103218549251636	19.842573701810892	8.01629693591208	5.787078014515161	-0.4169933793459393	8.3976941850691	-0.4169933793459393	7.98070080572316	30.594523683603192	26.753	21.696733587705733	19.91592512628802	19.86358836760888	19.810901074015028	75.26276478411276	0.0631905354218949
 archi-vowels-PSX.wav	úˤ	45	37.747	281.0850874195431	517.925	1070.303	3039.928	46.78704209240603	24.851670536606115	20.361834949039462	19.336874238683585	12.775625139833089	34.458842532901784	11.109333133027038	4.216921211582142	50.4012508801437	41.27514022892318	27.556295208944523	41.27514022892318	27.556295208944523	11.55087036049306	54.234539297790306	60.040488633548314	189.189855722873	21.935371555799918	4.4898355875666525	27.450167853722448	34.011416952572944	12.328199559504249	6.892411921444896	9.126110651220522	13.718845019978655	9.126110651220522	22.844955671199177	38.85038051965064	19.714	25.21595589598523	18.474270629959403	18.45621158681014	18.441363925278992	78.3746849968683	0.11066735137647851
 archi-vowels-PSX.wav	úˤ	45	37.786	304.1590796412045	581.159	1335.749	3035.833	43.58917646259644	28.89422196215482	26.814899848726792	26.162371949083717	17.812176802894324	31.65312841555581	14.454806479745821	-4.675754351725395	46.80316969802117	48.01219597056529	31.336690399278385	48.01219597056529	31.336690399278385	15.04514784767772	58.099193849853265	66.2747530274219	197.37959658984033	14.694954500441622	2.0793221134280273	17.426804513512725	25.776999659702117	11.936048047040632	19.130560831471215	-1.209026272544115	16.6755055712869	-1.209026272544115	15.466479298742787	31.758021850343454	21.311	27.306344529957048	19.841777874098604	19.83342163655739	19.80199786629133	78.20952888237015	0.07070437347636693
 archi-vowels-PSX.wav	úˤ	45	37.825	316.8846101002087	601.221	1408.898	2989.183	41.74477844616405	27.5964950577821	29.318697326112343	24.1951094690288	19.609648208325908	32.610015703381606	25.933084678681073	7.734453048361089	44.99362998580135	46.000915516912066	32.78181114359245	46.000915516912066	32.78181114359245	18.31109559826184	59.884484548698474	69.4642808990165	196.12648213673913	14.148283388381948	-1.7222022683302427	17.549668977135248	22.13513023783814	9.134762742782442	18.198631630319984	-1.0072855311107176	13.219104373319617	-1.0072855311107176	12.2118188422089	26.68253438753951	23.055	33.157479852867255	26.279991712421904	26.0562538731549	25.887423634447675	77.28721139279487	0.05766941013379733
 archi-vowels-PSX.wav	úˤ	45	37.863	328.62135548247875	636.372	1626.591	2814.495	41.992415126313105	25.15438666120661	30.008869886344726	23.486478361598465	26.813413221488943	31.631051401013337	35.14086256455437	8.598248019363318	45.023329619214316	45.21166922451532	28.920104150530523	45.21166922451532	38.44946047240916	24.616246242099145	61.79298163607206	77.87052794468323	178.12570258885438	16.838028465106497	-4.854483225138118	18.50593676471464	15.179001904824162	10.361363725299768	26.54261454519105	-0.18833960530100313	16.291565073984795	-0.18833960530100313	6.573869146805158	20.40708337711517	21.607	36.95017799823542	25.635028970258944	23.987200107924483	23.82502913144622	76.57655465093126	0.04898181919716859
archi-vowels-PSX.wav	ú	46	38.779	203.88986619335174	402.969	869.888	2789.526	31.77847210823112	25.009128532468218	20.26845551979774	24.8391297646056	14.362970318098228	21.792512312150407	-6.0876487155375845	4.483573123322286	34.80006520317182	45.552748146313235	28.012512133472125	45.552748146313235	28.012512133472125	-4.316973977757073	47.39195774550656	49.635840084498206	135.25761243976143	6.769343575762903	4.740673012670477	6.939342343625519	17.415501790132893	9.985959796080714	-10.57122183885987	-10.752682943141416	17.54023601284111	-10.752682943141416	6.787553069699694	39.11703918092889	14.449	8.042411658380672	5.868363224894475	5.8682691225952155	5.867278121105761	71.57422899301146	0.040446100838306666
 archi-vowels-PSX.wav	ú	46	38.813	193.48199282495264	409.457	951.913	2600.597	37.01593083851808	29.318814918709215	31.507694236953398	26.407184188310183	11.934608206974133	18.630390917061515	-1.281710384060841	11.269757541504188	39.54999812881356	47.25988737690135	32.64621808917533	47.25988737690135	24.900014990626957	-2.073528174175938	45.669832581122755	48.85267816473705	115.2531305249867	7.697115919808866	-2.188879318244183	10.608746650207898	25.081322631543948	18.385539921456566	-12.551467925565028	-7.709889248087784	14.613669287726019	-7.709889248087784	14.649983138186606	41.623526302989504	20.554	19.983232225834453	15.000731260386909	15.002712105306683	14.99714286988067	74.02569199980432	0.06472859287794312
 archi-vowels-PSX.wav	ú	46	38.847	179.67184161231353	475.888	984.421	3129.55	34.70612799648215	34.16318803025484	23.23927702772726	18.617301856865822	16.01832024009792	27.61341572863634	2.5127153813697056	4.469177058618531	36.32741839372753	42.61828069928242	27.672168219263146	42.106582951812186	32.09437151953548	2.2118962548315917	41.6314203739015	47.39052053119663	159.73086006460792	0.5429399662273156	10.923911002527579	16.08882613961633	18.68780775638423	7.092712267845812	-1.956461677248825	-6.290862305554896	14.946112480019277	-5.779164558084659	4.233046874192048	34.11552213889593	19.168	18.966009841616582	17.606649123841645	17.5339341741797	17.51120754444121	70.4013336895134	0.04845029123770391
 archi-vowels-PSX.wav	ú	46	38.88	179.06872045680961	435.259	1156.442	2961.126	33.80219502969983	29.805197114833582	27.71543155965456	17.697198759745618	15.051152676115663	29.201512173748647	1.6316618591059109	1.578141512175635	35.61003665035626	40.20023508498245	27.267835910183145	39.259887101283425	27.018693652458676	7.918596439261133	42.4649999711033	48.44784663468483	143.11087594187052	3.996997914866249	2.089765555179021	16.104996269954214	18.751042353584168	4.6006828559511845	0.05352034693027585	-4.5901984346261955	12.932399174799308	-3.6498504509271683	8.59134299789758	27.691440211095124	19.258	16.62926890083035	14.291078436830091	14.202054044409584	14.162984165767563	68.5972445045996	0.04714106378939471
 archi-vowels-PSX.wav	ú	46	38.914	175.58489407280544	435.436	1313.657	2955.846	32.23242176962607	34.02922081172163	31.7639534541616	20.30354913121225	12.5822906558315	31.101714740753707	1.7810023691599062	12.896462857729443	33.91782246063031	43.559288340570745	30.5985056541196	41.632249115663875	22.922320861538978	12.665195753501708	42.08618230409086	49.71005672523958	141.36601130218548	-1.7967990420955573	2.2652673575600275	11.928872638413822	19.650131113794572	1.130707028872365	-11.115460488569536	-9.641465879940434	12.960782686451147	-7.714426655033563	10.995501599091334	21.252626707128606	0	21.799150519647092	19.550153406155214	19.474029383978408	19.314450636203535	70.14567600131384	0.04568787356015963
archi-vowels-PSX.wav	ú	47	39.943	189.91149937292403	460.759	2220.36	3077.622	32.707534205253594	36.129508770397095	33.91005350796258	24.955383394733314	19.643812083189	13.677481187498586	21.110722366268067	-11.60268340337552	34.37652232058403	45.998228813722555	30.300842028961007	45.998228813722555	21.110722366268067	7.79393044901961	42.81119563983128	86.01951148259896	158.5476833329077	-3.4219745651435005	2.219455262434515	7.7521508105202805	13.063722122064593	19.03005301775501	32.713405769643586	-11.621706493138525	15.697386784761548	-11.621706493138525	13.265799954315963	26.582591871564418	21.826	10.38759198690127	8.94709430767108	8.588610806907885	8.319777576288976	73.17667594845481	0.03556192471279736
 archi-vowels-PSX.wav	ú	47	39.989	223.79019436029623	478.236	2300.769	3494.871	37.59992692525823	30.19054321122055	34.493488738883585	26.017054963259895	16.956895880981154	21.013990399015768	15.837604550519062	-9.068368460362958	39.81043949530469	46.718436427078956	27.974721311323123	46.718436427078956	17.562264856275263	8.900628533900933	46.23280487668987	98.91686103265032	219.611324283828	7.409383714037681	-4.302945527663034	11.582871961998336	20.643031044277077	16.585936526242463	24.905973010882022	-6.907996931774264	18.743715115755833	-6.907996931774264	22.24817463902943	30.909810961403757	14.598	14.456911821647115	13.845512920186492	13.360011244718411	13.333514237568522	76.34015632554208	0.07494236625021188
 archi-vowels-PSX.wav	ú	47	40.035	272.43103650370915	534.024	2245.048	3128.356	41.0878196125414	26.214818958749795	41.51821222033359	25.492315321115395	18.998184229341145	17.67482056922552	21.309787225195613	-8.54449941756389	43.808600563530504	45.98371996614105	33.88736983508452	45.98371996614105	21.309787225195613	12.227458565039733	53.65611175894251	105.26238254744432	196.6558109870679	14.873000653791607	-15.303393261583793	15.595504291426007	22.089635383200257	23.41299904331588	29.854286642759504	-2.175119402610548	12.096350131056532	-2.175119402610548	22.49881333833489	31.58114199849077	17.532	14.182694553720196	14.75423676059399	14.578873430951571	14.56233840329312	74.89502059126588	0.06459611172252072
 archi-vowels-PSX.wav	ú	47	40.081	296.5583419130583	550.116	1236.729	2773.024	43.167626023470774	24.852249448967175	23.26392877117217	19.682255565663024	18.893283711680848	25.29995150971809	16.770579278181348	-0.884221659244617	46.63009585754438	41.368306706810586	32.56260769714561	41.368306706810586	32.56260769714561	10.439334374229057	56.637586905055855	63.70091595701973	162.9340948486204	18.3153765745036	1.5883206777950036	23.48537045780775	24.274342311789926	17.867674513752686	17.654800937425964	5.261789150733797	8.805699009664977	5.261789150733797	14.067488160398774	36.19076148331533	13.514	18.392980557341417	14.777946229283812	14.703222898766493	14.675116690595882	75.28769799829615	0.07313293048221384
 archi-vowels-PSX.wav	ú	47	40.128	228.81531844025807	524.077	1289.8	3334.521	25.846544451939764	18.112851195049117	24.913936181298183	16.43840977015359	18.35815836692803	26.173298101873996	16.204124362179357	-8.413498936946585	27.947189030719066	31.241185134518954	24.76589322998386	38.66397742317356	31.585961327061515	3.988009575365543	48.7043698544979	56.04639918377668	202.92159173709018	7.733693256890646	-6.801084986249066	9.408134681786173	7.488386085011733	-0.3267536499342327	24.617623299125942	-3.2939961037998877	6.475291904535094	-10.716788392454497	-3.6387722963424487	23.959179455353524	14.542	16.943546448124167	10.120987711609388	10.11492439776784	10.11757613133513	73.76184146716543	0.03312211447857928
archi-vowels-PSX.wav	úˤ	48	41.703	219.43114324697876	465.255	1352.388	2523.535	32.01080777348645	30.17291304162538	31.757415632792057	26.627327199702936	20.060930052089272	22.68137587078425	18.912323143284574	7.999419604423697	34.407592204037385	47.875627536585135	28.36271804520999	47.875627536585135	30.377229411416945	12.79171547416315	45.828869267281604	55.833750499890435	115.72953517695784	1.8378947318610663	-1.5845025911666752	5.383480573783512	11.949877721397176	9.329431902702197	10.912903538860878	-13.46803533254775	19.512909491375144	-13.46803533254775	4.030362792620441	21.615876729874238	24.994	21.633229144513727	16.330905900899737	16.09334388611192	16.05057244038477	76.04661702675944	--undefined--
 archi-vowels-PSX.wav	úˤ	48	41.747	234.35902656587578	584.305	1442.079	2830.759	40.81904708663067	41.17304490042194	11.902395578242643	28.057240803840624	8.663205591329685	18.424737142026217	12.701550823417517	6.134213678136705	42.56585392405928	50.918423276110126	12.73925682716543	50.918423276110126	22.294932758991383	8.225967365880685	50.41383683319564	59.48339577030186	149.18952877841832	-0.35399781379127404	29.2706493221793	12.761806282790044	32.15584149530098	22.39430994460445	6.567337145280812	-8.352569352050843	38.1791664489447	-8.352569352050843	20.2709211650679	34.3398865581786	23.226	20.2751419883074	19.2424347862177	19.03750428030842	18.95248694279915	79.75347638448501	0.0703211492517736
 archi-vowels-PSX.wav	úˤ	48	41.792	266.68680301035374	788.531	2474.504	3749.543	44.24369515340409	38.9782878313455	16.873584652020217	23.727033198003944	13.762395968952667	29.911434591436503	17.93885699001767	13.994542226507598	45.39750503645997	44.66804787035407	20.271326183879317	47.591318846275634	21.051136969959433	24.29156663623428	56.417345111169084	123.58589567378847	275.25717630707766	5.265407322058593	22.10470317932528	20.516661955400146	30.481299184451423	14.332260561967587	3.9443147635100715	0.7294571661058953	24.396721686474756	-2.1938138098156656	24.346368066500535	21.10593840022569	19.567	13.544137677878481	15.293253449966176	15.23728069345527	15.190549220553638	78.07144375465617	0.04807656342595784
 archi-vowels-PSX.wav	úˤ	48	41.836	324.0648994970729	509.317	2507.742	3782.562	45.45924676898693	31.008662797847418	36.00348704393425	19.681038125487348	20.43685872670638	31.424681557324888	14.48545130157652	8.418552477863939	50.031490023438394	35.61715021325962	23.99374172641366	38.851086762005586	18.293393957573098	16.96067969523796	58.664368515004526	141.61700702216535	312.84465179951775	14.450583971139512	-4.994824246086832	25.778208643499582	25.02238804228055	14.034565211662041	6.066898823712581	14.414339810178774	11.62340848684596	11.180403261432808	31.738096065865296	33.07081032820044	20.64	21.952931571852726	13.150188717192922	13.025283584213781	12.999701981192507	79.3996062129354	0.10082500445418488
 archi-vowels-PSX.wav	úˤ	48	41.881	370.92176228448824	565.117	2249.079	3656.478	45.98607217174555	24.374840023886943	43.080269093561824	20.30198115268028	20.495653916075003	34.786224174832974	21.859689905632727	13.90016154793334	51.02700513515067	28.08408055865931	32.69857701842231	39.66682025258099	22.233974487576443	20.07425330457081	65.14441677351776	126.69788177308426	318.69226656311207	21.611232147858605	-18.70542906967488	25.684091019065267	25.490418255670544	11.199847996912574	7.959528357699387	22.942924576491357	-4.614496459763004	11.360184882569676	28.793030647574223	30.952751830579857	16.26	25.113616859336734	17.934243584811597	17.804658929561185	17.7618096785104	79.86982278380792	0.07108224681268609
archi-vowels-PSX.wav	ú	49	42.626	224.74279014954442	448.14	1148.05	2239.796	40.14459909139265	35.55399289373631	31.30301878913354	35.536027142891854	20.25558211086988	22.16071619242754	13.328547397032125	-12.492639780227556	42.9721526800009	56.623781367036514	29.928340478543912	56.623781367036514	31.97531130096165	13.328547397032125	46.774062272408976	53.91569563245933	94.69533471216504	4.590606197656342	4.2509741046027685	4.608571948500796	19.88901698052277	17.98388289896511	25.82118717725968	-13.651628687035611	26.6954408884926	-13.651628687035611	10.996841379039253	29.643605282968778	22.55	28.6927686980988	27.482741200841282	27.409396107154606	27.4028507157771	84.45135176633947	0.09276782766499185
 archi-vowels-PSX.wav	ú	49	42.644	220.41376553662133	440.179	1069.94	2334.527	38.06426650166162	33.38151828553356	35.11172023125396	33.37698969499166	23.416209003888945	22.66060809792134	3.7585821965668194	-12.234530616730229	40.919275334694206	54.51029241203359	35.359265258845994	54.51029241203359	35.793023018113246	10.062092968211724	46.62967254318714	52.76822092306221	100.68847830847835	4.682748216128061	-1.7302019457204025	4.6872768066699635	14.648057497772676	15.40365840374028	15.99311281329705	-13.591017077339387	19.1510271531876	-13.591017077339387	5.12625231658096	30.857182366482483	23.79	36.77575843804189	29.213301508583474	29.109387926045613	29.087868973953825	82.33819225938957	0.07237342901159385
 archi-vowels-PSX.wav	ú	49	42.661	216.0673368852487	438.179	1072.199	2528.178	36.39500089515516	31.619492735810475	31.41517260544834	31.345072492098005	20.38647692793385	19.854460278269418	1.2366865096394672	-7.8002755709273774	39.14750215768536	52.48449628664842	31.276768236732323	52.48449628664842	32.72603065898598	3.6318674022018715	46.260086827738725	52.26334673856095	115.23932254180411	4.775508159344682	0.20432013036213448	5.049928403057152	16.008523967221308	16.54054061688574	9.036962080566845	-13.336994128963063	21.2077280499161	-13.336994128963063	6.421471498699383	35.51563475548349	18.088	30.263128726462973	22.231246380828118	22.216629429591613	22.18674220655204	80.19174276862793	0.05657243948130788
 archi-vowels-PSX.wav	ú	49	42.679	215.0365372951408	451.435	1086.783	3025.23	33.92005808539107	28.43295401507929	28.663457839671707	25.742832406604904	22.27021259988576	23.21314440638728	-1.58607175635345	-7.496703565560737	36.479751876407114	47.31277635991103	28.791149927986083	47.31277635991103	35.07019865668137	-0.39811162177014997	45.65048216057201	52.24465184776633	162.6997377489274	5.48710407031178	-0.23050382459241803	8.177225678786165	11.64984548550531	10.70691367900379	5.9106318092072865	-10.833024483503912	18.521626431924943	-10.833024483503912	1.409553219725744	36.87786349817726	20.991	20.604657899030858	18.540442414812045	18.5210386272214	18.50028985573348	76.46949675799256	0.03492202668341121
 archi-vowels-PSX.wav	ú	49	42.696	203.60989593097574	532.351	1085.504	2851.649	25.068674795557754	30.450256874777246	29.861774805663373	15.607235236565408	3.6870375261827064	22.797709444607992	2.240759554312764	-7.397679672450506	26.7449123531079	39.28058202332896	34.476495239532866	39.258925546333934	20.330497010756545	5.026102947099784	46.12611925329542	50.86327118946406	141.10600598073017	-5.381582079219491	0.5884820691138728	9.461439558992346	21.381637269375048	2.270965350949762	9.63843922676327	-12.535669670221061	4.8040867837960946	-12.514013193226035	6.414415342351354	21.718809406008116	19.16	2.284286387405936	2.5460334934056785	2.553576637837745	2.5500325604741088	71.28067751619236	0.014508732721943083
