file	label	intervaldID	t	f0	F1	F2	F3	H1c	H2c	H4c	A1c	A2c	A3c	H2Ku	H5Ku	H1u	H2u	H4u	A1u	A2u	A3u	B1	B2	B3	H1H2c	H2H4c	H1A1c	H1A2c	H1A3c	H2KH5Ku	H1H2u	H2H4u	H1A1u	H1A2u	H1A3u	CPP	HNR05	HNR15	HNR25	HNR35	intensity	soe
archi-vowels-HDK.wav	á	1	0.42	284.9284200669117	906.34	1646.734	3117.647	36.636665188999615	35.636957949515754	39.97355218947116	30.917304093779016	37.41040565942758	54.35676163866417	46.012774454134096	34.73198757513478	37.80288151001655	41.09444824811746	50.30158861514258	57.748623612870716	57.380369843937935	49.63928811476131	59.363723615722485	72.41391443117122	200.29947403377943	0.9997072394838611	-4.336594239955403	5.719361095220599	-0.7737404704279669	-17.720096449664553	11.280786878999315	-3.2915667381009115	-9.207140367025119	-19.94574210285417	-19.577488333921387	-11.83640660474476	25.902	11.56588155794161	13.285444989626708	13.153597313086552	12.696613214980426	88.81836061821932	0.03424522392347466
 archi-vowels-HDK.wav	á	1	0.468	258.533299592598	948.773	1814.97	3076.372	35.432603139870544	38.36796294004945	38.02418599845966	28.22787458652898	36.7024616266841	41.18251389906382	55.902151208682646	31.814063436267666	36.28027578395258	42.15728684139009	55.52349853789879	55.52349853789879	55.902151208682646	40.95196933472863	56.51918334905865	75.59381825948616	184.9424183343495	-2.935359800178908	0.34377694158979466	7.204728553341564	-1.269858486813554	-5.749910759193277	24.08808777241498	-5.877011057437507	-13.3662116965087	-19.243222753946206	-19.621875424730064	-4.671693550776048	23.151	20.931934361440252	17.91748872573516	18.61333710078194	18.058146410277995	88.52295140905007	0.031286487567587624
 archi-vowels-HDK.wav	á	1	0.515	261.26538309303896	988.157	1813.113	3102.48	32.50210179247675	37.13338008070133	37.184445886966074	30.418382264755316	34.50008724446043	41.88853615244085	54.663452307782805	26.2334989961768	33.313552188612064	40.730416689858316	58.269506313633684	58.269506313633684	54.663452307782805	41.91375925877361	57.08935603398807	75.93741582528531	189.10028027002807	-4.631278288224578	-0.051065806264745106	2.083719527721435	-1.9979854519836806	-9.386434359964099	28.429953311606006	-7.416864501246252	-17.539089623775368	-24.95595412502162	-21.34990011917074	-8.600207070161545	24.275	18.13685817685646	20.47608145990901	19.327765488409312	18.63057666947166	89.50662063491365	0.030246395355425105
 archi-vowels-HDK.wav	á	1	0.563	235.59543602501898	802.387	1908.855	3192.787	39.652811398475905	38.921238236134386	34.4586712858399	27.738893132746018	31.911115936196264	27.052008071274678	46.58903741971986	10.333379159835465	40.567611461035156	43.125190884669244	45.17751505960092	53.06587238806395	46.58903741971986	23.468287881256394	52.912518970167895	76.47982647456668	189.33114228349342	0.7315731623415189	4.462566950294487	11.913918265729887	7.74169546227964	12.600803327201227	36.25565825988439	-2.5575794236340883	-2.0523241749316767	-12.498260927028795	-6.021425958684702	17.099323579778762	12.625	21.32651178028796	8.453190402574487	6.431569128539304	6.3446678492072195	83.6637401511461	0.07330410696910783
 archi-vowels-HDK.wav	á	1	0.61	233.48681905053908	967.152	1879.781	3156.385	28.04013358049923	26.788808849387916	15.184042167110398	13.214871127372632	7.343555601122183	14.233254221784598	26.140379116395902	-3.0681573929261945	28.696669104839387	29.645029766571504	38.902496764533	41.0257461538739	26.582137000114056	14.401465564847216	53.66853024589126	74.67348979926673	184.28639335339642	1.251324731111314	11.604766682277518	14.825262453126598	20.696577979377047	13.806879358714632	29.208536509322098	-0.9483606617321172	-9.257466997961494	-12.32907704903451	2.114532104725331	14.29520353999217	0	13.46333441910243	6.229846431575852	5.721339460168774	5.684806855202601	69.39966108872511	0.01523297374434898
archi-vowels-HDK.wav	á	2	1.347	242.5459822791924	790.268	1555.451	3144.213	36.49579891073218	33.060448822408226	35.57279196747278	29.723966180213054	28.48048376646529	39.72384770514875	36.61673055456006	20.86696545895689	37.56679463229255	38.03577565870548	45.67678575141579	55.70405381568064	47.16704340845281	31.434323995314468	53.63179007237974	63.446022658314675	186.55492093694875	3.4353500883239505	-2.5123431450645555	6.771832730519122	8.015315144266886	-3.2280487944165728	15.749765095603166	-0.4689810264129335	-7.64101009271031	-18.13725918338809	-9.600248776160264	6.132470636978081	23.632	20.052737612442222	15.35447368294993	13.879976644357816	13.203685431424464	83.89047906539557	0.09697156857839163
 archi-vowels-HDK.wav	á	2	1.39	243.55337408475665	941.978	1756.261	3114.15	36.5032167314739	33.21625614022456	30.324706657431133	26.644357716459385	29.25712809025436	41.718404146220145	42.50237716338036	21.074877916055975	37.27248164113158	36.60924348713276	54.33340124152189	54.33340124152189	49.37167632886984	40.125877183565414	54.70963785490886	70.66001062502568	183.48333225793525	3.28696059124934	2.891549482793426	9.858859015014513	7.24608864121954	-5.2151874147462465	21.427499247324384	0.6632381539988188	-17.724157754389132	-17.060919600390314	-12.099194687738262	-2.8533955424338373	27.494	29.69122926261597	26.89887181862939	21.731627356743545	20.869540082034057	84.92883398099195	0.07846836377215903
 archi-vowels-HDK.wav	á	2	1.432	237.005567367622	962.455	1831.172	3064.009	34.84814857978719	35.039212245873	29.6518769203286	28.52916927160365	29.56488997690333	40.495688998013236	49.28403859657698	22.650567413362577	35.53807569980528	38.051497562516246	56.37202802285482	56.37202802285482	49.28403859657698	41.3933809043305	54.05708701376475	72.93179337157464	175.23514441201786	-0.19106366608581027	5.387335325544402	6.318979308183543	5.283258602883862	-5.647540418226043	26.6334711832144	-2.5134218627109632	-18.320530460338574	-20.833952323049537	-13.745962896771694	-5.855305204525216	28.582	31.074038210168023	25.760286350339385	20.891016999726713	20.289990696341057	85.90843651513468	0.07113731324832362
 archi-vowels-HDK.wav	á	2	1.474	225.48617786258936	895.167	1817.58	3141.581	34.31831767582816	39.20585529863226	24.211206364166845	23.938742197756405	34.464022702910896	34.563518874223746	52.889535091761026	23.023513734317383	35.02195408862681	42.29576379832869	51.04053827385936	51.04053827385936	52.889535091761026	32.77254271204031	52.3114115114256	70.48822172874804	179.38064506124547	-4.887537622804096	14.994648934465413	10.379575478071757	-0.1457050270827338	-0.24520119839558419	29.866021357443643	-7.2738097097018795	-8.744774475530669	-16.018584185232548	-17.867581003134212	2.249411376586501	25.906	24.151263534104807	17.104787523705927	14.60120939648425	13.932416221526529	83.33948563198972	0.06932749236224255
 archi-vowels-HDK.wav	á	2	1.516	209.37588246355386	911.69	1958.631	3254.066	31.44875224425093	28.152693293680564	17.596770925252077	14.539731172057081	9.728306467586012	17.993301756759045	27.056518746395195	3.4717903321984127	32.01904463049441	30.614808307932027	35.025798178585504	41.81350889691393	27.056518746395195	16.994147207988018	50.51041758267198	74.55579651061443	185.15915828166467	3.296058950570366	10.555922368428487	16.90902107219385	21.720445776664917	13.455450487491884	23.584728414196782	1.4042363225623866	-4.410989870653477	-9.794464266419517	4.962525884099218	15.024897422506395	13.821	10.372361112469973	0.6485899709302477	0.25655330843408547	0.24885192839032552	70.95710788834359	0.05317530183852487
archi-vowels-HDK.wav	á	3	2.171	273.8682549749697	835.686	1582.798	3168.432	42.242171403462194	36.869092096787185	30.222937713227008	14.40136277294932	11.667976258945526	34.23878890831425	21.949668832706223	7.871584649626286	43.490497982360864	42.8241570996841	38.72751750785351	40.492696801059644	30.741114085896612	26.445848995789554	57.599655186164405	68.60869750510423	202.1942117258788	5.3730793066750095	6.646154383560177	27.840808630512875	30.57419514451667	8.003382495147946	14.078084183079937	0.6663408826767636	4.096639591830588	2.99780118130122	12.749383896464252	17.04464898657131	27.871	11.232181574270196	4.54190901276809	4.434211290458227	4.359421430495143	79.65604736019499	0.11937830247544133
 archi-vowels-HDK.wav	á	3	2.214	263.45862539510847	1013.471	1811.985	3181.792	38.07660875210629	38.363009213514786	30.189945841945452	25.619636940256783	31.29167574578159	43.2447038346515	47.33993678929891	22.471399089315852	38.86982774957042	41.86376582781001	53.82352251451411	53.82352251451411	52.06319624499359	42.36824290608005	57.51695327486576	76.22990814092107	199.5636435570649	-0.2864004614084976	8.173063371569334	12.456971811849506	6.7849330063246995	-5.168095082545214	24.868537699983058	-2.9939380782395943	-11.959756686704097	-14.953694764943691	-13.193368495423172	-3.4984151565096298	25.334	20.13672029519464	16.864399735590137	14.38432238568735	13.641002408273895	87.31885709463184	0.06138421736081414
 archi-vowels-HDK.wav	á	3	2.256	256.14722655695033	1026.468	1820.677	3160.098	35.76382184364772	36.312926450737876	30.760622934571153	30.734718146590115	32.679565466457355	40.615045310999726	53.78018070188925	30.001454869176744	36.495946622934326	39.51501142675135	59.23219410424208	59.23219410424208	53.78018070188925	40.60152358171131	56.73501237269717	75.48591913311154	193.93963361277184	-0.5491046070901575	5.552303516166724	5.029103697057604	3.084256377190364	-4.851223467352007	23.778725832712507	-3.019064803817024	-19.717182677490733	-22.736247481307757	-17.284234078954924	-4.105576958776986	24.761	19.594751689898125	25.17126609637272	23.93154518553194	23.381243537923183	89.20939771086297	0.05778146257679296
 archi-vowels-HDK.wav	á	3	2.298	260.818046180922	993.853	1807.227	3095.819	35.049631321118646	33.12937769492663	33.8279183978698	27.988873684545442	34.33013761487811	39.32071837080825	54.727588397260256	27.93040607873838	35.85202760637492	36.67940195203738	55.95933012292417	55.95933012292417	54.727588397260256	39.49395341646314	57.07311525516929	75.58978849474269	188.13169004066015	1.9202536261920145	-0.6985407029431698	7.060757636573204	0.7194937062405344	-4.271087049689605	26.797182318521877	-0.8273743456624629	-19.27992817088679	-20.107302516549254	-18.875560790885338	-3.6419258100882246	24.791	19.393222770780543	22.579489573637183	21.591301051147667	20.939313691532142	88.09747214920347	0.051612317007375244
 archi-vowels-HDK.wav	á	3	2.341	246.92152458160248	814.008	1925.606	3334.622	35.94126800051361	23.900124006964504	45.28988300671256	28.37548149337135	33.117486804518585	41.10854187588587	47.68124686908908	17.50887209844326	36.921906818408594	28.459481572244748	54.38136568872392	53.622564725156074	47.68124686908908	35.532919549373425	54.31014004020582	79.26886639621353	211.1202577504568	12.041143993549106	-21.389758999748054	7.56578650714226	2.823781195995025	-5.16727387537226	30.17237477064582	8.462425246163846	-25.92188411647917	-16.70065790674748	-10.759340050680485	1.3889872690351694	0	16.098213774057555	13.528073685801399	11.841949760594552	11.579223299052266	85.2569463382762	0.06891335715210802
archi-vowels-HDK.wav	á	4	3.022	252.1770309578532	803.163	1602.552	3174.605	37.73427234206387	34.08146152235112	37.10892334647031	31.149196430871232	29.96356541575163	45.92547644584511	42.63497611979631	19.74181807627032	38.851286040048315	39.319553584440726	46.20973041789679	56.99545520921718	48.223254719603005	37.974862031199315	54.84393196688729	66.22287388173058	194.04908176439318	3.652810819712748	-3.027461824119193	6.585075911192636	7.770706926312236	-8.191204103781246	22.893158043525993	-0.46826754439241114	-6.890176833456067	-18.144169169168862	-9.37196867955469	0.8764240088489998	25.778	25.21167762727437	18.685639015742773	17.582711736690833	16.425396504886585	85.95689906083264	0.058922971765318605
 archi-vowels-HDK.wav	á	4	3.076	250.10914109234488	951.025	1769.717	3207.189	30.843335937662165	30.539938420780835	34.77690604428991	29.24608498162698	32.400061441372145	41.75477532511014	52.43762982094249	27.033725531032736	31.640708500741198	34.07082829778343	56.397892375322925	56.90150782158476	52.43762982094249	38.89061964940531	55.537787306834396	72.23542712665298	197.08307913295863	0.3033975168813292	-4.236967623509074	1.597250956035186	-1.5567255037099805	-10.911439387447974	25.403904289909754	-2.430119797042231	-22.327064077539497	-25.26079932084356	-20.796921320201292	-7.249911148664111	26.049	20.220341396016156	25.092923535655387	22.416650791566113	21.487954983279003	87.8624496468148	0.025512318887676785
 archi-vowels-HDK.wav	á	4	3.13	248.82695447786918	974.421	1758.954	3220.322	32.048160891309195	21.498725197279178	32.211010559909745	30.33946942456198	33.59971917480202	43.13009866542549	52.207278059766864	22.332399938772266	32.809218466724	24.84451850233615	58.43163571322265	58.43163571322265	54.414112050719865	40.3915185204064	55.52852758612962	71.57787723323267	198.1154153713195	10.549435694030016	-10.712285362630567	1.708691466747215	-1.5515582834928239	-11.081937774116298	29.874878120994598	7.964699964387847	-33.5871172108865	-25.62241724649865	-21.604893583995867	-7.582300053682403	26.792	21.502403263528663	25.35036088914774	22.071868727641757	21.445646164302087	88.86133566035173	0.036435405083631606
 archi-vowels-HDK.wav	á	4	3.185	238.58269670372647	934.379	1871.734	3207.441	38.91372120688036	34.74252366081809	29.088683912305527	27.234647035113476	30.75579259683571	36.27210990899419	49.20017456428219	14.939738697971212	39.64125843428262	37.946262561277834	54.4979975087064	54.4979975087064	49.20017456428219	34.719226974671614	54.078571342781224	75.11610944000572	192.28028586034617	4.171197546062274	5.65383974851256	11.679074171766885	8.15792861004465	2.641611297886172	34.260435866310985	1.6949958730047854	-16.551734947428564	-14.856739074423778	-9.558916129999574	4.922031459611006	16.152	19.67672090724438	16.830125095360412	14.458705688959018	14.067067639544174	84.66603528604335	0.05214689325761452
 archi-vowels-HDK.wav	á	4	3.239	228.082480123569	858.198	1859.994	3277.697	25.4669064147741	27.81739525451397	9.597654728477938	5.829927927637915	3.2999383759198757	19.272241683326246	20.17889845030874	-1.2021836495519058	26.233967815065846	31.23263063240751	28.810499176942713	32.216732261092865	20.17889845030874	15.027828629889786	52.3987362887005	72.83855389079854	195.95896851795052	-2.3504888397398673	18.21974052603603	19.636978487136187	22.166968038854225	6.194664731447855	21.381082099860645	-4.998662817341664	2.422131455464797	-5.982764446027019	6.055069364757106	11.20613918517606	0	7.825093659465122	3.997809428144275	2.933384095824029	2.864853030304742	66.98281691361446	0.012903585498073458
archi-vowels-HDK.wav	á	5	4.123	232.65658635746584	798.313	1459.764	3010.02	33.09952362444983	40.294803542958135	20.467046274086016	16.89067111409907	-2.061667140656727	20.468791867901224	12.203721233037728	-15.993728120596195	34.092249220792596	44.81578877580353	33.748017996051836	43.628578533131794	18.371411228366284	13.243579107626097	52.54261870302424	59.65440870857774	167.62506071084118	-7.195279918508305	19.82775726887212	16.20885251035076	35.161190765106554	12.630731756548606	28.19744935363392	-10.723539555010937	11.067770779751697	-9.536329312339198	15.720837992426311	20.8486701131665	25.328	20.581384053239226	6.175196713247507	6.151645634932836	6.13558647745418	76.66945038140072	0.10966577156149222
 archi-vowels-HDK.wav	á	5	4.164	227.26758755087596	915.003	1713.951	3087.45	33.429998317600635	37.06200661977561	20.57556197561503	20.343684139782038	26.300019933707482	36.971846597589206	31.11677787164522	7.126883156700284	34.13679728286836	40.1526285963195	48.08285288476144	48.08285288476144	46.60846966051142	34.96572358930882	52.63401102431043	66.52965620293602	174.0795820992213	-3.632008302174974	16.486444644160578	13.086314177818597	7.129978383893153	-3.541848279988571	23.989894714944935	-6.0158313134511445	-7.930224288441934	-13.946055601893079	-12.47167237764306	-0.828926306440465	29.881	20.006994701993793	16.155500589891474	15.341870256425825	14.715627838801646	79.60150091641003	0.06640125690216962
 archi-vowels-HDK.wav	á	5	4.204	221.10859011232876	965.038	1752.23	3101.219	32.79479021878853	35.09440462569752	32.12123015204882	21.675553977471857	26.064069220724576	41.93343605443904	47.26195699100036	14.261996021370555	33.40255020524769	37.71152790495213	50.17717284460373	50.17717284460373	47.26195699100036	41.39299950831316	52.191486167491426	67.07901984961508	173.18395246791457	-2.2996144069089937	2.9731744736487045	11.11923624131667	6.730720998063951	-9.138645835650514	32.999960969629804	-4.308977699704435	-12.465644939651604	-16.77462263935604	-13.859406785752668	-7.990449303065468	27.201	24.179882538753294	21.940234717591647	21.305038897342552	20.89656104610105	80.46039954962046	0.0953128855947716
 archi-vowels-HDK.wav	á	5	4.244	219.39960248671397	932.161	1730.875	3143.134	33.05197937579008	34.93110696705617	29.598069011864403	22.10642397090133	26.331210211964198	38.37051932166653	45.88245959173361	14.786900904208213	33.68750386513275	37.681218861913386	50.206780674514036	50.206780674514036	47.00974287716785	36.19488634807765	51.80399345621063	65.99340678140966	177.10070331705688	-1.8791275912660836	5.333037955191763	10.945555404888754	6.720769163825885	-5.318539945876445	31.095558687525394	-3.993714996780639	-12.52556181260065	-16.51927680938129	-13.322239012035105	-2.507382482944905	28.062	28.248121973103796	24.63568796297104	20.417898046823836	19.78425528436801	80.4750954981087	0.09583591881059822
 archi-vowels-HDK.wav	á	5	4.285	214.42084681520015	1010.722	1664.947	3260.284	33.01991570408735	33.1846706300178	26.835404743967622	14.846095402650164	16.661017359573115	27.08937774175453	31.219289322833944	4.807770190687305	33.56532977243808	35.50449889457508	40.47080781736138	44.69023714993628	40.5078288971736	23.763301110774936	51.666257107786635	62.90271657589605	188.03050526849324	-0.1647549259304455	6.349265886050176	18.17382030143719	16.358898344514238	5.930537962332824	26.41151913214664	-1.9391691221369953	-4.966308922786304	-11.124907377498197	-6.9424991247355194	9.802028661663147	19.458	26.568596474238532	12.9408589750086	11.903971448922325	11.746133405854213	76.35065681677231	0.09316777279568719
archi-vowels-HDK.wav	á	6	4.86	233.73542470161257	635.267	1177.831	3119.711	36.886570248205786	37.13027585484677	28.93179458091808	19.268356455948826	2.1831985506500544	14.864171917754941	-2.6811221717282274	-14.40349591204116	38.49247386341965	45.30688155054604	36.187267962471935	44.16125073895146	21.054171910267627	-2.846572536739145	51.09116247262243	55.29475919599079	180.22485005010637	-0.24370560664098662	8.198481273928692	17.61821379225696	34.70337169755573	22.022398330450844	11.722373740312932	-6.814407687126391	9.119613588074102	-5.668776875531812	17.43830195315202	41.33904640015879	27.064	17.926082067441126	17.66365042853965	17.653310839110766	17.64693345464838	74.60318944571793	0.09403837208280617
 archi-vowels-HDK.wav	á	6	4.907	222.17017344851155	837.859	1553.688	3049.261	35.597858139307164	34.298297730318836	24.574114690380554	20.597184056548453	19.031437065228886	29.494040461257182	25.9810496208164	2.395729489203404	36.409619394592106	37.899707402778986	45.10347931214889	47.81461572420003	39.53091377469185	24.175041702467706	51.583658786378514	60.60262880951584	167.95169152551432	1.2995604089883273	9.724183039938282	15.00067408275871	16.566421074078278	6.103817678049982	23.585320131612995	-1.4900880081868806	-7.203771909369905	-11.404996329607926	-3.121294380099741	12.2345776921244	29.98	9.85887295742643	12.910179709398799	12.781819698807123	12.610362323944077	79.85945990828495	0.09036354920372225
 archi-vowels-HDK.wav	á	6	4.954	216.15375471151424	911.936	1667.17	3041.019	34.14524487112396	37.71479368564644	29.98855084293072	23.41173417684349	21.917151758907607	31.444658853087358	33.82302965243306	-3.479321361859909	34.794454050050966	40.527126688772405	51.51685444359667	51.51685444359667	43.01928120078828	29.68412104753859	51.30911197910968	63.22861077086241	164.79019011654074	-3.5695488145224843	7.72624284271572	10.733510694280469	12.22809311221635	2.7005860180365993	37.30235101429297	-5.732672638721439	-10.989727754824266	-16.722400393545705	-8.224827150737312	5.110333002512377	27.578	33.90613815106958	19.881815698539874	18.458146840432953	18.10665341979963	80.90357273550708	0.0897271023339036
 archi-vowels-HDK.wav	á	6	5	205.86131304899084	907.108	1643.558	3058.673	30.532729297290185	30.307841811113573	30.590799381443524	19.501867120548756	23.463682969295043	37.34479203518622	34.27047088420731	12.053690910638476	31.12915030661586	32.872038415978295	47.83975915999807	47.83975915999807	44.97785322584578	35.041807566530736	50.07209085824545	60.97390237670356	162.7365839013681	0.22488748617661258	-0.28295757032995184	11.03086217674143	7.069046327995142	-6.8120627378960315	22.216779973568837	-1.7428881093624362	-14.967720744019772	-16.710608853382208	-13.848702919229918	-3.9126572599148766	22.138	17.024724086865383	13.745319956419877	13.485398104300009	13.405516725005015	78.7796207619233	0.05333004372222237
 archi-vowels-HDK.wav	á	6	5.047	202.39692929089009	981.447	1634.139	3223.513	31.50166883642368	32.788307656442825	31.798444927156737	14.326040076160336	19.573642550886458	29.514451660830886	33.53164691414566	4.9331598067807425	32.01352621194312	34.957463742328166	44.08013611951874	44.08013611951874	43.34656579775411	25.997539501095286	50.068432370339096	60.18522192847502	178.83950007319046	-1.2866388200191459	0.989862729286088	17.175628760263344	11.928026285537221	1.987217175592793	28.598487107364917	-2.9439375303850426	-9.122672377190575	-12.066609907575618	-11.333039585810987	6.015986710847837	0	28.195343967140232	14.21129647794552	13.11326696813845	12.716635383605164	75.90511589955817	0.05991946938868459
archi-vowels-HDK.wav	áˤ	7	5.518	250.68113015914514	833.366	1506.981	2773.299	34.26857993442447	27.720789073624008	39.94513226709798	25.092465504566075	16.980686019079357	35.248704669405015	41.211357104102206	-0.6809589825864126	35.33434795555613	32.625099512057965	51.91034985157629	51.91034985157629	37.46791690308698	33.35614673662648	54.879894338668805	63.211298518855834	148.49203581455944	6.547790860800465	-12.224343193473974	9.176114429858398	17.287893915345116	-0.9801247349805422	41.892316086688616	2.7092484434981685	-19.285250339518328	-16.57600189602016	-2.133568947530847	1.9782012189296552	25.004	26.091966000596685	25.69681626730491	23.056126686072083	22.510975355133084	83.41545245953489	0.07659234713972986
 archi-vowels-HDK.wav	áˤ	7	5.574	250.32471608971366	914.478	1730.578	2959.952	32.91248256678446	27.89927351091765	32.38297930440028	22.327011239038814	29.590193268824343	25.28049355022244	48.95541359184843	-5.692254410644732	33.77195104781172	31.745147195791887	49.55556909717988	49.55556909717988	49.218184236362646	25.28936676900464	55.344208157990074	70.62597205412358	168.53305471901427	5.013209055866813	-4.483705793482631	10.585471327745648	3.3222892979601184	7.63198901656202	54.64766800249316	2.0268038520198317	-17.81042190138799	-15.783618049368158	-15.446233188550927	8.482584278807078	27.796	37.36228130557685	30.349460780686627	28.112780357780785	27.529780585358527	82.86415458155605	0.05970705926624185
 archi-vowels-HDK.wav	áˤ	7	5.63	238.10283122385005	971.423	1735.529	2839.321	34.77125685140794	34.07405468643581	19.015856044536633	17.212498912883824	26.713337032855456	31.989428228470885	47.9889556297949	-0.0195999358257313	35.47431771590281	37.138188887574344	45.56206427970878	45.56206427970878	47.9889556297949	35.72881037903122	54.24034940912625	68.9875134282473	151.30891582155147	0.6972021649721327	15.058198641899175	17.558757938524117	8.057919818552485	2.7818286229370557	48.00855556562063	-1.6638711716715378	-8.423875392134434	-10.087746563805972	-12.514637913892095	-0.254492663128417	25.729	27.276407717740916	10.692128167927251	11.09667522600449	10.699104683405665	82.32650481016849	0.05619560216069086
 archi-vowels-HDK.wav	áˤ	7	5.686	196.315364461008	1018.604	1779.105	2779.575	30.082663101489626	32.73900775043962	34.105439140733296	20.017998178605975	26.94646790287573	22.9300673723134	46.9821801753885	-2.5231890633510994	30.518094422061974	34.570189403927564	43.79234477151239	49.75045158892353	49.62548735157334	30.339596551447187	49.55903221254523	64.33202984995724	131.91953311432633	-2.656344648949993	-1.3664313902936769	10.064664922883651	3.136195198613894	7.152595729176227	49.5053692387396	-4.05209498186559	-9.222155367584826	-19.232357166861558	-19.107392929511366	0.1784978706147875	21.985	5.912953650653434	10.401456823360073	8.171468913009258	8.042035742758046	80.16927183171298	0.05381736515534102
 archi-vowels-HDK.wav	áˤ	7	5.742	--undefined--	868.362	1806.497	2913.772	--undefined--	--undefined--	--undefined--	--undefined--	--undefined--	--undefined--	0	0	0	0	0	0	0	0	--undefined--	--undefined--	--undefined--	--undefined--	--undefined--	--undefined--	--undefined--	--undefined--	0	0	0	0	0	0	0	0.02250469621226226	-0.8456983924554409	-0.6397313807281031	-1.232494627294494	64.09971113483147	0.012005056671680355
archi-vowels-HDK.wav	áˤ	8	6.443	239.3261910527531	897.85	1646.951	2835.089	32.05536456984868	33.35184372358587	28.719958294709247	21.278930850791042	25.580570039659857	33.52285166742432	35.505774460730365	8.367723833250242	32.88021719157526	37.015478667312294	48.78737455000446	48.78737455000446	46.135372393255444	34.375371722762	53.95241540953227	65.88134816921199	151.27147998771284	-1.2964791537371951	4.631885428876625	10.776433719057636	6.47479453018882	-1.467487097575642	27.138050627480123	-4.135261475737032	-11.771895882692164	-15.907157358429195	-13.255155201680182	-1.495154531186735	26.03	26.94603303233012	24.84996715401099	23.381065319290467	22.030909129883792	80.60052795603488	0.06148217228640333
 archi-vowels-HDK.wav	áˤ	8	6.49	235.18775166700584	933.85	1759.69	2914.822	32.10783443199621	32.078098920498185	24.265482116286293	24.00624708996146	26.22342119194642	32.37329700654072	45.36897466378713	8.272813246253214	32.83322901851194	35.25956962010123	51.71230596731214	51.71230596731214	46.23801099866328	34.343580615955666	53.67515589143107	69.52585467296083	158.26994599860484	0.02973551149802489	7.812616804211892	8.101587342034751	5.884413240049788	-0.2654625745445074	37.096161417533914	-2.4263406015892883	-16.45273634721091	-18.879076948800197	-13.404781980151334	-1.510351597443723	27.193	27.777351526990692	26.88140704770315	23.451068040334754	22.772692970051175	81.87485058430327	0.06090231025878999
 archi-vowels-HDK.wav	áˤ	8	6.537	225.4234322413038	914.801	1804.744	2814.081	32.88672874352446	36.08988753037163	21.419405751294693	20.426867261637764	32.16868697088982	26.800311619600553	51.26792474231819	9.391252718380454	33.56709171278753	39.062444245327505	47.86647998605002	47.86647998605002	51.26792474231819	31.224884415517288	52.415847354303025	69.91777730601693	144.57802289882466	-3.203158786847169	14.670481779076933	12.459861481886694	0.7180417726346349	6.086417123923905	41.87667202393774	-5.495352532539975	-8.804035740722512	-14.299388273262487	-17.700833029530664	2.3422072972702423	28.175	23.51076908315725	18.448774382731678	17.729266459694987	17.54882702643649	81.77510905686965	0.05180663118068837
 archi-vowels-HDK.wav	áˤ	8	6.583	213.13609627970226	927.477	1781.8	2713.898	32.691275850648594	37.251806308030055	30.80338170654752	20.840058870170616	24.03884691423112	16.67898599162003	44.01581976625838	3.128960331265971	33.28755918348432	39.822506492435316	48.79565760714741	48.79565760714741	44.01581976625838	23.302358347398386	51.039740635059815	67.04053749068338	131.02639209575077	-4.560530457381461	6.448424601482536	11.851216980477979	8.652428936417476	16.012289859028563	40.88685943499241	-6.534947308950997	-8.973151114712095	-15.508098423663093	-10.728260582774062	9.985200836085934	24.053	24.649361838971352	14.15219392060169	11.288727898117106	11.137933990997343	78.20201316975431	0.08409025533092201
 archi-vowels-HDK.wav	áˤ	8	6.63	191.00957688758314	806.288	1881.843	3022.175	34.61685792648056	15.27961949484855	-6.623714351372371	-0.23457576299129812	12.397168928075743	18.889868164506122	28.401592246698417	5.981998702440699	35.20789507014525	17.848740226652748	13.579540477481508	26.096450775383296	28.401592246698417	18.851235227768097	47.75891227821838	67.7706520715098	153.40975977722061	19.337238431632013	21.90333384622092	34.85143368947186	22.21968899840482	15.72698976197444	22.41959354425772	17.3591548434925	4.269199749171239	9.111444294761952	6.806302823446831	16.35665984237715	0	9.056927953771462	2.2263019417981624	0.9874531284250527	0.7311911946342429	65.38056806182223	0.0712782711252976
archi-vowels-HDK.wav	áˤ	9	7.391	246.8618921448756	810.775	1715.991	2900.089	33.956220008380065	25.792108675131715	35.39747562594004	26.803829557778517	30.093113259856352	35.29146851081247	44.58839652380826	17.015326676180727	34.981009652342514	30.54838691347154	45.131036207207025	52.50438387888533	47.19195907949951	33.9403845592437	54.28060385967421	69.52444946383773	160.7255352908533	8.16411133324835	-9.605366950808325	7.152390450601548	3.8631067485237125	-1.3352485024324068	27.57306984762753	4.432622738870975	-14.582649293735486	-17.523374226542813	-12.210949427156997	1.040625093098818	24.764	22.315307666851982	18.251804214775476	15.923290412689878	15.413104012431758	82.47232083536011	0.12215875330526671
 archi-vowels-HDK.wav	áˤ	9	7.441	248.23000200330307	897.586	1744.561	3020.416	33.435569174485906	26.2400866517062	34.558554600575185	23.69510917937884	28.626247662632927	35.8855040894129	46.108988348098414	5.187797635396523	34.30348754729765	30.136722965019274	50.643151841166514	50.643151841166514	47.65740769228246	34.71589430416144	54.99666947820617	70.8838424912112	174.5680120201642	7.195482522779706	-8.318467948868985	9.740459995107067	4.809321511852978	-2.449934914926992	40.92119071270189	4.166764582278375	-20.50642887614724	-16.339664293868864	-13.353920144984812	-0.41240675686378836	25.68	26.66896530851526	28.215469961927894	22.868853460390177	21.942696072969422	82.70960908540665	0.07373462147084839
 archi-vowels-HDK.wav	áˤ	9	7.49	249.04373512786262	911	1740.734	3033.847	31.30394466382432	25.844302553796393	33.81093165798269	23.856963656922705	30.502762679808537	33.82445456708537	48.40547436487413	-2.7263937114288934	32.15752091384134	29.663173247717104	51.01526780217577	51.01526780217577	49.92328061012397	32.63178185136377	55.17269395199601	70.84878996809007	176.39875436212958	5.459642110027929	-7.9666291041863	7.446981006901616	0.8011819840157841	-2.520509903261047	51.13186807630302	2.4943476661242343	-21.352094554458667	-18.857746888334432	-17.76575969628263	-0.4742609375224305	27.814	29.217216387972318	26.892399253009774	24.245147943856832	23.52423895349345	83.3603766591157	0.0691056149943599
 archi-vowels-HDK.wav	áˤ	9	7.54	251.30472692872723	879.118	1743.039	3107.716	28.50603988359383	27.51679741837853	34.027024050624526	22.79421020091058	27.0854595812139	32.99054572417596	45.21095066227991	-7.118668328659613	29.4278681829907	31.697498946226013	47.60548073028629	49.401047438731325	45.59310133313858	29.858882653708253	55.24514292378172	71.28596107264931	185.7983891855673	0.9892424652152982	-6.510226632245995	5.711829682683248	1.4205803023799284	-4.4845058405821305	52.32961899093952	-2.2696307632353125	-15.907981784060276	-19.973179255740625	-16.165233150147877	-0.43101447071755317	26.985	31.58125845337894	28.474623344700476	24.08090134877762	23.448473050121382	81.23538394700596	0.06457241377580424
 archi-vowels-HDK.wav	áˤ	9	7.589	247.93428761650705	783.126	1766.712	2494.952	28.586874205688726	27.41134125784153	32.41975077672714	23.563195134357727	28.34843172679938	25.761193785056022	43.04473617794058	5.601459695510076	29.674624030711296	32.54961544785745	40.0452301115233	48.68084978344308	44.02672457709143	33.13194991655284	54.20252211542947	71.77212659898446	120.6480239271824	1.175532947847195	-5.00840951888561	5.023679071330999	0.2384424788893469	2.825680420632704	37.443276482430505	-2.874991417146152	-7.4956146636658545	-19.006225752731783	-14.352100546380132	-3.457325885841545	0	24.67276540836883	20.71873933851043	14.883894549373352	14.85066096098029	78.38401440605269	0.07372136700854348
archi-vowels-HDK.wav	áˤ	10	8.462	235.88695982567708	822.614	1673.124	3637.743	31.029008167121205	31.60194060625273	28.26263257706638	21.269837770053094	24.073173295118657	38.66078968581708	36.01288096518236	-3.8054798071290468	31.947295239859045	35.77293445029698	41.423249982803725	47.49873738566711	42.260514225245586	25.86548589337128	53.08446682347554	66.30074971347925	243.4832723568432	-0.5729324391315238	3.3393080291863484	9.759170397068111	6.955834872002548	-7.631781518695874	39.81836077231141	-3.8256392104379344	-5.650315532506745	-15.551442145808068	-10.313218985386541	6.081809346487766	29.104	19.248537269525304	18.093877254238926	13.573751470819877	13.36520303303055	78.60380513372364	0.09208681234930569
 archi-vowels-HDK.wav	áˤ	10	8.508	234.88468683153926	859.167	1843.663	3239.785	29.20932434314169	31.79511920503262	29.09048037668038	19.67999559803826	28.365756406922664	31.763647988639857	45.347161585708875	-0.9076930606904228	30.025265687567313	35.45443879784611	45.43757682159611	45.992158488470366	45.347161585708875	27.784942028097916	53.20012564548417	73.17205607403147	194.48988627368882	-2.5857948618909283	2.704638828352241	9.529328745103431	0.8435679362190278	-2.5543236454981653	46.254854646399295	-5.429173110278796	-9.983138023750001	-15.966892800903054	-15.321895898141562	2.2403236594693965	27.242	25.667626174300114	26.182380634850006	23.41729322038329	22.642152324929455	79.11627807257756	0.07342594292731319
 archi-vowels-HDK.wav	áˤ	10	8.554	237.77868850583948	897.115	1837.22	2886.146	27.355761934512483	28.864481560482037	25.770615777850566	18.83892568285714	26.768018366579167	32.05401475792537	44.749046434285866	-0.7334186960013513	28.13453940671228	32.32565358910604	45.674465012906765	45.674465012906765	44.749046434285866	34.96325788320976	53.766325935255004	73.33586941136927	156.1180603277904	-1.5087196259695546	3.0938657826314717	8.516836251655342	0.5877435679333161	-4.69825282341289	45.48246513028722	-4.191114182393761	-13.348811423800726	-17.539925606194487	-16.614507027573588	-6.828718476497478	29.256	28.789949055497914	29.42491359911928	24.264412009934922	22.953939667314454	78.9211609695405	0.043823462347681585
 archi-vowels-HDK.wav	áˤ	10	8.6	235.328245417663	840.232	1821.99	2767.312	27.74127925997994	29.12402766254482	27.942095104497696	17.910923069967417	25.55261981343684	26.356531026428975	42.30897263198547	-0.964036986134818	28.595812223237292	32.98371387030889	42.24068340224698	43.990228487416594	42.30897263198547	30.192944070121833	53.13381988177711	72.24487905275308	143.04594052083618	-1.3827484025648786	1.181932558047123	9.830356190012523	2.188659446543099	1.3847482335509653	43.273009618120284	-4.3879016470715975	-9.25696953193809	-15.394416264179302	-13.713160408748177	-1.5971318468845404	26.698	31.281091468484206	25.646822240740935	21.10977846125868	20.67101533986137	76.59359834661966	0.05920049602626475
 archi-vowels-HDK.wav	áˤ	10	8.646	226.82613865385704	692.324	1863.232	2773.118	25.460611705069255	31.363967898855062	22.71567666122026	20.404590560969154	24.15557777945309	29.947355642717092	36.51055250242722	2.557651840926218	26.573147320314355	36.73244488730794	27.91736523860465	44.37505572912947	36.51055250242722	30.88485513869665	50.97225811360901	72.78679417441394	140.9482870550452	-5.9033561937858074	8.648291237634801	5.0560211441001	1.305033925616165	-4.486743937647837	33.952900661501	-10.159297566993587	8.815079648703293	-17.801908408815116	-9.937405182112862	-4.311707818382295	25.529	26.964193712251348	15.340300828424969	10.685695824489658	10.563725552963207	72.88383139932589	0.06243121014202256
archi-vowels-HDK.wav	é	11	9.432	270.2877299554364	543.714	2668.19	3279.438	28.101268286202952	24.03097753514982	17.758884074491913	23.992563562763745	31.74674798040471	30.931348380693663	16.51713139853253	22.128178428551056	30.632815196484646	44.50572564742777	9.942658104857733	44.50572564742777	30.069370846661407	29.85328188108081	53.62660838956547	143.5354600918718	214.63745513605804	4.0702907510531325	6.272093460657906	4.108704723439207	-3.6454796942017573	-2.830080094490711	-5.611047030018526	-13.87291045094312	34.56306754257003	-13.87291045094312	0.5634443498232393	0.7795333154038353	19.152	9.628728387178855	14.396560423853915	14.232049575876731	11.630074370945245	74.45642277611447	0.0234059371099572
 archi-vowels-HDK.wav	é	11	9.47	270.3944904013386	546.823	2631.418	3291.941	36.49623029018102	35.41835893131463	25.477046439872495	35.243682729758746	42.5347293270754	42.288615502384715	26.776052303509836	16.921002019364153	39.00096092790447	55.80910068549223	17.83363724449645	55.80910068549223	41.31598075821959	40.34646154509703	53.702119139698226	139.79703823223016	216.2738599544197	1.077871358866389	9.941312491442133	1.252547560422272	-6.038499036894379	-5.792385212203698	9.855050284145683	-16.80813975758776	37.97546344099578	-16.80813975758776	-2.3150198303151157	-1.345500617192556	22.827	21.09000282178329	23.385878958299678	22.564768856914853	15.22976341508781	84.94483237444734	0.06977653364400774
 archi-vowels-HDK.wav	é	11	9.509	266.6341698614487	542.508	2677.826	3382.835	37.05469754771245	37.355884176256026	37.09842052917719	36.92267406614151	45.49916037165424	42.69521106185813	27.098189744405502	15.893514074524514	39.52033663428059	57.48097960289793	29.489312957755125	57.48097960289793	43.753290846628374	39.53726584207994	53.20220689946275	143.45740112996788	226.21354159339677	-0.3011866285435758	0.2574636470788363	0.1320234815709398	-8.444462823941791	-5.640513514145681	11.204675669880988	-17.960642968617343	27.991666645142807	-17.960642968617343	-4.232954212347785	-0.016929207799350365	24.878	32.43489857786641	36.79629163461716	33.69495261584435	22.118148296570737	86.87623462921253	0.08488112850298267
 archi-vowels-HDK.wav	é	11	9.548	258.772708772995	526.006	2608.973	3279.777	37.71712535724913	37.8420148619163	39.42080521327574	37.46301476879729	41.568567019765894	42.88259006769856	28.175866578184497	17.033276686585324	40.18688194464608	57.94835517949714	31.775372123442178	57.94835517949714	40.074357917281745	40.321840971187996	51.99715565074006	134.27123768472933	209.63844829086932	-0.1248895046671663	-1.5787903513594443	0.2541105884518444	-3.8514416625167627	-5.165464710449427	11.142589891599172	-17.76147323485106	26.172983056054964	-17.76147323485106	0.11252402736433709	-0.13495902654191383	23.537	30.581200245207295	30.921834187300515	29.12057018711023	18.83626615536616	86.65762387980936	0.09013411619831324
 archi-vowels-HDK.wav	é	11	9.587	252.2381671674708	470.514	2660.344	3419.179	42.22814085683066	21.823147408938777	35.474600552212856	17.20150506964721	34.760911954551204	41.29957596770223	15.303462855871157	14.558197780324349	45.21486724478133	36.838939432321474	25.737074404654436	37.114968156989285	30.881117687145924	34.83837465459046	49.202287991365495	137.4711739310289	224.08233023670542	20.404993447891886	-13.651453143274079	25.02663578718345	7.467228902279459	0.928564889128431	0.7452650755468078	8.375927812459857	11.101865027667039	8.099899087792046	14.333749557635407	10.376492590190871	19.654	13.877260286949099	11.91812433133406	11.56982596740982	6.309601774263368	77.5755701492439	0.082519414158788
archi-vowels-HDK.wav	é	12	10.379	204.2277562043144	466.688	2672.44	3261.675	28.718688266705605	31.819028227144514	27.179406983369073	23.318407081083357	38.28539056119826	38.29102735741442	17.04261776506523	11.928080620663899	30.600994685462126	44.0759531732451	21.75302248327833	44.0759531732451	35.06942572236316	36.26040691916737	44.2282775276546	124.57664617105809	183.7707650195322	-3.100339960438909	4.639621243775441	5.400281185622248	-9.566702294492657	-9.572339090708816	5.114537144401332	-13.47495848778297	22.322930689966768	-13.47495848778297	-4.4684310369010305	-5.659412233705247	17.621	8.948600368769005	5.49356431639911	5.30293910978766	4.175199261970505	74.29382383713867	0.03193118934779087
 archi-vowels-HDK.wav	é	12	10.421	218.88405380866226	446.217	2569.028	3229.592	33.913627252880616	35.68724437206454	31.96635038323393	35.21479904253306	35.45208823427845	44.76976532090399	22.664648732591502	9.877954482114097	36.34221333015251	55.199123316984696	23.96842131756841	55.199123316984696	32.14576603182401	40.43690834085293	46.22500312802581	119.53394967738767	186.50235566764752	-1.7736171191839247	3.7208939888306105	-1.301171789652443	-1.538460981397833	-10.856138068023377	12.786694250477405	-18.856909986832186	31.230701999416286	-18.856909986832186	4.196447298328501	-4.09469501070042	23.509	30.806947760839705	30.501604328198795	28.972723997130593	18.763011487942073	82.72498398517571	0.0035233263150071794
 archi-vowels-HDK.wav	é	12	10.463	224.06877645979776	456.754	2663.358	3340.454	36.43138323047239	36.07109305243705	33.56385286450504	35.58350683640464	39.551652314492856	42.25150402600937	20.096033020972772	14.473705919493922	38.85976982011004	55.719368788872636	25.536249033606225	55.719368788872636	35.643635322660344	37.4902325751868	46.45912579256559	129.5523823942919	201.4664271921701	0.360290178035342	2.5072401879320125	0.8478763940677538	-3.120269084020464	-5.82012079553698	5.6223271014788505	-16.859598968762597	30.18311975526641	-16.859598968762597	3.216134497449694	1.3695372449232366	30.436	32.0789010029244	30.42785847486401	29.954180091859534	24.6836568683341	83.56294616487021	0.09893274458610939
 archi-vowels-HDK.wav	é	12	10.505	222.90351002750032	457.913	2597.28	3318.434	37.22611095916142	34.86548150676039	35.19125824597893	33.91683087804664	38.94789976792218	41.31454896746065	23.800673667279895	14.246725766973569	39.615660706005286	54.1170646993892	27.390445827039414	54.1170646993892	35.74777363056946	35.93796094704073	46.31184947500282	123.15488359522847	198.38477177658518	2.360629452401028	-0.32577673921854	3.3092800811147782	-1.7217888087607633	-4.088438008299235	9.553947900306326	-14.501403993383917	26.72661887234979	-14.501403993383917	3.8678870754358243	3.6776997589645575	29.395	29.7307160972191	29.195069322195195	28.473822908102445	23.51446164484605	82.26714919667089	0.09478091444647353
 archi-vowels-HDK.wav	é	12	10.547	224.95647435263365	441.108	2695.732	3286.852	38.64048550553672	33.38741778609391	22.877025837503403	33.19922006253024	35.23685013005805	30.0930489907463	11.6967483101568	8.03451294100072	41.286725810134996	52.4399384601871	13.935772057661884	52.89705488212482	30.38212733424593	26.509305068389644	47.06955870145866	132.86693012238663	195.64721186915747	5.253067719442804	10.51039194859051	5.441265443006479	3.4036353754786646	8.547436514790416	3.662235369156079	-11.153212650052104	38.504166402525215	-11.610329071989824	10.904598475889067	14.777420741745352	20.473	25.444252122152196	25.06294562835429	24.765146953911618	18.4954416492782	80.89573961899933	0.08305676466399907
archi-vowels-HDK.wav	é	13	11.392	238.18044491983508	476.808	2725.984	3270.283	37.27215294097514	30.681985931013845	27.885655992066944	30.684009151813356	39.81105843246027	37.96988315879891	17.867603770536032	29.75590965894858	39.80702353051571	50.96951702220515	19.52614418042416	50.96951702220515	35.80523618877207	36.509429544218094	47.72747547293735	139.79952712881308	199.49669431203802	6.590167009961295	2.7963299389469007	6.588143789161784	-2.5389054914851314	-0.6977302178237679	-11.888305888412546	-11.162493491689446	31.44337284178099	-11.162493491689446	4.001787341743636	3.2975939862976134	24.234	21.780614288073586	24.27813790049944	23.257516941357338	13.401622474803876	79.6445133659581	0.048201799273467474
 archi-vowels-HDK.wav	é	13	11.431	235.22236838566783	484.122	2664.486	3127.963	37.184459862401326	31.716956377247293	25.067716302263698	30.578301388133113	40.26704538960058	37.613650158852494	20.88842415217847	24.141873447639135	39.56945326555641	51.064545683465205	17.379896389797697	51.064545683465205	37.17476861718713	38.88389667701681	47.46760584760074	132.91442440611402	181.75163059027918	5.467503485154033	6.649240074983595	6.606158474268213	-3.0825855271992566	-0.4291902964511678	-3.2534492954606655	-11.495092417908793	33.684649293667505	-11.495092417908793	2.394684648369285	0.6855565885396047	29.267	32.429795870296935	30.48635689534677	30.027504772670305	22.941641300267563	79.97018819844848	0.053506328566024906
 archi-vowels-HDK.wav	é	13	11.471	234.88999776545364	492.854	2651.358	3224.28	37.3053864742964	31.054249690799853	24.690708680393502	28.350576433638754	36.114218542239904	40.13667105726272	21.75594625269804	23.89753495646261	39.5918532276603	48.986686495117986	17.469369839013705	48.986686495117986	33.475490690622664	38.9445902993911	47.570929944974836	131.56392379471757	192.68598215815476	6.251136783496545	6.363541010406351	8.954810040657645	1.1911679320564943	-2.831284582966319	-2.1415887037645724	-9.394833267457685	31.51731665610428	-9.394833267457685	6.116362537037638	0.6472629282691997	26.004	31.779320551696564	31.110956964451436	30.544468181263206	22.504542368593945	78.24985358049183	0.05083638328192422
 archi-vowels-HDK.wav	é	13	11.511	233.7357099266934	503.316	2634.02	3193.012	37.522653961369954	31.652169428248673	30.508671550849705	26.925798873250795	41.31193814488344	40.860550739810066	25.88470398548361	21.820001113567614	39.68266667972623	47.54229309399574	23.917596662060596	47.54229309399574	39.24169606891851	40.48133148269277	48.79172794125074	129.59138393885846	188.58419631358183	5.870484533121282	1.1434978773989677	10.59685508811916	-3.7892841835134874	-3.3378967784401112	4.064702871915998	-7.859626414269506	23.624696431935142	-7.859626414269506	0.4409706108077245	-0.7986648029665346	26.677	27.604515813305962	23.349845132469706	22.21424810104487	17.74504285265349	77.48618670508235	0.049598319608422
 archi-vowels-HDK.wav	é	13	11.55	229.43268653373192	536.537	2235.349	3179.5	41.54363182357793	30.037384900491432	25.818547054620584	20.115860297149624	17.642257685284527	22.68540254007921	20.910601369964184	12.646471808664382	43.37692592485554	41.438008863517894	21.74722496250597	41.438008863517894	20.910601369964184	16.91377153381749	49.02013517966569	95.37591873709302	185.25778937098366	11.5062469230865	4.218837845870848	21.42777152642831	23.901374138293406	18.858229283498723	8.264129561299802	1.9389170613376479	19.690783901011923	1.9389170613376479	22.466324554891358	26.463154391038053	0	15.257546654755622	14.70456925155895	13.89968860377197	12.869051637528097	74.4344103938424	0.06237395539123629
archi-vowels-HDK.wav	é	14	12.439	216.67005151558212	440.582	2651.027	3210.914	36.24061891085717	32.490559397344896	27.967951139921855	32.14712571274568	38.660119062619	37.295757381078886	16.67230130864468	18.764389331707555	38.67727472324884	52.00043432245863	19.819894369609347	52.00043432245863	34.37308983683333	34.796619611070085	46.21566804164848	126.26408867757763	183.47872391830882	3.7500595135122765	4.522608257423041	4.093493198111496	-2.419500151761831	-1.0551384702217135	-2.0920880230628747	-13.323159599209788	32.18053995284929	-13.323159599209788	4.304184886415513	3.880655112178758	30.642	17.29331805156217	17.014089308487485	16.72191435518118	13.842366181634443	79.84852384850655	0.07610064970202284
 archi-vowels-HDK.wav	é	14	12.472	215.75589143484657	440.691	2687.479	3225.181	35.83329001021483	37.53323165183023	34.46522013507665	36.97511024673537	44.66146934291263	42.380425440661966	21.480652396111225	24.456481606681027	38.24373877076702	56.84303748885825	26.385317944770478	56.84303748885825	40.0485713661852	40.29849049868703	46.11419494352485	129.3523214343136	184.68137124959318	-1.6999416416153963	3.068011516753579	-1.1418202365205374	-8.8281793326978	-6.547135430447135	-2.9758292105698025	-18.599298718091234	30.457719544087773	-18.599298718091234	-1.8048325954181834	-2.0547517279200136	27.437	34.09087218136664	32.605241945677164	30.927166160096622	21.212093405680314	84.02439507566568	0.10945325995358973
 archi-vowels-HDK.wav	é	14	12.505	216.96670726595192	442.379	2701.168	3248.75	35.59047101424009	37.42844814715791	33.419435389988934	36.95697475917167	44.4881168111102	44.277310473103036	23.968824983159173	18.95347983976872	38.01071488661652	56.846730123032444	25.29914543981585	56.846730123032444	39.78944527371144	41.93240440317368	46.17103803667186	130.9895409981405	187.83497254346722	-1.8379771329178212	4.009012757168975	-1.3665037449315847	-8.897645796870115	-8.686839458862949	5.015345143390455	-18.836015236415925	31.547584683216595	-18.836015236415925	-1.7787303870949245	-3.9216895165571586	26.885	46.99353517215986	42.21308683002131	37.87367414432976	23.088470709473242	84.19478744943795	0.006327373542404004
 archi-vowels-HDK.wav	é	14	12.538	216.56558251885136	446.812	2456.847	3221.848	35.623590496915114	36.773250816337594	34.302503512723575	35.571427334844515	32.73071729279081	45.72144539607906	26.243130098444396	20.81358137471389	37.99301826883791	55.643119616303984	26.666455267656485	55.643119616303984	30.615555886961616	39.661941985924145	45.95963766905953	109.40649535575696	184.65266573579493	-1.1496603194224804	2.4707473036140186	0.0521631620705989	2.8928732041243066	-10.097854899163949	5.429548723730505	-17.650101347466077	28.9766643486475	-17.650101347466077	7.377462381876292	-1.668923717086237	25.473	36.40950191907961	30.191555790634762	29.595465071063774	23.072174901595425	83.12230832328154	0.09942906674432787
 archi-vowels-HDK.wav	é	14	12.571	214.72900210721346	450.501	2288.342	3295.675	35.924531257742835	35.68057420731797	33.930701597153515	33.18143678007157	36.31452339484109	43.09068687750222	28.497400364916384	23.92163244678845	38.217594084123306	53.43470500085856	26.857560484332303	53.43470500085856	36.125103218862776	33.17787760409764	45.64588801076115	95.99638419235366	192.14588298039888	0.24395705042486782	1.7498726101644522	2.7430944776712636	-0.389992137098254	-7.166155619759387	4.575767918127934	-15.217110916735251	26.577144516526253	-15.217110916735251	2.0924908652605296	5.0397164800256675	0	28.303803788275825	23.6592236706143	22.297671178346256	18.63353372560989	80.45582859828997	0.08784632871373202
archi-vowels-HDK.wav	éˤ	15	13.384	267.4961672988865	536.047	2541.201	3209.643	25.41116536898695	25.07214008485802	3.172121055704224	25.072237266517675	24.46826632309397	29.246532091950915	12.836634101727945	17.87262521021084	27.971175858231703	45.5647147744994	-4.595946619218967	45.5647147744994	23.832927155698872	27.193884626851542	53.16139901290557	130.07756795342738	204.6768424159289	0.3390252841289296	21.900019029153796	0.33892810246927496	0.9428990458929789	-3.8353667229639647	-5.035991108482893	-17.593538916267697	50.16066139371837	-17.593538916267697	4.138248702532831	0.7772912313801612	18.179	12.391413375190874	16.149821663359013	15.420756184802311	11.034901044349024	74.98503769203364	0.03307471578682011
 archi-vowels-HDK.wav	éˤ	15	13.432	253.1019272007549	524.393	2498.911	3118.4	36.908542529397906	33.93709685865896	35.888803002306844	32.294768797929166	39.1283183427319	38.63551896734163	30.94476410746426	32.496323487691875	39.280493918586934	52.893122394458054	28.76099468247005	52.893122394458054	38.77914130714818	37.75252336692664	51.34669576002853	122.34015303138735	187.76290136597555	2.9714456707389445	-1.9517061436478826	4.61377373146874	-2.219775813333996	-1.7269764379437262	-1.5515593802276157	-13.61262847587112	24.132127711988005	-13.61262847587112	0.5013526114387545	1.527970551660296	25.391	30.560442173728216	29.077197363033896	25.295542520560517	20.063228734810295	81.5800285997854	0.09087059020564194
 archi-vowels-HDK.wav	éˤ	15	13.48	243.8316847450796	555.291	2445.15	3005.722	36.92192379535539	38.302572009670996	37.04650002509713	29.6831595423946	37.689527733760436	43.017763113737104	31.462203679277877	27.14045031603236	38.8554832527027	50.91277522106331	32.191148765930095	50.91277522106331	39.10328383792181	45.01774864150715	50.953981033864835	115.22723443414064	171.28286307871986	-1.380648214315606	1.2560719845738646	7.238764252960792	-0.7676039384050455	-6.095839318381714	4.3217533632455165	-12.057291968360616	18.72162645513322	-12.057291968360616	-0.2478005852191103	-6.16226538880445	27.691	27.66581785993965	26.122478750721605	23.68582419044357	17.290830234278634	81.43746843645411	0.083586119822918
 archi-vowels-HDK.wav	éˤ	15	13.528	228.25500274697552	561.232	2329.88	3086.775	36.59612799102598	41.15970223298849	29.068601556431535	29.03790379593301	37.09703341144338	39.38511655331621	34.70247568790593	29.535704366655416	38.24033273559642	50.69616384845105	26.197807260064245	50.69616384845105	40.20710614214494	37.82317008741383	49.34867253723706	102.12354716976456	174.3892405917172	-4.563574241962506	12.091100676556952	7.558224195092972	-0.5009054204173964	-2.7889885622902284	5.166771321250515	-12.455831112854632	24.498356588386805	-12.455831112854632	-1.9667734065485192	0.41716264818258963	25.25	19.874469364292597	16.341765926972965	15.23385889583134	12.899395998511112	81.59365355376835	0.08637485667442654
 archi-vowels-HDK.wav	éˤ	15	13.576	203.3782281719867	571.206	2088.437	3147.976	38.04697122041871	17.11346334332506	26.35491811932151	21.55983710796726	20.50378324190445	29.003639693374843	27.052035079042174	17.58102314954061	39.301188330746555	23.52280871967546	27.52900091302875	43.99123722007599	27.052035079042174	23.234584082594132	46.77254902963813	80.60156509809906	171.15708642550146	20.933507877093653	-9.241454775996452	16.48713411245145	17.54318797851426	9.043331527043868	9.471011929501564	15.778379611071095	-4.006192193353289	-4.690048889329432	12.249153251704382	16.066604248152423	15.143	5.247041560862714	5.002061222729584	4.938820260391057	4.840777687494509	75.75894742272177	0.05681256297924016
archi-vowels-HDK.wav	éˤ	16	14.1	225.35122226718997	571.639	2271.89	3024.217	30.788413469189326	25.976041913648025	21.106157767424538	25.82349539366045	23.427585649058337	30.763537137033556	27.13762010732698	30.019496514448214	32.33258100255347	34.60857225356718	19.158861752237105	47.71477323639024	27.55208201399434	29.92372802827802	49.20727657463166	97.13429108215945	166.44803769559914	4.812371555541301	4.869884146223487	4.964918075528875	7.360827820130989	0.024876332155770342	-2.881876407121233	-2.275991251013714	15.449710501330078	-15.382192233836776	4.780498988559128	2.4088529742754474	13.59	1.4752715529888574	5.378363809687912	4.7243693382685	3.6735188164658976	76.63803061670244	0.034969417459391326
 archi-vowels-HDK.wav	éˤ	16	14.154	246.4156429504784	578.69	2231.606	3017.697	39.63659376588379	38.60104342192825	38.26270039475619	28.28786723079918	36.062766839255225	42.940923601099485	40.449755962858205	34.11543198294937	41.46908189050609	49.90136523769411	34.586750486009294	49.90136523769411	40.449755962858205	41.36398144262316	51.65681697403006	98.7031429606617	173.584856156608	1.035550343955535	0.33834302717206555	11.348726535084609	3.5738269266285627	-3.3043298352156967	6.334323979908838	-8.432283347188019	15.314614751684815	-8.432283347188019	1.019325927647884	0.10510044788293271	27.11	25.585370434754378	19.7276945255825	17.5212759734185	14.223166691215878	81.26938493257188	0.07581833845090706
 archi-vowels-HDK.wav	éˤ	16	14.207	244.40971998350835	588.487	2261.217	3048.802	39.7868389164192	42.48761704742428	36.79343084673573	30.91600530543585	37.36461303792187	45.17811421527088	36.77441180260206	33.14496727787454	41.52294203787886	52.81274819546109	33.69821459140382	52.689500737236585	41.78082419282035	43.78964082361749	51.59791467599957	100.48307253334214	176.34702881414458	-2.7007781310050802	5.694186200688549	8.87083361098335	2.422225878497329	-5.391275298851681	3.6294445247275178	-11.289806157582227	19.11453360405727	-11.166558699357722	-0.25788215494148403	-2.266698785738626	27.559	27.2669641988027	24.925737355007556	18.97449905377308	18.332962353000937	83.25934228222084	0.08313816625232269
 archi-vowels-HDK.wav	éˤ	16	14.261	226.1127006795471	531.683	2362.348	3058.433	36.6044102669146	43.31392144137011	35.891319915130474	33.17423963014794	36.77634619670562	40.36210934866827	35.23125670532223	34.30884787407811	38.40465471938019	54.43481650512343	31.737925336263682	54.43481650512343	38.59367143892012	39.065173147753654	48.563260587372724	104.14815328978268	170.44915011999692	-6.709511174455514	7.422601526239639	3.430170636766661	-0.1719359297910188	-3.757699081753671	0.9224088312441197	-16.03016178574324	22.696891168859747	-16.03016178574324	-0.1890167195399286	-0.6605184283734644	25.023	24.430425699539896	21.264099214881682	14.232168767107593	12.766239346355434	82.82454290598093	0.07663763868489784
 archi-vowels-HDK.wav	éˤ	16	14.314	205.60613639865718	501.368	2205.488	3241.124	17.690949134441176	27.775893276534013	22.850663105567353	16.250418641551583	22.33083177189858	28.40026076274745	19.464487484515455	20.297727356819678	19.354705551112225	37.53265142654512	19.599106468251833	37.53265142654512	25.146997604915676	20.32154633382424	45.7258009733742	88.32721480425838	182.11781713599424	-10.084944142092837	4.92523017096666	1.440530492889593	-4.639882637457404	-10.709311628306274	-0.8332398723042225	-18.177945875432897	17.93354495829329	-18.177945875432897	-5.79229205380345	-0.9668407827120156	0	8.811818488209548	7.971788089334052	7.839128029646787	7.3309575346339875	70.81634528065557	0.006310771033876073
archi-vowels-HDK.wav	éˤ	17	15.07	276.56338371221756	562.863	2402.205	3220.34	37.914352292398284	40.12521077981325	40.23710318210989	39.664885665437936	39.93799838606	39.502154159481876	37.49784842124528	23.016588578265033	40.4083991513416	60.42869149008104	33.20520296250776	60.42869149008104	41.456066031074556	35.55918164860642	54.698679664176865	119.45081579811915	209.83847068335103	-2.210858487414967	-0.11189240229663966	-1.7505333730396515	-2.0236460936617178	-1.5878018670835914	14.481259842980247	-20.020292338739445	27.22348852757328	-20.020292338739445	-1.047666879732958	4.849217502735179	27.442	25.761877056843282	32.43364476774782	29.775803672783738	25.749238605496238	89.30968626987246	0.10512184620572058
 archi-vowels-HDK.wav	éˤ	17	15.119	269.31848042199357	565.201	2383.48	3115.844	37.232916924043764	39.056146840483265	44.363587140700105	36.270040191407595	44.29827787155865	49.24467199972081	33.03252420046818	18.64180723412013	39.562415724011075	57.20203592545331	37.97068834814297	57.20203592545331	46.215241494380955	47.35585836490217	53.94505349573566	116.06408509650734	193.8877387215323	-1.8232299164395016	-5.3074403002168395	0.9628767326361682	-7.06536094751489	-12.011755075677044	14.390716966348052	-17.639620201442234	19.231347577310338	-17.639620201442234	-6.65282577036988	-7.793442640891094	29.811	28.671744860315243	30.704348645649375	25.523957974057527	20.873675968553815	87.36922419459079	0.07712638803341854
 archi-vowels-HDK.wav	éˤ	17	15.169	255.4711219528577	615.176	2458.147	3109.38	39.39365128168155	45.708715052813346	39.250703574379116	34.167570424703264	40.98324194029583	43.0420250447598	35.4846286765707	24.652568063871566	41.1221055087234	56.005567342545895	36.0105604166226	56.005567342545895	43.93196992529845	44.418006526307856	53.249659376722	119.27232565006102	187.63723079868126	-6.315063771131797	6.45801147843423	5.226080856978285	-1.5895906586142772	-3.648373763078247	10.832060612699134	-14.883461833822494	19.995006925923292	-14.883461833822494	-2.809864416575053	-3.2959010175844554	25.774	26.11349029014122	22.954112767003586	18.195830015259265	14.582866127439353	85.15303530469872	0.08265787445533958
 archi-vowels-HDK.wav	éˤ	17	15.218	234.19414376875665	655.265	2390.682	3101.715	40.935572749048056	44.87762947703952	30.174908008989433	22.429654791943484	29.580021681906054	33.40527220154365	34.39355501459459	22.42864123879958	42.20119672849133	51.36516899008836	31.24575933604332	45.23901682607209	34.80890557380104	35.26547403146893	51.39572948896969	108.3172899343938	178.37728362696652	-3.9420567279914636	14.702721468050086	18.50591795710457	11.355551067142002	7.530300547504403	11.964913775795008	-9.163972261597024	20.119409654045036	-3.037820097580756	7.392291154690291	6.935722697022399	21.74	17.699385878445135	14.027893713103852	12.97069962134163	12.217432509581432	81.0980480202832	0.08495126753645221
 archi-vowels-HDK.wav	éˤ	17	15.267	231.42907358991295	518.518	2417.84	3589.458	27.840115302769497	23.429683966989522	22.761222680579724	15.907073012291487	21.884104791311152	23.588253146483016	6.436665912668803	4.770094520181997	29.83418988207191	36.85288105310716	17.36089426798821	36.85288105310716	22.564762523440983	12.73005782894053	48.872528010242085	109.87503610630593	235.0612824391579	4.410431335779975	0.6684612864097979	11.93304229047801	5.956010511458345	4.251862156286482	1.666571392486806	-7.01869117103525	19.49198678511895	-7.01869117103525	7.269427358630928	17.10413205313138	0	17.481466174920378	8.88928226393699	6.943926366054082	6.70885135745305	67.65654597659649	0.010466021371839149
archi-vowels-HDK.wav	éˤ	18	15.935	245.4149844945609	527.216	2390.613	3183.571	30.49615742758427	28.47514132636459	21.921136133767966	23.847851956944584	28.044162760466424	36.7608271885025	23.679825970331542	12.270610403134727	32.69125870545917	44.66614989384128	15.708041066786304	44.66614989384128	29.046274285629302	32.763375009837084	50.571819832614366	110.98750947036616	192.3250333736697	2.0210161012196792	6.554005192596623	6.648305470639684	2.4519946671178445	-6.264669760918235	11.409215567196815	-11.97489118838211	28.958108827054975	-11.97489118838211	3.6449844198298678	-0.07211630437791428	23.058	17.97635463712902	12.304038522483975	11.45563185236859	10.19448286296349	74.5261989828991	0.032279431531094464
 archi-vowels-HDK.wav	éˤ	18	15.987	243.9167089153326	569.171	2428.586	3149.063	37.84857800946784	38.75625443566268	36.13819093588126	28.816096511130755	40.755573887306596	43.313502795103815	33.28303189372499	23.917020653319128	39.6868969157523	50.24621080677491	31.93774126848	50.24621080677491	42.79135072485942	42.08499774126122	51.215255623759376	113.82773552658207	187.67187632034833	-0.9076764261948398	2.618063499781421	9.032481498337088	-2.906995877838753	-5.464924785635972	9.36601124040586	-10.559313891022612	18.30846953829491	-10.559313891022612	-3.1044538091071203	-2.3981008255089193	27.296	32.38831612147578	28.4272308831722	23.490180747163706	16.12792490347283	81.07478762650983	0.07209992376224222
 archi-vowels-HDK.wav	éˤ	18	16.039	238.55961219970732	550.82	2475.289	3142.419	39.85778253701385	40.25305281050044	38.9835379430867	30.92185331552942	40.298662317778394	43.665547607586156	29.753733763170445	30.08767880785349	41.7300554855801	52.17585475816762	34.37509476351795	52.17585475816762	41.35405744372875	42.93514508560659	50.29160588224193	116.51167163340754	184.74105578857038	-0.39527027348659516	1.26951486741374	8.935929221484425	-0.44087978076454704	-3.8077650705723087	-0.33394504468304476	-10.445799272587514	17.800759994649667	-10.445799272587514	0.37599804185135355	-1.20508960002649	26.302	27.87209752466371	23.989538378538313	22.035010798863826	16.425394175280456	82.26582755835227	0.08937729816453899
 archi-vowels-HDK.wav	éˤ	18	16.091	226.97995957544703	527.437	2443.266	3222.24	37.16444317360617	43.85228370781249	35.097902834046295	34.302057176168596	40.51750641467998	45.554753623121684	31.47940389702359	23.71864377494825	39.005457524299906	55.454398370508116	30.547184040760136	55.454398370508116	41.33193742145808	41.999240900374126	48.57311647262747	110.88441265719803	189.10236312650198	-6.687840534206316	8.754380873766195	2.8623859974375776	-3.353063241073805	-8.39031044951551	7.7607601220753395	-16.44894084620821	24.90721432974798	-16.44894084620821	-2.3264798971581726	-2.9937833760742194	27.831	30.27192951832486	27.179910152994545	21.389276915573646	17.02380309724843	83.7772843455778	0.08525283756397864
 archi-vowels-HDK.wav	éˤ	18	16.143	215.87118810693082	495.091	2129.577	3287.344	40.56282853414069	39.30360832050778	28.060593667827966	30.35797566929043	27.1973442211032	35.4078517329794	27.837220369428422	22.898025532503105	42.47019443883613	51.571113793859325	23.436960964198622	51.571113793859325	30.39402780816667	25.015355873247223	45.6287678657516	85.51242493720734	191.708031525339	1.259220213632915	11.243014652679811	10.204852864850263	13.365484313037491	5.15497680116129	4.939194836925317	-9.100919355023194	28.134152829660703	-9.100919355023194	12.076166630669462	17.454838565588908	17.888	17.312761894389592	16.47304316851191	14.671485138622526	13.062633540204029	78.70426164412179	0.09579892541741099
archi-vowels-HDK.wav	éˤ	19	16.789	239.64070227587905	568.588	2379.607	3145.05	22.915888597572934	28.31978389281307	16.360297384993896	17.60740431593261	25.168552626505353	29.941336532288428	16.626131226719238	9.45778106891526	24.69165732372954	39.13046925079027	12.609344606911348	39.13046925079027	27.77676507919539	28.01501482073251	50.732989035786574	108.7077826721835	185.4795629831847	-5.403895295240137	11.959486507819175	5.308484281640325	-2.2526640289324185	-7.025447934715494	7.168350157803978	-14.43881192706073	26.52112464387892	-14.43881192706073	-3.085107755465849	-3.32335749700297	19.152	14.909715048038546	7.920982609848956	7.411142111780328	5.832035660817975	68.29740407424933	0.045584274611885224
 archi-vowels-HDK.wav	éˤ	19	16.833	261.36490313805	555.759	2399.998	3164.052	29.763652794888415	31.00028938949823	29.953963952513387	27.122413650288035	28.887107271955642	33.14742842247553	24.4953530674133	24.35483244583957	32.02011173296418	48.05551090944146	23.71838229492731	48.05551090944146	30.46386063082945	30.360003489794153	52.88913694595116	115.6030346266161	196.54394450437528	-1.2366365946098163	1.0463254369848443	2.6412391446003802	0.8765455229327728	-3.383775627587113	0.14052062157373157	-16.035399176477277	24.33712861451415	-16.035399176477277	1.5562511021347305	1.6601082431700291	24.714	24.390936713841764	27.546363464635398	26.569179654890487	22.2601138407649	77.12956202595291	0.08846712205410376
 archi-vowels-HDK.wav	éˤ	19	16.877	269.5844834245231	591.6	2312.968	3195.212	32.00731473565921	34.09764459939378	37.86692736508454	27.658059703851325	27.19211077643653	43.23356539793028	29.413185586489682	24.573846047228315	34.13249309074578	48.990329335095666	32.704572500905186	48.990329335095666	30.693788425181268	39.37544267424261	54.44820288161622	110.12956987243955	203.75717652053297	-2.090329863734574	-3.769282765690761	4.349255031807882	4.8152039592226785	-11.22625066227107	4.839339539261367	-14.857836244349883	16.28575683419048	-14.857836244349883	3.438704665564515	-5.242949583496831	29.961	30.715816176920995	32.71930196979702	28.4482582115073	21.43647855023365	79.35710858976596	0.09882198229739247
 archi-vowels-HDK.wav	éˤ	19	16.921	273.613082090112	566.724	2224.438	3210.44	31.43740181917622	32.24279563059024	37.44351545011226	30.554030700678275	29.78347096656006	46.704606994852554	32.07104262391641	22.447561981247432	33.85477745014225	51.509295105765915	31.160951193412178	51.509295105765915	33.37019450097418	40.36207040200061	54.44748452324924	103.90032028816768	207.34526591993924	-0.8053938114140173	-5.200719819522021	0.8833711184979443	1.6539308526161598	-15.267205175676335	9.62348064266898	-17.654517655623664	20.348343912353737	-17.654517655623664	0.48458294916807176	-6.507292951858361	25.755	31.0329500248574	36.36481154513797	29.180139813151612	26.30775356914956	81.14999332259912	0.12243283407119114
 archi-vowels-HDK.wav	éˤ	19	16.965	274.41302717681924	574.445	2146.593	2988.484	31.692528314335966	32.55473416467638	39.2613845573061	29.954564936483273	22.48563411972591	37.369608936368024	28.434368973822885	18.69600068368396	34.06641351565716	51.05266495809532	33.45595973162781	51.05266495809532	27.15847130287181	34.32976969234862	54.68011802737505	98.22034586439037	180.5286122006157	-0.8622058503404162	-6.706650392629719	1.7379633778526937	9.206894194610058	-5.677080622032058	9.738368290138926	-16.98625144243816	17.596705226467513	-16.98625144243816	6.9079422127853505	-0.2633561766914596	35.446	34.62307568850633	36.88932269720783	31.593514405674682	24.00488460159078	80.34823589922114	0.1212663344826721
archi-vowels-HDK.wav	éˤ	20	17.865	245.91610572129602	547.868	2306.045	2960.832	23.932401078315742	25.733081517020544	20.53051951127414	18.437232932105328	19.01364288986097	33.07180784682268	21.569022801980786	19.876496954136186	25.970753354971553	39.579991895200926	15.357209505419062	39.579991895200926	21.599284497580147	33.126535880097386	51.04175711957945	104.26128896795224	167.0506339405593	-1.800680438704802	5.202562005746405	5.495168146210414	4.91875818845477	-9.139406768506937	1.6925258478445997	-13.609238540229374	24.222782389781862	-13.609238540229374	4.371468857391406	-7.155782525125833	22.414	13.547844366924224	10.828147169240872	10.110034110640054	7.188251361417935	70.12029500537727	0.04532866819956771
 archi-vowels-HDK.wav	éˤ	20	17.915	262.1311385081484	536.921	2500.801	3131.877	29.66727193411335	29.258676872401143	31.647649119868426	28.436676042150815	38.069931637303995	39.28745941150839	23.73193177350863	22.998719730636203	32.10617501950023	49.05053456478056	24.373189018741535	49.05053456478056	37.96702318281251	38.3816322815938	52.594610860176424	124.85036363627272	192.96624105918397	0.4085950617122087	-2.388972247467283	1.2305958919625368	-8.402659703190643	-9.620187477395035	0.7332120428724274	-16.944359545280335	24.677345546039028	-16.944359545280335	-5.8608481633122835	-6.275457262093575	27.687	24.42816448732449	28.225665666362826	26.219869380706502	19.62595424400397	78.5988679719708	0.09713292488887594
 archi-vowels-HDK.wav	éˤ	20	17.964	269.41587944633204	561.423	2456.906	2917.019	30.072025602788937	31.047038917714055	36.478388951462534	28.872849305693755	36.67496206849146	33.30965890750802	26.767356401672366	26.09515828954563	32.43071357561795	49.71970018050284	29.788326085839007	49.71970018050284	37.704558063173074	37.704558063173074	53.88376938358535	122.65657082847599	170.42257617108302	-0.9750133149251177	-5.43135003374848	1.1991762970951818	-6.602936465702523	-3.237633304719086	0.6721981121267362	-17.28898660488489	19.931374094663834	-17.28898660488489	-5.273844487555124	-5.273844487555124	27.864	27.985860987067653	34.689790432589305	28.733593552868367	23.663974233761643	79.59786306611076	0.09344148305838092
 archi-vowels-HDK.wav	éˤ	20	18.013	265.5857685915262	589.688	2637.88	3093.138	29.891602981471237	32.93703407770028	35.859816142362035	25.73126652204476	38.33901721939539	31.175958235197207	24.561962146465575	26.254426464083238	31.934661344544594	46.96932906685616	30.397542646103005	46.96932906685616	38.51468429027336	35.762643961632335	53.971125703046404	139.07717943640523	189.67532439432702	-3.045431096229045	-2.922782064661753	4.160336459426478	-8.44741423792415	-1.2843552537259697	-1.692464317617663	-15.034667722311568	16.571786420753156	-15.034667722311568	-6.580022945728764	-3.8279826170877413	28.879	36.24787521853633	30.056060312024698	26.549378956606752	23.6140141116081	77.37787148423251	0.08226776377955244
 archi-vowels-HDK.wav	éˤ	20	18.063	261.72541298274786	570.879	2177.059	3078.911	30.39720324096137	30.981233887983432	32.17903016714762	25.037567808966365	26.454869438944986	39.74146619407405	29.472347097645198	25.152640510242872	32.55703096276291	46.29053466491693	27.02070915367992	46.29053466491693	30.902969685531115	35.49669983111034	53.2124848091584	97.88173012893793	186.47705644415282	-0.5840306470220611	-1.1977962791641907	5.359635431995006	3.9423338020163854	-9.344262953112679	4.319706587402326	-13.733503702154024	19.269825511237013	-13.733503702154024	1.6540612772317935	-2.9396688683474324	27.806	32.71319205693204	28.88812908182792	24.32312919683479	17.650467956707075	76.36601096490381	0.07708885057542089
archi-vowels-HDK.wav	éˤ	21	19.21	276.25128397377426	579.359	1788.316	3237.171	36.25151717070688	33.88359106514742	37.27694647328475	31.084085337623485	33.37932086285192	51.00922811151242	42.91826734191296	20.499119396751947	38.68282638529938	52.52700557381865	33.05605084330898	52.52700557381865	42.16848135776125	38.35973550377298	54.97333162930832	77.11424844048905	211.8438354981463	2.3679261055594623	-3.3933554081373316	5.167431833083398	2.8721963078549635	-14.757710940805538	22.41914794516101	-13.84417918851927	19.470954730509668	-13.84417918851927	-3.485654972461873	0.3230908815263973	25.314	22.069358156506937	22.02545855225067	18.90731505414535	17.40511534875398	82.39172172003467	0.05347555830338622
 archi-vowels-HDK.wav	éˤ	21	19.256	258.59918211960183	608.038	1926.358	3128.153	38.68384229568431	38.04187514840211	38.96471039578216	27.470426099660592	39.20532042689341	44.8493364966043	47.688513594806885	12.308624105311303	40.563592628427976	49.51754824526988	36.39039689805092	49.51754824526988	47.688513594806885	37.116904029924434	53.49069670219529	81.29268291673225	191.10772137233778	0.6419671472821946	-0.9228352473800499	11.213416196023715	-0.5214781312091006	-6.165494200919994	35.37988948949558	-8.953955616841903	13.127151347218955	-8.953955616841903	-7.124920966378909	3.446688598503542	25.493	27.925176515909552	21.750049847140414	15.638161313640492	14.976345934693121	82.55575471852515	0.058704087866803166
 archi-vowels-HDK.wav	éˤ	21	19.301	245.59955069240215	737.241	2050.029	3224.85	40.860928205729806	40.71019104296993	31.184481954909536	26.016360562789803	33.883372682216056	41.33385331460852	44.96090295420181	21.52295870679491	42.00494061187513	46.284381524716984	35.63616588517145	50.01737876455691	44.96090295420181	37.46367406838654	53.55344818977929	86.21544097216092	197.29026331916552	0.15073716275987437	9.525709088060395	14.844567642940003	6.97755552351375	-0.4729251088787123	23.437944247406904	-4.2794409128418565	10.648215639545533	-8.012438152681781	-2.9559623423266856	4.5412665434885895	22.914	17.042010996555767	17.389137128416714	15.569737921577705	14.883384992698549	82.27370041017856	0.07102542610364204
 archi-vowels-HDK.wav	éˤ	21	19.347	240.32132897849422	729.188	2114.141	3125.399	43.24200702693105	39.049910305888176	31.97059763196374	24.18943448766184	33.621432042980246	38.53577919171275	43.840141272535995	17.07764717004561	44.35048807585012	44.42741118351063	36.596148386819905	48.10300131315295	43.840141272535995	37.26510283580397	52.87392455482761	89.29277133800436	183.4930770828627	4.192096721042873	7.079312673924434	19.05257253926921	9.620574983950803	4.7062278352183	26.762494102490386	-0.07692310766050525	7.831262796690723	-3.7525132373028285	0.5103468033141283	7.085385240046151	24.251	25.07192195209234	19.280045552488797	17.227688690477947	16.95516155893432	80.29069216603885	0.08349039121448054
 archi-vowels-HDK.wav	éˤ	21	19.392	226.1358179853736	720.552	2052.958	3307.307	39.03548341717767	38.629108226950095	30.42707707253901	10.258761235154115	29.453963931175377	30.770898491843287	42.37601726286079	17.777466991631076	40.039439699856054	43.38550425696347	37.038979742137826	34.39503091694944	40.41268665423492	25.521857747866928	51.1668106632212	82.7851336063382	198.53777368575834	0.4063751902275783	8.202031154411085	28.77672218202356	9.581519486002296	8.264584925334386	24.598550271229715	-3.346064557107418	6.346524514825646	5.644408782906616	-0.3732469543788639	14.517581951989126	0	23.77480144975491	14.407430667852587	12.677782883130934	12.06107147075228	75.74015998993488	0.05386467300547355
archi-vowels-HDK.wav	éˤ	22	20.116	248.5657773463828	566.053	1818.686	3246.16	32.63808190290966	29.248147046620954	29.939920511515567	20.494588216643837	27.779682823280016	47.72845510389205	33.997298991260465	17.968438999201375	34.648906385477034	42.18737634040884	26.660625842013324	42.19407420939413	36.2778509026892	35.44214315456842	51.6725715941021	74.19138209518823	201.10627582709324	3.3899348562887077	-0.691773464894613	12.143493686265824	4.8583990796296455	-15.090373200982391	16.02885999205909	-7.538469954931806	15.526750498395515	-7.545167823917097	-1.6289445172121688	-0.7932367690913864	19.063	15.187757459993378	16.379608531761633	13.090244810053504	12.48089310474289	74.5076823749131	0.028572704354496638
 archi-vowels-HDK.wav	éˤ	22	20.157	248.39323183991038	676.2	2105.135	3057.186	36.50306733185411	37.197555858773704	32.09039505602495	18.212720803425054	29.026975421549135	41.85245945740676	36.84599054482153	18.44895482891288	37.87831543143195	44.35731394248944	33.000116910848874	41.254815838269614	37.72539810306096	40.20027640697333	53.25341679515437	90.26240996368418	178.81911079418933	-0.6944885269195922	5.107160802748751	18.29034652842906	7.4760919103049766	-5.349392125552647	18.397035715908654	-6.47899851105749	11.357197031640567	-3.376500406837664	0.15291732837098948	-2.32196097554138	31.725	29.710988359385205	28.013354109011793	23.015875062741266	18.966512317252068	77.09779469128415	0.040242413730917914
 archi-vowels-HDK.wav	éˤ	22	20.198	248.73775305553332	741.527	2199.39	3071.277	37.01620403541425	37.58439979359396	30.493539914937873	20.848236660251732	33.9387602514994	40.399400388122686	41.94386406637585	19.529635674539744	38.161487624539845	43.196691785142114	34.39936574767649	44.68057194877261	43.3587030840296	41.653129399491405	53.95274669502298	96.83738109750003	180.56964771716585	-0.5681957581797121	7.090859878656087	16.167967375162515	3.0774437839148447	-3.3831963527084383	22.414228391836108	-5.0352041606022695	8.797326037465623	-6.5190843242327645	-5.197215459489755	-3.4916417749515603	25.004	27.68273388652775	20.96697171711549	17.57012248254918	15.755582395369323	78.95142200289071	0.04102228231762057
 archi-vowels-HDK.wav	éˤ	22	20.239	242.52727501270851	679.838	2235.095	3069.483	40.51587704574324	37.553191087601064	20.700230401655148	21.440620622021722	35.19266559571025	39.986873473754194	42.64897570162596	25.327815981428824	41.79619450070685	44.089125380484326	22.200378418514006	44.52921404187119	42.64897570162596	40.383038187905086	52.62742633237884	98.1361193121845	177.97346090204903	2.962685958142174	16.852960685945916	19.075256423721516	5.323211450032986	0.529003571989044	17.321159720197134	-2.2929308797774794	21.88874696197032	-2.733019541164346	-0.8527812009191109	1.4131563128017604	21.907	14.515126008392876	15.730650211843047	12.047591561682125	10.152089167578719	79.2327611258942	0.05959913211721477
 archi-vowels-HDK.wav	éˤ	22	20.279	226.2905355213924	694.393	2184.84	3315.231	38.89140628793429	38.33363456688237	30.621586441313447	20.539296938615074	31.943060162345493	40.582086966795835	37.99386868399911	23.601469587124623	39.95694126601218	43.48436173772094	35.33059995776669	44.17729570088532	40.675346879175734	36.35633305350336	50.932262417944706	91.20724131518578	199.52870993040924	0.5577717210519211	7.71204812556892	18.352109349319214	6.948346125588795	-1.690680678861547	14.392399096874488	-3.5274204717087585	8.153761779954252	-4.220354434873137	-0.7184056131635543	3.600608212508817	24.193	17.345425785974413	16.061871518275765	11.924676847309028	8.266624153179874	76.34969839469179	0.05208521170494551
archi-vowels-HDK.wav	éˤ	23	20.999	281.61325109289925	578.446	1934.999	3215.448	36.772991556270924	30.332586337188843	36.80628565896836	29.262771424963386	33.67505156416588	48.347970822031556	40.69968079327918	25.455769745961515	39.28795868391041	50.45184548808205	31.512160602508466	50.45184548808205	40.69968079327918	37.97605384451328	55.55056687652016	85.70223459862217	211.34616243906657	6.440405219082081	-6.47369932177952	7.510220131307538	3.0979399921050472	-11.574979265760632	15.243911047317663	-11.16388680417164	18.939684885573584	-11.16388680417164	-1.4117221093687675	1.3119048393971298	24.185	14.112196298675272	18.085115090677334	15.048102380983545	13.09897787947043	77.74323675420692	0.041806013585452315
 archi-vowels-HDK.wav	éˤ	23	21.053	264.7070801417803	645.89	1967.331	3097.141	34.79441427568112	36.47380524370149	37.26068390444805	23.40499865838601	28.686867074468474	41.8590071871853	37.76466227341427	20.453522087667878	36.5411042525857	46.59126547251168	35.704052391897406	45.85753239797097	37.76466227341427	36.24856768829702	54.72475825301717	84.6701674181096	189.8118746386211	-1.6793909680203711	-0.7868786607465594	11.38941561729511	6.107547201212647	-7.064592911504178	17.31114018574639	-10.050161219925982	10.887213080614274	-9.316428145385274	-1.2235580208285697	0.2925365642886746	25.63	29.026600114632195	25.688920418069397	21.063889861325322	18.163524953049958	78.09993577850204	0.040728989019889
 archi-vowels-HDK.wav	éˤ	23	21.106	265.78541241074277	670.372	2051.61	3028.415	36.01790345894676	37.82473132159492	37.826977439732566	23.560749412425697	30.85019468984615	39.09399172213418	39.672311291327304	17.584543016589016	37.642670456803884	46.885734294566774	36.94897538170902	46.25761143341304	39.672311291327304	36.683397369880495	55.16058132681847	90.05535338885481	182.05444810305661	-1.8068278626481558	-0.002246118137648523	12.457154046521065	5.167708769100614	-3.0760882631874154	22.087768274738288	-9.24306383776289	9.936758912857755	-8.614940976609155	-2.02964083452342	0.959273086923389	27.675	30.220318427123964	27.252653268676703	25.01283947615765	21.81934082318726	78.62384570845775	0.04154041959196245
 archi-vowels-HDK.wav	éˤ	23	21.16	260.1607826090925	722.992	2248.951	3201.613	39.97541833548935	37.51341694550476	31.35574820260998	20.684601702443718	29.7962762730933	30.664239188638987	34.408314630128395	7.802316418716005	41.292236101204914	44.2660851244494	32.848251983869964	44.015203692343235	37.95850339503406	29.495623212423105	55.09301404434247	102.94005595567508	200.6159123121641	2.462001389984593	6.157668742894778	19.290816633045633	10.17914206239605	9.311179146850364	26.60599821141239	-2.973849023244483	11.417833140579432	-2.722967591138321	3.3337327061708564	11.796612888781809	23.668	19.213297637925898	15.620788816691569	14.847676870783289	13.357202216781342	77.92939248796806	0.06530080955388033
 archi-vowels-HDK.wav	éˤ	23	21.214	250.10959970581456	783.825	2194.195	3318.726	40.407474645438754	27.47592171384913	28.2498832947699	20.861996327407827	30.76500759609482	34.73421095808689	41.31338894635355	10.207488210432306	41.45134094848525	32.45653590488774	34.26239516703293	45.233054515719466	41.31338894635355	32.342289548695035	54.45986486051246	96.74584933820988	210.60673812627348	12.931552931589625	-0.7739615809207727	19.545478318030927	9.642467049343935	5.673263687351863	31.105900735921242	8.994805043597516	-1.8058592621451908	-3.7817135672342133	0.1379520021317049	9.109051399790218	0	23.34434120753484	20.28149816088178	15.058170778659523	14.024354793647124	76.77813076632563	0.0631056528190789
archi-vowels-HDK.wav	éˤ	24	21.92	247.8762497386869	589.538	1878.37	3173.784	31.104279254985737	27.254380359934014	20.943239578924505	16.23343854857462	19.645002713901675	38.69826054876064	26.40106674975833	10.529478072392624	32.93555529397241	38.24641602324498	18.554560697043883	38.24641602324498	28.26950110825694	29.15094151973296	52.0003188437926	76.97167605141705	192.1846141664712	3.849898895051723	6.3111407810095095	14.870840706411116	11.459276541084062	-7.593981293774906	15.871588677365704	-5.310860729272569	19.6918553262011	-5.310860729272569	4.666054185715474	3.784613774239453	27.002	0.7314932297883524	2.3099885911639113	2.3380945333970047	3.628553730362876	69.13149466591958	0.029294533125808365
 archi-vowels-HDK.wav	éˤ	24	21.967	245.41009359390463	649.994	1978.142	3147.04	34.32086926859955	35.81155406350666	27.63641027336122	16.918229827091114	28.52575148010724	39.88487897050005	37.955154119668904	8.714763648296111	35.78488567434556	43.59826289320952	27.947731740904228	39.77080654485038	37.955154119668904	34.02641132316318	52.59866092761049	81.91115228335936	188.0398642557058	-1.4906847949071107	8.175143790145441	17.402639441508438	5.795117788492313	-5.5640097019004955	29.24039047137279	-7.8133772188639625	15.650531152305295	-3.9859208705048204	-2.1702684453233445	1.7584743511823788	28.339	32.79763471316054	30.864504723688263	25.4228645982832	23.077296236367033	75.2462670304823	0.04302770640648547
 archi-vowels-HDK.wav	éˤ	24	22.014	247.0654844810933	667.237	2165.143	3075.873	36.89823845831225	35.519778706304315	34.898824244550084	17.91248583448814	28.715048521394618	36.1367594916193	36.46621906743523	20.659053457535745	38.28711344229192	42.80615620281131	35.39346174786311	40.80131336653402	36.506546238107646	34.848977222939666	52.997957118428154	94.06834467097073	180.4530405424722	1.3784597520079345	0.6209544617542306	18.98575262382411	8.183189936917632	0.7614789666929482	15.807165609899489	-4.51904276051939	7.412694454948202	-2.5141999242420994	1.7805672041842726	3.438136219352252	26.534	34.38520006613588	30.796733866730307	24.622334234479283	21.141676005547115	76.47987860864481	0.05221261306064334
 archi-vowels-HDK.wav	éˤ	24	22.062	243.95066901280217	667.701	2164.673	3162.121	37.30302374655484	38.068769390012164	30.651694623178642	18.91348932433614	35.50260730219489	40.9897758726049	43.37059775708453	20.385557807871834	38.65301130255015	45.07733646927968	31.519620599431523	41.867094985497424	43.37059775708453	38.12743673803757	52.64998688819928	93.40849914458491	189.2080476049999	-0.765745643457322	7.417074766833522	18.389534422218702	1.8004164443599535	-3.6867521260500595	22.985039949212698	-6.424325166729531	13.557715869848156	-3.214083682947276	-4.717586454534384	0.5255745645125813	29.292	34.64812473435824	28.675674610748693	22.059255409558215	19.759640614659425	78.56494591427756	0.0597327056837047
 archi-vowels-HDK.wav	éˤ	24	22.109	236.24591342737918	715.794	2162.451	3341.358	38.56568823340127	30.45586121650127	26.975391038514545	17.4475771509274	30.89857199496464	42.547985564807576	37.471286905047734	16.963751856161196	39.66841986500293	35.81552104758501	31.37082132263639	41.205690594475456	40.28071536874579	37.93385327731565	52.281379567035934	91.70631327807965	207.099219726348	8.109827016899999	3.4804701779867244	21.118111082473867	7.667116238436627	-3.9822973314063077	20.507535048886538	3.8528988174179233	4.444699724948617	-1.5372707294725245	-0.6122955037428568	1.734566587687283	22.972	24.097842605917176	17.802738390190992	14.279204276751523	12.058355133822298	76.31249139253781	0.05660977170801462
archi-vowels-HDK.wav	ó	25	22.886	309.4393784228642	620.615	1186.931	3096.828	42.71274933752929	33.73947775239292	28.38253015873596	33.71859252811042	21.808058995143618	50.145396256902785	16.866636895993366	11.066036288931812	45.78371386351159	56.893641511057865	38.64518089967424	56.893641511057865	38.64518089967424	31.175721203052177	59.38351174848023	64.63005128392143	207.2880989821708	8.973271585136366	5.356947593656962	8.994156809418868	20.90469034238567	-7.4326469193734965	5.800600607061554	-11.109927647546272	18.248460611383628	-11.109927647546272	7.138532963837356	14.607992660459416	22.876	25.938411515641153	25.54523901192792	25.53147974119387	25.30605675761074	84.76065310506259	0.1233063993838253
 archi-vowels-HDK.wav	ó	25	22.944	316.0394452113944	632.682	1274.614	3142.158	39.212396256227	35.15818913717337	20.222906316379117	35.155183717384645	20.040624290772392	52.349932330399184	20.896471894067954	11.616744948603142	42.23414252480388	58.04701939794879	36.01142458286879	58.04701939794879	36.01142458286879	34.415257489105755	60.31827953872319	66.6856351397003	215.92051252175133	4.054207119053629	14.935282820794257	4.057212538842357	19.17177196545461	-13.137536074172182	9.279726945464812	-15.812876873144909	22.035594815079996	-15.812876873144909	6.2227179419350875	7.818885035698123	26.345	40.94863249744091	33.09719785729553	33.0059651176522	32.93136062271866	85.78313676069554	0.09899401350556442
 archi-vowels-HDK.wav	ó	25	23.002	311.6047584160206	634.166	1262.57	3147.617	38.37250031699311	34.856840310876194	31.038175800315422	34.285925075542444	30.458748407532234	44.93154125888296	14.892826690038456	17.86218821771135	41.29749395463936	57.334669878057824	46.716850528044944	57.334669878057824	46.716850528044944	26.833471274776628	59.84232527237417	65.94299234389115	214.86144419401313	3.515660006116917	3.8186645105607724	4.086575241450667	7.913751909460878	-6.559040941889847	-2.969361527672893	-16.037175923418467	10.61781935001288	-16.037175923418467	-5.419356573405587	14.46402267986273	28.362	42.26434315065202	31.030482171821934	30.98407189139637	30.598790749152624	85.34834326064896	0.08647256286807505
 archi-vowels-HDK.wav	ó	25	23.059	265.82212667205846	637.317	1201.344	3243.799	30.14221629142549	37.91436235638829	37.118833116174	26.26228523175383	27.38283214555627	51.63212706264008	16.813804882649798	24.640211312645505	32.22773346628139	49.880707859065005	45.2117237214759	50.471297645217284	45.39358726148764	32.00359722833363	54.73293598301148	59.47095377574745	208.2179916646766	-7.772146064962797	0.795529240214286	3.8799310596716623	2.7593841458692197	-21.48991077121459	-7.826406429995707	-17.652974392783612	4.668984137589106	-18.24356417893589	-13.165853795206246	0.22413623794776072	17.552	15.416175180184833	8.03698213847347	8.059825632106678	7.877706367642424	80.85154553425869	0.05269709567801961
 archi-vowels-HDK.wav	ó	25	23.117	369.21015823785154	641.846	1525.175	3399.667	26.04249519230243	-6.414137663652063	7.841933519524424	10.757006738666103	13.73956536820705	40.226591944393995	16.427486902720307	13.056347464540703	30.01384835704442	5.248439997847594	17.103889633028327	32.174114664553294	26.108669487633264	21.873980138396213	66.45672844837065	79.74323048093763	276.5265181618039	32.456632855954496	-14.256071183176488	15.285488453636326	12.30292982409538	-14.184096752091566	3.371139438179604	24.765408359196826	-11.855449635180733	-2.1602663075088735	3.9051788694111558	8.139868218648207	0	4.638349315655155	-0.10289099742898453	-0.21364628445623485	-0.4937200635868141	69.81666896801612	0.011806013080354557
archi-vowels-HDK.wav	ó	26	23.953	288.7981434050473	583.157	1155.496	3095.893	36.10195695450788	29.28528694042624	17.694005347482168	29.105211868744107	17.700819400031214	27.508411840630984	9.12580496296025	-6.750288134610136	39.0830413676193	51.962055548566674	33.86345135590412	51.962055548566674	33.86345135590412	7.229768792370896	56.43323504264837	61.75918746162323	199.08889170365222	6.816670014081637	11.591281592944071	6.99674508576377	18.401137554476662	8.593545113876893	15.876093097570386	-12.879014180947372	18.098604192662556	-12.879014180947372	5.219590011715184	31.853272575248404	26.763	30.857888679453836	25.66183814371241	25.656642927489017	25.627853474281657	79.00222321194632	0.10749593641163331
 archi-vowels-HDK.wav	ó	26	24.003	283.24354612884076	576.212	1143.659	3106.661	34.245574865309294	33.36312139394	35.07443832409256	32.8386255363924	34.83000731668794	47.01509626917032	10.802445746048054	-0.6982967003719264	37.17517226705663	55.696464666992405	50.97603198769059	55.696464666992405	50.97603198769059	26.24988251751903	55.68973358746558	60.96296018279912	198.2576360501519	0.8824534713692955	-1.711316930152563	1.4069493289168946	-0.5844324513786461	-12.769521403861027	11.50074244641998	-18.521292399935774	4.720432679301815	-18.521292399935774	-13.800859720633959	10.925289749537601	28.484	29.86913987071197	33.10034578026605	33.08245966293327	32.92802303738581	83.25671915084769	0.12008425963440636
 archi-vowels-HDK.wav	ó	26	24.054	292.13121442825457	592.02	1170.569	3114.982	34.52373627369047	31.073108836748965	33.68877375597598	30.742087498488978	33.71834174700659	43.82327983455535	7.712096606289958	9.87776347475117	37.483427107085845	53.66147301590455	49.9639770776568	53.66147301590455	49.9639770776568	23.739904475036347	56.963157576234	62.32879944539084	202.81729769380456	3.4506274369415024	-2.615664919227015	3.7816487752014893	0.8053945266838767	-9.299543560864883	-2.165666868461212	-16.178045908818703	3.697495938247748	-16.178045908818703	-12.480549970570955	13.743522632049498	26.031	32.577295763607	28.727274006912985	28.721889240061877	28.664102894879527	82.5726708415936	0.11654570580095071
 archi-vowels-HDK.wav	ó	26	24.105	272.20625236828533	584.352	1119.037	3221.951	30.701721478481964	32.61184461921329	32.72834582248019	27.52644343937836	30.418133938425804	47.392787174401874	13.860905886499326	23.559632385832803	33.338263942457445	50.89586157187704	47.44222982279888	50.89586157187704	47.44222982279888	24.98327077738347	54.61403922640376	59.391559667542445	208.19976290556195	-1.9101231407313222	-0.11650120326690683	3.1752780391036026	0.2835875400561605	-16.69106569591991	-9.698726499333477	-17.557597629419597	3.4536317490781627	-17.557597629419597	-14.103965880341434	8.354993165073974	20.412	20.44949217713271	17.938286269086966	17.881201938171664	17.767191488543684	81.45978393794181	0.10323604726690866
 archi-vowels-HDK.wav	ó	26	24.155	218.90753683973946	656.471	1459.761	3364.199	28.03622999978103	34.81131920342436	11.85929816556617	18.256115364019603	16.92768291826825	44.01366248745392	23.091443696326742	31.066534661088134	29.253583587634466	40.699009706827844	17.867854800505	42.65789391528784	33.11189438558219	28.1528965683674	49.68003000577132	57.84239182073736	201.86638884327428	-6.775089203643333	22.95202103785819	9.780114635761425	11.108547081512778	-15.977432487672893	-7.975090964761392	-11.445426119193378	22.831154906322844	-13.404310327653377	-3.8583107979477234	1.1006870192670668	0	12.587402767547179	6.0468194442291034	5.739004456032499	5.607648499789405	73.1887775479656	0.07170489765039832
archi-vowels-HDK.wav	óːˤ	27	24.823	261.4925074581595	551.721	1218.648	2875.653	29.470248975327475	29.624727349903555	33.75998304974685	26.23747092635686	17.757680728220418	45.90086890597379	11.53712591948054	4.314202486197671	32.069977844400704	48.62777244875708	36.982777010322806	48.62777244875708	32.31585212717129	29.617542396332794	52.82445915119872	59.14793797426663	163.03865228667414	-0.1544783745760796	-4.135255699843295	3.2327780489706157	11.712568247107058	-16.430619930646312	7.222923433282868	-16.557794604356374	11.644995438434272	-16.557794604356374	-0.2458742827705862	2.4524354480679094	23.26	24.05398517882823	18.074719197326033	17.971149757281818	17.662924565884847	78.02122122578513	0.07322902176755706
 archi-vowels-HDK.wav	óːˤ	27	24.889	276.16106544656355	561.272	1127.348	2885.614	29.538250763383047	31.24053504910996	29.98507044991576	30.777063211231415	28.574556824353216	27.547686959537213	13.569305384574779	-1.498499518337655	32.4603463822396	53.50553618059057	44.46547778140734	53.50553618059057	44.46547778140734	9.532808112741876	54.623460303916694	59.94646765981314	169.1466911594349	-1.7022842857269112	1.2554645991941982	-1.2388124478483675	0.9636939390298309	1.9905638038458342	15.067804902912433	-21.045189798350968	9.04005839918323	-21.045189798350968	-12.005131399167738	22.927538269497724	24.971	28.220932805550287	26.46943960256187	26.43611252988695	26.32846659354343	82.94123999527758	0.10569494029580971
 archi-vowels-HDK.wav	óːˤ	27	24.956	286.6879515876416	590.269	1202.309	2984.238	35.04357343210784	34.61701088839488	32.35009709142513	33.25324125767485	27.407098240312997	29.7735492976072	15.926899724987596	7.507095949110609	37.8679773064742	56.074686425954724	43.24168263206641	56.074686425954724	43.24168263206641	12.254688391185066	56.3268490016473	62.03703640372499	184.49560186407456	0.42656254371296143	2.266913796969753	1.79033217443299	7.636475191794844	5.270024134500641	8.419803775876986	-18.20670911948052	12.833003793888317	-18.20670911948052	-5.373705325592205	25.613288915289136	25.223	27.161680391150142	28.159775919521245	28.129308215218146	28.117022327804328	82.76168637680709	0.12053986253420587
 archi-vowels-HDK.wav	óːˤ	27	25.022	287.1238784445119	588.422	1173.028	4239.388	34.658826437478794	32.4790801089903	31.064405194184957	31.466446762124306	29.521893727710946	54.05616281145616	21.027694503032745	-1.022793444914497	37.53595532364952	54.37974760445979	45.67678510756341	54.37974760445979	45.67678510756341	20.372276691251226	56.342481657003816	61.746799483256666	362.219805830779	2.1797463284884913	1.414674914805346	3.1923796753544877	5.136932709767848	-19.397336373977367	22.050487947947243	-16.84379228081027	8.702962496896376	-16.84379228081027	-8.140829783913894	17.16367863239829	24.168	39.65759034072346	35.859605161374134	35.69679890879155	35.68752704054263	81.54088193919378	0.10785272612985985
 archi-vowels-HDK.wav	óːˤ	27	25.088	285.92540191856887	605.992	1389.189	3216.523	36.10549840087718	34.69386904746624	40.007432627032586	30.811459387272937	22.809940533323253	45.22100031055669	27.329568064646047	3.8558466587232876	38.651024707765394	53.2732606598215	41.64020953645911	53.2732606598215	36.88918133762291	27.730679437011688	56.51107087302075	65.02817268487169	213.3017575998085	1.4116293534109445	-5.313563579566349	5.294039013604245	13.295557867553928	-9.115501909679509	23.47372140592276	-14.622235952056108	11.633051123362392	-14.622235952056108	1.7618433701424863	10.920345270753707	25.7	35.78082558473977	24.93401439836946	24.573039694526088	24.457685092729623	80.15593831999487	0.10804000020556997
archi-vowels-HDK.wav	óːˤ	28	25.766	245.25553485883222	549.204	1187.762	2969.403	28.544693862338708	25.5342025333349	34.83052770532376	17.593621823077704	13.575864105358434	34.60611263569133	8.413391207423615	8.411664721468407	30.839653087049438	40.30546762515997	37.9244037069932	40.34614446015808	28.722622931019405	16.504562887180366	50.99507855304244	56.80389573749703	167.7619066953269	3.010491329003809	-9.296325171988862	10.951072039261003	14.968829756980274	-6.061418773352624	0.0017264859552081901	-9.465814538110532	2.3810639181667668	-9.506491373108641	2.117030156030033	14.335090199869072	23.861	20.932083306295826	18.855069940084896	18.852218766770005	18.7685635030892	72.30109277820884	0.07982378048096285
 archi-vowels-HDK.wav	óːˤ	28	25.836	247.30181328619094	885.875	965.047	2936.728	30.919511956174517	36.20693111919114	12.96947975510259	7.362233384197445	8.168619590160574	29.3526316448117	17.132661151570506	9.625777667994566	32.21194801477757	42.08049585459129	47.12737723837819	47.12737723837819	47.12737723837819	16.37692440740755	54.81704533375838	55.290694325501136	164.88386886424067	-5.287419163016622	23.23745136408855	23.557278571977072	22.750892366013943	1.5668803113628158	7.50688348357594	-9.868547839813722	-5.046881383786896	-14.915429223600619	-14.915429223600619	15.835023607370019	24.749	36.02245709343309	30.149615339491376	30.09571281520185	30.00189967831176	76.90419907426198	0.09749101558823312
 archi-vowels-HDK.wav	óːˤ	28	25.907	246.32121875640888	960.256	1327.514	2742.194	31.797655936819336	38.79662532453743	17.421081243259874	15.214032839991066	-10.093059568405035	15.520018062834197	16.463981766471804	5.290235347138897	32.692638736267284	42.7309463934856	46.47037386518492	46.47037386518492	17.814091432179048	14.038239259651453	55.145722143649316	58.823799939948806	143.92794682373432	-6.998969387718095	21.375544081277557	16.58362309682827	41.89071550522437	16.27763787398514	11.173746419332907	-10.038307657218319	-3.739427471699315	-13.777735128917634	14.878547304088237	18.65439947661583	27.396	37.81082280056554	31.31770387710922	31.26457344838565	31.22986085435744	76.60742083639802	0.1011452381282793
 archi-vowels-HDK.wav	óːˤ	28	25.978	239.67241939587774	952.661	1334.177	2757.897	32.1675294083045	38.82286069943039	9.987257189471105	9.865869127710138	3.612989342650611	10.180364350347421	14.816433615759177	0.7695976883706281	33.01989463901211	42.55385568612223	40.94692841375999	40.94692841375999	31.2093887037337	8.493936487736082	54.31446854357687	58.094850076596096	143.45731370640527	-6.65533129112589	28.835603509959288	22.301660280594366	28.554540065653892	21.987165057957082	14.04683592738855	-9.533961047110125	1.6069272723622419	-7.927033774747883	1.8105059352784068	24.525958151276026	27.38	34.02252858065137	20.138371090163222	20.107213073075986	20.097079955937684	73.63439008346431	0.1042093588997823
 archi-vowels-HDK.wav	óːˤ	28	26.049	230.832965205451	575.034	1191.951	2846.049	31.15496094735215	32.972533814218465	18.961501338337197	19.62475883236864	-4.071961683707485	21.93013842004109	-2.8207495799287114	3.0955895602492625	33.00340939936167	43.18036692172857	22.930652483410366	43.18036692172857	12.318466620047154	6.978945562408336	49.87021269238717	55.08701113652834	149.59810596937263	-1.817572866866314	14.011032475881269	11.53020211498351	35.22692263105964	9.224822527311062	-5.916339140177974	-10.176957522366898	20.249714438318204	-10.176957522366898	20.684942779314518	26.024463836953338	26.224	24.070555720465737	20.653581519735546	20.48407531639785	19.72071511231908	70.7440906413847	0.0849575370010503
archi-vowels-HDK.wav	óːˤ	29	26.779	234.09583852317593	1123.914	2900.411	3880.423	29.797432231642382	43.15443307913489	24.522368664521178	8.02065679444354	3.6258272407077605	10.045939249461203	5.816881575237179	2.4934081180825727	30.239956251187596	45.04048922511882	35.699727141089156	35.699727141089156	14.155668548068244	14.909490330968415	54.83451456362207	156.36459452436864	274.0020577289716	-13.357000847492507	18.632064414613712	21.776775437198843	26.171604990934622	19.75149298218118	3.3234734571546065	-14.800532973931222	9.340762084029663	-5.459770889901559	16.08428770311935	15.330465920219181	26.702	31.960454822123282	26.92175240036315	26.92737229872622	26.82618833813414	73.23895673912232	0.09168610702171937
 archi-vowels-HDK.wav	óːˤ	29	26.849	235.3444171556115	1019.728	2774.11	4053.96	28.345171164813344	42.93531188215532	22.20859848191748	12.636858568744373	-0.9054355910733527	10.42755526287694	12.994757981390858	3.105374413757151	28.883517469371025	45.26930326341035	39.41371316699035	39.41371316699035	8.882883241464652	9.199967952769997	54.21238605486857	143.73529689926488	298.46778146568124	-14.590140717341974	20.726713400237838	15.708312596068971	29.250606755886697	17.917615901936404	9.889383567633708	-16.385785794039325	5.855590096420002	-10.530195697619323	20.000634227906374	19.683549516601026	27.697	43.301617017789404	31.631921230933916	31.584797697483374	31.532389442218953	74.21176188225996	0.087494540144382
 archi-vowels-HDK.wav	óːˤ	29	26.919	231.20215415415433	606.726	2358.858	4102.777	27.573117934334388	38.78176389921811	36.81857273781349	21.800831098087457	7.372886286348944	29.24320385964841	16.22728777769436	0.4671664091142673	29.012515014849388	46.5614523251634	35.83981102621694	44.02628480747354	11.560335445427217	13.404445760282947	50.40939566176676	105.06021938815171	302.5752397303464	-11.208645964883726	1.9631911614046231	5.772286836246931	20.200231647985444	-1.670085925314023	15.760121368580094	-17.548937310314013	10.721641298946459	-15.01376979262415	17.45217956942217	15.608069254566441	27.356	37.85994191825089	31.2858004676537	31.168664911358725	31.15304691975121	74.69219104643568	0.09404173312736872
 archi-vowels-HDK.wav	óːˤ	29	26.988	226.52862698778702	603.463	1494.591	2831.51	29.28980233480127	32.443855718149464	26.713458545253754	13.35269245629835	-1.8535846816117214	22.085428315597213	10.591497448264297	2.880954825424987	30.803872014207524	40.383003280034586	28.719360039995845	36.57972085699574	11.983161408872068	13.403233401530244	49.83938344353541	59.661610812380125	146.6943892614962	-3.154053383348195	5.73039717289571	15.93710987850292	31.14338701641299	7.204374019204057	7.71054262283931	-9.579131265827062	11.663643240038741	-5.775848842788218	18.820710605335456	17.40063861267728	36.083	31.986997349588115	22.281126712466968	22.2448855492932	22.217957419889665	70.77256877863897	0.08229027650984448
 archi-vowels-HDK.wav	óːˤ	29	27.058	210.67598492655335	552.729	1169.568	2950.05	29.421387169735056	24.91024129832575	10.508625557171179	8.053819878996833	2.9412683879835093	32.16299140214596	-1.72462795523863	6.8237198589573245	31.06309221087841	33.55321314742534	14.406967991070873	31.625302292422347	19.135521703735964	14.827524959776932	47.26706586791418	52.405885619033086	153.31503317978448	4.511145871409305	14.401615741154572	21.367567290738222	26.480118781751546	-2.741604232410907	-8.548347814195955	-2.49012093654693	19.146245156354468	-0.5622100815439381	11.927570507142445	16.23556725110148	0	15.441299235117192	13.727980952205678	13.710947059617805	13.291134579788427	66.71134094159564	0.06413481711364004
archi-vowels-HDK.wav	óˤ	30	27.607	287.8101497528951	602.756	1153.606	2786.759	21.922378218727015	15.141291082479661	2.8187430177702595	13.50553722075211	2.850973793367679	8.67969919118233	-0.9518341231097445	-8.721492100902903	24.70874046169349	35.552775328982385	19.83553001833168	36.82813327248994	19.83553001833168	-6.1458655308088765	56.66743989397294	61.619293814753334	161.72255746427024	6.781087136247354	12.322548064709402	8.416840997974905	19.071404425359336	13.242679027544686	7.769657977793159	-10.844034867288894	15.717245310650704	-12.119392810796452	4.87321044336181	30.854605992502368	24.973	9.236964036414468	7.674602704380359	7.6717554713653	7.668851986436756	68.42833043395305	0.018471272307006483
 archi-vowels-HDK.wav	óˤ	30	27.659	278.0542861286499	584.244	1124.845	2726.618	27.081398176679752	28.923313411924653	28.578188109377443	25.749181027166877	28.190379375442603	21.594537950107785	17.17033623990679	4.919624820552193	29.840243761995918	48.98046064337891	45.02202699437302	48.98046064337891	45.02202699437302	6.8607410332370815	55.260998756944396	60.151503275254065	152.03424785862674	-1.841915235244901	0.34512530254720986	1.332217149512875	-1.1089811987628515	5.486860226571967	12.250711419354595	-19.140216881382994	3.9584336490058902	-19.140216881382994	-15.181783232377104	22.97950272875884	27.102	30.913727625378165	25.935320251917776	25.919333229156614	25.917653301715088	79.89880450925604	0.0805264623868879
 archi-vowels-HDK.wav	óˤ	30	27.71	277.3264223135099	594.071	1116.676	2743.4	30.15469490505278	32.19493934249373	32.83261733115398	27.247052454618277	32.766803851135926	25.919571150405908	18.056541996438426	13.373396219166526	32.82472166956425	50.76698877286332	50.132432660520124	50.76698877286332	50.132432660520124	11.063298640294823	55.3516680644709	59.987617863427126	153.6285544286636	-2.040244437440954	-0.6376779886602506	2.9076424504345013	-2.612108946083147	4.235123754646871	4.6831457772719	-17.942267103299073	0.6345561123431978	-17.942267103299073	-17.307710990955876	21.761423029269423	28.972	38.49589059530497	32.299171975474295	32.25526143051503	32.219442936960895	82.73181185289282	0.1122235367147648
 archi-vowels-HDK.wav	óˤ	30	27.762	275.44170684553586	607.319	1125.341	2457.549	30.552125853705334	33.99294615715254	34.4228259412971	26.672655516395373	32.938018527661505	29.238980514490358	21.389832219434787	11.820490043554859	33.07330141272201	50.48227218651967	50.74056688178895	50.48227218651967	50.74056688178895	20.154528567864816	55.361522675111594	59.840632308903906	124.22643575367356	-3.440820303447204	-0.4298797841445605	3.879470337309961	-2.385892673956171	1.3131453392149766	9.569342175879928	-17.408970773797662	-0.25829469526927795	-17.408970773797662	-17.66726546906694	12.918772844857195	23.904	38.91722422662417	29.20818427203832	29.03512643000471	29.025131393136398	82.64102596110664	0.11550456207669361
 archi-vowels-HDK.wav	óˤ	30	27.813	256.58558119748693	666.625	1366.912	2537.034	32.22513806349391	34.733378531001435	24.785976172184174	17.648784997440472	12.593401954366847	24.424962350796157	20.26315882581544	4.0838812960757025	33.92231550852151	43.73594455718055	29.238734894924132	41.84489203000766	29.568698065742772	20.348547201436208	54.07077815233503	60.82345145165632	126.7751855322301	-2.5082404675075267	9.94740235881726	14.576353066053436	19.63173610912706	7.800175712697751	16.17927752973974	-9.813629048659045	14.49720966225642	-7.92257652148615	4.353617442778734	13.573768307085299	0	23.421274275012195	7.269687664124742	7.1845541909762165	7.143271710209181	73.7878249271145	0.09975717873684266
archi-vowels-HDK.wav	óˤ	31	28.476	268.8971730407859	1083.003	2758.913	4328.05	4.941860700503754	7.290551507702832	-17.517461103395526	-17.778396328639634	-18.748435310608805	1.157687925309446	-7.973177378339381	-5.969394049978609	5.577740799057268	10.085170008553346	9.028378695220095	9.028378695220095	-8.200176556065742	-3.408744559402068	58.6818981108297	152.6871758195977	363.6687786144379	-2.3486908071990777	24.808012611098356	22.720257029143387	23.690296011112558	3.7841727751943077	-2.0037833283607718	-4.507429209496078	1.0567913133332514	-3.450637896162827	13.777917355123009	8.986485358459337	26.531	2.088970898446375	-5.000990845516946	5.31178599346596	5.184065804219816	58.48803057770715	0.006232731855350456
 archi-vowels-HDK.wav	óˤ	31	28.529	251.7977695880445	998.91	2605.048	4214.869	29.082571510387957	37.41147045165143	16.72382805519822	16.349476048291535	-0.6311772028583142	14.66695381971508	13.285793692253826	0.07175523117762242	29.734291050000948	40.286496845167285	42.77983498536112	42.77983498536112	10.186827175720898	8.705172046616038	56.03477600474914	131.93643570563788	333.2142776411414	-8.328898941263475	20.687642396453214	12.733095462096422	29.71374871324627	14.415617690672878	13.214038461076203	-10.552205795166337	-2.493338140193835	-13.045543935360172	19.547463874280048	21.02911900338491	30.276	27.958955906610427	21.34271856411576	21.324333360835826	21.312926758489496	73.67662247309924	0.056022195150490506
 archi-vowels-HDK.wav	óˤ	31	28.581	254.02792947258828	1003.589	2956.28	4194.606	30.997081490582598	39.51631209287467	22.74237636247426	21.93392614315477	-0.39609527320312665	15.492534095412324	16.39157082717951	7.946363446763883	31.63656163172081	42.34558730942606	48.041835489924935	48.041835489924935	6.964006570353302	13.750436239943335	56.3299987963937	169.44714146271173	331.6827697571879	-8.519230602292073	16.77393573040041	9.063155347427827	31.393176763785725	15.504547395170274	8.445207380415628	-10.709025677705249	-5.696248180498877	-16.405273858204126	24.672555061367508	17.886125391777476	27.249	35.06523648349573	32.32590036957003	32.295820685265454	32.288325059776874	78.3227311137276	0.0739417840874653
 archi-vowels-HDK.wav	óˤ	31	28.634	248.0488375639589	1252.343	2899.579	4151.231	31.200055122766233	37.67900398748242	35.647084908224514	16.165196446412622	-5.891673811291554	15.674259134986254	15.277156002812262	7.474373884688504	31.612273148343505	39.422321444392225	45.28282159583901	44.69404334060797	6.641748731508251	18.14856729250252	57.921219669713025	161.07866354018765	321.0087431766852	-6.478948864716184	2.0319190792579036	15.034858676353611	37.091728934057784	15.52579598777998	7.802782118123758	-7.81004829604872	-5.860500151446786	-13.081770192264464	24.970524416835254	13.463705855840985	22.149	28.519570881801393	20.64146604425611	20.630415245447207	20.612973457044564	76.5637192789939	0.06806896720090613
 archi-vowels-HDK.wav	óˤ	31	28.687	240.08325743231555	1265.155	3110.762	3812.529	33.53679482799889	42.270751097214706	16.11374132718523	4.608878839503131	2.9619608124256125	10.97023644412852	15.080115455604693	14.66309312401699	33.90804163589773	43.83389586094044	24.42626122466518	33.12741287772394	13.82392490190287	22.34364396447917	57.10605647598532	181.7225210913328	268.5228370088126	-8.733956269215817	26.157009770029475	28.92791598849576	30.574834015573277	22.56655838387037	0.4170223315877024	-9.925854225042706	19.407634636275258	0.7806287581737905	20.08411673399486	11.564397671418561	14.527	26.946897640370384	12.72780884584703	12.687390115418747	12.584141158525007	73.0283701174423	0.09015318954662113
archi-vowels-HDK.wav	í	32	29.333	300.38034878587655	371.088	2858.5	3999.587	36.96132667491216	33.8104529625308	13.491928944096287	29.12970366283859	17.671786258124587	29.395233052294216	-10.369096523223888	-0.10698146216899534	45.58270161596504	29.992700240652788	-4.275062939404482	44.783900209838244	6.92826007232849	10.806366798517494	62.660988663327366	174.1559181789186	332.4682921402696	3.1508737123813546	20.318524018434516	7.8316230120735675	19.28954041678757	7.566093622617942	-10.262115061054892	15.590001375312255	34.26776318005727	0.798801406126799	38.65444154363655	34.77633481744755	19.871	12.978442144994746	11.373101126768825	11.37408717763227	11.346333966274251	71.01263787007444	0.04740029252392044
 archi-vowels-HDK.wav	í	32	29.376	251.31094897154045	408.062	2954.609	3963.443	38.903088663224274	28.309690788676622	33.157267858552174	19.726994166773835	34.32535499931938	35.83545698377733	1.6838610866973445	8.567172826247733	43.01972428127306	34.01111054349372	20.175859795864973	37.79201688113284	25.249087343766753	21.525960330648175	52.18863414399055	168.28926987304635	295.98893161858683	10.593397874547652	-4.847577069875552	19.17609449645044	4.577733663904894	3.067631679446947	-6.883311739550388	9.008613737779335	13.835250747628749	5.227707400140218	17.770636937506303	21.49376395062488	25.967	19.082254503445498	18.782160890800338	18.766313365503574	16.611121004538106	72.29787375593628	0.07184665183057116
 archi-vowels-HDK.wav	í	32	29.419	239.79016427180136	463.936	2960.89	3992.203	40.57534031278249	21.690833722135885	32.1585282333379	20.021531333373055	29.995054360422408	40.30348109193522	0.5156130448126998	11.037661491100026	43.30212726596354	39.97243200569989	22.85120647527416	39.97243200569989	23.345546343441512	28.08197872516654	47.96946433069207	164.86055644894074	292.731253149903	18.884506590646602	-10.467694511202012	20.553808979409432	10.580285952360079	0.27185922084726855	-10.522048446287327	3.329695260263648	17.121225530425733	3.329695260263648	19.95658092252203	15.220148540797002	22.533	25.18477979803581	23.966311486501766	23.905996559074907	17.164006845881556	73.70265573280267	0.07652536431199379
 archi-vowels-HDK.wav	í	32	29.462	231.09763613222066	474.786	3009.335	3922.417	38.65042968332568	21.48055261489091	24.01504725836455	20.488076112331033	39.02391466541707	36.80810987631164	7.327253096620544	10.89158474631324	41.027826638879205	40.82098421562952	15.988977162979687	40.82098421562952	32.5327755440253	26.941076892666565	46.98763350724379	166.97324113522413	277.7793989188536	17.169877068434772	-2.5344946434736393	18.16235357099465	-0.3734849820913837	1.842319807014043	-3.5643316496926962	0.20684242324968238	24.832007052649836	0.20684242324968238	8.495051094853906	14.08674974621264	23.968	20.384030832968236	19.86404234263177	19.843055602913733	16.449374645185493	72.46399361260399	0.053808105520829326
 archi-vowels-HDK.wav	í	32	29.505	223.2335040847387	409.229	2883.589	3406.678	39.96344831118844	23.573822929017318	29.41697887124748	19.63701327618471	39.64484567197463	33.944933362530364	7.330208259064551	-5.360342403793785	43.034609732374776	36.668341152389175	18.822511333650716	38.28436251030277	31.7708673373048	29.947902369465883	48.975961520429	150.89557733244274	208.84329418280456	16.389625382171126	-5.843155942230162	20.326435035003733	0.3186026392138146	6.01851494865808	12.690550662858335	6.366268579985601	17.84582981873846	4.750247222072005	11.263742395069976	13.086707362908893	0	19.485261748243875	18.344517972022285	18.2873556432312	13.742302021257466	72.68556057318001	0.07588305484788291
archi-vowels-HDK.wav	í	33	31.428	219.6864224284097	428.662	2930.552	3798.765	35.91017575300613	25.114662214837477	17.808466043623472	24.201859944032684	30.954776637025596	34.78400459692679	9.136271899255382	5.04155861812209	38.57231012874304	43.58887904441489	8.547578929918929	43.58887904441489	23.55462986070176	24.353922032073893	47.153436622463964	154.5011236636181	254.8732647201754	10.795513538168652	7.306196171214005	11.708315808973445	4.9553991159805335	1.1261711560793373	4.094713281133292	-5.016568915671847	35.04130011449596	-5.016568915671847	15.017680268041282	14.218388096669148	29.628	22.517205985784038	22.556198714203322	22.503535479458407	20.63714353593394	72.7560945411555	0.0524399294580287
 archi-vowels-HDK.wav	í	33	31.473	214.8855703674769	436.21	2794.253	3524.797	35.656915896711666	26.439943489367465	24.891410369263635	26.173192005454176	30.06304197729974	32.22616388531171	11.969539077117874	8.663846495712066	38.09560481652447	45.90876259250456	16.585221837684326	45.90876259250456	24.288517495999823	25.234210976302816	46.2289152890289	139.22468600509137	218.73923246643895	9.216972407344201	1.54853312010383	9.48372389125749	5.5938739194119265	3.430752011399953	3.3056925814058076	-7.813157775980088	29.323540754820232	-7.813157775980088	13.807087320524648	12.861393840221655	23.644	26.250352476956813	25.675770298546254	25.500278786506293	19.871781431821184	73.70309656107577	0.05529106367888139
 archi-vowels-HDK.wav	í	33	31.518	214.8156666201354	433.929	2878.126	3481.645	34.51480142692671	23.028638209712113	24.972612654425827	22.920740431241377	33.014846462621655	31.249595669024693	7.492398814415498	10.752267783669598	36.97717499621357	42.5761669073978	16.499462739204564	42.5761669073978	26.389959165525557	26.562471153537818	46.337118892339525	147.48129230865374	213.61505550029142	11.486163217214596	-1.9439744447137137	11.594060995685332	1.4999549643050543	3.2652057579020166	-3.2598689692541	-5.598991911184228	26.076704168193235	-5.598991911184228	10.587215830688013	10.414703842675753	26.918	28.670087159271826	28.48076890531351	28.401583898083164	22.796428088063525	71.14399289439157	0.05256221888024734
 archi-vowels-HDK.wav	í	33	31.564	215.83314523134453	431.759	2907.154	3540.745	35.07231336694791	17.56626174954566	14.0924571521629	17.567038856475563	27.151018361875074	20.543480389185437	2.8191607623721597	-0.39132694073285723	37.58832773228227	37.13119875491004	5.3848738052875085	37.13119875491004	20.1597175684607	14.969901244288844	46.562364160600325	150.76020848214736	221.11197595377547	17.50605161740225	3.4738045973827596	17.505274510472347	7.921295005072835	14.528832977762473	3.210487703105017	0.45712897737223557	31.74632494962253	0.45712897737223557	17.428610163821574	22.618426487993432	28.88	24.263155055088156	23.001916617314254	22.932108707416326	18.422972171656514	67.63500101612522	0.04927369817813509
 archi-vowels-HDK.wav	í	33	31.609	193.57850445547518	343.304	2937.252	3600.173	27.270459761590047	15.658219438177134	8.356756556451995	9.5464215311262	11.30852625994385	15.17525647955171	-13.740540842774141	-18.580756631651802	30.536387010110783	25.780757543470884	-3.198391122924445	25.780757543470884	0.4830910659245339	5.321973903895207	54.002512173574004	145.97905452410674	216.57596387182272	11.612240323412912	7.30146288172514	17.724038230463847	15.961933501646197	12.095203282038337	4.840215788877661	4.755629466639899	28.97914866639533	4.755629466639899	30.05329594418625	25.214413106215574	19.449	9.17461423077837	8.946572610072348	8.937227312691014	8.842142116310475	58.443218256401124	0.02010128124441865
archi-vowels-HDK.wav	í	34	32.339	209.38741454319134	429.471	2896.815	3770.931	32.63472258095278	23.31157552017701	15.966581018605389	22.560291633139638	33.2133860958711	30.74390185753389	8.047760990007905	7.1730393422632215	35.01080765978064	42.1824655823241	7.797139001974847	42.1824655823241	26.34806350819318	20.5520490776497	46.001923627240835	147.49758780240904	245.4724610396298	9.323147060775774	7.34499450157162	10.074430947813145	-0.5786635149183184	1.8908207234188943	0.8747216477446838	-7.17165792254346	34.38532658034925	-7.17165792254346	8.662744151587457	14.45875858213094	21.429	13.829080659542756	13.326178339343898	13.27427886065865	12.374347341320298	70.11404873212254	0.045951317400886184
 archi-vowels-HDK.wav	í	34	32.378	212.32577763944968	419.967	2792.771	3271.333	33.1673592993462	21.315791409136533	16.328385214611142	21.102380298236977	30.037542570730057	25.44040707010496	11.547659077758878	10.107443997409707	35.74869653017253	40.36419453675609	7.401708462417441	40.36419453675609	23.65546724936646	23.65546724936646	46.92917656027759	138.2621965537443	188.35659135041894	11.851567890209669	4.987406194525391	12.064979001109226	3.129816728616145	7.726952229241242	1.4402150803491711	-4.615498006583557	32.96248607433865	-4.615498006583557	12.09322928080607	12.09322928080607	22.025	24.729862548058755	24.868173478596425	24.75943748403393	18.78372214983203	69.020243527005	0.04773271632723681
 archi-vowels-HDK.wav	í	34	32.416	214.4220474285969	424.193	2782.872	3262.147	33.47597693219393	22.815596103675396	15.891113634151633	22.60499142991664	27.693561263009727	23.164708486547624	9.102662869313825	11.939523192803655	36.05835660629711	41.97022360035943	6.992792323876888	41.97022360035943	21.537866397634602	21.537866397634602	46.86775216046049	137.97510289909565	188.23969508794457	10.660380828518534	6.924482469523763	10.87098550227729	5.7824156691842035	10.311268445646306	-2.83686032348983	-5.911866994062322	34.97743127648255	-5.911866994062322	14.520490208662508	14.520490208662508	20.461	28.830809067710582	28.86367259847793	28.735504281033645	21.9438240528152	69.90463725036848	0.04782515068289998
 archi-vowels-HDK.wav	í	34	32.455	209.75363092811398	450.171	2905.045	3414.096	33.69129623224853	20.061302756005688	20.66783518502897	15.790520779632839	30.41675513847497	20.62039036601866	3.6517483009732215	-2.579621280091311	35.842227841149864	36.00292076903313	13.579409735980645	36.00292076903313	24.305116340242563	18.83437618163345	45.133415595197675	148.4460299872839	203.34060090232768	13.629993476242845	-0.6065324290232823	17.900775452615694	3.274541093773564	13.070905866229872	6.231369581064532	-0.16069292788326806	22.423511033052485	-0.16069292788326806	11.5371115009073	17.007851659516415	24.543	19.2693080575333	18.747717476059574	18.71236448447007	15.732918629138915	67.06750869580107	0.05093340991929043
 archi-vowels-HDK.wav	í	34	32.493	211.56243425991732	497.926	2966.567	3478.106	33.55939725107545	22.12523170718102	17.29346079127366	11.964117019492317	22.169729392264045	18.06269951552233	-1.9329148549092192	-6.135147397174108	35.320518249847666	33.06580292753668	12.52306386179117	33.06580292753668	17.276811225349128	17.704929309294386	45.24358665764366	155.32157348807897	211.60447677273035	11.434165543894434	4.831770915907359	21.595280231583136	11.389667858811407	15.496697735553123	4.2022325422648885	2.254715322310986	20.542739065745508	2.254715322310986	18.043707024498538	17.61558894055328	0	23.558456594070694	23.57622458953481	23.524622352337676	19.27607278927797	64.62803918892638	0.04159407215052136
archi-vowels-HDK.wav	íˤ	35	33.269	212.36290819604366	452.643	2159.153	3047.084	25.24349335667369	21.868234875772202	19.235572664337823	18.083564087711714	28.466330971794328	27.695308807110386	29.781174647610676	10.031115456351596	27.46654279285717	38.483823716035324	12.683993100069069	38.483823716035324	29.781174647610676	20.58516910965021	45.33598658316949	86.6939914366837	163.99690593156524	3.3752584809014863	2.632662211434379	7.1599292689619745	-3.222837615120639	-2.4518154504366976	19.75005919125908	-11.017280923178156	25.799830615966258	-11.017280923178156	-2.3146318547535074	6.881373683206959	24.315	22.302451310569072	15.73440045498897	9.68146848741138	8.394862106220373	67.38999069478204	0.04050903736215354
 archi-vowels-HDK.wav	íˤ	35	33.316	213.7011342632211	434.674	2401.144	3366.709	32.34476490381782	26.481021368641954	26.848516450829734	26.133336119430354	29.86179217794622	35.804508880250324	15.304695040326234	9.607685802930044	34.78992572126749	45.92264944652192	18.90238171758019	45.92264944652192	27.878875695636808	25.670004499169327	46.179904751467596	104.24591546926739	199.75896625817907	5.863743535175864	-0.36749508218778004	6.211428784387465	2.4829727258715977	-3.459743976432506	5.697009237396189	-11.132723725254436	27.020267728941732	-11.132723725254436	6.911050025630679	9.11992122209816	25.033	26.22020144356849	25.884876900329076	22.740506017419424	19.007537479281318	73.11427427107864	0.08668819256352223
 archi-vowels-HDK.wav	íˤ	35	33.363	213.824285044727	427.29	2624.638	3311.028	33.30296377805692	22.543260087659828	21.133247558513656	22.53899498047495	29.03008614237597	29.764345215462857	13.289257841305472	7.359987218906301	35.83409463875368	42.044389200062355	12.574399046152145	42.044389200062355	24.509209896591315	23.981179926684696	46.60735642427615	123.06240914456086	193.4796483693898	10.759703690397092	1.4100125291461723	10.76396879758197	4.272877635680949	3.5386185625940634	5.929270622399171	-6.210294561308672	29.46999015391021	-6.210294561308672	11.324884742162368	11.852914712068987	28.206	33.1137852540139	31.92815360910647	31.32678256463929	27.105024153328717	70.19996823805353	0.07219710137428523
 archi-vowels-HDK.wav	íˤ	35	33.409	210.74391411497314	416.558	2748.482	3349.741	32.93035096650112	21.42837326198841	18.91711030224702	21.19513849849343	30.509375631103858	29.18406459789785	4.781050797519686	0.5961144051025936	35.515813471722474	40.37545045538639	9.990226812770736	40.37545045538639	24.423814854750077	24.424165760016457	47.006432573044435	133.5393749602895	196.47185821585197	11.501977704512715	2.511262959741387	11.735212468007692	2.420975335397266	3.746286368603272	4.184936392417093	-4.859636983663918	30.385223642615657	-4.859636983663918	11.091998616972397	11.091647711706017	22.791	24.77631379139344	24.893494789085754	24.688157596543725	17.563459288074082	68.91894617315673	0.06960777067245191
 archi-vowels-HDK.wav	íˤ	35	33.456	199.59469157528312	420	2953.586	3454.09	33.09907935541972	20.003211874936095	14.178695239491715	17.566602316819868	34.17600181456916	20.89499572666555	0.8119355424777518	-8.030000908323418	35.3366463519343	37.06657120858881	6.516278473314911	37.06657120858881	26.618061706979237	18.11649832249809	45.54493912840784	149.72144934992963	203.0232672997901	13.095867480483623	5.824516635444381	15.53247703859985	-1.0769224591494435	12.20408362875417	8.84193645080117	-1.7299248566545131	30.5502927352739	-1.7299248566545131	8.718584644955062	17.22014802943621	0	23.052119219120986	22.658135795982943	22.543840393890147	19.023548952229298	66.44544703273176	0.057500924737329824
archi-vowels-HDK.wav	íˤ	36	34.084	--undefined--	463.349	2325.11	3186.117	--undefined--	--undefined--	--undefined--	--undefined--	--undefined--	--undefined--	0	0	0	0	0	0	0	0	--undefined--	--undefined--	--undefined--	--undefined--	--undefined--	--undefined--	--undefined--	--undefined--	0	0	0	0	0	0	22.584	6.605619430699377	8.603003747428652	7.057115555645677	6.6512922249757676	58.673517424227754	0.014256472039480573
 archi-vowels-HDK.wav	íˤ	36	34.131	210.9279263776617	423.858	2545.525	3332.443	28.75476936375544	23.724098142616715	26.211672605243827	23.710179561178197	26.768079105116104	33.99034090551908	15.963427558824673	10.445602736597667	31.255940679473046	43.17432019577791	17.81717785620945	43.17432019577791	22.935672884628193	26.339582024223294	46.51262032870679	115.3514720543626	194.59960296095915	5.030671221138725	-2.487574462627112	5.044589802577242	1.9866902586393351	-5.235571541763644	5.517824822227006	-11.918379516304864	25.35714233956846	-11.918379516304864	8.320267794844852	4.916358655249752	22.884	21.82870970212403	19.794831744594237	17.625508472990465	14.752847651373129	70.35300325780916	0.060574134099630604
 archi-vowels-HDK.wav	íˤ	36	34.178	208.6997118602132	415.348	2757.579	3288.96	32.76767115520661	22.350211910215766	24.509926558382418	22.29769645142874	32.80129892838987	26.44528576323947	11.126059995763796	8.770831694790996	35.31203605667468	41.47450293754393	15.716701558127044	41.47450293754393	26.62081849864496	23.321113578491524	46.87512604853607	133.76119722261487	188.7335343616213	10.417459244990841	-2.159714648166652	10.469974703777865	-0.03362777318326238	6.3223853919671384	2.355228300972801	-6.162466880869253	25.75780137941689	-6.162466880869253	8.691217558029717	11.990922478183155	23.618	31.492301551305147	27.418015493423766	25.12384163913108	16.1401449511327	69.8793735296758	0.06794923238709608
 archi-vowels-HDK.wav	íˤ	36	34.225	202.59170396723596	423.989	2856.126	3379.677	32.800891087882384	25.443621078591917	21.735711221732966	23.367415091535783	34.818322982541055	25.02026021801516	5.249383524405179	5.03777699244217	35.070355073052966	42.9539728332722	14.01321202580002	42.9539728332722	28.22630876418206	22.165358475077777	45.604451953403334	141.19932209799978	196.0899887634241	7.357270009290467	3.707909856858951	9.433475996346601	-2.017431894658671	7.780630869867224	0.2116065319630085	-7.883617760219238	28.940760807472184	-7.883617760219238	6.8440463088709045	12.904996597975188	27.839	32.635818916390775	31.74340918488246	30.76837672194059	20.17322190628684	70.34448056735805	0.06711314828220553
 archi-vowels-HDK.wav	íˤ	36	34.272	195.32269618516366	369.077	2869.916	3268.017	32.63382767226507	25.567309494404668	26.83514795541335	22.93991424423602	33.35742798405968	25.379491871774704	-0.23816300708640395	-5.949409242191852	35.47088078564365	40.43719532051523	16.70537301624701	40.43719532051523	24.3511091646671	23.628286989358585	50.28178523581703	140.08428225717404	180.59287831372185	7.066518177860402	-1.267838461008683	9.693913428029049	-0.7236003117946126	7.254335800490367	5.711246235105448	-4.966314534871579	23.73182230426822	-4.966314534871579	11.11977162097655	11.842593796285065	0	28.44833348433415	25.42259430947381	25.271857511390557	18.966811986894015	67.90319839968076	0.056329044169444197
archi-vowels-HDK.wav	íˤ	37	34.606	320.97343833787886	496.539	2517.979	3680.293	45.19838148639232	37.79368732408829	25.317871532388864	20.675159951981684	39.87765511625604	44.48728528490652	26.25415735430559	21.57756499787591	49.95370144010181	41.70968059184257	12.890900400198433	39.901312344730485	37.191341855644254	31.18836655980253	56.67222962517205	141.88629579539148	295.3640558101058	7.4046941623040325	12.475815791699425	24.523221534410638	5.320726370136285	0.7110962014858018	4.67659235642968	8.24402084825924	28.818780191644137	10.052389095371325	12.762359584457556	18.765334880299278	23.145	36.092369195370935	32.004695449149004	31.12133532434313	26.718150504878423	78.81060133260786	0.11621728473706641
 archi-vowels-HDK.wav	íˤ	37	34.655	337.9788714089524	456.779	2635.85	3460.58	42.80544278566566	42.402599184136044	33.52123392518999	31.44437822516047	45.82724741458774	44.47161154697884	26.476191071513234	33.12961980447239	49.61408023131786	41.448957779045756	18.440379885775588	49.61408023131786	40.216794501500786	34.842644675382246	58.37585444071739	159.57612116418238	270.9545466358587	0.40284360152961796	8.881365258946055	11.361064560505191	-3.0218046289220766	-1.6661687613131804	-6.653428732959156	8.1651224522721	23.008577893270168	0	9.39728572981707	14.77143555593561	25.355	37.09082644154422	34.2117958946102	31.011186743990464	23.457304298756654	79.58209294578965	0.10633447724940075
 archi-vowels-HDK.wav	íˤ	37	34.705	339.267976434351	456.719	2619.439	3261.616	42.17945234718354	40.4220769493415	28.952060817642174	30.916107851315722	37.947864111452105	39.58906320198061	23.224488480069905	29.21473569902606	49.06782626567518	39.35704162049842	13.85748866086779	49.06782626567518	32.474238302023714	33.764461636362036	58.51243608801248	158.04756526462162	242.26018419681319	1.7573753978420399	11.470016131699328	11.26334449586782	4.2315882357314365	2.590389145202934	-5.990247218956156	9.710784645176759	25.49955295963063	0	16.593587963651466	15.303364629313144	25.916	43.325662952386644	37.241455815577424	32.41013099194437	25.615644588902235	78.51908686569585	0.09775892744722468
 archi-vowels-HDK.wav	íˤ	37	34.754	325.75915467505376	492.445	2475.001	2986.559	37.20482301867441	41.61829588971343	31.128957212868187	20.868488282724858	38.42994335220587	34.644606638547856	33.930155482696094	13.445548239889359	42.25640377166323	44.63403212619838	18.43806592719036	39.9699235944056	35.952231926233075	34.213061153730216	57.063724034787974	138.63770783393602	199.02539341573905	-4.413472871039019	10.489338676845243	16.336334735949553	-1.225120333531457	2.5602163801265547	20.484607242806735	-2.3776283545351475	26.195966199008016	2.28648017725763	6.3041718454301545	8.043342617933014	26.688	29.40545330597981	23.441814122186464	21.408906623522697	15.044064888363206	75.75825508029838	0.05157007533465436
 archi-vowels-HDK.wav	íˤ	37	34.804	--undefined--	613.123	2200.326	2668.255	--undefined--	--undefined--	--undefined--	--undefined--	--undefined--	--undefined--	0	0	0	0	0	0	0	0	--undefined--	--undefined--	--undefined--	--undefined--	--undefined--	--undefined--	--undefined--	--undefined--	0	0	0	0	0	0	17.196	-0.23960086369110997	6.216592034622974	5.283915929880417	5.130578968905359	69.78252777465022	0.010973584571060149
archi-vowels-HDK.wav	íˤ	38	35.71	282.6699220945639	467.899	2690.443	3687.291	39.63598860827459	32.593827865584025	22.083378121543635	18.536512418122488	30.84386966586402	37.785783183897024	12.41570102714881	25.351912773196776	43.61413989481925	39.46163180914666	10.121477464045459	37.84934810643362	26.037967458422237	26.254260836269886	52.393565421216444	149.5329416940201	275.4395006593501	7.042160742690562	10.51044974404039	21.0994761901521	8.792118942410568	1.8502054243775632	-12.936211746047967	4.1525080856725936	29.3401543451012	5.7647917883856366	17.576172436397016	17.359879058549367	26.526	30.45293787091509	27.987888783427447	27.868896639252636	26.62411611872473	72.06602471998235	0.05900880368726554
 archi-vowels-HDK.wav	íˤ	38	35.757	292.6652714847383	439.006	2747.211	3493.713	44.07807743246266	36.92210909353237	32.32518249565575	26.75101278947157	42.84061484045493	42.70491515039441	18.92256244585183	28.692102826494036	49.16432702494933	39.39966083262454	18.398240057122212	45.15579977121427	36.19626720522967	34.24352564285553	54.34114877950388	158.79403639044082	253.53369318463874	7.155968338930293	4.596926597876617	17.327064642991093	1.2374625920077307	1.3731622820682503	-9.769540380642205	9.764666192324789	21.00142077550233	4.0085272537350605	12.968059819719663	14.9208013820938	29.769	38.38205728398207	31.946734174857106	31.609302286126372	24.563578901796284	76.97350597659587	0.10540877083893434
 archi-vowels-HDK.wav	íˤ	38	35.803	292.7164472060554	391.104	2678.554	3327.519	41.29596745687731	39.929904669400756	34.886488639422375	27.366958646677887	47.0160697710145	46.00484518335996	20.53304867545838	25.70192216056664	48.206052536788924	38.43646896908806	18.777014927205794	44.063050219461616	38.97698482559731	37.82709477731417	58.76960080206465	151.2254550525459	230.8729330872354	1.366062787476551	5.043416029978381	13.92900881019942	-5.720102314137193	-4.708877726482655	-5.168873485108257	9.769583567700863	19.659454041882267	4.1430023173273085	9.229067711191611	10.378957759474751	26.574	42.809053254986196	39.62995195511422	38.531036523083046	28.206657517411	76.51526289610689	0.09457628851889023
 archi-vowels-HDK.wav	íˤ	38	35.849	292.5109417569063	449.468	2611.556	3194.093	38.89093792839414	38.95903387687483	30.10872700087896	21.124253452316662	43.25113628760599	42.18096025523955	28.09206324567465	23.888955726300644	43.68641325675044	42.44496257961353	16.873624583491704	39.84723353890708	38.32049874314821	38.2553756027473	53.85051467639595	144.00426696962288	213.1532541986155	-0.06809594848068912	8.850306875995866	17.766684476077476	-4.36019835921185	-3.29002232684541	4.203107519374008	1.2414506771369105	25.571337996121827	3.8391797178433578	5.365914513602235	5.431037654003141	25.111	33.65052535904472	27.044181283921493	23.576008698766422	14.845696623759359	74.63521789758586	0.058395517701574626
 archi-vowels-HDK.wav	íˤ	38	35.896	--undefined--	582.69	2209.022	2783.952	--undefined--	--undefined--	--undefined--	--undefined--	--undefined--	--undefined--	0	0	0	0	0	0	0	0	--undefined--	--undefined--	--undefined--	--undefined--	--undefined--	--undefined--	--undefined--	--undefined--	0	0	0	0	0	0	17.335	6.508341437262267	6.999124944473174	4.317976343609252	4.268686040942782	68.51323075229625	0.007853903011397685
archi-vowels-HDK.wav	ú	39	36.73	289.07451466338983	561.548	2471.511	4242.28	40.87051186521688	21.176128242340415	9.360187758183509	19.771381082417513	-5.394096903199621	15.392368169670274	-4.850560098544003	5.062767331140277	43.63743299312933	40.273640336700815	1.3331727784160539	40.273640336700815	-4.850560098544003	-3.3279458941156954	56.05064512485526	128.9825420610983	364.0958712749921	19.69438362287647	11.815940484156906	21.09913078279937	46.26460876841651	25.47814369554661	-9.91332742968428	3.363792656428515	38.94046755828476	3.363792656428515	48.48799309167333	46.96537888724502	15.248	14.9835365953132	13.21472781910263	13.21394891815837	13.210496418316083	71.9715921081249	0.039756946693349136
 archi-vowels-HDK.wav	ú	39	36.767	287.62114460947845	550.496	2592.601	4197.493	46.93998119673613	29.547351786123386	21.7991616919255	26.863023893613367	2.8783320690598373	28.986105474146434	5.387323138126323	12.381665397128675	49.7874286184154	47.19308894264125	13.196461016754647	47.19308894264125	1.8646134063856603	11.784362011616059	55.665591396399186	140.66784013568247	355.66077683391677	17.39262941061274	7.748190094197884	20.07695730312276	44.06164912767629	17.953875722589693	-6.994342259002352	2.594339675774144	33.99662792588661	2.594339675774144	47.92281521202974	38.00306660679934	22.238	31.372255965187282	28.51025646290342	28.47993891207898	28.463683582291445	77.99498768672854	0.07591919572009796
 archi-vowels-HDK.wav	ú	39	36.803	297.22764246161125	878.431	2945.176	4099.895	52.178321266999305	36.98907212874463	14.734135629855313	5.064501901081023	3.760262414565627	17.660726258295924	8.068035592669489	24.965277751422867	53.320950834235575	42.63663302599417	17.876457049050426	29.120725592123105	7.89424242027313	13.963153238999004	60.62346352138814	183.53038114999623	346.3867153887176	15.189249138254674	22.254936498889318	47.11381936591828	48.418058852433674	34.51759500870338	-16.89724215875338	10.684317808241403	24.760175976943746	24.20022524211247	45.426708413962444	39.35779759523657	27.256	32.4055379787028	27.031647241713827	27.04409249903973	27.040294281638694	80.38519094490424	0.10805920206987941
 archi-vowels-HDK.wav	ú	39	36.84	298.2936810676699	928.837	3371.687	3789.727	51.959385465222816	38.27519564421422	19.149791372650554	20.875538314230084	13.96746324132269	4.947703689635972	8.730619376017403	17.63900812144604	52.97158087974783	43.15085195353628	24.032634926831452	45.22827083255204	15.533053694607533	14.932312181073597	61.08347329663418	239.40267414881194	299.0921516023519	13.684189821008594	19.125404271563667	31.08384715099273	37.991922223900126	47.011681775586844	-8.908388745428637	9.820728926211551	19.11821702670483	7.743310047195791	37.4385271851403	38.039268698674235	26.61	42.5865810129679	23.34304001302761	23.34003580900827	23.300327454366823	80.57332851199527	0.10145463464004006
 archi-vowels-HDK.wav	ú	39	36.877	278.9688800897137	1191.912	2552.606	3379.384	46.205967511225566	37.77019722290656	17.675946536310995	10.868874381324037	-6.698980406126797	5.108283778709829	9.689055878113685	-9.579953700264822	46.80037103426691	40.34487638281127	37.06715483375471	38.8622947636238	7.958898311660078	14.330480977713261	60.9682535395149	134.26464528367555	231.49166447376237	8.435770288319006	20.094250686595565	35.33709312990153	52.90494791735236	41.09768373251573	19.26900957837851	6.455494651455638	3.277721549056565	7.9380762706431085	38.84147272260683	32.46989005655365	16.651	28.799243452233533	15.888154602640085	15.894757024450918	15.817348893054934	76.50882512683847	0.0713601299467701
archi-vowels-HDK.wav	ú	40	37.651	226.53500950371244	970.11	2632.297	4107.764	34.42156593848644	36.46793573773023	-3.651570792041312	-11.896999641138859	-12.147410962484269	1.3688855491067713	-9.571927167563137	2.1660752829198766	34.973178742760894	38.86455270853249	14.670741992276817	14.670741992276817	-1.7328417932736562	-2.970243848539554	52.863031261702496	127.3753021056751	300.1411292600853	-2.0463697992437915	40.11950652977154	46.3185655796253	46.56897690097071	33.05268038937967	-11.738002450483014	-3.8913739657715993	24.193810716255676	20.302436750484077	36.70602053603455	37.94342259130045	16.758	4.48498674519734	4.2238925085867365	4.222744725029503	4.222097018797258	68.08512382167781	0.04418527451512356
 archi-vowels-HDK.wav	ú	40	37.686	240.591043959299	777.337	2643.733	4147.86	37.06115918144238	37.2320612683198	6.450465913761949	9.44445053008662	-10.299381626505216	6.145705506690835	-8.987064521649513	6.94124723764864	38.00588625469144	41.699884415406444	13.09561917658591	33.5285192102591	-4.589001276880385	-2.885792708947798	53.30790083389515	132.47943223808352	315.40156303727645	-0.17090208687741892	30.781595354557847	27.616708651355758	47.360540807947594	30.915453674751543	-15.928311759298154	-3.6939981607150045	28.604265238820535	4.4773670444323415	42.59488753157183	40.89167896363924	22.706	22.696546702594873	22.962196585847423	22.926846158935067	22.911432527434403	70.8475641828922	0.06153013505244766
 archi-vowels-HDK.wav	ú	40	37.722	247.55065068123787	719.51	2675.438	4101.804	39.63850768944047	33.46954256299718	15.223495615654304	13.490677636150455	-11.606135030136741	6.912629647748076	-4.083842513408725	9.112433480365263	40.803597433816485	39.29801433302741	17.466548732955328	36.72012867144318	-7.79823735721455	-2.675787518055532	53.61283958090446	137.5951672302419	313.3965275041426	6.168965126443297	18.246046947342872	26.14783005329002	51.244642719577215	32.7258780416924	-13.196275993773988	1.5055831007890745	21.831465600072082	4.0834687623733075	48.60183479103104	43.479384951872014	20.75	22.38845924567628	20.689186921872352	20.684044741655335	20.68054329030271	72.04427343186909	0.07899645526513205
 archi-vowels-HDK.wav	ú	40	37.757	247.16463169353423	680.551	1526.614	3493.64	39.398620718481304	29.310058673659533	15.456712782311012	10.733764243539664	-6.973701725045352	14.555746236584106	-0.594397760848382	10.319080067193099	40.85254524900744	36.71418050391814	19.261682504455596	34.82304824738086	8.636774142684693	-1.993694158173941	53.16310644405957	63.26501824105933	231.0225559487416	10.08856204482177	13.853345891348521	28.66485647494164	46.372322443526656	24.842874481897198	-10.913477828041481	4.138364745089298	17.452497999462548	6.029497001626581	32.21577110632275	42.84623940718138	27.072	30.170949520686705	25.798353724086837	25.771246105578115	25.759970054801954	71.36643228993651	0.0808245841339344
 archi-vowels-HDK.wav	ú	40	37.792	243.04075005181778	463.632	1136.466	3437.322	37.36783188149383	23.08166669006603	23.80718036088387	20.344112727784783	9.914211573658257	32.3868886552349	-0.2264376984754982	-11.011362904872751	40.532641435441334	41.58983911078944	24.531317255922758	41.58983911078944	22.116942622212772	3.7997769795254217	48.31293943254195	56.026611805022945	221.96288881672203	14.286165191427799	-0.7255136708178398	17.023719153709045	27.45362030783557	4.98094322625893	10.784925206397252	-1.0571976753481067	17.058521854866683	-1.0571976753481067	18.415698813228563	36.732864455915916	22.273	30.23766502392668	15.855532510736836	15.851113556445593	15.825524697999658	72.17244023566823	0.07567777780262083
archi-vowels-HDK.wav	úˤ	41	38.602	291.7686040043828	890.702	2310.025	4117.563	34.20812566665698	35.97362327174912	0.7109442795227618	10.759634157057945	-12.772078429948513	-2.2434634826104016	2.7835746071455403	-5.607395457001399	35.3317449793503	41.390943192445036	6.147232859866586	35.605124748361746	-1.7157651617353078	-12.999241709534617	60.065209936177666	114.86527443576888	345.55867376156635	-1.7654976050921363	35.262678992226355	23.448491509599037	46.9802040966055	36.451589149267384	8.39097006414694	-6.059198213094739	35.24371033257845	-0.27337976901144856	37.0475101410856	48.33098668888491	22.275	23.991392426441436	23.3621484562569	23.330411088286006	23.326526712914315	69.64829594605511	0.0324538292496389
 archi-vowels-HDK.wav	úˤ	41	38.653	308.20006211786847	635.462	1832.12	3317.2	42.96198866208988	23.233457006107784	17.433864197062046	21.799535643894636	2.6144410585608533	18.744739106514526	13.471495050459026	13.020701547970756	45.5215969892421	43.51198532760893	13.8681325381319	43.51198532760893	12.174335890676435	6.592590050403016	59.478958485160945	84.3440346082623	236.42050020066176	19.728531655982096	5.799592809045738	21.162453018195244	40.34754760352902	24.217249555575354	0.45079350248827055	2.0096116616331656	29.643852789477034	2.0096116616331656	33.34726109856567	38.92900693883908	22.571	36.23549939603196	25.393115561993376	25.354077439226323	25.354082679482516	75.31250458162143	0.0993092422475341
 archi-vowels-HDK.wav	úˤ	41	38.705	319.5276290436112	633.27	2162.492	3540.396	44.833992324280544	24.932128458355983	22.97419012133413	24.75277971038873	12.493982262111743	15.393736672925542	18.071495200747066	10.480785004434985	47.55503252602221	45.92246173353572	16.99238732412492	45.92246173353572	18.071495200747066	4.004641316052448	60.72008164154018	108.449390304324	273.6680310377124	19.90186386592456	1.9579383370218544	20.081212613891815	32.3400100621688	29.440255651355002	7.590710196312081	1.63257079248649	28.9300744094108	1.63257079248649	29.483537325275144	43.55039120996976	25.365	35.70153561040848	28.984517439019953	28.894580846653753	28.875330170266494	77.48606935805998	0.12682782878805937
 archi-vowels-HDK.wav	úˤ	41	38.756	324.85535337366343	688.544	1673.545	3276.997	43.852642298185245	25.29822857376394	22.93698028538532	21.265030002873583	3.503006053212811	26.184258374391536	15.129282447322032	14.296291272270656	46.35736865850845	43.79547139907467	22.791359265238405	43.79547139907467	16.263987153075327	13.6278665183022	62.10743305575103	79.25761039713446	238.18174710692975	18.554413724421305	2.3612482883786186	22.58761229531166	40.34963624497243	17.66838392379371	0.8329911750513759	2.5618972594337777	21.004112133836266	2.5618972594337777	30.093381505433122	32.72950214020625	23.699	57.53813761459115	30.61030239853185	30.543375970447244	30.50381347828474	76.46083071010354	0.10946529979169907
 archi-vowels-HDK.wav	úˤ	41	38.808	324.224130339237	576.377	1300.314	2886.725	41.563308697404565	31.9109214668415	17.628921652345042	23.68937385882638	17.653505722713284	43.42294495829441	18.405067298588904	13.67323934162431	45.383873871909	45.23147629100399	31.094379015816354	45.23147629100399	31.094379015816354	28.082513799904948	60.22802932043505	68.14548437599167	185.67179667421547	9.652387230563065	14.281999814496459	17.873934838578187	23.90980297469128	-1.8596362608898431	4.731827956964594	0.15239758090501	14.137097275187639	0.15239758090501	14.289494856092649	17.301360072004055	21.545	34.3177584331952	29.28023772522101	29.22270466063596	27.605772908041303	76.37258687950944	0.10066541122595948
archi-vowels-HDK.wav	úˤ	42	39.77	261.0471640141996	1066.638	2479.77	4344.628	32.91653351714665	37.79708664728617	-13.684569691528587	-4.441817080495191	-13.841784606389618	12.366353978565076	-3.9048460522038813	4.384017359310225	33.55007232230939	40.56871088934044	11.420376413435399	22.715097054302234	-0.44251768573064115	4.539658109182283	57.61128468660814	122.63442883915458	360.5518940577499	-4.880553130139525	51.48165633881476	37.35835059764184	46.75831812353626	20.55017953858157	-8.288863411514107	-7.018638567031047	29.14833447590504	10.834975268007156	33.99259000804003	29.010414213127106	20.661	11.859510678859342	15.087813563921483	15.074008925244701	15.072513796242875	70.23541643593624	0.057474583536532765
 archi-vowels-HDK.wav	úˤ	42	39.817	286.8375851948425	556.627	2465.833	4261.139	39.21045566320112	27.831904492112663	25.347985124702852	26.3475439536843	5.823362468248185	26.540914846308112	6.302290137648622	15.799339177808548	41.98227520314599	46.82087849860012	17.27079847307841	46.82087849860012	6.302290137648622	7.4181123938238365	55.705536933016454	127.87267535667286	365.6441081775992	11.378551171088453	2.4839193674098112	12.862911709516816	33.38709319495293	12.669540816893004	-9.497049040159926	-4.838603295454135	29.550080025521712	-4.838603295454135	35.67998506549737	34.564162809322156	22.718	22.7473094042063	21.82245141874757	21.815965309781227	21.807091499570568	74.39002173591885	0.07948684165639919
 archi-vowels-HDK.wav	úˤ	42	39.863	292.87320519704804	590.523	2308.601	4198.036	42.32311274761879	23.295763248642555	28.621606618145993	23.200801313653326	11.611242635007873	32.87097186717288	9.949072880974478	11.42536356362051	44.89419527573604	44.11808931367797	21.889795115649115	44.11808931367797	14.724242694163891	13.757578235204278	57.01898962293355	114.98999980964527	359.43042875467046	19.027349498976232	-5.325843369503438	19.12231143396546	30.711870112610914	9.45214088044591	-1.476290682646031	0.7761059620580681	22.228294198028856	0.7761059620580681	30.169952581572147	31.13661704053176	22.801	34.31372377028906	27.08407178469774	27.049802359918292	27.046306842796078	74.81055342301619	0.10593721012369715
 archi-vowels-HDK.wav	úˤ	42	39.91	297.46523097343817	877.344	2385.019	4253.567	43.91310867526836	37.91836244304098	23.053807434275797	10.682743884998558	6.586604619066193	23.539634252302122	13.995611710644662	9.470342823872125	45.10753401077794	43.79203540049268	27.058381950574194	35.17850255691437	16.391530619710878	11.590628799002152	60.643946866808996	122.88239052969807	372.017729535135	5.994746232227385	14.86455500876518	33.2303647902698	37.32650405620217	20.37347442296624	4.525268886772537	1.3154986102852604	16.733653449918485	9.929031453863573	28.716003391067062	33.516905211775786	25.349	43.341183528634346	27.357338909695308	27.304451744312107	27.28526786225997	74.81578802051956	0.10917279679342635
 archi-vowels-HDK.wav	úˤ	42	39.957	296.18776542415713	1233.778	2596.103	4273.897	43.30587661454373	44.59184973395757	18.325344067573955	13.018426098672474	4.487378847896345	20.777865790208423	18.219041112088725	6.362734798706208	43.93608162538935	47.333798220194794	41.03167363860883	41.03167363860883	19.119291576863635	17.139538911108346	63.614238324697226	143.4089299038333	374.5723886615876	-1.285973119413839	26.266505666383612	30.287450515871253	38.81849776664738	22.528010824335304	11.856306313382516	-3.397716594805445	6.302124581585964	2.9044079867805195	24.816790048525714	26.796542714281003	23.583	40.63621910046145	26.27134058107685	26.216507161594315	26.017110835347324	76.74105451673574	0.1033175279065631
archi-vowels-HDK.wav	úˤ	43	41.124	277.6028084583943	557.307	1154.34	2548.812	37.54062623111435	27.236518344960267	24.947147528978206	27.207509129310765	21.062704901471612	32.85572385989779	14.788849455999049	10.089414703661975	40.51076366375013	49.693591837899206	36.39481732561988	49.693591837899206	36.39481732561988	20.991965350208392	54.70408072825819	60.38828773177815	133.52274611276812	10.304107886154085	2.2893708159820605	10.333117101803587	16.47792132964274	4.684902371216559	4.6994347523370745	-9.182828174149073	13.298774512279323	-9.182828174149073	4.11594633813025	19.51879831354174	24.17	20.45046771768305	25.85369415625296	25.7397779088012	25.610100621055686	79.0483245943278	0.11727294216548645
 archi-vowels-HDK.wav	úˤ	43	41.158	269.6790591441571	542.477	1178.691	2696.337	34.636284363477024	26.041955644449516	26.141240034946335	25.981661266664055	17.64151856224052	29.97599586770476	9.926469846009436	9.458897157973285	37.54458603962171	48.18458974094473	32.19076392264897	48.18458974094473	32.19076392264897	15.558636450984443	53.53445261201063	59.684505698077544	146.28472533549711	8.594328719027509	-0.0992843904968197	8.65462309681297	16.994765801236504	4.660288495772264	0.46757268803615126	-10.640003701323018	15.993825818295761	-10.640003701323018	5.353822116972744	21.98594958863727	25.398	33.29087692668476	30.97606874103162	30.68876748399511	30.524660957645278	77.90132352518108	0.09393957167841982
 archi-vowels-HDK.wav	úˤ	43	41.191	264.27835521251046	540.661	1128.972	2805.943	32.401633683406935	23.5805071613759	26.281325245582686	22.739018516528233	19.5996407365745	31.8732425525328	9.390109397248448	4.678634779351946	35.23981218020081	45.209275100470556	34.826446330615106	45.209275100470556	34.826446330615106	14.720125902599197	52.90665174968806	58.52584309680967	156.30424897804312	8.821126522031037	-2.7008180842067873	9.662615166878702	12.801992946832435	0.5283911308741338	4.711474617896502	-9.969462920269748	10.38282876985545	-9.969462920269748	0.413365849585702	20.51968627760161	29.127	23.98654814022247	25.137396878091103	25.083011467036794	24.961154718422684	75.20409217956322	0.07445019126743112
 archi-vowels-HDK.wav	úˤ	43	41.224	258.67236677642813	623.075	1060.046	2974.435	35.591542936321176	31.159535176068317	23.756095063793666	18.44133231233129	21.994462888330048	37.64015244956483	17.790511466672065	10.166083871230763	37.756860575236665	43.42038293484783	41.823683608789935	43.42038293484783	41.823683608789935	19.1879157566573	53.72544191930935	57.27703369908269	173.17371024653684	4.4320077602528585	7.403440112274652	17.150210623989885	13.597080047991128	-2.0486095132436546	7.624427595441302	-5.663522359611164	1.5966993260578946	-5.663522359611164	-4.06682303355327	18.568944818579364	26.721	28.47321849217996	25.37661009096434	25.16827307389822	24.712724626802537	74.74163156668436	0.09028805611412691
 archi-vowels-HDK.wav	úˤ	43	41.258	254.00650529768976	703.87	1286.727	3389.701	37.44163541664428	28.6560713361538	20.511368813686083	10.762619749347259	4.128253140868235	37.47231121778596	16.181209512085996	13.912305391978002	38.99346812105479	36.45154249622591	28.255462780098327	36.13775286332463	23.536064703314015	19.233964826995518	54.195624075512924	59.146084583661775	221.20575534269875	8.78556408049048	8.144702522467718	26.679015667297023	33.31338227577605	-0.030675801141676118	2.268904120107994	2.5419256248288775	8.196079716127585	2.8557152577301608	15.457403417740775	19.75950329405927	25.604	27.485170251420023	16.640459412190374	16.496948568680363	16.01612476347368	71.62724126565212	0.09352484620397723
archi-vowels-HDK.wav	úˤ	44	41.893	250.45368331190383	1030.894	2532.881	4075.906	35.5812880349593	41.38383219466579	14.741503526704083	11.597565710497111	8.264693045766318	16.88510864119029	14.634788158219196	2.23652969614423	36.195204182376195	44.06798108345791	38.4862270062965	38.4862270062965	20.541547480545155	12.526109817324297	56.086747473675786	124.76018020662106	311.5561683056764	-5.802544159706493	26.64232866796171	23.98372232446219	27.316594989192982	18.69617939376901	12.398258462074967	-7.872776901081714	5.581754077161406	-2.291022823920308	15.65365670183104	23.669094365051897	23.064	17.494777593798453	15.79616427091407	15.741501638575208	15.622883338848322	73.93815249281721	0.09054285960815672
 archi-vowels-HDK.wav	úˤ	44	41.928	243.29064609442244	989.766	2622.572	4118.152	34.95680922686266	40.755348843004136	16.855585274870215	15.528975685195075	1.3642422270714967	17.96461306045592	5.852873675644784	1.1157282622534859	35.573199258984346	43.46014900931307	41.99944242508967	41.99944242508967	11.966711648149044	13.43001344427039	54.96712084670952	131.22365206947882	312.91076973980057	-5.7985396161414755	23.89976356813392	19.427833541667585	33.59256699979116	16.99219616640674	4.737145413391298	-7.886949750328725	1.4607065842234022	-6.426243166105323	23.606487610835302	22.143185814713956	23.489	26.126473845108173	23.257156109367394	23.114192282745826	23.07177413089498	74.16704566099489	0.08054390311001211
 archi-vowels-HDK.wav	úˤ	44	41.963	241.79904034876267	1254.642	2594.566	4126.128	37.76523109422729	39.94612314397935	21.980859069881816	-1.7521116515103188	-0.7932930508924052	18.223157203872333	15.158837628115624	6.449700003962863	38.17053836573043	41.652863860608306	31.097341763874667	27.424570512540374	15.199772470455645	17.746702276856144	57.17803323823707	128.15423334044314	313.06037577340135	-2.1808920497520603	17.965264074097533	39.51734274573761	38.55852414511969	19.542073890354956	8.70913762415276	-3.482325494877877	10.55552209673364	10.745967853190056	22.970765895274784	20.423836088874285	26.183	28.761003551357824	25.10619045077585	24.619888287310445	24.15809994720082	71.97629105860695	0.10263063303455841
 archi-vowels-HDK.wav	úˤ	44	41.997	240.0013394329383	971.465	2942.261	4091.135	36.90634663957705	33.611224831308846	11.045732390854432	11.071131581372171	13.791253036247511	25.096689817186267	11.90862267323337	5.938073062287189	37.511251349156595	36.2738291573803	36.41926836560886	37.12670918628632	20.90597555191508	24.352557043220724	54.46538954945428	162.90794442548142	306.8074439171768	3.295121808268206	22.565492440454413	25.83521505820488	23.11509360332954	11.809656822390785	5.970549610946182	1.2374221917762966	-0.14543920822855938	0.3845421628702752	16.605275797241514	13.158694305935871	26.444	29.91094422882484	17.179129264253184	17.090216150276856	16.87844346086492	70.94710287146798	0.0909911877253071
 archi-vowels-HDK.wav	úˤ	44	42.032	234.14175995262224	1220.183	3402.389	3980.894	33.84002322874956	33.993585160476584	19.60924915281496	7.569521359690649	10.689570800377112	15.275830572071829	15.592219313071457	12.316082476185263	34.20783611660008	35.54600278136758	28.001707967159383	35.59715508710318	18.420526944545255	27.54710575812335	55.805934131573224	213.46508048502693	287.5866307484316	-0.15356193172702604	14.384336007661624	26.27050186905891	23.150452428372446	18.56419265667773	3.2761368368861934	-1.338166664767499	7.544294814208193	-1.3893189705031048	15.787309172054822	6.660730358476727	0	25.769130313746423	14.871974352470028	14.812442868067476	14.487434621907022	68.59562395394542	0.06269393139849683
archi-vowels-HDK.wav	úˤ	45	42.651	254.9250963691245	1041.78	2738.808	3947.226	36.43428836603553	37.42243814615623	6.002735000716225	3.9736910845507794	-5.186592146473586	1.707313956301256	1.4990475581049911	-12.185679877916762	37.046366700316156	40.10542691720134	30.64481452035142	30.64481452035142	5.027168806631389	1.6412966572087437	56.696029010180496	146.2326435198872	295.9559577728027	-0.9881497801207004	31.419703145440007	32.46059728148475	41.62088051250912	34.726974409734275	13.684727436021753	-3.059060216885186	9.460612396849921	6.401552179964735	32.01919789368477	35.405070043107415	22.154	22.813344296379526	22.198504120303113	22.154917643427865	22.050226657893216	70.48489729341844	0.0489155334347819
 archi-vowels-HDK.wav	úˤ	45	42.687	260.26058070756216	1023.196	2654.527	4120.907	36.089714844360955	40.88480364355571	2.964699940440365	1.5154716973788958	2.522578772808423	9.792788582188898	-0.8154610766459953	3.115046692737434	36.75462719601258	43.82389301657607	27.991913634086952	27.991913634086952	13.150189118640833	5.879625908127375	57.202582690368864	139.22030184927877	324.78769484428295	-4.795088799194758	37.920103703115345	34.574243146982056	33.56713607155253	26.296926262172057	-3.9305077693834294	-7.069265820563494	15.83197938248912	8.762713561925626	23.604438077371746	30.875001287885205	23.486	25.708246306879676	25.592319165910222	25.573963413185755	25.396263046721543	73.54406872340383	0.04909158603563011
 archi-vowels-HDK.wav	úˤ	45	42.723	258.2855345694356	1015.586	2761.63	4092.915	38.465545543157866	41.99730211329364	-0.600881506113609	-0.4138179763201606	-4.265636021339951	7.619425395016663	-0.01406712226411035	6.847661344749354	39.12266156052474	44.904139425723514	24.29211152543052	25.906301679969385	5.1408303373908515	5.197367214558439	56.91571400910401	149.65904691570796	319.26729543375507	-3.5317565701357765	42.59818361940725	38.87936351947803	42.73118156449782	30.846120148141203	-6.861728467013465	-5.781477865198774	20.612027900292993	13.216359880555355	33.98183122313389	33.9252943459663	25.334	35.96527295918848	34.97909121690831	34.877472333206654	34.537856300533825	74.55000303099241	0.06277260907397146
 archi-vowels-HDK.wav	úˤ	45	42.758	258.0530461582166	1068.89	2873.399	4148.536	38.76983604104272	42.205595460884496	5.587318946032045	1.4253143023085926	-0.43969259340267897	9.721718761110303	8.719577059738683	6.2877855672843115	39.36206617079206	44.79519366462041	28.169384928567464	28.169384928567464	8.889977210109219	8.763491389894087	57.26991370428703	161.62578403850534	327.4615346508622	-3.435759419841773	36.618276514852454	37.34452173873413	39.209528634445405	29.04811727993242	2.431791492454371	-5.433127493828351	16.62580873605295	11.192681242224598	30.472088960682843	30.598574780897977	27.595	29.5909971792282	26.000732949439623	25.83911823457576	25.638928067619865	74.60684959175312	0.06511635744399254
 archi-vowels-HDK.wav	úˤ	45	42.794	255.88756927668112	1390.436	3239.65	4092.641	39.885736325222666	41.50823063909227	34.48748884329039	7.985124248462743	12.863428499918857	10.406154551921905	9.590957216420943	6.150286746324902	40.24039012516123	42.995862654946436	42.17812473861156	36.927851604368826	24.251056329115347	20.00668185692788	61.19232076002443	203.45336862122585	317.62602393678424	-1.622494313869602	7.020741795801875	31.900612076759923	27.02230782530381	29.47958177330076	3.440670470096041	-2.7554725297852087	0.8177379163348775	3.312538520792401	15.98933379604588	20.233708268233347	26.42	34.23331127501792	22.208067927246184	22.079999082440537	21.703767692561414	74.91486002338678	0.07249635356393531
archi-vowels-HDK.wav	úˤ	46	43.804	276.2602520430336	550.502	1110.706	2751.961	32.65592311622186	24.451830522205633	22.945891376365196	24.43287151378415	22.932348758602224	32.64369692540325	5.887201508970119	13.127336287519338	35.70522403891271	47.00005329176223	38.61048951112579	47.00005329176223	38.61048951112579	16.168922170435245	54.41988121798387	59.80480789134715	154.2290704173675	8.204092594016224	1.5059391458404363	8.223051602437707	9.723574357619633	0.012226190818608984	-7.240134778549219	-11.294829252849517	8.389563780636436	-11.294829252849517	-2.905265472213081	19.536301868477466	23.738	23.732224609059088	28.62482755134598	28.590262411418237	28.381714951091052	76.99040698326839	0.054492685588025565
 archi-vowels-HDK.wav	úˤ	46	43.83	275.06645069059437	547.598	1126.988	2737.746	34.522710338566334	24.86163947726064	22.179166890702703	24.82869730098112	20.281173495980177	36.693761144462684	5.008010128305851	7.934672156252335	37.55632096525946	47.27162355316837	35.63238186995524	47.27162355316837	35.63238186995524	20.688116420144137	54.22967618549518	59.8108154143335	152.31970621498232	9.661070861305696	2.6824725865579353	9.694013037585215	14.241536842586157	-2.17105080589635	-2.9266620279464837	-9.715302587908909	11.639241683213129	-9.715302587908909	1.9239390953042204	16.868204545115322	32.775	27.488649432397295	29.929798231786656	29.910394824574308	29.71130587364279	77.08588807501434	0.06423590794077687
 archi-vowels-HDK.wav	úˤ	46	43.856	274.27425586677083	557.805	1147.449	2812.756	35.38122573551606	23.354368249225068	31.350905638640533	22.861975402879622	27.049067333889603	37.725927858473156	12.325965407937405	9.61099205872743	38.27323427441777	45.4488335078304	42.25204938107932	45.4488335078304	42.5529822221194	21.183835003455012	54.34796765379598	59.91429453547521	160.28694018412048	12.026857486290993	-7.996537389415465	12.519250332636439	8.332158401626458	-2.344702122957095	2.7149733492099752	-7.175599233412633	3.1967841267510835	-7.175599233412633	-4.27974794770163	17.089399270962755	22.22	27.87936750932616	23.63415755252022	23.397940760089774	22.951377592890122	76.9540157423911	0.07135447123142519
 archi-vowels-HDK.wav	úˤ	46	43.882	276.97453436714903	597.606	1132.623	3054.023	36.70062399592456	24.472173043762744	23.055497570253188	18.912683905822043	21.43866804688259	44.068529129525295	17.434558348882945	10.435722197439556	39.319409099937374	42.42538090197509	38.71384540344652	42.42538090197509	38.71384540344652	24.65394311067296	55.372462616835165	60.095211032006844	189.34628401999197	12.228450952161815	1.4166754735095566	17.787940090102516	15.261955949041969	-7.367905133600736	6.998836151443388	-3.1059718020377147	3.711535498528569	-3.1059718020377147	0.6055636964908544	14.665465989264415	24.283	34.106086759356515	18.539782672193503	18.478118293861627	18.235831571555334	75.29312059639966	0.0732606691960533
 archi-vowels-HDK.wav	úˤ	46	43.909	270.4094689754146	637.655	1491.801	3177.365	37.012815217586116	26.597115497442346	26.077781948343354	15.518591030712596	10.704583994686839	21.91626733341567	15.789182882171339	12.253977025496832	39.014107395398604	38.536504084296624	27.089278239890845	38.536504084296624	24.917950482596215	7.745233504588525	55.25451301950658	65.45022756991233	201.88391976049826	10.41569972014377	0.5193335490989917	21.49422418687352	26.308231222899277	15.096547884170445	3.535205856674507	0.47760331110197995	11.447225844405779	0.47760331110197995	14.096156912802389	31.268873890810077	26.254	13.841283747563368	14.637767620451868	14.103181268495938	13.921566402117557	72.92338149221715	0.07439939268829497
archi-vowels-HDK.wav	úˤ	47	44.927	277.4409836189319	555.547	1147.719	2548.375	35.79145241576829	26.129955939036712	23.62433466574865	26.12623028754456	20.598252169053126	29.343987216419734	15.309362198025973	8.13694251409508	38.78163338662763	48.6068749707248	35.76565974942194	48.6068749707248	35.95129474190375	17.30808605463421	54.65123250880314	60.300887878140166	133.43627552935325	9.661496476731578	2.505621273288064	9.665222128223732	15.193200246715165	6.4474651993485566	7.172419683930892	-9.82524158409717	12.84121522130286	-9.82524158409717	2.8303386447238807	21.473547331993423	22.588	14.797034871279052	20.316869384817036	20.25292009431285	20.192494262856854	78.0676137421422	0.08996348818806965
 archi-vowels-HDK.wav	úˤ	47	44.969	265.2772150256023	544.789	1182.418	2546.005	30.51877488063088	26.04036454873947	28.82864626866069	24.937348446396378	19.235872924432684	21.80181683453079	11.495371021912186	5.206333326114786	33.29585887145948	47.252749519070754	33.908902654728394	47.252749519070754	33.908902654728394	10.32185323027962	53.10049894306796	59.18888252912293	129.9458287649748	4.478410331891411	-2.7882817199212226	5.581426434234501	11.282901956198195	8.716958046100089	6.289037695797401	-13.956890647611274	13.34384686434236	-13.956890647611274	-0.613043783268914	22.974005641179858	26.045	26.062745855915797	28.35154321015444	28.166017998974844	28.043851222788057	76.29472358901333	0.061147248191775805
 archi-vowels-HDK.wav	úˤ	47	45.01	259.22872120035953	566.011	1226.299	2468.859	31.940907668612628	28.09434153821689	28.282913980158245	21.823826477348856	12.384375830624759	11.010817514496836	14.99903603455981	2.5912525710264136	34.366075149189456	44.520420293427314	31.67252603474632	44.520420293427314	27.44728711663974	2.6311661069236547	52.84768596891004	58.964601531238145	121.18053385912161	3.846566130395736	-0.18857244194135347	10.117081191263772	19.55653183798787	20.930090154115792	12.407783463533395	-10.154345144237858	12.847894258680995	-10.154345144237858	6.918788032549717	31.7349090422658	25.716	16.233119947617197	19.38015634579028	19.20682076723722	19.17499694020517	73.92263125777313	0.06295567654352728
 archi-vowels-HDK.wav	úˤ	47	45.052	254.81213753800967	680.233	1043.004	2851.769	34.358471002962496	29.868300260227926	12.622087491501382	12.682204371614311	11.115169200729547	35.02783442034149	11.404568968356292	0.1852436636510455	36.19921603599517	39.297112660905896	33.81854823088981	39.4968527672397	33.81854823088981	19.859596475482103	54.02975135794148	56.6912368956881	158.1746736472347	4.49017074273457	17.246212768726544	21.676266631348184	23.24330180223295	-0.669363417378996	11.219325304705247	-3.0978966249107245	5.478564430016085	-3.2976367312445305	2.380667805105361	16.339619560513068	24.067	27.731607089693227	23.185180708999397	23.099880741752663	22.895765912343048	72.24458688726179	0.06868257554018276
 archi-vowels-HDK.wav	úˤ	47	45.094	243.46231493126012	715.043	1452.126	3317.447	32.376227283608785	25.14288171289447	15.109485822362384	9.926040921320041	2.970024378069411	33.93652496327749	13.857050978852484	14.88759192670183	33.69018342653176	31.546865374471036	21.634643048664316	34.94133820393711	20.683965336171557	19.696152796631154	53.10102483877682	60.90215799946335	207.47399885243794	7.233345570714313	10.033395890532088	22.450186362288743	29.406202905539374	-1.5602976796687074	-1.030540947849346	2.1433180520607245	9.91222232580672	-1.2511547774053469	13.006218090360203	13.994030629900607	18.657	16.822969972626634	11.881440562769392	11.810521762402981	11.479798591899115	67.72024443786755	0.04400896612888316
archi-vowels-HDK.wav	úˤ	48	45.806	234.43226416816643	486.166	1145.561	2747.86	29.312262077563595	25.484570323749246	31.202477707978474	23.653396680518945	18.280776891858018	31.454379655396053	1.3696589672589135	13.123145187165248	31.960822764831377	45.61671412889644	32.09941644930028	45.61671412889644	31.52984203199736	14.218372196414936	47.40982108928046	55.06738073582057	140.82136682575185	3.8276917538143493	-5.717907384229228	5.65886539704465	11.031485185705577	-2.142117577832458	-11.753486219906334	-13.655891364065063	13.517297679596162	-13.655891364065063	0.4309807328340156	17.74245056841644	25.801	31.327775151530318	26.21359074611735	26.16789219378642	26.000171573411155	74.10384748369223	0.0970566656245104
 archi-vowels-HDK.wav	úˤ	48	45.835	229.66749376926558	473.215	1117.226	2675.898	29.193521813950724	28.28709923802733	30.94132060997788	26.998940323229235	14.614368518511213	28.095161343109027	4.8510403949193455	11.856512582059826	31.87863700281588	48.82541472356178	31.841429267028943	48.82541472356178	27.734381039940857	11.174604088308225	46.8404872028153	54.24355868034932	132.3761399213351	0.9064225759233935	-2.6542213719505483	2.1945814907214896	14.57915329543951	1.0983604708416976	-7.005472187140481	-16.9467777207459	16.983985456532835	-16.9467777207459	4.144255962875022	20.704032914507653	26.031	35.689438099304105	29.42077877343934	29.348505736651088	29.226500139553274	76.257144499358	0.11571512672811514
 archi-vowels-HDK.wav	úˤ	48	45.864	228.53269522703178	472.318	1010.231	2725.45	30.715006675254436	27.497922543199373	28.734124222570536	25.944454453669536	19.585447353687222	32.027420108337594	2.8826981143006853	8.48450979379036	33.46498313780269	48.198716589646615	34.50884139034041	48.198716589646615	34.110099442782015	12.181420768342209	46.72465911963906	53.34153153486878	136.8039035067182	3.2170841320550636	-1.2362016793711632	4.7705522215849	11.129559321567214	-1.312413433083158	-5.601811679489675	-14.733733451843925	13.689875199306208	-14.733733451843925	-0.6451163049793252	21.283562369460483	24.715	31.608516178011357	28.087440851622937	28.071019620146384	27.93770986711619	75.85016435568664	0.12545808372618247
 archi-vowels-HDK.wav	úˤ	48	45.894	228.59465718531624	592.659	1134.813	2710.54	31.76943163387415	29.220840613898012	26.102842499480047	11.398724871536636	6.623883147158715	27.74115585605271	9.849884341624954	2.105623537095132	33.51999040582896	38.48194990961327	32.35054194880923	35.67326347647435	24.55523434143268	14.632485747192332	49.90605923009344	54.2641467414001	135.37821680250858	2.5485910199761364	3.117998114417965	20.370706762337512	25.145548486715434	4.028275777821438	7.744260804529821	-4.961959503784307	6.13140796080404	-2.1532730706453833	8.964756064396283	18.88750465863663	25.4	24.401810792780637	20.650618239576648	20.401968184519838	20.303693510392176	69.7794962121477	0.09381854912750338
 archi-vowels-HDK.wav	úˤ	48	45.923	223.85783535726293	690.897	1165.162	2921.766	31.405897561469793	19.206943825825963	10.931664147220985	9.38593116934586	12.365635583145163	30.44131420550287	12.793520725163841	5.813334798454628	32.692238411974024	25.28997910859376	21.967128937384402	35.86285562163112	33.77126450315002	17.267861502002336	50.61906638757566	53.96750067904277	155.05179507434963	12.19895373564383	8.275279678604978	22.019966392123933	19.04026197832463	0.9645833559669228	6.980185926709213	7.402259303380266	3.3228501712093568	-3.1706172096570953	-1.0790260911759972	15.424376909971688	23.758	17.558170855915428	15.202913038148832	15.140070962202987	14.822952840214402	67.41937820675632	0.07785999962692833
