file	label	intervaldID	t	f0	F1	F2	F3	H1c	H2c	H4c	A1c	A2c	A3c	H2Ku	H5Ku	H1u	H2u	H4u	A1u	A2u	A3u	B1	B2	B3	H1H2c	H2H4c	H1A1c	H1A2c	H1A3c	H2KH5Ku	H1H2u	H2H4u	H1A1u	H1A2u	H1A3u	CPP	HNR05	HNR15	HNR25	HNR35	intensity	soe
archi-vowels-HDK.wav	á	1	0.42	284.9284200669117	910.673	1649.741	3121.207	36.6466135653842	35.69424798229947	39.77792266400085	30.857577733818417	37.33455780612185	54.28013345361093	46.012774454134096	34.73198757513478	37.80288151001655	41.09444824811746	50.30158861514258	57.748623612870716	57.380369843937935	49.63928811476131	59.391634648995435	72.5275665078417	200.74691383515807	0.9523655830847275	-4.083674681701375	5.7890358315657835	-0.6879442407376501	-17.63351988822673	11.280786878999315	-3.2915667381009115	-9.207140367025119	-19.94574210285417	-19.577488333921387	-11.83640660474476	25.902	11.56588155794161	13.285444989626708	13.153597313086552	12.696613214980426	88.81836061821932	0.03424522392347466
 archi-vowels-HDK.wav	á	1	0.468	258.533299592598	949.662	1815.533	3071.819	35.43401079187437	38.37524145520767	37.93261968335943	28.216463011999867	36.68780882484579	41.07711025851857	55.902151208682646	31.814063436267666	36.28027578395258	42.15728684139009	55.52349853789879	55.52349853789879	55.902151208682646	40.95196933472863	56.524635602025164	75.62039046401044	184.40684932995637	-2.9412306633333003	0.4426217718482448	7.217547779874504	-1.2537980329714173	-5.643099466644202	24.08808777241498	-5.877011057437507	-13.3662116965087	-19.243222753946206	-19.621875424730064	-4.671693550776048	23.151	20.931934361440252	17.91748872573516	18.61333710078194	18.058146410277995	88.52295140905007	0.031286487567587624
 archi-vowels-HDK.wav	á	1	0.515	261.26538309303896	991.873	1820.69	3126.089	32.508484923984824	37.16488047833324	36.709556588766226	30.392346322232743	34.51461478923953	42.109581403349516	54.663452307782805	26.2334989961768	33.313552188612064	40.730416689858316	58.269506313633684	58.269506313633684	54.663452307782805	41.91375925877361	57.11336330593081	76.29794721224762	191.92458512201978	-4.656395554348414	0.455323889567012	2.1161386017520805	-2.0061298652547066	-9.601096479364692	28.429953311606006	-7.416864501246252	-17.539089623775368	-24.95595412502162	-21.34990011917074	-8.600207070161545	24.275	18.13685817685646	20.47608145990901	19.327765488409312	18.63057666947166	89.50662063491365	0.030246395355425105
 archi-vowels-HDK.wav	á	1	0.563	235.59543602501898	796.415	1911.253	3238.621	39.640891592530245	38.85441582141166	34.9161541226326	27.829095690282987	32.09753462341051	27.433188872539255	46.58903741971986	10.333379159835465	40.567611461035156	43.125190884669244	45.17751505960092	53.06587238806395	46.58903741971986	22.992782988549298	52.87022494849493	76.6026852755395	194.65773886724568	0.7864757711185817	3.9382616987790655	11.811795902247258	7.543356969119735	12.20770271999099	36.25565825988439	-2.5575794236340883	-2.0523241749316767	-12.498260927028795	-6.021425958684702	17.57482847248586	12.625	21.32651178028796	8.453190402574487	6.431569128539304	6.3446678492072195	83.6637401511461	0.07330410696910783
 archi-vowels-HDK.wav	á	1	0.61	233.48681905053908	960.642	1885.499	3208.715	28.033678745750567	26.756523631470987	14.240094412126744	13.327865716861215	7.579614238020124	15.157784080381422	26.140379116395902	-3.0681573929261945	28.696669104839387	29.645029766571504	38.902496764533	41.0257461538739	26.582137000114056	14.401465564847216	53.63022863056608	74.95470414883334	190.29072639602774	1.27715511427958	12.516429219344243	14.705813028889352	20.454064507730443	12.875894665369145	29.208536509322098	-0.9483606617321172	-9.257466997961494	-12.32907704903451	2.114532104725331	14.29520353999217	0	13.46333441910243	6.229846431575852	5.721339460168774	5.684806855202601	69.39966108872511	0.01523297374434898
archi-vowels-HDK.wav	á	2	1.347	242.5459822791924	780.826	1539.482	3115.761	36.46945565718288	32.9141018902005	36.05393988833791	29.827319271869325	28.548784464837016	39.73765483185367	36.61673055456006	20.86696545895689	37.56679463229255	38.03577565870548	45.67678575141579	55.70405381568064	47.16704340845281	31.434323995314468	53.56090968949409	62.993260400616506	183.26984706686372	3.5553537669823783	-3.139837998137409	6.642136385313552	7.920671192345861	-3.268199174670791	15.749765095603166	-0.4689810264129335	-7.64101009271031	-18.13725918338809	-9.600248776160264	6.132470636978081	23.632	20.052737612442222	15.35447368294993	13.879976644357816	13.203685431424464	83.89047906539557	0.09697156857839163
 archi-vowels-HDK.wav	á	2	1.39	243.55337408475665	929.835	1737.96	3102.337	36.4833292535973	33.117867355601724	32.229520102286756	26.76350661815056	29.31741049097622	42.03416158171312	42.50237716338036	21.074877916055975	37.27248164113158	36.60924348713276	54.33340124152189	54.33340124152189	49.37167632886984	40.125877183565414	54.63794068000502	69.90672280413715	182.12439893298298	3.365461897995573	0.8883472533149686	9.719822635446736	7.165918762621079	-5.550832328115824	21.427499247324384	0.6632381539988188	-17.724157754389132	-17.060919600390314	-12.099194687738262	-2.8533955424338373	27.494	29.69122926261597	26.89887181862939	21.731627356743545	20.869540082034057	84.92883398099195	0.07846836377215903
 archi-vowels-HDK.wav	á	2	1.432	237.005567367622	961.326	1829.486	3066.775	34.84656460566103	35.031569495194844	29.5130742480341	28.54000080610322	29.569841603964573	40.59173398088636	49.28403859657698	22.650567413362577	35.53807569980528	38.051497562516246	56.37202802285482	56.37202802285482	49.28403859657698	41.3933809043305	54.05040649380766	72.85410942622823	175.54509841032902	-0.18500488953381478	5.518495247160743	6.306563799557811	5.276723001696457	-5.7451693752253306	26.6334711832144	-2.5134218627109632	-18.320530460338574	-20.833952323049537	-13.745962896771694	-5.855305204525216	28.582	31.074038210168023	25.760286350339385	20.891016999726713	20.289990696341057	85.90843651513468	0.07113731324832362
 archi-vowels-HDK.wav	á	2	1.474	225.48617786258936	904.133	1820.789	3142.511	34.33033892604614	39.26552109132517	23.847882127798187	23.81436206964738	34.277430495543236	34.34455156927896	52.889535091761026	23.023513734317383	35.02195408862681	42.29576379832869	51.04053827385936	51.04053827385936	52.889535091761026	32.77254271204031	52.3626207036853	70.63003582120595	179.4843930237496	-4.935182165279031	15.417638963526983	10.515976856398758	0.05290843050290306	-0.014212643232824007	29.866021357443643	-7.2738097097018795	-8.744774475530669	-16.018584185232548	-17.867581003134212	2.249411376586501	25.906	24.151263534104807	17.104787523705927	14.60120939648425	13.932416221526529	83.33948563198972	0.06932749236224255
 archi-vowels-HDK.wav	á	2	1.516	209.37588246355386	900.793	1952.558	3374.67	31.43640422598751	28.09375739522533	16.52336004426915	14.676541765437403	9.916761157831818	17.197553277413228	27.056518746395195	3.4717903321984127	32.01904463049441	30.614808307932027	35.025798178585504	41.81350889691393	27.056518746395195	13.971935293138662	50.4506580155985	74.24522212426342	198.66946876419289	3.3426468307621775	11.570397350956181	16.759862460550107	21.51964306815569	14.238850948574282	23.584728414196782	1.4042363225623866	-4.410989870653477	-9.794464266419517	4.962525884099218	18.04710933735575	13.821	10.372361112469973	0.6485899709302477	0.25655330843408547	0.24885192839032552	70.95710788834359	0.05317530183852487
archi-vowels-HDK.wav	á	3	2.171	273.8682549749697	832.836	1580.176	3165.703	42.234172789271284	36.82098788248061	30.336598757217757	14.439838658846991	11.714041221179812	34.29837304352027	21.949668832706223	7.871584649626286	43.490497982360864	42.8241570996841	38.72751750785351	40.492696801059644	30.741114085896612	26.445848995789554	57.57972086697463	68.52351556746909	201.85452335039264	5.413184906790676	6.484389125262851	27.794334130424293	30.52013156809147	7.935799745751012	14.078084183079937	0.6663408826767636	4.096639591830588	2.99780118130122	12.749383896464252	17.04464898657131	27.871	11.232181574270196	4.54190901276809	4.434211290458227	4.359421430495143	79.65604736019499	0.11937830247544133
 archi-vowels-HDK.wav	á	3	2.214	263.45862539510847	1010.175	1803.473	3168.652	38.0707411142882	38.33452875629261	30.653614064183557	25.633228305821312	31.25081140091198	43.21132225261015	47.33993678929891	22.471399089315852	38.86982774957042	41.86376582781001	53.82352251451411	53.82352251451411	52.06319624499359	42.36824290608005	57.49470390678026	75.82852069486574	197.959230544522	-0.2637876420044165	7.680914692109056	12.437512808466884	6.819929713376215	-5.140581138321956	24.868537699983058	-2.9939380782395943	-11.959756686704097	-14.953694764943691	-13.193368495423172	-3.4984151565096298	25.334	20.13672029519464	16.864399735590137	14.38432238568735	13.641002408273895	87.31885709463184	0.06138421736081414
 archi-vowels-HDK.wav	á	3	2.256	256.14722655695033	1029.425	1827.996	3203.174	35.76851440978724	36.33528503751535	30.86365161733516	30.721878918570233	32.71290666053841	41.169519057620995	53.78018070188925	30.001454869176744	36.495946622934326	39.51501142675135	59.23219410424208	59.23219410424208	53.78018070188925	40.60152358171131	56.75536205058728	75.83423607608725	199.12799642923326	-0.5667706277281113	5.471633420180186	5.046635491217003	3.0556077492488285	-5.4010046478337586	23.778725832712507	-3.019064803817024	-19.717182677490733	-22.736247481307757	-17.284234078954924	-4.105576958776986	24.761	19.594751689898125	25.17126609637272	23.93154518553194	23.381243537923183	89.20939771086297	0.05778146257679296
 archi-vowels-HDK.wav	á	3	2.298	260.818046180922	993.222	1806.156	3096.129	35.048600071432034	33.12427690463944	33.91387043747437	27.994107658813377	34.33066992532942	39.353948237510636	54.727588397260256	27.93040607873838	35.85202760637492	36.67940195203738	55.95933012292417	55.95933012292417	54.727588397260256	39.49395341646314	57.06901910524861	75.53963834756179	188.1685552317739	1.9243231667925969	-0.7895935328349353	7.054492412618657	0.7179301461026171	-4.305348166078602	26.797182318521877	-0.8273743456624629	-19.27992817088679	-20.107302516549254	-18.875560790885338	-3.6419258100882246	24.791	19.393222770780543	22.579489573637183	21.591301051147667	20.939313691532142	88.09747214920347	0.051612317007375244
 archi-vowels-HDK.wav	á	3	2.341	246.92152458160248	827.154	1929.997	3287.999	35.969439660563594	24.05891713249517	44.42340660419302	28.956485340656826	32.83183689890987	40.01949361927314	47.68124686908908	17.50887209844326	36.921906818408594	28.459481572244748	54.38136568872392	54.38136568872392	47.68124686908908	35.532919549373425	54.400066388199726	79.5047423036604	205.4441437300064	11.910522528068423	-20.364489471697848	7.012954319906768	3.1376027616537243	-4.050053958709547	30.17237477064582	8.462425246163846	-25.92188411647917	-17.459458870315324	-10.759340050680485	1.3889872690351694	0	16.098213774057555	13.528073685801399	11.841949760594552	11.579223299052266	85.2569463382762	0.06891335715210802
archi-vowels-HDK.wav	á	4	3.022	252.1770309578532	800.983	1597.498	3168.578	37.727737884366135	34.045009861985875	37.199607601992184	31.167776850564998	29.959766959999264	45.95568348236333	42.63497611979631	19.74181807627032	38.851286040048315	39.319553584440726	46.20973041789679	56.99545520921718	48.223254719603005	37.974862031199315	54.828058304246404	66.05996159897964	193.33100615868972	3.6827280223802603	-3.1545977400063094	6.559961033801137	7.767970924366871	-8.227945597997191	22.893158043525993	-0.46826754439241114	-6.890176833456067	-18.144169169168862	-9.37196867955469	0.8764240088489998	25.778	25.21167762727437	18.685639015742773	17.582711736690833	16.425396504886585	85.95689906083264	0.058922971765318605
 archi-vowels-HDK.wav	á	4	3.076	250.10914109234488	950.945	1769.56	3207.251	30.843196558663404	30.53925036770937	34.787953305443004	29.246710619422597	32.39991668280943	41.759585761602224	52.43762982094249	27.033725531032736	31.640708500741198	34.07082829778343	56.397892375322925	56.90150782158476	52.43762982094249	38.89061964940531	55.53730473214503	72.22863461689296	197.0904988913954	0.30394619095403286	-4.248702937733633	1.5964859392408073	-1.556720124146029	-10.91638920293882	25.403904289909754	-2.430119797042231	-22.327064077539497	-25.26079932084356	-20.796921320201292	-7.249911148664111	26.049	20.220341396016156	25.092923535655387	22.416650791566113	21.487954983279003	87.8624496468148	0.025512318887676785
 archi-vowels-HDK.wav	á	4	3.13	248.82695447786918	975.497	1760.603	3222.721	32.049821554634235	21.5068427592911	32.04443769136404	30.329602373585956	33.595762608791645	43.12401304355144	52.207278059766864	22.332399938772266	32.809218466724	24.84451850233615	58.43163571322265	58.43163571322265	54.414112050719865	40.3915185204064	55.535155039957836	71.64792886481526	198.40271789549394	10.542978795343135	-10.537594932072938	1.7202191810482788	-1.5459410541574101	-11.074191488917208	29.874878120994598	7.964699964387847	-33.5871172108865	-25.62241724649865	-21.604893583995867	-7.582300053682403	26.792	21.502403263528663	25.35036088914774	22.071868727641757	21.445646164302087	88.86133566035173	0.036435405083631606
 archi-vowels-HDK.wav	á	4	3.185	238.58269670372647	928.945	1867.332	3223.656	38.905971524736444	34.703928370123464	30.004919730383495	27.300311244116283	30.832048663839807	36.709740643331656	49.20017456428219	14.939738697971212	39.64125843428262	37.946262561277834	54.4979975087064	54.4979975087064	49.20017456428219	34.719226974671614	54.046868318607906	74.90104740514711	194.17702580022348	4.20204315461298	4.699008639739969	11.60566028062016	8.073922860896637	2.1962308814047873	34.260435866310985	1.6949958730047854	-16.551734947428564	-14.856739074423778	-9.558916129999574	4.922031459611006	16.152	19.67672090724438	16.830125095360412	14.458705688959018	14.067067639544174	84.66603528604335	0.05214689325761452
 archi-vowels-HDK.wav	á	4	3.239	228.082480123569	813.694	1828.933	3330.931	25.388330809512116	27.409101093093973	14.79684044012988	6.4098391521305835	4.071686058907108	21.507592045927726	20.17889845030874	-1.2021836495519058	26.233967815065846	31.23263063240751	28.810499176942713	32.216732261092865	20.17889845030874	15.027828629889786	52.116771771702744	71.40668229761988	202.1688659160973	-2.0207702835818573	12.612260652964093	18.978491657381532	21.316644750605008	3.8807387635843895	21.381082099860645	-4.998662817341664	2.422131455464797	-5.982764446027019	6.055069364757106	11.20613918517606	0	7.825093659465122	3.997809428144275	2.933384095824029	2.864853030304742	66.98281691361446	0.012903585498073458
archi-vowels-HDK.wav	á	5	4.123	232.65658635746584	766.557	2998.705	4134.577	33.20245151880373	40.63154649174497	26.46234097853426	19.699842957322577	10.996722761577246	24.668234951144637	12.203721233037728	-15.993728120596195	34.092249220792596	44.81578877580353	33.748017996051836	43.628578533131794	13.243579107626097	19.802945734285874	52.30673453344188	166.39192946798673	308.0672779115224	-7.429094972941243	14.16920551321071	13.50260856148115	22.20572875722648	8.53421656765909	28.19744935363392	-10.723539555010937	11.067770779751697	-9.536329312339198	20.8486701131665	14.289303486506721	25.328	20.581384053239226	6.175196713247507	6.151645634932836	6.13558647745418	76.66945038140072	0.10966577156149222
 archi-vowels-HDK.wav	á	5	4.164	227.26758755087596	915.716	1716.3	3092.695	33.43130732235405	37.06819697018163	20.628527275297035	20.341640818188527	26.313807534963253	37.01044286620095	31.11677787164522	7.126883156700284	34.13679728286836	40.1526285963195	48.08285288476144	48.08285288476144	46.60846966051142	34.96572358930882	52.63806979915667	66.6181531670097	174.65884306272304	-3.63688964782758	16.439669694884596	13.089666504165525	7.117499787390798	-3.5791355438468955	23.989894714944935	-6.0158313134511445	-7.930224288441934	-13.946055601893079	-12.47167237764306	-0.828926306440465	29.881	20.006994701993793	16.155500589891474	15.341870256425825	14.715627838801646	79.60150091641003	0.06640125690216962
 archi-vowels-HDK.wav	á	5	4.204	221.10859011232876	944.564	1744.416	3109.625	32.77251323166847	34.98797735151078	30.138332092109554	21.968213852638222	26.48356328924488	42.59943819726399	47.26195699100036	14.261996021370555	33.40255020524769	37.71152790495213	50.17717284460373	50.17717284460373	47.26195699100036	41.39299950831316	52.07522280002746	66.77236337093368	174.10342453377152	-2.2154641198423093	4.849645259401225	10.804299379030248	6.288949942423589	-9.826924965595524	32.999960969629804	-4.308977699704435	-12.465644939651604	-16.77462263935604	-13.859406785752668	-7.990449303065468	27.201	24.179882538753294	21.940234717591647	21.305038897342552	20.89656104610105	80.46039954962046	0.0953128855947716
 archi-vowels-HDK.wav	á	5	4.244	219.39960248671397	922.042	1727.591	3154.224	33.040245413558864	34.874462648457644	28.33063014792369	22.255123632209468	26.551174259076554	38.80625762691988	45.88245959173361	14.786900904208213	33.68750386513275	37.681218861913386	50.206780674514036	50.206780674514036	47.00974287716785	36.19488634807765	51.74745594382105	65.86896489246253	178.3230781208385	-1.8342172348987802	6.543832500533956	10.785121781349396	6.4890711544823105	-5.766012213361016	31.095558687525394	-3.993714996780639	-12.52556181260065	-16.51927680938129	-13.322239012035105	-2.507382482944905	28.062	28.248121973103796	24.63568796297104	20.417898046823836	19.78425528436801	80.4750954981087	0.09583591881059822
 archi-vowels-HDK.wav	á	5	4.285	214.42084681520015	996.44	1656.017	3316.245	33.00655459080768	33.12305556311894	26.156465271216085	15.0442029021965	16.909400229731318	28.33464603027705	31.219289322833944	4.807770190687305	33.56532977243808	35.50449889457508	40.47080781736138	44.69023714993628	40.5078288971736	23.763301110774936	51.580980596946794	62.605743104379876	194.3369484975474	-0.11650097231125756	6.966590291902854	17.962351688611182	16.097154361076363	4.671908560530632	26.41151913214664	-1.9391691221369953	-4.966308922786304	-11.124907377498197	-6.9424991247355194	9.802028661663147	19.458	26.568596474238532	12.9408589750086	11.903971448922325	11.746133405854213	76.35065681677231	0.09316777279568719
archi-vowels-HDK.wav	á	6	4.86	233.73542470161257	643.307	3140.689	4189.959	37.2201586754427	38.66496565389107	36.30606975768782	21.783852286320176	-0.6506449277510988	15.298956150693456	-2.6811221717282274	-14.40349591204116	38.49247386341965	45.30688155054604	36.187267962471935	44.16125073895146	-2.846572536739145	8.201566449802572	51.19525842757111	182.6009814005406	316.8050716289589	-1.4448069784483764	2.3588958962032507	15.436306389122521	37.87080360319379	21.92120252474924	11.722373740312932	-6.814407687126391	9.119613588074102	-5.668776875531812	41.33904640015879	30.290907413617077	27.064	17.926082067441126	17.66365042853965	17.653310839110766	17.64693345464838	74.60318944571793	0.09403837208280617
 archi-vowels-HDK.wav	á	6	4.907	222.17017344851155	818.088	3052.529	4148.998	35.699068119457195	34.68665173007358	29.957250851189865	24.594722508758682	20.984708773539506	32.42600052521337	25.9810496208164	2.395729489203404	36.409619394592106	37.899707402778986	45.10347931214889	49.2916663896968	24.175041702467706	29.380208844217087	51.45792258577827	168.30452177859848	302.94688088401546	1.0124163893836169	4.7294008788837125	11.104345610698513	14.71435934591769	3.2730675942438268	23.585320131612995	-1.4900880081868806	-7.203771909369905	-12.882046995104695	12.2345776921244	7.029410550375019	29.98	9.85887295742643	12.910179709398799	12.781819698807123	12.610362323944077	79.85945990828495	0.09036354920372225
 archi-vowels-HDK.wav	á	6	4.954	216.15375471151424	907.248	1667.789	3059.377	34.140022685090315	37.68930948903643	29.373162395113443	23.492802918428325	22.05325468374129	31.843353230209118	33.82302965243306	-3.479321361859909	34.794454050050966	40.527126688772405	51.51685444359667	51.51685444359667	43.01928120078828	29.68412104753859	51.283039085589614	63.24954117700505	166.74483914183756	-3.549286803946117	8.31614709392299	10.64721976666199	12.086768001349025	2.2966694548811972	37.30235101429297	-5.732672638721439	-10.989727754824266	-16.722400393545705	-8.224827150737312	5.110333002512377	27.578	33.90613815106958	19.881815698539874	18.458146840432953	18.10665341979963	80.90357273550708	0.0897271023339036
 archi-vowels-HDK.wav	á	6	5	205.86131304899084	898.65	1640.516	3064.646	30.523334051195004	30.263229771264353	29.857538244301317	19.631966162773118	23.65329451394763	37.66759959406014	34.27047088420731	12.053690910638476	31.12915030661586	32.872038415978295	47.83975915999807	47.83975915999807	44.97785322584578	35.041807566530736	50.026005418593975	60.87804051798362	163.35962457019846	0.2601042799306512	0.4056915269630359	10.891367888421886	6.870039537247376	-7.1442655428651385	22.216779973568837	-1.7428881093624362	-14.967720744019772	-16.710608853382208	-13.848702919229918	-3.9126572599148766	22.138	17.024724086865383	13.745319956419877	13.485398104300009	13.405516725005015	78.7796207619233	0.05333004372222237
 archi-vowels-HDK.wav	á	6	5.047	202.39692929089009	966.83	1629.448	3266.987	31.489175037345483	32.73090026651178	31.2166235939979	14.559245553081201	19.905262681413724	30.533762435558277	33.53164691414566	4.9331598067807425	32.01352621194312	34.957463742328166	44.08013611951874	44.08013611951874	43.34656579775411	25.997539501095286	49.98738362291296	60.04138937590376	183.55659903578353	-1.241725229166299	1.5142766725138799	16.92992948426428	11.583912355931758	0.9554126017872058	28.598487107364917	-2.9439375303850426	-9.122672377190575	-12.066609907575618	-11.333039585810987	6.015986710847837	0	28.195343967140232	14.21129647794552	13.11326696813845	12.716635383605164	75.90511589955817	0.05991946938868459
archi-vowels-HDK.wav	áˤ	7	5.518	250.68113015914514	839.351	2806.553	4014.71	34.45474445389386	28.525899212252437	43.42690565393994	27.388503888882358	27.97365650001378	31.815115273893664	41.211357104102206	-0.6809589825864126	35.33434795555613	32.625099512057965	51.91034985157629	51.91034985157629	33.35614673662648	27.68361902749232	54.919600823319385	151.98006308349335	302.87423648539544	5.928845241641422	-14.901006441687503	7.066240565011501	6.481087953880078	2.6396291800001954	41.892316086688616	2.7092484434981685	-19.285250339518328	-16.57600189602016	1.9782012189296552	7.650728928063813	25.004	26.091966000596685	25.69681626730491	23.056126686072083	22.510975355133084	83.41545245953489	0.07659234713972986
 archi-vowels-HDK.wav	áˤ	7	5.574	250.32471608971366	922.506	2996.452	4121.1	33.047340676444854	28.475684418507562	34.01828955561265	24.23460061421489	19.863147981096745	27.284040312888475	48.95541359184843	-5.692254410644732	33.77195104781172	31.745147195791887	49.55556909717988	49.55556909717988	25.28936676900464	25.61335469475154	55.392236426886825	172.63197344507896	318.09683286698385	4.571656257937292	-5.542605137105085	8.812740062229963	13.18419269534811	5.763300363556379	54.64766800249316	2.0268038520198317	-17.81042190138799	-15.783618049368158	8.482584278807078	8.15859635306018	27.796	37.36228130557685	30.349460780686627	28.112780357780785	27.529780585358527	82.86415458155605	0.05970705926624185
 archi-vowels-HDK.wav	áˤ	7	5.63	238.10283122385005	974.075	2873.48	4119.558	34.87938846879775	34.52650667273656	21.487701871940647	19.392077262912412	27.876407429812083	24.30053325921313	47.9889556297949	-0.0195999358257313	35.47431771590281	37.138188887574344	45.56206427970878	45.56206427970878	35.72881037903122	22.406611714489326	54.25626673874484	154.88932592177107	309.60898208812256	0.3528817960611903	13.038804800795912	15.487311205885337	7.002981038985666	10.57885520958462	48.00855556562063	-1.6638711716715378	-8.423875392134434	-10.087746563805972	-0.254492663128417	13.06770600141348	25.729	27.276407717740916	10.692128167927251	11.09667522600449	10.699104683405665	82.32650481016849	0.05619560216069086
 archi-vowels-HDK.wav	áˤ	7	5.686	196.315364461008	1015.733	2803.678	4113.704	30.144456640071514	32.99195441285072	35.20569294170394	22.264509865685653	20.148698362724595	18.65028184588381	46.9821801753885	-2.5231890633510994	30.518094422061974	34.570189403927564	43.79234477151239	49.75045158892353	30.339596551447187	17.628760635746964	49.542159253337736	134.15728731438753	280.60272449128735	-2.847497772779203	-2.21373852885322	7.879946774385861	9.99575827734692	11.494174794187703	49.5053692387396	-4.05209498186559	-9.222155367584826	-19.232357166861558	0.1784978706147875	12.88933378631501	21.985	5.912953650653434	10.401456823360073	8.171468913009258	8.042035742758046	80.16927183171298	0.05381736515534102
 archi-vowels-HDK.wav	áˤ	7	5.742	--undefined--	855.258	2960.721	4021.866	--undefined--	--undefined--	--undefined--	--undefined--	--undefined--	--undefined--	0	0	0	0	0	0	0	0	--undefined--	--undefined--	--undefined--	--undefined--	--undefined--	--undefined--	--undefined--	--undefined--	0	0	0	0	0	0	0	0.02250469621226226	-0.8456983924554409	-0.6397313807281031	-1.232494627294494	64.09971113483147	0.012005056671680355
archi-vowels-HDK.wav	áˤ	8	6.443	239.3261910527531	885.097	2836.111	3923.588	32.15938201814589	33.767103216369804	32.8749988179913	23.56115331314334	28.048507006162577	32.718787590617076	35.505774460730365	8.367723833250242	32.88021719157526	37.015478667312294	48.78737455000446	48.78737455000446	34.375371722762	31.504662332281864	53.87682384911628	151.3780339008078	283.0058973198235	-1.6077211982239135	0.8921043983785069	8.598228705002551	4.110875011983314	-0.559405572471185	27.138050627480123	-4.135261475737032	-11.771895882692164	-15.907157358429195	-1.495154531186735	1.3755548592933984	26.03	26.94603303233012	24.84996715401099	23.381065319290467	22.030909129883792	80.60052795603488	0.06148217228640333
 archi-vowels-HDK.wav	áˤ	8	6.49	235.18775166700584	940.776	2955.124	3971.498	32.21771865342956	32.54168806270667	25.890453216101747	25.890511741463754	27.879584236148485	33.20326950997623	45.36897466378713	8.272813246253214	32.83322901851194	35.25956962010123	51.71230596731214	51.71230596731214	34.343580615955666	33.967562809009316	53.715325594726814	162.58776672558471	286.9631329373217	-0.3239694092771117	6.651234846604922	6.327206911965803	4.338134417281072	-0.9855508565466735	37.096161417533914	-2.4263406015892883	-16.45273634721091	-18.879076948800197	-1.510351597443723	-1.1343337904973723	27.193	27.777351526990692	26.88140704770315	23.451068040334754	22.772692970051175	81.87485058430327	0.06090231025878999
 archi-vowels-HDK.wav	áˤ	8	6.537	225.4234322413038	954.527	2896.244	3966.638	33.01590397083379	36.65894204771601	28.559052842627885	21.67246831657779	23.742089537830672	28.534705675306032	51.26792474231819	9.391252718380454	33.56709171278753	39.062444245327505	47.86647998605002	47.86647998605002	31.224884415517288	29.07029131425694	52.64150659893915	152.94700906918854	280.15784371771167	-3.6430380768822204	8.099889205088125	11.343435654256002	9.273814433003118	4.481198295527758	41.87667202393774	-5.495352532539975	-8.804035740722512	-14.299388273262487	2.3422072972702423	4.496800398530588	28.175	23.51076908315725	18.448774382731678	17.729266459694987	17.54882702643649	81.77510905686965	0.05180663118068837
 archi-vowels-HDK.wav	áˤ	8	6.583	213.13609627970226	933.674	2766.599	3927.855	32.77108362305452	37.58536732226443	32.731827158803824	22.48025562080782	14.753543909269307	26.9979116065771	44.01581976625838	3.128960331265971	33.28755918348432	39.822506492435316	48.79565760714741	48.79565760714741	23.302358347398386	26.333096904107887	51.07388271362781	136.00589422465438	267.41767133253813	-4.814283699209909	4.8535401634606075	10.290828002246702	18.017539713785215	5.773172016477421	40.88685943499241	-6.534947308950997	-8.973151114712095	-15.508098423663093	9.985200836085934	6.954462279376433	24.053	24.649361838971352	14.15219392060169	11.288727898117106	11.137933990997343	78.20201316975431	0.08409025533092201
 archi-vowels-HDK.wav	áˤ	8	6.63	191.00957688758314	785.129	3007.413	3940.038	34.64357706458503	15.36638123398868	-8.965072161202102	1.1196179565870779	15.400274918760239	19.97284177284962	28.401592246698417	5.981998702440699	35.20789507014525	17.848740226652748	13.579540477481508	26.096450775383296	18.851235227768097	19.545338549103633	47.62214802629421	151.94426576069674	255.24556199712734	19.27719583059635	24.33145339519078	33.52395910799795	19.243302145824792	14.670735291735411	22.41959354425772	17.3591548434925	4.269199749171239	9.111444294761952	16.35665984237715	15.662556521041616	0	9.056927953771462	2.2263019417981624	0.9874531284250527	0.7311911946342429	65.38056806182223	0.0712782711252976
archi-vowels-HDK.wav	áˤ	9	7.391	246.8618921448756	811.447	1717.987	2914.324	33.958104096603584	25.80228239575806	35.3639741614823	26.799036128466565	30.10014880312659	35.50527618535584	44.58839652380826	17.015326676180727	34.981009652342514	30.54838691347154	45.131036207207025	52.50438387888533	47.19195907949951	33.9403845592437	54.285318085017025	69.60318828679901	162.27473587122506	8.155821700845525	-9.561691765724238	7.15906796813702	3.8579552934769943	-1.547172088752255	27.57306984762753	4.432622738870975	-14.582649293735486	-17.523374226542813	-12.210949427156997	1.040625093098818	24.764	22.315307666851982	18.251804214775476	15.923290412689878	15.413104012431758	82.47232083536011	0.12215875330526671
 archi-vowels-HDK.wav	áˤ	9	7.441	248.23000200330307	901.055	1750.063	3027.784	33.44218744733254	26.273973099410654	34.237442584469946	23.660363750681643	28.60970364945068	35.858524486807056	46.108988348098414	5.187797635396523	34.30348754729765	30.136722965019274	50.643151841166514	50.643151841166514	47.65740769228246	34.71589430416144	55.01749718057312	71.11266833013676	175.40367462340248	7.168214347921889	-7.963469485059292	9.7818236966509	4.8324837978818636	-2.416337039474513	40.92119071270189	4.166764582278375	-20.50642887614724	-16.339664293868864	-13.353920144984812	-0.41240675686378836	25.68	26.66896530851526	28.215469961927894	22.868853460390177	21.942696072969422	82.70960908540665	0.07373462147084839
 archi-vowels-HDK.wav	áˤ	9	7.49	249.04373512786262	921.484	1748.761	3027.716	31.32137075679608	25.93401661839715	32.68090907202594	23.721946223328818	30.338920828549373	33.37974007890057	48.40547436487413	-2.7263937114288934	32.15752091384134	29.663173247717104	51.01526780217577	51.01526780217577	49.92328061012397	32.63178185136377	55.23527491217324	71.18182696137717	175.7007728816153	5.387354138398933	-6.746892453628792	7.599424533467264	0.9824499282467087	-2.058369322104486	51.13186807630302	2.4943476661242343	-21.352094554458667	-18.857746888334432	-17.76575969628263	-0.4742609375224305	27.814	29.217216387972318	26.892399253009774	24.245147943856832	23.52423895349345	83.3603766591157	0.0691056149943599
 archi-vowels-HDK.wav	áˤ	9	7.54	251.30472692872723	904.808	1767.95	3069.602	28.5540832951382	27.769351516543306	31.900863879462623	22.4796903279562	26.74608476603186	31.437136343302548	45.21095066227991	-7.118668328659613	29.4278681829907	31.697498946226013	47.60548073028629	49.401047438731325	45.59310133313858	29.858882653708253	55.40140950698961	72.34259086765698	181.3646595076374	0.7847317785948924	-4.131512362919317	6.074392967182	1.8079985291063387	-2.8830530481643493	52.32961899093952	-2.2696307632353125	-15.907981784060276	-19.973179255740625	-16.165233150147877	-0.43101447071755317	26.985	31.58125845337894	28.474623344700476	24.08090134877762	23.448473050121382	81.23538394700596	0.06457241377580424
 archi-vowels-HDK.wav	áˤ	9	7.589	247.93428761650705	801.145	1795.459	2746.629	28.63500332540611	27.685792497734955	31.468410958185224	23.358475022935842	28.21411377322223	17.78304795124432	43.04473617794058	5.601459695510076	29.674624030711296	32.54961544785745	40.0452301115233	48.68084978344308	44.02672457709143	20.45743503953368	54.336573669411166	73.0323142962606	144.87937917415738	0.9492108276711555	-3.7826184604502693	5.276528302470268	0.4208895521838798	10.85195537416179	37.443276482430505	-2.874991417146152	-7.4956146636658545	-19.006225752731783	-14.352100546380132	9.217188991177615	0	24.67276540836883	20.71873933851043	14.883894549373352	14.85066096098029	78.38401440605269	0.07372136700854348
archi-vowels-HDK.wav	áˤ	10	8.462	235.88695982567708	839.877	2613.704	3984.171	31.163672164599706	32.20305565531723	28.829576022106096	22.562258132449305	24.237825399610866	31.556641118329992	36.01288096518236	-3.8054798071290468	31.947295239859045	35.77293445029698	41.423249982803725	47.49873738566711	31.825987875061795	25.86548589337128	53.19675583074277	128.29502430752834	289.1417169926291	-1.0393834907175226	3.373479633211133	8.601414032150402	6.92584676498884	-0.3929689537302856	39.81836077231141	-3.8256392104379344	-5.650315532506745	-15.551442145808068	0.12130736479725002	6.081809346487766	29.104	19.248537269525304	18.093877254238926	13.573751470819877	13.36520303303055	78.60380513372364	0.09208681234930569
 archi-vowels-HDK.wav	áˤ	10	8.508	234.88468683153926	897.734	2916.436	4170.338	29.353333213775876	32.45280388453914	25.528741567158736	20.041026713682243	27.811783807126346	33.345811778728475	45.347161585708875	-0.9076930606904228	30.025265687567313	35.45443879784611	45.43757682159611	45.43757682159611	33.73809092953218	29.80147302260315	53.43003937483384	158.3362246546189	314.7467963796088	-3.09947067076326	6.9240623173804	9.312306500093634	1.5415494066495299	-3.9924785649525987	46.254854646399295	-5.429173110278796	-9.983138023750001	-15.412311134028798	-3.7128252419648646	0.2237926649641615	27.242	25.667626174300114	26.182380634850006	23.41729322038329	22.642152324929455	79.11627807257756	0.07342594292731319
 archi-vowels-HDK.wav	áˤ	10	8.554	237.77868850583948	941.85	2914.478	4225.939	27.50474673048249	29.538949174032084	20.368289161960337	19.86314720954908	28.14882871326086	30.782166671281765	44.749046434285866	-0.7334186960013513	28.13453940671228	32.32565358910604	45.674465012906765	45.674465012906765	34.96325788320976	27.26109855659521	54.02734820655355	159.134015524107	324.96181911845605	-2.0342024435495922	9.170660012071746	7.641599520933411	-0.644081982778367	-3.2774199407992732	45.48246513028722	-4.191114182393761	-13.348811423800726	-17.539925606194487	-6.828718476497478	0.873440850117067	29.256	28.789949055497914	29.42491359911928	24.264412009934922	22.953939667314454	78.9211609695405	0.043823462347681585
 archi-vowels-HDK.wav	áˤ	10	8.6	235.328245417663	867.706	2870.268	4227.103	27.87443454953885	29.728495998283183	26.71281140509759	18.901599111183497	24.494655359688196	29.308348321914753	42.30897263198547	-0.964036986134818	28.595812223237292	32.98371387030889	42.24068340224698	43.990228487416594	30.192944070121833	23.82853803140634	53.303980169071416	153.6146242650461	323.3951704740159	-1.854061448744332	3.0156845931855933	8.972835438355354	3.3797791898506553	-1.4339137723759023	43.273009618120284	-4.3879016470715975	-9.25696953193809	-15.394416264179302	-1.5971318468845404	4.767274191830953	26.698	31.281091468484206	25.646822240740935	21.10977846125868	20.67101533986137	76.59359834661966	0.05920049602626475
 archi-vowels-HDK.wav	áˤ	10	8.646	226.82613865385704	697.54	2789.557	4126.685	25.548050869026042	31.756762407472618	23.781646935123675	21.07745264685186	28.36347925937129	25.852130674228498	36.51055250242722	2.557651840926218	26.573147320314355	36.73244488730794	27.91736523860465	44.37505572912947	30.88485513869665	17.060895173738487	51.025189230782935	142.5793579671827	302.9883184335519	-6.208711538446575	7.975115472348943	4.470598222174182	-2.8154283903452466	-0.3040798052024556	33.952900661501	-10.159297566993587	8.815079648703293	-17.801908408815116	-4.311707818382295	9.512252146575868	25.529	26.964193712251348	15.340300828424969	10.685695824489658	10.563725552963207	72.88383139932589	0.06243121014202256
archi-vowels-HDK.wav	é	11	9.432	270.2877299554364	545.289	2693.267	3347.626	28.119027941720002	24.078484401512263	17.723265584224094	23.97756483529791	31.935693159297394	30.000248001303373	16.51713139853253	22.128178428551056	30.632815196484646	44.50572564742777	9.942658104857733	44.50572564742777	30.069370846661407	27.897618350823596	53.659037633754714	146.1449472810709	223.35854629047466	4.040543540207739	6.3552188172881685	4.141463106422094	-3.816665217577391	-1.8812200595833701	-5.611047030018526	-13.87291045094312	34.56306754257003	-13.87291045094312	0.5634443498232393	2.7351968456610507	19.152	9.628728387178855	14.396560423853915	14.232049575876731	11.630074370945245	74.45642277611447	0.0234059371099572
 archi-vowels-HDK.wav	é	11	9.47	270.3944904013386	547.222	2637.384	3293.805	36.50066237053564	35.44030130613765	25.468030638824708	35.23987551152602	42.57976649826649	42.20888651329837	26.776052303509836	16.921002019364153	39.00096092790447	55.80910068549223	17.83363724449645	55.80910068549223	41.31598075821959	40.34646154509703	53.71025432265327	140.4039135762089	216.5112352579079	1.0603610643979948	9.97227066731294	1.2607868590096203	-6.079104127730844	-5.708224142762724	9.855050284145683	-16.80813975758776	37.97546344099578	-16.80813975758776	-2.3150198303151157	-1.345500617192556	22.827	21.09000282178329	23.385878958299678	22.564768856914853	15.22976341508781	84.94483237444734	0.06977653364400774
 archi-vowels-HDK.wav	é	11	9.509	266.6341698614487	543.204	2671.825	3349.05	37.06124504052473	37.41219156550661	37.06107761249699	36.91126489882757	45.41814155760079	42.056998472903416	27.098189744405502	15.893514074524514	39.52033663428059	57.48097960289793	29.489312957755125	57.48097960289793	43.753290846628374	39.53726584207994	53.216524014460774	142.83935112751428	221.87624272694964	-0.35094652498187884	0.351113953009623	0.14998014169716356	-8.35689651707606	-4.9957534323786845	11.204675669880988	-17.960642968617343	27.991666645142807	-17.960642968617343	-4.232954212347785	-0.016929207799350365	24.878	32.43489857786641	36.79629163461716	33.69495261584435	22.118148296570737	86.87623462921253	0.08488112850298267
 archi-vowels-HDK.wav	é	11	9.548	258.772708772995	527.103	2629.471	3298.313	37.72975378194669	37.93736621324509	39.3972441914883	37.4531073802664	41.731535734562556	42.88471783730201	28.175866578184497	17.033276686585324	40.18688194464608	57.94835517949714	31.775372123442178	57.94835517949714	40.074357917281745	40.321840971187996	52.020832117131704	136.29104165192894	211.94104327993534	-0.20761243129840068	-1.459877978243206	0.27664640168028853	-4.001781952615865	-5.154964055355322	11.142589891599172	-17.76147323485106	26.172983056054964	-17.76147323485106	0.11252402736433709	-0.13495902654191383	23.537	30.581200245207295	30.921834187300515	29.12057018711023	18.83626615536616	86.65762387980936	0.09013411619831324
 archi-vowels-HDK.wav	é	11	9.587	252.2381671674708	461.714	2659.038	3437.823	42.096250605978355	23.486646442474868	35.88889468279852	17.39274515290534	35.085726659346875	42.024375381600365	15.303462855871157	14.558197780324349	45.21486724478133	36.838939432321474	25.737074404654436	37.114968156989285	30.881117687145924	34.83837465459046	49.3034020600972	137.34160841801358	226.43509518019337	18.609604163503487	-12.402248240323654	24.703505453073014	7.01052394663148	0.07187522437799032	0.7452650755468078	8.375927812459857	11.101865027667039	8.099899087792046	14.333749557635407	10.376492590190871	19.654	13.877260286949099	11.91812433133406	11.56982596740982	6.309601774263368	77.5755701492439	0.082519414158788
archi-vowels-HDK.wav	é	12	10.379	204.2277562043144	463.499	2653.797	3244.81	28.690075874397156	31.479819884340106	27.342446396028052	23.384904439237005	38.22904314429039	38.376303727245585	17.04261776506523	11.928080620663899	30.600994685462126	44.0759531732451	21.75302248327833	44.0759531732451	35.06942572236316	36.26040691916737	44.26502947950409	122.91234982099695	181.92947575835055	-2.7897440099429502	4.137373488312054	5.305171435160151	-9.53896726989323	-9.686227852848429	5.114537144401332	-13.47495848778297	22.322930689966768	-13.47495848778297	-4.4684310369010305	-5.659412233705247	17.621	8.948600368769005	5.49356431639911	5.30293910978766	4.175199261970505	74.29382383713867	0.03193118934779087
 archi-vowels-HDK.wav	é	12	10.421	218.88405380866226	446.244	2560.486	3224.698	33.91352662463961	35.68784071723513	31.95730823293699	35.212254538396195	35.366785626630275	44.81534556617818	22.664648732591502	9.877954482114097	36.34221333015251	55.199123316984696	23.96842131756841	55.199123316984696	32.14576603182401	40.43690834085293	46.22402698546357	118.78473402104314	185.95295046881213	-1.7743140925955245	3.7305324842981413	-1.2987279137565864	-1.4532590019906664	-10.901818941538572	12.786694250477405	-18.856909986832186	31.230701999416286	-18.856909986832186	4.196447298328501	-4.09469501070042	23.509	30.806947760839705	30.501604328198795	28.972723997130593	18.763011487942073	82.72498398517571	0.0035233263150071794
 archi-vowels-HDK.wav	é	12	10.463	224.06877645979776	456.311	2660.605	3340.56	36.42604375863057	36.03187313289551	33.584248946892956	35.593767239213534	39.54256060017978	42.31967847060935	20.096033020972772	14.473705919493922	38.85976982011004	55.719368788872636	25.536249033606225	55.719368788872636	35.643635322660344	37.4902325751868	46.46930574515003	129.2952647336103	201.47877848383038	0.39417062573505746	2.4476241860025567	0.8322765194170358	-3.1165168415492133	-5.893634711978777	5.6223271014788505	-16.859598968762597	30.18311975526641	-16.859598968762597	3.216134497449694	1.3695372449232366	30.436	32.0789010029244	30.42785847486401	29.954180091859534	24.6836568683341	83.56294616487021	0.09893274458610939
 archi-vowels-HDK.wav	é	12	10.505	222.90351002750032	455.856	2574.902	3289.502	37.20117509240606	34.6263486583312	35.276722547009356	33.96210556602653	38.808842525653496	41.170020936855124	23.800673667279895	14.246725766973569	39.615660706005286	54.1170646993892	27.390445827039414	54.1170646993892	35.74777363056946	35.93796094704073	46.35805995024947	121.15070066667612	195.04899366180106	2.5748264340748577	-0.6503738886781534	3.239069526379531	-1.6076674332474354	-3.9688458444490635	9.553947900306326	-14.501403993383917	26.72661887234979	-14.501403993383917	3.8678870754358243	3.6776997589645575	29.395	29.7307160972191	29.195069322195195	28.473822908102445	23.51446164484605	82.26714919667089	0.09478091444647353
 archi-vowels-HDK.wav	é	12	10.547	224.95647435263365	440.277	2665.017	3219.644	38.62789373011054	33.51612098166816	22.894697397184164	33.21764907053012	34.977863836373714	29.115353278711673	11.6967483101568	8.03451294100072	41.286725810134996	52.4399384601871	13.935772057661884	52.89705488212482	30.38212733424593	26.509305068389644	47.10625145201506	129.96678009313493	187.95126892810987	5.111772748442384	10.621423584483995	5.410244659580421	3.6500298937368285	9.51254045139887	3.662235369156079	-11.153212650052104	38.504166402525215	-11.610329071989824	10.904598475889067	14.777420741745352	20.473	25.444252122152196	25.06294562835429	24.765146953911618	18.4954416492782	80.89573961899933	0.08305676466399907
archi-vowels-HDK.wav	é	13	11.392	238.18044491983508	474.696	2700.762	3207.078	37.2457090769298	30.753714896278282	27.965415432325244	30.719397893739096	39.65195557884658	36.96995507675273	17.867603770536032	29.75590965894858	39.80702353051571	50.96951702220515	19.52614418042416	50.96951702220515	35.80523618877207	36.509429544218094	47.72542342293991	137.30892269793227	192.0692851065525	6.491994180651517	2.788299463953038	6.526311183190703	-2.406246501916783	0.2757540001770664	-11.888305888412546	-11.162493491689446	31.44337284178099	-11.162493491689446	4.001787341743636	3.2975939862976134	24.234	21.780614288073586	24.27813790049944	23.257516941357338	13.401622474803876	79.6445133659581	0.048201799273467474
 archi-vowels-HDK.wav	é	13	11.431	235.22236838566783	483.12	2644.539	3110.057	37.17250777410521	31.58246901309882	25.097755756218977	30.59111704566491	40.11193136888811	37.613508361930215	20.88842415217847	24.141873447639135	39.56945326555641	51.064545683465205	17.379896389797697	51.064545683465205	37.17476861718713	38.88389667701681	47.45727967250277	131.01172900936498	179.72288869245284	5.590038761006394	6.484713256879843	6.581390728440304	-2.9394235947828946	-0.44100058782500184	-3.2534492954606655	-11.495092417908793	33.684649293667505	-11.495092417908793	2.394684648369285	0.6855565885396047	29.267	32.429795870296935	30.48635689534677	30.027504772670305	22.941641300267563	79.97018819844848	0.053506328566024906
 archi-vowels-HDK.wav	é	13	11.471	234.88999776545364	490.321	2625.212	3199.171	37.27803663408392	30.649502317989782	24.788643187130077	28.38336589753693	35.95330895790646	40.14052555206946	21.75594625269804	23.89753495646261	39.5918532276603	48.986686495117986	17.469369839013705	48.986686495117986	33.475490690622664	38.9445902993911	47.522183986068065	129.0919926341609	189.77521778249385	6.628534316094136	5.860859130859705	8.894670736546988	1.32472767617746	-2.8624889179855444	-2.1415887037645724	-9.394833267457685	31.51731665610428	-9.394833267457685	6.116362537037638	0.6472629282691997	26.004	31.779320551696564	31.110956964451436	30.544468181263206	22.504542368593945	78.24985358049183	0.05083638328192422
 archi-vowels-HDK.wav	é	13	11.511	233.7357099266934	499.2	2559.022	3168.982	37.478750105221	30.967901966142247	30.6338231185672	26.769468871847845	40.72380237533899	41.91324002413069	25.88470398548361	21.820001113567614	39.68266667972623	47.54229309399574	23.917596662060596	47.54229309399574	39.24169606891851	40.48133148269277	47.601987457851465	122.67198068422508	185.82650165013843	6.510848139078757	0.33407884757504647	10.709281233373158	-3.245052270117988	-4.434489918909684	4.064702871915998	-7.859626414269506	23.624696431935142	-7.859626414269506	0.4409706108077245	-0.7986648029665346	26.677	27.604515813305962	23.349845132469706	22.21424810104487	17.74504285265349	77.48618670508235	0.049598319608422
 archi-vowels-HDK.wav	é	13	11.55	229.43268653373192	529.988	2203.781	3145.492	41.49325744954828	29.48962907173461	26.08870893665555	20.19739282920648	17.52843629366654	22.75008690454568	20.910601369964184	12.646471808664382	43.37692592485554	41.438008863517894	21.74722496250597	41.438008863517894	20.910601369964184	16.91377153381749	48.890901461649435	93.15339336435105	181.41009265682075	12.003628377813673	3.4009201350790583	21.295864620341803	23.96482115588174	18.743170545002602	8.264129561299802	1.9389170613376479	19.690783901011923	1.9389170613376479	22.466324554891358	26.463154391038053	0	15.257546654755622	14.70456925155895	13.89968860377197	12.869051637528097	74.4344103938424	0.06237395539123629
archi-vowels-HDK.wav	é	14	12.439	216.67005151558212	439.427	2629.633	3180.581	36.22549828522081	32.414057181720146	28.01218427697336	32.176676905776034	38.500597610448565	37.0273126558099	16.67230130864468	18.764389331707555	38.67727472324884	52.00043432245863	19.819894369609347	52.00043432245863	34.37308983683333	34.796619611070085	46.26678210880359	124.3204197432166	180.11634697875655	3.8114411035006626	4.401872904746785	4.0488213794447745	-2.2750993252277567	-0.8018143705890921	-2.0920880230628747	-13.323159599209788	32.18053995284929	-13.323159599209788	4.304184886415513	3.880655112178758	30.642	17.29331805156217	17.014089308487485	16.72191435518118	13.842366181634443	79.84852384850655	0.07610064970202284
 archi-vowels-HDK.wav	é	14	12.472	215.75589143484657	439.698	2686.312	3223.684	35.821211658410775	37.446145652591476	34.51713673083915	37.003671906310984	44.69049513402993	42.406818275214775	21.480652396111225	24.456481606681027	38.24373877076702	56.84303748885825	26.385317944770478	56.84303748885825	40.0485713661852	40.29849049868703	46.157795290936264	129.2440714557363	184.5146220958763	-1.6249339941807008	2.9290089217523274	-1.1824602479002095	-8.869283475619156	-6.585606616804	-2.9758292105698025	-18.599298718091234	30.457719544087773	-18.599298718091234	-1.8048325954181834	-2.0547517279200136	27.437	34.09087218136664	32.605241945677164	30.927166160096622	21.212093405680314	84.02439507566568	0.10945325995358973
 archi-vowels-HDK.wav	é	14	12.505	216.96670726595192	442.533	2693.779	3242.532	35.59202051708586	37.44046698516435	33.40580211877485	36.9512979854409	44.411917110173746	44.26848515804812	23.968824983159173	18.95347983976872	38.01071488661652	56.846730123032444	25.29914543981585	56.846730123032444	39.78944527371144	41.93240440317368	46.164723332919415	130.2987934652431	187.13694988885098	-1.8484464680784924	4.034664866389498	-1.359277468355046	-8.81989659308789	-8.676464640962266	5.015345143390455	-18.836015236415925	31.547584683216595	-18.836015236415925	-1.7787303870949245	-3.9216895165571586	26.885	46.99353517215986	42.21308683002131	37.87367414432976	23.088470709473242	84.19478744943795	0.006327373542404004
 archi-vowels-HDK.wav	é	14	12.538	216.56558251885136	446.64	2450.303	3218.686	35.62122774848605	36.74909297218137	34.30499165564882	35.574543352067394	32.671184774542745	45.77296075006525	26.243130098444396	20.81358137471389	37.99301826883791	55.643119616303984	26.666455267656485	55.643119616303984	30.615555886961616	39.661941985924145	45.96571088032577	108.8725320336218	184.3001507742815	-1.1278652236953235	2.444101316532553	0.04668439641865518	2.9500429739433045	-10.151733001579203	5.429548723730505	-17.650101347466077	28.9766643486475	-17.650101347466077	7.377462381876292	-1.668923717086237	25.473	36.40950191907961	30.191555790634762	29.595465071063774	23.072174901595425	83.12230832328154	0.09942906674432787
 archi-vowels-HDK.wav	é	14	12.571	214.72900210721346	448.647	2278.362	3293.264	35.903227084052865	35.38752103355747	34.01654851001699	33.2279967512886	36.283836058852266	43.26652673252319	28.497400364916384	23.92163244678845	38.217594084123306	53.43470500085856	26.857560484332303	53.43470500085856	36.125103218862776	33.17787760409764	45.704181290775665	95.27939239379182	191.8736039652952	0.5157060504953961	1.3709725235404804	2.675230332764265	-0.3806089747994008	-7.363299648470324	4.575767918127934	-15.217110916735251	26.577144516526253	-15.217110916735251	2.0924908652605296	5.0397164800256675	0	28.303803788275825	23.6592236706143	22.297671178346256	18.63353372560989	80.45582859828997	0.08784632871373202
archi-vowels-HDK.wav	éˤ	15	13.384	267.4961672988865	537.574	2631.756	3282.424	25.43372509522878	25.101540383411603	3.231792248285984	25.077998421751673	25.31268985383654	29.170747263811574	12.836634101727945	17.87262521021084	27.971175858231703	45.5647147744994	-4.595946619218967	45.5647147744994	23.832927155698872	27.193884626851542	53.193628623176956	139.00494140741702	213.79237072237302	0.33218471181717746	21.86974813512562	0.3557266734771076	0.12103524139223865	-3.7370221685827936	-5.035991108482893	-17.593538916267697	50.16066139371837	-17.593538916267697	4.138248702532831	0.7772912313801612	18.179	12.391413375190874	16.149821663359013	15.420756184802311	11.034901044349024	74.98503769203364	0.03307471578682011
 archi-vowels-HDK.wav	éˤ	15	13.432	253.1019272007549	528.482	2549.939	3202.213	36.951884526519805	34.53118197026947	35.77161336495586	32.25199854736268	39.50079251441882	39.471307836371345	30.94476410746426	32.496323487691875	39.280493918586934	52.893122394458054	28.76099468247005	52.893122394458054	38.77914130714818	37.75252336692664	51.43394374406537	127.05400941896299	197.73882072757667	2.4207025562503333	-1.2404313946863894	4.6998859791571235	-2.548907987899014	-2.5194233098515397	-1.5515593802276157	-13.61262847587112	24.132127711988005	-13.61262847587112	0.5013526114387545	1.527970551660296	25.391	30.560442173728216	29.077197363033896	25.295542520560517	20.063228734810295	81.5800285997854	0.09087059020564194
 archi-vowels-HDK.wav	éˤ	15	13.48	243.8316847450796	559.743	2510.648	3024.815	36.95870433236527	38.70979170485331	36.925219114891334	29.644996381667408	38.21351835775664	41.97452491579399	31.462203679277877	27.14045031603236	38.8554832527027	50.91277522106331	32.191148765930095	50.91277522106331	39.10328383792181	45.01774864150715	51.03631030003519	120.99358069922455	173.42222360620198	-1.751087372488037	1.784572589961975	7.313707950697864	-1.2548140253913687	-5.01582058342872	4.3217533632455165	-12.057291968360616	18.72162645513322	-12.057291968360616	-0.2478005852191103	-6.16226538880445	27.691	27.66581785993965	26.122478750721605	23.68582419044357	17.290830234278634	81.43746843645411	0.083586119822918
 archi-vowels-HDK.wav	éˤ	15	13.528	228.25500274697552	566.003	2364.484	3137.355	36.62702485527379	41.43170885517027	28.877517616230524	28.985753201199117	37.306841629847355	39.709051498403824	34.70247568790593	29.535704366655416	38.24033273559642	50.69616384845105	26.197807260064245	50.69616384845105	40.20710614214494	37.82317008741383	49.43187324787319	104.81651339849238	180.02149831518386	-4.804683999896483	12.554191238939747	7.6412716540746715	-0.6798167745735668	-3.0820266431300354	5.166771321250515	-12.455831112854632	24.498356588386805	-12.455831112854632	-1.9667734065485192	0.41716264818258963	25.25	19.874469364292597	16.341765926972965	15.23385889583134	12.899395998511112	81.59365355376835	0.08637485667442654
 archi-vowels-HDK.wav	éˤ	15	13.576	203.3782281719867	575.132	2122.178	3271.611	38.066541073724586	17.24138439958645	26.169056516490798	21.5246760487548	20.74723413653711	30.544112024473772	27.052035079042174	17.58102314954061	39.301188330746555	23.52280871967546	27.52900091302875	43.99123722007599	27.052035079042174	23.234584082594132	46.83476738163246	82.6115607115136	184.48872214663524	20.825156674138135	-8.927672116904347	16.541865024969788	17.319306937187477	7.522429049250814	9.471011929501564	15.778379611071095	-4.006192193353289	-4.690048889329432	12.249153251704382	16.066604248152423	15.143	5.247041560862714	5.002061222729584	4.938820260391057	4.840777687494509	75.75894742272177	0.05681256297924016
archi-vowels-HDK.wav	éˤ	16	14.1	225.35122226718997	579.306	2415.502	3157.964	30.839742118986702	26.36543137458057	20.90217191895767	25.78370335445899	24.702683025440106	30.899362621023762	27.13762010732698	30.019496514448214	32.33258100255347	34.60857225356718	19.158861752237105	47.71477323639024	27.55208201399434	29.92372802827802	49.33390321504644	108.20581429585059	181.15706563764397	4.474310744406132	5.4632594556229	5.056038764527713	6.137059093546597	-0.05962050203705971	-2.881876407121233	-2.275991251013714	15.449710501330078	-15.382192233836776	4.780498988559128	2.4088529742754474	13.59	1.4752715529888574	5.378363809687912	4.7243693382685	3.6735188164658976	76.63803061670244	0.034969417459391326
 archi-vowels-HDK.wav	éˤ	16	14.154	246.4156429504784	586.315	2272.442	3078.887	39.68925098340676	39.13520700872222	37.988934206809816	27.967904017152105	36.2606257147527	43.2944520229542	40.449755962858205	34.11543198294937	41.46908189050609	49.90136523769411	34.586750486009294	49.66718611043959	40.449755962858205	41.36398144262316	51.78499289022014	101.77075596728235	180.54785256116116	0.5540439746845394	1.1462728019124029	11.721346966254654	3.4286252686540593	-3.6052010395474383	6.334323979908838	-8.432283347188019	15.314614751684815	-8.198104219933498	1.019325927647884	0.10510044788293271	27.11	25.585370434754378	19.7276945255825	17.5212759734185	14.223166691215878	81.26938493257188	0.07581833845090706
 archi-vowels-HDK.wav	éˤ	16	14.207	244.40971998350835	592.715	2288.209	3068.531	39.81458444699665	42.74716585356845	36.64491410560386	30.871304016472852	37.5222897881731	45.00509375962836	36.77441180260206	33.14496727787454	41.52294203787886	52.81274819546109	33.69821459140382	52.689500737236585	41.78082419282035	43.78964082361749	51.66638069261548	102.54020007005542	178.58927635243765	-2.932581406571799	6.102251747964587	8.943280430523796	2.2922946588235504	-5.190509312631711	3.6294445247275178	-11.289806157582227	19.11453360405727	-11.166558699357722	-0.25788215494148403	-2.266698785738626	27.559	27.2669641988027	24.925737355007556	18.97449905377308	18.332962353000937	83.25934228222084	0.08313816625232269
 archi-vowels-HDK.wav	éˤ	16	14.261	226.1127006795471	533.789	2373.528	3073.516	36.62002327607052	43.47589950587946	35.80051175133086	33.148050219876566	36.8211616422821	40.4255800525667	35.23125670532223	34.30884787407811	38.40465471938019	54.43481650512343	31.737925336263682	54.43481650512343	38.59367143892012	39.065173147753654	48.604596886309864	105.02731960616053	172.0993158607388	-6.855876229808942	7.675387754548602	3.471973056193953	-0.20113836621158043	-3.805556776496182	0.9224088312441197	-16.03016178574324	22.696891168859747	-16.03016178574324	-0.1890167195399286	-0.6605184283734644	25.023	24.430425699539896	21.264099214881682	14.232168767107593	12.766239346355434	82.82454290598093	0.07663763868489784
 archi-vowels-HDK.wav	éˤ	16	14.314	205.60613639865718	503.338	2221.898	3307.374	17.705574831051663	27.908293449587106	22.76301641079778	16.2275797217325	22.43502438292395	29.248975143477917	19.464487484515455	20.297727356819678	19.354705551112225	37.53265142654512	19.599106468251833	37.53265142654512	25.146997604915676	20.32154633382424	45.76732218359042	89.41569794040736	189.4091566329627	-10.202718618535442	5.145277038789327	1.4779951093191634	-4.729449551872285	-11.543400312426254	-0.8332398723042225	-18.177945875432897	17.93354495829329	-18.177945875432897	-5.79229205380345	-0.9668407827120156	0	8.811818488209548	7.971788089334052	7.839128029646787	7.3309575346339875	70.81634528065557	0.006310771033876073
archi-vowels-HDK.wav	éˤ	17	15.07	276.56338371221756	563.121	2420.822	3248.914	37.918620586711214	40.1535680018315	40.26208107543791	39.66897308511771	40.12337998007226	39.76116086039954	37.49784842124528	23.016588578265033	40.4083991513416	60.42869149008104	33.20520296250776	60.42869149008104	41.456066031074556	35.55918164860642	54.70367626695898	121.13100896721937	213.47420000323055	-2.2349474151202884	-0.10851307360641016	-1.7503524984064995	-2.2047593933610443	-1.8425402736883285	14.481259842980247	-20.020292338739445	27.22348852757328	-20.020292338739445	-1.047666879732958	4.849217502735179	27.442	25.761877056843282	32.43364476774782	29.775803672783738	25.749238605496238	89.30968626987246	0.10512184620572058
 archi-vowels-HDK.wav	éˤ	17	15.119	269.31848042199357	562.736	2366.723	3096.355	37.20931139762031	38.70573542286624	44.43620760748321	36.29761325949798	44.20264502287034	49.19511989219856	33.03252420046818	18.64180723412013	39.562415724011075	57.20203592545331	37.97068834814297	57.20203592545331	46.215241494380955	47.35585836490217	53.898195572643154	114.61127817712493	191.52256055686212	-1.496424025245929	-5.730472184616971	0.9116981381223326	-6.993333625250031	-11.98580849457825	14.390716966348052	-17.639620201442234	19.231347577310338	-17.639620201442234	-6.65282577036988	-7.793442640891094	29.811	28.671744860315243	30.704348645649375	25.523957974057527	20.873675968553815	87.36922419459079	0.07712638803341854
 archi-vowels-HDK.wav	éˤ	17	15.169	255.4711219528577	611.549	2481.217	3138.877	39.37414540438005	45.50179613158911	39.44424751761005	34.2273672973106	41.330969479806285	43.39564449095165	35.4846286765707	24.652568063871566	41.1221055087234	56.005567342545895	36.0105604166226	56.005567342545895	43.93196992529845	44.418006526307856	53.19489071581391	121.34372644833867	191.132661891215	-6.127650727209058	6.057548613979058	5.146778107069451	-1.9568240754262334	-4.021499086571602	10.832060612699134	-14.883461833822494	19.995006925923292	-14.883461833822494	-2.809864416575053	-3.2959010175844554	25.774	26.11349029014122	22.954112767003586	18.195830015259265	14.582866127439353	85.15303530469872	0.08265787445533958
 archi-vowels-HDK.wav	éˤ	17	15.218	234.19414376875665	660.024	2415.413	3140.624	40.95535301506682	45.010475437589804	29.960527676766233	22.380750030002513	29.70635783583949	33.68725863667419	34.39355501459459	22.42864123879958	42.20119672849133	51.36516899008836	31.24575933604332	45.23901682607209	34.80890557380104	35.26547403146893	51.45290146005439	110.34698891337422	182.7781977454831	-4.0551224225229845	15.04994776082357	18.574602985064306	11.248995179227329	7.268094378392632	11.964913775795008	-9.163972261597024	20.119409654045036	-3.037820097580756	7.392291154690291	6.935722697022399	21.74	17.699385878445135	14.027893713103852	12.97069962134163	12.217432509581432	81.0980480202832	0.08495126753645221
 archi-vowels-HDK.wav	éˤ	17	15.267	231.42907358991295	519.763	2427.935	3610.008	27.8509394950198	23.564229892126107	22.71299335114283	15.892387158708772	21.944661403518214	23.734959951568108	6.436665912668803	4.770094520181997	29.83418988207191	36.85288105310716	17.36089426798821	36.85288105310716	22.564762523440983	12.73005782894053	48.898609313232235	110.70971802691794	237.62534728432485	4.286709602893694	0.8512365409832761	11.95855233631103	5.906278091501587	4.115979543451694	1.666571392486806	-7.01869117103525	19.49198678511895	-7.01869117103525	7.269427358630928	17.10413205313138	0	17.481466174920378	8.88928226393699	6.943926366054082	6.70885135745305	67.65654597659649	0.010466021371839149
archi-vowels-HDK.wav	éˤ	18	15.935	245.4149844945609	526.248	2389.566	3185.941	30.487386546270407	28.340698974487893	21.964301899821585	23.861541616555755	28.06676237411624	36.8592519283316	23.679825970331542	12.270610403134727	32.69125870545917	44.66614989384128	15.708041066786304	44.66614989384128	29.046274285629302	32.763375009837084	50.55152459151397	110.90024800745232	192.60428006166373	2.1466875717825147	6.376397074666308	6.625844929714653	2.4206241721541666	-6.371865382061195	11.409215567196815	-11.97489118838211	28.958108827054975	-11.97489118838211	3.6449844198298678	-0.07211630437791428	23.058	17.97635463712902	12.304038522483975	11.45563185236859	10.19448286296349	74.5261989828991	0.032279431531094464
 archi-vowels-HDK.wav	éˤ	18	15.987	243.9167089153326	567.666	2437.403	3161.986	37.838993692160614	38.64467641544387	36.2196535162535	28.840835081738366	40.89551893994154	43.48546099477331	33.28303189372499	23.917020653319128	39.6868969157523	50.24621080677491	31.93774126848	50.24621080677491	42.79135072485942	42.08499774126122	51.18861428122333	114.58199499030447	189.1784333607306	-0.8056827232832546	2.425022899190367	8.998158610422248	-3.0565252477809253	-5.646467302612699	9.36601124040586	-10.559313891022612	18.30846953829491	-10.559313891022612	-3.1044538091071203	-2.3981008255089193	27.296	32.38831612147578	28.4272308831722	23.490180747163706	16.12792490347283	81.07478762650983	0.07209992376224222
 archi-vowels-HDK.wav	éˤ	18	16.039	238.55961219970732	555.719	2521.076	3189.364	39.89529812383195	40.658225208385616	38.80690111815639	30.86924593751838	40.602659593412234	43.15994646912906	29.753733763170445	30.08767880785349	41.7300554855801	52.17585475816762	34.37509476351795	52.17585475816762	41.35405744372875	42.370180590524384	50.38270849065177	120.54734083790207	190.1649605307	-0.7629270845536666	1.8513240902292267	9.02605218631357	-0.7073614695802846	-3.264648345297111	-0.33394504468304476	-10.445799272587514	17.800759994649667	-10.445799272587514	0.37599804185135355	-0.640125104944282	26.302	27.87209752466371	23.989538378538313	22.035010798863826	16.425394175280456	82.26582755835227	0.08937729816453899
 archi-vowels-HDK.wav	éˤ	18	16.091	226.97995957544703	525.893	2458.627	3248.049	37.15395129043843	43.72680908970698	35.19171395392423	34.329654794401335	40.72836368640034	45.87800976552654	31.47940389702359	23.71864377494825	39.005457524299906	55.454398370508116	30.547184040760136	55.454398370508116	41.33193742145808	41.999240900374126	48.54201877154147	112.16551888360506	192.0587316433824	-6.572857799268554	8.535095135782754	2.8242964960370927	-3.5744123959619145	-8.724058475088114	7.7607601220753395	-16.44894084620821	24.90721432974798	-16.44894084620821	-2.3264798971581726	-2.9937833760742194	27.831	30.27192951832486	27.179910152994545	21.389276915573646	17.02380309724843	83.7772843455778	0.08525283756397864
 archi-vowels-HDK.wav	éˤ	18	16.143	215.87118810693082	496.911	2156.425	3336.224	40.57972105817231	39.48555024587644	28.00789972302298	30.3428072996947	27.420159111513033	35.77923251210774	27.837220369428422	22.898025532503105	42.47019443883613	51.571113793859325	23.436960964198622	51.571113793859325	30.39402780816667	25.015355873247223	45.6705586283584	87.22133619430882	197.26375796977862	1.0941708122958715	11.477650522853459	10.236913758477609	13.159561946659277	4.800488546064571	4.939194836925317	-9.100919355023194	28.134152829660703	-9.100919355023194	12.076166630669462	17.454838565588908	17.888	17.312761894389592	16.47304316851191	14.671485138622526	13.062633540204029	78.70426164412179	0.09579892541741099
archi-vowels-HDK.wav	éˤ	19	16.789	239.64070227587905	571.448	2405.952	3173.834	22.93626450436576	28.51896495981631	16.262427491224237	17.578659586493536	25.35206007060755	30.00660137833468	16.626131226719238	9.45778106891526	24.69165732372954	39.13046925079027	12.609344606911348	39.13046925079027	27.77676507919539	28.01501482073251	50.78282685324717	110.8803118600077	188.8075870569141	-5.582700455450549	12.256537468592072	5.357604917872223	-2.4157955662417905	-7.07033687396892	7.168350157803978	-14.43881192706073	26.52112464387892	-14.43881192706073	-3.085107755465849	-3.32335749700297	19.152	14.909715048038546	7.920982609848956	7.411142111780328	5.832035660817975	68.29740407424933	0.045584274611885224
 archi-vowels-HDK.wav	éˤ	19	16.833	261.36490313805	563.935	2498.584	3322.686	29.841153556782125	32.12134130613182	29.754980577276473	27.04580953891016	29.635907360605643	34.137499796991094	24.4953530674133	24.35483244583957	32.02011173296418	48.05551090944146	23.71838229492731	48.05551090944146	30.46386063082945	30.023894952211844	53.04459169434934	124.44662192693848	216.14710694846096	-2.280187749349693	2.3663607288553443	2.7953440178719653	0.205246196176482	-4.296346240208969	0.14052062157373157	-16.035399176477277	24.33712861451415	-16.035399176477277	1.5562511021347305	1.9962167807523379	24.714	24.390936713841764	27.546363464635398	26.569179654890487	22.2601138407649	77.12956202595291	0.08846712205410376
 archi-vowels-HDK.wav	éˤ	19	16.877	269.5844834245231	609.394	2449.158	3248.78	32.14814258974954	35.88858363786707	37.37938314264096	27.479903970090238	32.32028979462257	41.57774837768399	29.413185586489682	24.573846047228315	34.13249309074578	48.990329335095666	32.704572500905186	48.990329335095666	34.93473566159385	39.37544267424261	54.73996113459438	121.99009219446842	210.45708167649406	-3.740441048117532	-1.4907995047738893	4.668238619659302	-0.1721472048730277	-9.429605787934449	4.839339539261367	-14.857836244349883	16.28575683419048	-14.857836244349883	-0.8022425708480654	-5.242949583496831	29.961	30.715816176920995	32.71930196979702	28.4482582115073	21.43647855023365	79.35710858976596	0.09882198229739247
 archi-vowels-HDK.wav	éˤ	19	16.921	273.613082090112	573.194	2312.242	3252.235	31.505276335328887	33.15968203861084	37.37755803805268	30.506901948436656	31.024112551410685	45.94903598752618	32.07104262391641	22.447561981247432	33.85477745014225	51.509295105765915	31.160951193412178	51.509295105765915	33.87748814778548	40.36207040200061	54.56859382957247	110.97517574102571	212.62747903632828	-1.6544057032819524	-4.217875999441844	0.9983743868922303	0.4811637839182019	-14.443759652197294	9.62348064266898	-17.654517655623664	20.348343912353737	-17.654517655623664	-0.02271069764322675	-6.507292951858361	25.755	31.0329500248574	36.36481154513797	29.180139813151612	26.30775356914956	81.14999332259912	0.12243283407119114
 archi-vowels-HDK.wav	éˤ	19	16.965	274.41302717681924	581.659	2334.104	3121.066	31.77665974747736	33.63623111079098	39.42309925478065	29.955566163941032	28.979531201810694	36.74897859182404	28.434368973822885	18.69600068368396	34.06641351565716	51.05266495809532	33.45595973162781	51.05266495809532	31.85717705254715	34.32976969234862	54.81101078163602	112.99796066017977	196.54889601559287	-1.85957136331362	-5.786868143989672	1.821093583536328	2.7971285456666664	-4.972318844346681	9.738368290138926	-16.98625144243816	17.596705226467513	-16.98625144243816	2.2092364631100097	-0.2633561766914596	35.446	34.62307568850633	36.88932269720783	31.593514405674682	24.00488460159078	80.34823589922114	0.1212663344826721
archi-vowels-HDK.wav	éˤ	20	17.865	245.91610572129602	553.879	2409.606	2981.608	23.98719620409519	26.376749192365182	20.415968579484797	18.395197295519825	21.154307312750916	31.334928875934086	21.569022801980786	19.876496954136186	25.970753354971553	39.579991895200926	15.357209505419062	39.579991895200926	22.850828523593563	33.126535880097386	51.15642533315	112.70277735545362	169.3566986330043	-2.3895529882699904	5.960780612880384	5.591998908575366	2.8328888913442754	-7.3477326718388944	1.6925258478445997	-13.609238540229374	24.222782389781862	-13.609238540229374	3.1199248313779897	-7.155782525125833	22.414	13.547844366924224	10.828147169240872	10.110034110640054	7.188251361417935	70.12029500537727	0.04532866819956771
 archi-vowels-HDK.wav	éˤ	20	17.915	262.1311385081484	539.541	2531.22	3163.03	29.695347651665816	29.569952592817412	31.577230020227717	28.409461547476536	38.2886210221604	39.348262845945705	23.73193177350863	22.998719730636203	32.10617501950023	49.05053456478056	24.373189018741535	49.05053456478056	37.96702318281251	38.3816322815938	52.64899505084582	127.69986199243148	196.7327254364993	0.12539505884840452	-2.0072774274103047	1.2858861041892808	-8.593273370494583	-9.652915194279888	0.7332120428724274	-16.944359545280335	24.677345546039028	-16.944359545280335	-5.8608481633122835	-6.275457262093575	27.687	24.42816448732449	28.225665666362826	26.219869380706502	19.62595424400397	78.5988679719708	0.09713292488887594
 archi-vowels-HDK.wav	éˤ	20	17.964	269.41587944633204	573.218	2645.785	3169.865	30.18981983279319	32.738285439407875	36.2600264488473	28.77633100239133	38.19037182295608	33.96460052458397	26.767356401672366	26.09515828954563	32.43071357561795	49.71970018050284	29.788326085839007	49.71970018050284	37.704558063173074	36.0734160132681	54.105035505997904	140.97971122250013	200.54822418300128	-2.548465606614684	-3.521741009439424	1.4134888304018602	-8.00055199016289	-3.774780691790781	0.6721981121267362	-17.28898660488489	19.931374094663834	-17.28898660488489	-5.273844487555124	-3.6427024376501507	27.864	27.985860987067653	34.689790432589305	28.733593552868367	23.663974233761643	79.59786306611076	0.09344148305838092
 archi-vowels-HDK.wav	éˤ	20	18.013	265.5857685915262	606.4	2634.309	3199.589	30.008789117373762	34.4552719690125	35.14654082707868	25.50525314015988	37.792961377728254	33.56021026509786	24.561962146465575	26.254426464083238	31.934661344544594	46.96932906685616	30.397542646103005	46.96932906685616	38.51468429027336	35.762643961632335	54.245646138504824	138.71718011135738	202.63273506955548	-4.446482851638738	-0.6912688580661808	4.5035359772138825	-7.784172260354492	-3.5514211477240956	-1.692464317617663	-15.034667722311568	16.571786420753156	-15.034667722311568	-6.580022945728764	-3.8279826170877413	28.879	36.24787521853633	30.056060312024698	26.549378956606752	23.6140141116081	77.37787148423251	0.08226776377955244
 archi-vowels-HDK.wav	éˤ	20	18.063	261.72541298274786	583.22	2287.621	3171.302	30.503840654023318	32.36941845866123	31.88946965315287	24.922734394172977	27.25453565514228	39.40656321872479	29.472347097645198	25.152640510242872	32.55703096276291	46.29053466491693	27.02070915367992	46.29053466491693	30.902969685531115	35.49669983111034	53.4315597563552	106.31646829399516	197.571523716205	-1.865577804637912	0.4799488055083607	5.5811062598503405	3.249304998881037	-8.902722564701474	4.319706587402326	-13.733503702154024	19.269825511237013	-13.733503702154024	1.6540612772317935	-2.9396688683474324	27.806	32.71319205693204	28.88812908182792	24.32312919683479	17.650467956707075	76.36601096490381	0.07708885057542089
archi-vowels-HDK.wav	éˤ	21	19.21	276.25128397377426	585.621	1805.525	3269.84	36.30874765549224	34.75369200129648	37.11978862610645	31.006113270368946	34.11372163055445	51.082467005101094	42.91826734191296	20.499119396751947	38.68282638529938	52.52700557381865	33.05605084330898	52.52700557381865	42.91826734191296	38.35973550377298	55.085333511052276	77.9338435978145	216.01635097600104	1.5550556541957619	-2.3660966248099697	5.302634385123294	2.195026024937789	-14.773719349608854	22.41914794516101	-13.84417918851927	19.470954730509668	-13.84417918851927	-4.23544095661358	0.3230908815263973	25.314	22.069358156506937	22.02545855225067	18.90731505414535	17.40511534875398	82.39172172003467	0.05347555830338622
 archi-vowels-HDK.wav	éˤ	21	19.256	258.59918211960183	626.85	1971.603	3247.084	38.80214055737332	39.215174512007415	38.30282625406167	27.237446854394236	39.129025244700195	45.643168536713326	47.688513594806885	12.308624105311303	40.563592628427976	49.51754824526988	36.39039689805092	49.51754824526988	47.688513594806885	37.116904029924434	53.77192477438399	83.85087042557912	205.5262024372075	-0.41303395463409487	0.9123482579457445	11.564693702979085	-0.32688468732687426	-6.841027979340005	35.37988948949558	-8.953955616841903	13.127151347218955	-8.953955616841903	-7.124920966378909	3.446688598503542	25.493	27.925176515909552	21.750049847140414	15.638161313640492	14.976345934693121	82.55575471852515	0.058704087866803166
 archi-vowels-HDK.wav	éˤ	21	19.301	245.59955069240215	751.044	2071.833	3298.974	40.902627977183315	40.96544511844109	30.48919649346639	25.853878966237072	33.76669495082959	41.474219794496605	44.96090295420181	21.52295870679491	42.00494061187513	46.284381524716984	35.63616588517145	50.01737876455691	44.96090295420181	37.009003446156164	53.67395677955286	87.5795102197089	206.18962931051388	-0.06281714125777427	10.476248624974698	15.048749010946242	7.135933026353726	-0.5715918173132906	23.437944247406904	-4.2794409128418565	10.648215639545533	-8.012438152681781	-2.9559623423266856	4.9959371657189635	22.914	17.042010996555767	17.389137128416714	15.569737921577705	14.883384992698549	82.27370041017856	0.07102542610364204
 archi-vowels-HDK.wav	éˤ	21	19.347	240.32132897849422	742.424	2127.458	3192.951	43.28042358550816	39.28420676703474	31.251532363005527	24.024579249292458	33.41935793394204	39.23596244914993	43.840141272535995	17.07764717004561	44.35048807585012	44.42741118351063	36.596148386819905	48.10300131315295	43.840141272535995	37.26510283580397	52.991801683324226	90.1687794166766	191.3142252526443	3.996216818473421	8.032674404029212	19.255844336215702	9.861065651566122	4.04446113635823	26.762494102490386	-0.07692310766050525	7.831262796690723	-3.7525132373028285	0.5103468033141283	7.085385240046151	24.251	25.07192195209234	19.280045552488797	17.227688690477947	16.95516155893432	80.29069216603885	0.08349039121448054
 archi-vowels-HDK.wav	éˤ	21	19.392	226.1358179853736	732.777	2059.953	3344.747	39.06729288074994	38.814061848232484	29.629716262252565	10.097789545397088	29.20126129487084	30.972160733377038	42.37601726286079	17.777466991631076	40.039439699856054	43.38550425696347	37.038979742137826	34.39503091694944	40.41268665423492	25.521857747866928	51.27608047422484	83.20244556352549	202.90698917378674	0.25323103251745493	9.18434558597992	28.96950333535285	9.8660315858791	8.095132147372901	24.598550271229715	-3.346064557107418	6.346524514825646	5.644408782906616	-0.3732469543788639	14.517581951989126	0	23.77480144975491	14.407430667852587	12.677782883130934	12.06107147075228	75.74015998993488	0.05386467300547355
archi-vowels-HDK.wav	éˤ	22	20.116	248.5657773463828	1826.457	3335.214	3963.132	34.436960031386135	41.31900540772047	22.783440919076	5.326337947644795	18.581092213581062	17.229793886951782	33.997298991260465	17.968438999201375	34.648906385477034	42.18737634040884	26.660625842013324	36.2778509026892	35.44214315456842	36.62544764768404	74.55438719613257	211.93641159271252	294.2212705206431	-6.882045376334332	18.535564488644468	29.11062208374134	15.855867817805073	17.207166144434353	16.02885999205909	-7.538469954931806	15.526750498395515	-1.6289445172121688	-0.7932367690913864	-1.9765412622070073	19.063	15.187757459993378	16.379608531761633	13.090244810053504	12.48089310474289	74.5076823749131	0.028572704354496638
 archi-vowels-HDK.wav	éˤ	22	20.157	248.39323183991038	686.19	2136.743	3087.281	36.54532363261639	37.49316177299516	31.684788077741555	18.10409587410812	29.100276257514814	41.669182633406336	36.84599054482153	18.44895482891288	37.87831543143195	44.35731394248944	33.000116910848874	41.254815838269614	37.72539810306096	40.20027640697333	53.365784943051274	92.37835309357243	182.28229504683668	-0.9478381403787708	5.808373695253604	18.44122775850827	7.4450473751015736	-5.123859000789949	18.397035715908654	-6.47899851105749	11.357197031640567	-3.376500406837664	0.15291732837098948	-2.32196097554138	31.725	29.710988359385205	28.013354109011793	23.015875062741266	18.966512317252068	77.09779469128415	0.040242413730917914
 archi-vowels-HDK.wav	éˤ	22	20.198	248.73775305553332	751.574	2221.503	3111.142	37.0473701448385	37.776770217248256	30.00712213948712	20.73759252433518	33.92518325746089	40.589740533619434	41.94386406637585	19.529635674539744	38.161487624539845	43.196691785142114	34.39936574767649	44.68057194877261	43.3587030840296	41.653129399491405	54.04026260794307	98.4481711572267	185.1850875643814	-0.7294000724097529	7.769648077761136	16.309777620503322	3.122186887377616	-3.542370388780931	22.414228391836108	-5.0352041606022695	8.797326037465623	-6.5190843242327645	-5.197215459489755	-3.4916417749515603	25.004	27.68273388652775	20.96697171711549	17.57012248254918	15.755582395369323	78.95142200289071	0.04102228231762057
 archi-vowels-HDK.wav	éˤ	22	20.239	242.52727501270851	692.369	2266.227	3114.825	40.56355449198954	37.87367775814372	20.123984723119055	21.296541744943543	35.187090685248265	40.06345603914461	42.64897570162596	25.327815981428824	41.79619450070685	44.089125380484326	22.200378418514006	44.52921404187119	42.64897570162596	40.383038187905086	52.76386279412517	100.45264477245017	183.15479239951893	2.6898767338458214	17.749693035024666	19.267012747046	5.3764638067412776	0.5000984528449308	17.321159720197134	-2.2929308797774794	21.88874696197032	-2.733019541164346	-0.8527812009191109	1.4131563128017604	21.907	14.515126008392876	15.730650211843047	12.047591561682125	10.152089167578719	79.2327611258942	0.05959913211721477
 archi-vowels-HDK.wav	éˤ	22	20.279	226.2905355213924	695.722	2191.568	3349.862	38.89588644570179	38.360009544724974	30.5525220861562	20.527239909119203	31.981549809480196	41.034687516350715	37.99386868399911	23.601469587124623	39.95694126601218	43.48436173772094	35.33059995776669	44.17729570088532	40.675346879175734	36.35633305350336	50.9457256226233	91.66466140808312	203.5772149855882	0.5358769009768167	7.807487458568776	18.368646536582588	6.914336636221595	-2.138801070648924	14.392399096874488	-3.5274204717087585	8.153761779954252	-4.220354434873137	-0.7184056131635543	3.600608212508817	24.193	17.345425785974413	16.061871518275765	11.924676847309028	8.266624153179874	76.34969839469179	0.05208521170494551
archi-vowels-HDK.wav	éˤ	23	20.999	281.61325109289925	591.308	1976.319	3340.734	36.89392007977759	32.017400486420335	36.466329829770174	29.10647742724296	33.71828517666401	49.381059373745714	40.69968079327918	25.455769745961515	39.28795868391041	50.45184548808205	31.512160602508466	50.45184548808205	40.69968079327918	37.97605384451328	55.78086983362626	88.17103268624176	227.61022808414535	4.876519593357251	-4.448929343349839	7.787442652534626	3.1756349031135755	-12.487139293968127	15.243911047317663	-11.16388680417164	18.939684885573584	-11.16388680417164	-1.4117221093687675	1.3119048393971298	24.185	14.112196298675272	18.085115090677334	15.048102380983545	13.09897787947043	77.74323675420692	0.041806013585452315
 archi-vowels-HDK.wav	éˤ	23	21.053	264.7070801417803	664.638	2014.159	3174.105	34.897499094243194	37.384808918036	36.61869858419693	23.184255295447624	28.663857731882466	42.00047635778628	37.76466227341427	20.453522087667878	36.5411042525857	46.59126547251168	35.704052391897406	45.85753239797097	37.76466227341427	36.24856768829702	54.967549221160745	87.48968658473267	199.13732083054504	-2.487309823792806	0.7661103338390731	11.71324379879557	6.2336413623607285	-7.102977263543089	17.31114018574639	-10.050161219925982	10.887213080614274	-9.316428145385274	-1.2235580208285697	0.2925365642886746	25.63	29.026600114632195	25.688920418069397	21.063889861325322	18.163524953049958	78.09993577850204	0.040728989019889
 archi-vowels-HDK.wav	éˤ	23	21.106	265.78541241074277	681.228	2075.34	3059.171	36.071723964943715	38.26995251601296	37.43245907705257	23.43207248786096	30.807897228237653	39.0177895481392	39.672311291327304	17.584543016589016	37.642670456803884	46.885734294566774	36.94897538170902	46.25761143341304	39.672311291327304	36.683397369880495	55.29004908307943	91.60848577804987	185.69489826549272	-2.198228551069242	0.8374934389603865	12.639651477082754	5.263826736706061	-2.946065583195484	22.087768274738288	-9.24306383776289	9.936758912857755	-8.614940976609155	-2.02964083452342	0.959273086923389	27.675	30.220318427123964	27.252653268676703	25.01283947615765	21.81934082318726	78.62384570845775	0.04154041959196245
 archi-vowels-HDK.wav	éˤ	23	21.16	260.1607826090925	729.244	2261.438	3246.338	39.99852398686543	37.67239470943809	31.091805090379232	20.61309942080096	29.76867733853203	31.146566835929093	34.408314630128395	7.802316418716005	41.292236101204914	44.2660851244494	32.848251983869964	44.015203692343235	37.95850339503406	29.495623212423105	55.15327863356681	103.90831143598028	206.10475906719392	2.3261292774273414	6.5805896190588555	19.38542456606447	10.2298466483334	8.851957150936336	26.60599821141239	-2.973849023244483	11.417833140579432	-2.722967591138321	3.3337327061708564	11.796612888781809	23.668	19.213297637925898	15.620788816691569	14.847676870783289	13.357202216781342	77.92939248796806	0.06530080955388033
 archi-vowels-HDK.wav	éˤ	23	21.214	250.10959970581456	774.419	2193.368	3346.811	40.383488462490526	27.330916880982123	28.775292908049362	20.984594596383914	30.99528105115781	35.44127143593125	41.31338894635355	10.207488210432306	41.45134094848525	32.45653590488774	34.26239516703293	45.233054515719466	41.31338894635355	32.342289548695035	54.386579349545684	96.68632298667168	214.06539302094504	13.052571581508403	-1.4443760270672392	19.39889386610661	9.388207411332715	4.942217026559277	31.105900735921242	8.994805043597516	-1.8058592621451908	-3.7817135672342133	0.1379520021317049	9.109051399790218	0	23.34434120753484	20.28149816088178	15.058170778659523	14.024354793647124	76.77813076632563	0.0631056528190789
archi-vowels-HDK.wav	éˤ	24	21.92	247.8762497386869	599.289	1910.472	3247.153	31.168549888238747	27.87384345634957	20.610666073320843	16.118209073774395	19.690315797130665	39.14202641761283	26.40106674975833	10.529478072392624	32.93555529397241	38.24641602324498	18.554560697043883	38.24641602324498	28.26950110825694	29.15094151973296	52.156946454251354	78.62641539922865	200.92971981261783	3.2947064318891783	7.263177383028726	15.050340814464352	11.478234091108082	-7.973476529374086	15.871588677365704	-5.310860729272569	19.6918553262011	-5.310860729272569	4.666054185715474	3.784613774239453	27.002	0.7314932297883524	2.3099885911639113	2.3380945333970047	3.628553730362876	69.13149466591958	0.029294533125808365
 archi-vowels-HDK.wav	éˤ	24	21.967	245.41009359390463	670.691	2028.538	3244.232	34.413855515260906	36.489313609267825	26.784301546116662	16.67440158229472	28.490169928490584	40.24594415970636	37.955154119668904	8.714763648296111	35.78488567434556	43.59826289320952	27.947731740904228	39.77080654485038	37.955154119668904	34.02641132316318	52.85070266958067	84.86758176839186	199.52137226813403	-2.075458094006919	9.705012063151162	17.739453932966185	5.923685586770322	-5.832088644445456	29.24039047137279	-7.8133772188639625	15.650531152305295	-3.9859208705048204	-2.1702684453233445	1.7584743511823788	28.339	32.79763471316054	30.864504723688263	25.4228645982832	23.077296236367033	75.2462670304823	0.04302770640648547
 archi-vowels-HDK.wav	éˤ	24	22.014	247.0654844810933	678.454	2189.444	3134.905	36.945417753551155	35.858559922100405	34.411880517295124	17.778881008647684	28.666592940788632	36.59130955650352	36.46621906743523	20.659053457535745	38.28711344229192	42.80615620281131	35.39346174786311	40.80131336653402	36.506546238107646	34.848977222939666	53.128142000478285	95.78023333822719	187.28977513114364	1.0868578314507502	1.4466794048052805	19.16653674490347	8.278824812762522	0.35410819704763696	15.807165609899489	-4.51904276051939	7.412694454948202	-2.5141999242420994	1.7805672041842726	3.438136219352252	26.534	34.38520006613588	30.796733866730307	24.622334234479283	21.141676005547115	76.47987860864481	0.05221261306064334
 archi-vowels-HDK.wav	éˤ	24	22.062	243.95066901280217	682.833	2198.175	3203.285	37.364234347414964	38.495731614789406	29.975290276711334	18.73429315078985	35.44659312612177	40.83540511314396	43.37059775708453	20.385557807871834	38.65301130255015	45.07733646927968	31.519620599431523	41.867094985497424	43.37059775708453	38.12743673803757	52.822730262790266	95.7617114228776	194.04041043384728	-1.1314972673744421	8.520441338078072	18.629941196625115	1.917641221293195	-3.471170765728999	22.985039949212698	-6.424325166729531	13.557715869848156	-3.214083682947276	-4.717586454534384	0.5255745645125813	29.292	34.64812473435824	28.675674610748693	22.059255409558215	19.759640614659425	78.56494591427756	0.0597327056837047
 archi-vowels-HDK.wav	éˤ	24	22.109	236.24591342737918	723.808	2175.281	3366.093	38.59006642289903	30.604658700974163	26.543186591378852	17.35207784570299	30.826697355478	42.5765633131641	37.471286905047734	16.963751856161196	39.66841986500293	35.81552104758501	31.37082132263639	41.205690594475456	40.28071536874579	37.93385327731565	52.356606226266194	92.58232918124797	210.06874433811953	7.985407721924865	4.061472109595311	21.237988577196038	7.763369067421028	-3.986496890265073	20.507535048886538	3.8528988174179233	4.444699724948617	-1.5372707294725245	-0.6122955037428568	1.734566587687283	22.972	24.097842605917176	17.802738390190992	14.279204276751523	12.058355133822298	76.31249139253781	0.05660977170801462
archi-vowels-HDK.wav	ó	25	22.886	309.4393784228642	606.714	1152.438	3093.381	42.54288389438914	34.466201139267774	32.890886417311116	33.83643316556577	21.848372781974703	51.10043884109013	16.866636895993366	11.066036288931812	45.78371386351159	56.893641511057865	38.64518089967424	56.893641511057865	38.64518089967424	31.175721203052177	59.1500401711824	64.23104967130043	206.8368389745049	8.076682755121368	1.5753147219566586	8.70645072882337	20.69451111241444	-8.55755494670099	5.800600607061554	-11.109927647546272	18.248460611383628	-11.109927647546272	7.138532963837356	14.607992660459416	22.876	25.938411515641153	25.54523901192792	25.53147974119387	25.30605675761074	84.76065310506259	0.1233063993838253
 archi-vowels-HDK.wav	ó	25	22.944	316.0394452113944	632.997	1276.411	3144.623	39.21680698383142	35.162640862367184	20.339214548226195	35.156711617058924	20.053070833982318	52.34805229450973	20.896471894067954	11.616744948603142	42.23414252480388	58.04701939794879	36.01142458286879	58.04701939794879	36.01142458286879	34.415257489105755	60.32322765617566	66.71497195781575	216.25151314826934	4.054166121464235	14.823426314140988	4.060095366772494	19.1637361498491	-13.13124531067831	9.279726945464812	-15.812876873144909	22.035594815079996	-15.812876873144909	6.2227179419350875	7.818885035698123	26.345	40.94863249744091	33.09719785729553	33.0059651176522	32.93136062271866	85.78313676069554	0.09899401350556442
 archi-vowels-HDK.wav	ó	25	23.002	311.6047584160206	638.673	1304.789	3163.724	38.44622120590742	35.43004319600208	35.69804408572609	34.37985111856355	30.85611198770936	44.3561464642852	14.892826690038456	17.86218821771135	41.29749395463936	57.334669878057824	46.716850528044944	57.334669878057824	46.716850528044944	26.833471274776628	59.91150630442954	66.64388292821432	217.01324309153716	3.016178009905339	-0.26800088972400715	4.06637008734387	7.590109218198059	-5.909925258377783	-2.969361527672893	-16.037175923418467	10.61781935001288	-16.037175923418467	-5.419356573405587	14.46402267986273	28.362	42.26434315065202	31.030482171821934	30.98407189139637	30.598790749152624	85.34834326064896	0.08647256286807505
 archi-vowels-HDK.wav	ó	25	23.059	265.82212667205846	652.843	1202.407	3256.28	30.22740963678418	38.74151773655635	36.51177725756596	25.924219770335824	26.812421998385922	51.354756940568336	16.813804882649798	24.640211312645505	32.22773346628139	49.880707859065005	45.2117237214759	50.471297645217284	45.39358726148764	32.00359722833363	54.943103936343874	59.48345468117566	209.77733319124735	-8.514108099772166	2.2297404789903865	4.303189866448356	3.4149876383982587	-21.127347303784155	-7.826406429995707	-17.652974392783612	4.668984137589106	-18.24356417893589	-13.165853795206246	0.22413623794776072	17.552	15.416175180184833	8.03698213847347	8.059825632106678	7.877706367642424	80.85154553425869	0.05269709567801961
 archi-vowels-HDK.wav	ó	25	23.117	369.21015823785154	657.296	1537.263	3412.492	26.24282807478945	-8.010278833561156	8.496938359101883	10.522776688439635	13.380243439488854	39.80356592940384	16.427486902720307	13.056347464540703	30.01384835704442	5.248439997847594	17.103889633028327	32.174114664553294	26.108669487633264	21.873980138396213	66.70571065980629	80.16481697580988	278.536671172812	34.2531069083506	-16.507217192663038	15.720051386349816	12.862584635300596	-13.560737854614388	3.371139438179604	24.765408359196826	-11.855449635180733	-2.1602663075088735	3.9051788694111558	8.139868218648207	0	4.638349315655155	-0.10289099742898453	-0.21364628445623485	-0.4937200635868141	69.81666896801612	0.011806013080354557
archi-vowels-HDK.wav	ó	26	23.953	288.7981434050473	583.591	1158.144	3112.705	36.10870010760381	29.316178526998215	17.68991443644739	29.109066651654977	17.720712243363877	27.6966193025454	9.12580496296025	-6.750288134610136	39.0830413676193	51.962055548566674	33.86345135590412	51.962055548566674	33.86345135590412	7.229768792370896	56.44116503325879	61.7874227495647	201.20937038649586	6.7925215806055945	11.626264090550826	6.999633455948832	18.387987864239932	8.412080805058409	15.876093097570386	-12.879014180947372	18.098604192662556	-12.879014180947372	5.219590011715184	31.853272575248404	26.763	30.857888679453836	25.66183814371241	25.656642927489017	25.627853474281657	79.00222321194632	0.10749593641163331
 archi-vowels-HDK.wav	ó	26	24.003	283.24354612884076	578.976	1145.596	3140.488	34.273286965849046	33.613434371144116	35.12676799357214	32.78678850648231	34.74612446528278	47.3890184469411	10.802445746048054	-0.6982967003719264	37.17517226705663	55.696464666992405	50.97603198769059	55.696464666992405	50.97603198769059	26.24988251751903	55.740873729146905	60.98261057598606	202.49967632311515	0.6598525947049296	-1.5133336224280214	1.4864984593667359	-0.4728374994337372	-13.115731481092055	11.50074244641998	-18.521292399935774	4.720432679301815	-18.521292399935774	-13.800859720633959	10.925289749537601	28.484	29.86913987071197	33.10034578026605	33.08245966293327	32.92802303738581	83.25671915084769	0.12008425963440636
 archi-vowels-HDK.wav	ó	26	24.054	292.13121442825457	594.596	1171.831	3137.415	34.54863550004285	31.255381516981807	33.605293803985134	30.69185028015268	33.63481628054595	44.05183187834044	7.712096606289958	9.87776347475117	37.483427107085845	53.66147301590455	49.9639770776568	53.66147301590455	49.9639770776568	23.739904475036347	57.00865177124432	62.342981790470624	205.68219648352118	3.2932539830610423	-2.3499122870033275	3.8567852198901704	0.9138192194969008	-9.503196378297588	-2.165666868461212	-16.178045908818703	3.697495938247748	-16.178045908818703	-12.480549970570955	13.743522632049498	26.031	32.577295763607	28.727274006912985	28.721889240061877	28.664102894879527	82.5726708415936	0.11654570580095071
 archi-vowels-HDK.wav	ó	26	24.105	272.20625236828533	590.964	1121.622	3235.435	30.75669670005425	33.43370512111824	32.80224001010251	27.388315122377897	30.187645429044274	47.33388505917205	13.860905886499326	23.559632385832803	33.338263942457445	50.89586157187704	47.44222982279888	50.89586157187704	47.44222982279888	24.98327077738347	54.728892875728015	59.415322351875844	209.89802231516387	-2.677008421063988	0.6314651110157286	3.3683815776763524	0.5690512710099753	-16.577188359117798	-9.698726499333477	-17.557597629419597	3.4536317490781627	-17.557597629419597	-14.103965880341434	8.354993165073974	20.412	20.44949217713271	17.938286269086966	17.881201938171664	17.767191488543684	81.45978393794181	0.10323604726690866
 archi-vowels-HDK.wav	ó	26	24.155	218.90753683973946	671.785	1475.29	3388.623	28.088792207781243	35.131098118963465	11.026640783190878	18.03020769562474	16.614820748187597	43.70843831552409	23.091443696326742	31.066534661088134	29.253583587634466	40.699009706827844	17.867854800505	42.65789391528784	33.11189438558219	28.1528965683674	49.85315378738106	58.191418344190176	204.70061015945967	-7.042305911182222	24.104457335772587	10.058584512156504	11.473971459593646	-15.619646107742849	-7.975090964761392	-11.445426119193378	22.831154906322844	-13.404310327653377	-3.8583107979477234	1.1006870192670668	0	12.587402767547179	6.0468194442291034	5.739004456032499	5.607648499789405	73.1887775479656	0.07170489765039832
archi-vowels-HDK.wav	óːˤ	27	24.823	261.4925074581595	557.745	2881.476	3910.272	29.860155859472844	31.93867978143148	43.74366685933788	27.819280588480378	32.66912096593576	28.43887360182162	11.53712591948054	4.314202486197671	32.069977844400704	48.62777244875708	36.982777010322806	48.62777244875708	29.617542396332794	19.322554594197094	52.941398823075446	163.685505833762	294.7652341708337	-2.0785239219586344	-11.8049870779064	2.0408752709924656	-2.8089651064629173	1.4212822576512245	7.222923433282868	-16.557794604356374	11.644995438434272	-16.557794604356374	2.4524354480679094	12.74742325020361	23.26	24.05398517882823	18.074719197326033	17.971149757281818	17.662924565884847	78.02122122578513	0.07322902176755706
 archi-vowels-HDK.wav	óːˤ	27	24.889	276.16106544656355	563.659	2979.248	4298.727	30.02273976740262	33.51335828293065	52.21506800773724	32.898679181434304	13.5186836505056	27.93439753985153	13.569305384574779	-1.498499518337655	32.4603463822396	53.50553618059057	44.46547778140734	53.50553618059057	9.532808112741876	14.264845874384013	54.6697492268966	180.07070440546926	364.1554137513441	-3.490618515528034	-18.701709724806584	-2.8759394140316843	16.50405611689702	2.088342227551088	15.067804902912433	-21.045189798350968	9.04005839918323	-21.045189798350968	22.927538269497724	18.195500507855584	24.971	28.220932805550287	26.46943960256187	26.43611252988695	26.32846659354343	82.94123999527758	0.10569494029580971
 archi-vowels-HDK.wav	óːˤ	27	24.956	286.6879515876416	588.697	3001.913	4305.203	35.457505471988014	36.352622525534926	50.762025843925244	35.321265699255385	15.835585092936725	32.789200350230715	15.926899724987596	7.507095949110609	37.8679773064742	56.074686425954724	43.24168263206641	56.074686425954724	12.254688391185066	19.871546931765074	56.29894854513002	186.64415791050584	372.98498252735897	-0.8951170535469117	-14.409403318390318	0.13623977273262966	19.62192037905129	2.6683051217572995	8.419803775876986	-18.20670911948052	12.833003793888317	-18.20670911948052	25.613288915289136	17.996430374709128	25.223	27.161680391150142	28.159775919521245	28.129308215218146	28.117022327804328	82.76168637680709	0.12053986253420587
 archi-vowels-HDK.wav	óːˤ	27	25.022	287.1238784445119	604.732	2589.014	4270.676	35.22759122281812	36.46809145626443	52.06236011681401	33.29659872177625	5.407561442744139	36.846839370647594	21.027694503032745	-1.022793444914497	37.53595532364952	54.37974760445979	45.67678510756341	54.37974760445979	6.152425855434297	20.372276691251226	56.62396670600244	140.16126191356815	367.4526852073555	-1.240500233446312	-15.59426866054958	1.930992501041871	29.82002978007398	-1.6192481478294738	22.050487947947243	-16.84379228081027	8.702962496896376	-16.84379228081027	31.383529468215222	17.16367863239829	24.168	39.65759034072346	35.859605161374134	35.69679890879155	35.68752704054263	81.54088193919378	0.10785272612985985
 archi-vowels-HDK.wav	óːˤ	27	25.088	285.92540191856887	619.405	3274.635	4124.356	36.51865089149997	37.688006407323044	48.11589186551965	32.1687717291642	32.62682289698216	32.72697469557727	27.329568064646047	3.8558466587232876	38.651024707765394	53.2732606598215	41.64020953645911	53.2732606598215	27.730679437011688	26.84311232527203	56.7271977443085	220.8545109362137	342.6923752891909	-1.1693555158230708	-10.427885458196606	4.349879162335775	3.8918279945178114	3.7916761959227046	23.47372140592276	-14.622235952056108	11.633051123362392	-14.622235952056108	10.920345270753707	11.807912382493363	25.7	35.78082558473977	24.93401439836946	24.573039694526088	24.457685092729623	80.15593831999487	0.10804000020556997
archi-vowels-HDK.wav	óːˤ	28	25.766	245.25553485883222	1188.828	3008.798	4028.176	30.40330630750559	38.44861717585752	27.080084358279528	10.001844352922053	6.07583486582325	6.359620429845361	8.413391207423615	8.411664721468407	30.839653087049438	40.30546762515997	37.9244037069932	37.9244037069932	16.504562887180366	11.095788780315818	56.81539143862018	172.15352986596224	301.2905993385563	-8.04531086835193	11.368532817577993	20.40146195458354	24.32747144168234	24.04368587766023	0.0017264859552081901	-9.465814538110532	2.3810639181667668	-7.084750619943765	14.335090199869072	19.74386430673362	23.861	20.932083306295826	18.855069940084896	18.852218766770005	18.7685635030892	72.30109277820884	0.07982378048096285
 archi-vowels-HDK.wav	óːˤ	28	25.836	247.30181328619094	993.084	2894.948	4207.961	31.592291819602124	39.349616240456015	21.029097383193335	20.952826095125957	8.522122069150434	16.506910322478454	17.132661151570506	9.625777667994566	32.21194801477757	42.08049585459129	47.12737723837819	47.12737723837819	16.37692440740755	13.804077899905494	55.463886944917974	160.3188919081403	328.99226635462117	-7.757324420853891	18.32051885726268	10.639465724476167	23.07016975045169	15.08538149712367	7.50688348357594	-9.868547839813722	-5.046881383786896	-14.915429223600619	15.835023607370019	18.407870114872075	24.749	36.02245709343309	30.149615339491376	30.09571281520185	30.00189967831176	76.90419907426198	0.09749101558823312
 archi-vowels-HDK.wav	óːˤ	28	25.907	246.32121875640888	975.955	2640.844	4186.21	32.04515472576868	39.87203747437627	20.70847593607915	20.224641830824318	-3.472662295598358	15.718952760485251	16.463981766471804	5.290235347138897	32.692638736267284	42.7309463934856	46.47037386518492	46.47037386518492	6.59715838674777	10.184554614923467	55.24114537863234	133.84702650727428	325.0307151868917	-7.826882748607588	19.16356153829712	11.820512894944365	35.51781702136704	16.32620196528343	11.173746419332907	-10.038307657218319	-3.739427471699315	-13.777735128917634	26.095480349519512	22.508084121343817	27.396	37.81082280056554	31.31770387710922	31.26457344838565	31.22986085435744	76.60742083639802	0.1011452381282793
 archi-vowels-HDK.wav	óːˤ	28	25.978	239.67241939587774	973.307	2650.15	4169.691	32.40530794916584	39.85479678404285	15.6906160784757	14.614681832506612	-1.5483305090537947	13.460003081026187	14.816433615759177	0.7695976883706281	33.01989463901211	42.55385568612223	40.94692841375999	40.94692841375999	8.493936487736082	8.315521918065306	54.43753320077717	132.83096485055813	317.9645781183626	-7.449488834877009	24.164180705567148	17.790626116659226	33.95363845821963	18.94530486813965	14.04683592738855	-9.533961047110125	1.6069272723622419	-7.927033774747883	24.525958151276026	24.7043727209468	27.38	34.02252858065137	20.138371090163222	20.107213073075986	20.097079955937684	73.63439008346431	0.1042093588997823
 archi-vowels-HDK.wav	óːˤ	28	26.049	230.832965205451	580.311	2864.705	4005.075	31.45971498958359	34.41748427802815	25.6699271191082	21.493590047500398	15.18774043924654	22.308759956737028	-2.8207495799287114	3.0955895602492625	33.00340939936167	43.18036692172857	22.930652483410366	43.18036692172857	13.57222271935977	12.793717446948872	49.95765371861549	151.5217979729367	288.78408467583586	-2.9577692884445597	8.74755715891995	9.96612494208319	16.27197455033705	9.15095503284656	-5.916339140177974	-10.176957522366898	20.249714438318204	-10.176957522366898	19.4311866800019	20.2096919524128	26.224	24.070555720465737	20.653581519735546	20.48407531639785	19.72071511231908	70.7440906413847	0.0849575370010503
archi-vowels-HDK.wav	óːˤ	29	26.779	234.09583852317593	505.662	2923.738	3885.049	28.107251884254254	29.421186782778705	42.44427631723812	24.45912819786848	18.837024201662047	24.277957806916838	5.816881575237179	2.4934081180825727	30.239956251187596	45.04048922511882	35.699727141089156	45.04048922511882	14.155668548068244	14.909490330968415	48.88277797915754	158.83809889510795	274.618712118244	-1.313934898524451	-13.023089534459416	3.648123686385773	9.270227682592207	3.8292940773374156	3.3234734571546065	-14.800532973931222	9.340762084029663	-14.800532973931222	16.08428770311935	15.330465920219181	26.702	31.960454822123282	26.92175240036315	26.92737229872622	26.82618833813414	73.23895673912232	0.09168610702171937
 archi-vowels-HDK.wav	óːˤ	29	26.849	235.3444171556115	515.297	2736.907	4028.337	26.804153113177755	30.524161005710738	45.671195817751865	24.535575397837597	11.545167216031746	22.775392387512444	12.994757981390858	3.105374413757151	28.883517469371025	45.26930326341035	39.41371316699035	45.26930326341035	8.882883241464652	9.199967952769997	49.22775392819608	140.01498461738984	294.89471465658687	-3.7200078925329834	-15.147034812041127	2.2685777153401574	15.258985897146008	4.028760725665311	9.889383567633708	-16.385785794039325	5.855590096420002	-16.385785794039325	20.000634227906374	19.683549516601026	27.697	43.301617017789404	31.631921230933916	31.584797697483374	31.532389442218953	74.21176188225996	0.087494540144382
 archi-vowels-HDK.wav	óːˤ	29	26.919	231.20215415415433	556.359	2299.928	4079.179	27.288678059511472	36.281602872071744	39.21841734909745	25.01579786217579	12.845465077348663	31.138930214625855	16.22728777769436	0.4671664091142673	29.012515014849388	46.5614523251634	35.83981102621694	46.5614523251634	16.05663125584377	13.404445760282947	49.58591364365221	100.50535684535235	299.26420501066104	-8.992924812560272	-2.936814477025706	2.272880197335681	14.443212982162809	-3.850252155114383	15.760121368580094	-17.548937310314013	10.721641298946459	-17.548937310314013	12.95588375900562	15.608069254566441	27.356	37.85994191825089	31.2858004676537	31.168664911358725	31.15304691975121	74.69219104643568	0.09404173312736872
 archi-vowels-HDK.wav	óːˤ	29	26.988	226.52862698778702	553.74	2629.35	4093.898	29.158797596360085	30.737942093102703	32.10227845237506	18.909453849476733	7.369186292129616	27.56084894559944	10.591497448264297	2.880954825424987	30.803872014207524	40.383003280034586	28.719360039995845	40.383003280034586	7.2082892558133596	13.301416264423406	49.025216980846245	127.10101991308072	298.20538269695334	-1.579144496742618	-1.3643363592723574	10.249343746883351	21.78961130423047	1.597948650760646	7.71054262283931	-9.579131265827062	11.663643240038741	-9.579131265827062	23.595582758394166	17.50245574978412	36.083	31.986997349588115	22.281126712466968	22.2448855492932	22.217957419889665	70.77256877863897	0.08229027650984448
 archi-vowels-HDK.wav	óːˤ	29	27.058	210.67598492655335	561.955	2966.97	3937.656	29.710978781924368	26.30668424973985	15.606716272577586	9.813500104946563	17.537979210003513	20.33037327786228	-1.72462795523863	6.8237198589573245	31.06309221087841	33.55321314742534	14.406967991070873	31.625302292422347	14.827524959776932	13.009294627313011	47.42560024852613	155.04382425319255	267.15341811797214	3.404294532184519	10.699967977162263	19.897478676977805	12.172999571920855	9.380605504062089	-8.548347814195955	-2.49012093654693	19.146245156354468	-0.5622100815439381	16.23556725110148	18.053797583565398	0	15.441299235117192	13.727980952205678	13.710947059617805	13.291134579788427	66.71134094159564	0.06413481711364004
archi-vowels-HDK.wav	óˤ	30	27.607	287.8101497528951	603.671	2832.995	4511.093	22.397038117349098	17.377303921038962	26.655412880442906	15.852839894572227	-4.507135674447671	10.645033006425308	-0.9518341231097445	-8.721492100902903	24.70874046169349	35.552775328982385	19.83553001833168	36.82813327248994	-6.1458655308088765	-6.252678273450493	56.682825469847046	166.99765068824868	410.78346769437087	5.019734196310136	-9.278108959403944	6.5441982227768705	26.90417379179677	11.75200511092379	7.769657977793159	-10.844034867288894	15.717245310650704	-12.119392810796452	30.854605992502368	30.961418735143983	24.973	9.236964036414468	7.674602704380359	7.6717554713653	7.668851986436756	68.42833043395305	0.018471272307006483
 archi-vowels-HDK.wav	óˤ	30	27.659	278.0542861286499	588.167	2766.029	4363.483	27.57291429091532	31.525264362470484	51.67632459577586	28.023434340962456	12.73475008929833	25.79347822711896	17.17033623990679	4.919624820552193	29.840243761995918	48.98046064337891	45.02202699437302	48.98046064337891	11.413725123095912	9.709551629205182	55.330361376944055	156.3277404240153	376.5306284627217	-3.9523500715551627	-20.151060233305376	-0.45052005004713536	14.83816420161699	1.7794360637963607	12.250711419354595	-19.140216881382994	3.9584336490058902	-19.140216881382994	18.426518638900006	20.130692132790735	27.102	30.913727625378165	25.935320251917776	25.919333229156614	25.917653301715088	79.89880450925604	0.0805264623868879
 archi-vowels-HDK.wav	óˤ	30	27.71	277.3264223135099	597.058	2782.002	4387.542	30.643528264365486	34.66977092808484	56.38773006430311	29.68348998536659	13.778917656386184	36.652221325964504	18.056541996438426	13.373396219166526	32.82472166956425	50.76698877286332	50.132432660520124	50.76698877286332	12.593348892885079	20.716501709538043	55.40242495068136	157.85779585034697	380.13927050723294	-4.026242663719351	-21.717959136218276	0.9600382789988942	16.8646106079793	-6.008693061599018	4.6831457772719	-17.942267103299073	0.6345561123431978	-17.942267103299073	20.23137277667917	12.108219960026204	28.972	38.49589059530497	32.299171975474295	32.25526143051503	32.219442936960895	82.73181185289282	0.1122235367147648
 archi-vowels-HDK.wav	óˤ	30	27.762	275.44170684553586	613.608	2498.208	4357.364	31.02648528519527	36.558577759964585	55.776621869765066	29.040101257130342	18.02175735994631	38.990648385068454	21.389832219434787	11.820490043554859	33.07330141272201	50.48227218651967	50.74056688178895	50.48227218651967	20.154528567864816	20.99284133988717	55.461667343684134	128.05006692140634	373.5091930765159	-5.532092474769314	-19.21804410980048	1.9863840280649292	13.004727925248961	-7.964163099873183	9.569342175879928	-17.408970773797662	-0.25829469526927795	-17.408970773797662	12.918772844857195	12.080460072834839	23.904	38.91722422662417	29.20818427203832	29.03512643000471	29.025131393136398	82.64102596110664	0.11550456207669361
 archi-vowels-HDK.wav	óˤ	30	27.813	256.58558119748693	665.836	2535.093	4097.121	32.44341830774525	35.659145899264175	30.444856689915426	19.392119181803867	16.7432392697225	27.03546229490441	20.26315882581544	4.0838812960757025	33.92231550852151	43.73594455718055	29.238734894924132	41.84489203000766	20.348547201436208	14.390348686237331	54.06117800055882	126.593316605053	318.75667471458627	-3.2157275915189274	5.214289209348749	13.05129912594138	15.700179038022746	5.407956012840838	16.17927752973974	-9.813629048659045	14.49720966225642	-7.92257652148615	13.573768307085299	19.531966822284176	0	23.421274275012195	7.269687664124742	7.1845541909762165	7.143271710209181	73.7878249271145	0.09975717873684266
archi-vowels-HDK.wav	óˤ	31	28.476	268.8971730407859	1085.786	2812.613	4326.524	4.94791781125446	7.317961481346218	-17.262783087852483	-17.745620061237165	-21.425728929977026	0.5200868812599033	-7.973177378339381	-5.969394049978609	5.577740799057268	10.085170008553346	9.028378695220095	9.028378695220095	-11.37045508543581	-3.408744559402068	58.704699869756766	158.52749404700225	363.4151217423061	-2.370043670091758	24.5807445691987	22.693537872491625	26.373646741231486	4.427830929994557	-2.0037833283607718	-4.507429209496078	1.0567913133332514	-3.450637896162827	16.948195884493078	8.986485358459337	26.531	2.088970898446375	-5.000990845516946	5.31178599346596	5.184065804219816	58.48803057770715	0.006232731855350456
 archi-vowels-HDK.wav	óˤ	31	28.529	251.7977695880445	991.904	2651.567	4230.533	29.077101899304964	37.381427346699276	17.631205538355417	16.475816880720874	0.004098753051824389	14.493625221763718	13.285793692253826	0.07175523117762242	29.734291050000948	40.286496845167285	42.77983498536112	42.77983498536112	10.186827175720898	8.705172046616038	55.990007056360824	136.4746439744276	335.6207899312804	-8.304325447394312	19.75022180834386	12.60128501858409	29.07300314625314	14.583476677541245	13.214038461076203	-10.552205795166337	-2.493338140193835	-13.045543935360172	19.547463874280048	21.02911900338491	30.276	27.958955906610427	21.34271856411576	21.324333360835826	21.312926758489496	73.67662247309924	0.056022195150490506
 archi-vowels-HDK.wav	óˤ	31	28.581	254.02792947258828	1007.213	2826.646	4169.653	30.995267585566737	39.51280200042076	22.218711436653898	21.790360491257108	-3.169850893755026	16.56490328360153	16.39157082717951	7.946363446763883	31.63656163172081	42.34558730942606	48.041835489924935	48.041835489924935	5.501222786568708	13.750436239943335	56.35368671980977	155.20649241487436	327.8888188903428	-8.517534414854026	17.294090563766865	9.204907094309629	34.16511847932176	14.430364301965206	8.445207380415628	-10.709025677705249	-5.696248180498877	-16.405273858204126	26.135338845152102	17.886125391777476	27.249	35.06523648349573	32.32590036957003	32.295820685265454	32.288325059776874	78.3227311137276	0.0739417840874653
 archi-vowels-HDK.wav	óˤ	31	28.634	248.0488375639589	719.46	2854.891	4147.613	30.451215213117216	33.59820961383456	43.27684703511291	18.883047362644376	4.560057180320669	26.32666961989481	15.277156002812262	7.474373884688504	31.612273148343505	39.422321444392225	45.28282159583901	42.020630794719395	6.641748731508251	18.14856729250252	53.66948334511731	156.25556450702842	320.47184654363724	-3.1469944007173467	-9.678637421278346	11.56816785047284	25.891158032796547	4.1245455932224075	7.802782118123758	-7.81004829604872	-5.860500151446786	-10.40835764637589	24.970524416835254	13.463705855840985	22.149	28.519570881801393	20.64146604425611	20.630415245447207	20.612973457044564	76.5637192789939	0.06806896720090613
 archi-vowels-HDK.wav	óˤ	31	28.687	240.08325743231555	731.042	3309.777	4217.286	32.87406395181427	38.77844345733903	20.90372772212534	11.399911705980923	9.102959943815534	25.521113280562325	15.080115455604693	14.66309312401699	33.90804163589773	43.83389586094044	24.42626122466518	34.672004422063864	7.753807786336745	22.34364396447917	52.86344088408276	205.04074346661793	325.3019217767222	-5.9043795055247585	17.87471573521369	21.47415224583335	23.771104007998737	7.352950671251946	0.4170223315877024	-9.925854225042706	19.407634636275258	-0.7639627861661324	26.15423384956099	11.564397671418561	14.527	26.946897640370384	12.72780884584703	12.687390115418747	12.584141158525007	73.0283701174423	0.09015318954662113
archi-vowels-HDK.wav	í	32	29.333	300.38034878587655	371.793	2856.785	3996.7	37.007281797944145	33.75722393396954	13.453678922139218	29.096558841679087	17.623374007431533	29.340736238733392	-10.369096523223888	-0.10698146216899534	45.58270161596504	29.992700240652788	-4.275062939404482	44.783900209838244	6.92826007232849	10.806366798517494	62.543465406678784	173.95162126348944	332.01387283280263	3.250057863974604	20.303545011830323	7.910722956265058	19.383907790512612	7.666545559210753	-10.262115061054892	15.590001375312255	34.26776318005727	0.798801406126799	38.65444154363655	34.77633481744755	19.871	12.978442144994746	11.373101126768825	11.37408717763227	11.346333966274251	71.01263787007444	0.04740029252392044
 archi-vowels-HDK.wav	í	32	29.376	251.31094897154045	466.792	2944	3843.667	40.01890488066605	19.45109252016765	30.279515725920263	14.209562003810522	31.85604763029035	28.344892993502327	1.6838610866973445	8.567172826247733	43.01972428127306	34.01111054349372	20.175859795864973	34.01111054349372	25.249087343766753	18.220474606131177	49.135877029229945	167.10665447271552	279.3292135816351	20.5678123604984	-10.828423205752614	25.809342876855528	8.162857250375698	11.674011887163722	-6.883311739550388	9.008613737779335	13.835250747628749	9.008613737779335	17.770636937506303	24.79924967514188	25.967	19.082254503445498	18.782160890800338	18.766313365503574	16.611121004538106	72.29787375593628	0.07184665183057116
 archi-vowels-HDK.wav	í	32	29.419	239.79016427180136	478.957	2950.716	3965.242	40.763423071467045	19.725627892084674	31.423698462399116	19.71766638812686	29.34003360336352	39.45120419968391	0.5156130448126998	11.037661491100026	43.30212726596354	39.97243200569989	22.85120647527416	39.97243200569989	23.345546343441512	28.08197872516654	47.90283729453925	163.75175370314477	289.0016366625206	21.03779517938237	-11.698070570314442	21.045756683340183	11.423389468103526	1.3122188717831378	-10.522048446287327	3.329695260263648	17.121225530425733	3.329695260263648	19.95658092252203	15.220148540797002	22.533	25.18477979803581	23.966311486501766	23.905996559074907	17.164006845881556	73.70265573280267	0.07652536431199379
 archi-vowels-HDK.wav	í	32	29.462	231.09763613222066	481.906	3005.966	3896.35	38.72736858226496	22.508846374515475	23.660862362454385	20.357261807408058	38.730438951709836	36.15057549868007	7.327253096620544	10.89158474631324	41.027826638879205	40.82098421562952	15.988977162979687	40.82098421562952	32.5327755440253	26.941076892666565	47.01642365001794	166.60697064355978	274.3049120122227	16.218522207749483	-1.1520159879389098	18.3701067748569	-0.0030703694448774854	2.5767930835848887	-3.5643316496926962	0.20684242324968238	24.832007052649836	0.20684242324968238	8.495051094853906	14.08674974621264	23.968	20.384030832968236	19.86404234263177	19.843055602913733	16.449374645185493	72.46399361260399	0.053808105520829326
 archi-vowels-HDK.wav	í	32	29.505	223.2335040847387	414.683	2875.702	3387.559	40.054465920864864	22.45627688794722	29.121111669006545	19.435593123860155	39.341224930032595	33.398054847350934	7.330208259064551	-5.360342403793785	43.034609732374776	36.668341152389175	18.822511333650716	38.28436251030277	31.7708673373048	29.947902369465883	48.51731966150532	150.08873883156997	206.59319466347878	17.598189032917645	-6.6648347810593265	20.61887279700471	0.7132409908322686	6.6564110735139295	12.690550662858335	6.366268579985601	17.84582981873846	4.750247222072005	11.263742395069976	13.086707362908893	0	19.485261748243875	18.344517972022285	18.2873556432312	13.742302021257466	72.68556057318001	0.07588305484788291
archi-vowels-HDK.wav	í	33	31.428	219.6864224284097	430.773	2913.314	3780.243	35.93874854453155	24.75590229192744	17.68654891951114	24.132520188973917	30.7166005840624	34.62239034204558	9.136271899255382	5.04155861812209	38.57231012874304	43.58887904441489	8.547578929918929	43.58887904441489	23.55462986070176	24.353922032073893	47.02971445107159	152.72515598272207	252.53314984235791	11.182846252604108	7.069353372416302	11.806228355557632	5.222147960469147	1.3163582024859721	4.094713281133292	-5.016568915671847	35.04130011449596	-5.016568915671847	15.017680268041282	14.218388096669148	29.628	22.517205985784038	22.556198714203322	22.503535479458407	20.63714353593394	72.7560945411555	0.0524399294580287
 archi-vowels-HDK.wav	í	33	31.473	214.8855703674769	435.797	2806.807	3624.605	35.652258614476	26.41865590842968	24.92158157367681	26.187547049228183	30.19480787657866	33.974725621870924	11.969539077117874	8.663846495712066	38.09560481652447	45.90876259250456	16.585221837684326	45.90876259250456	24.288517495999823	25.234210976302816	46.249334883553004	140.4466815886857	230.67772071417943	9.233602706046316	1.4970743347528703	9.464711565247814	5.457450737897336	1.677532992605073	3.3056925814058076	-7.813157775980088	29.323540754820232	-7.813157775980088	13.807087320524648	12.861393840221655	23.644	26.250352476956813	25.675770298546254	25.500278786506293	19.871781431821184	73.70309656107577	0.05529106367888139
 archi-vowels-HDK.wav	í	33	31.518	214.8156666201354	433.269	2877.345	3471.67	34.506443925195136	23.013429302841644	25.00749781332628	22.94089625387183	33.03482604173909	31.064174808674625	7.492398814415498	10.752267783669598	36.97717499621357	42.5761669073978	16.499462739204564	42.5761669073978	26.389959165525557	26.562471153537818	46.371889395868116	147.40296856505327	212.44482185298762	11.493014622353492	-1.994068510484638	11.565547671323305	1.471617883456048	3.44226911652051	-3.2598689692541	-5.598991911184228	26.076704168193235	-5.598991911184228	10.587215830688013	10.414703842675753	26.918	28.670087159271826	28.48076890531351	28.401583898083164	22.796428088063525	71.14399289439157	0.05256221888024734
 archi-vowels-HDK.wav	í	33	31.564	215.83314523134453	434.436	2876.542	3482.209	35.105630075459786	17.516597495944126	13.9315132569518	17.48026842991826	26.769967979107392	21.170595338179034	2.8191607623721597	-0.39132694073285723	37.58832773228227	37.13119875491004	5.3848738052875085	37.13119875491004	20.1597175684607	16.44112359134011	46.41917759383753	147.66719997067054	214.18131016241938	17.58903257951566	3.5850842389923265	17.625361645541524	8.335662096352394	13.935034737280752	3.210487703105017	0.45712897737223557	31.74632494962253	0.45712897737223557	17.428610163821574	21.147204140942165	28.88	24.263155055088156	23.001916617314254	22.932108707416326	18.422972171656514	67.63500101612522	0.04927369817813509
 archi-vowels-HDK.wav	í	33	31.609	193.57850445547518	340.988	2940.43	3608.354	27.220313040263147	16.09206102677541	8.502868135576598	9.669203180248225	15.673576332585334	15.408703653682522	-13.740540842774141	-18.580756631651802	30.536387010110783	25.780757543470884	-3.198391122924445	25.780757543470884	4.702864018623778	5.321973903895207	54.398182741319964	146.28882586553473	217.51196757563395	11.128252013487735	7.589192891198813	17.551109860014922	11.546736707677812	11.811609386580624	4.840215788877661	4.755629466639899	28.97914866639533	4.755629466639899	25.833522991487005	25.214413106215574	19.449	9.17461423077837	8.946572610072348	8.937227312691014	8.842142116310475	58.443218256401124	0.02010128124441865
archi-vowels-HDK.wav	í	34	32.339	209.38741454319134	430.762	2887.667	3649.405	32.65012184887314	23.45408711932519	15.890998914330591	22.518140932605576	33.07913370638195	28.592430136564914	8.047760990007905	7.1730393422632215	35.01080765978064	42.1824655823241	7.797139001974847	42.1824655823241	26.34806350819318	20.5520490776497	45.928726588761826	146.58681131291763	230.72627246343242	9.19603472954795	7.5630882049945996	10.131980916267565	-0.42901185750881154	4.057691712308227	0.8747216477446838	-7.17165792254346	34.38532658034925	-7.17165792254346	8.662744151587457	14.45875858213094	21.429	13.829080659542756	13.326178339343898	13.27427886065865	12.374347341320298	70.11404873212254	0.045951317400886184
 archi-vowels-HDK.wav	í	34	32.378	212.32577763944968	419.331	2739.783	3231.805	33.15666118295212	21.383414406281474	16.328453633055222	21.11662075040346	29.574197357112233	25.59209826909963	11.547659077758878	10.107443997409707	35.74869653017253	40.36419453675609	7.401708462417441	40.36419453675609	23.65546724936646	23.65546724936646	46.97458069691819	133.2079424551853	183.9603651506431	11.773246776670646	5.054960773226252	12.040040432548661	3.5824638258398878	7.564562913852491	1.4402150803491711	-4.615498006583557	32.96248607433865	-4.615498006583557	12.09322928080607	12.09322928080607	22.025	24.729862548058755	24.868173478596425	24.75943748403393	18.78372214983203	69.020243527005	0.04773271632723681
 archi-vowels-HDK.wav	í	34	32.416	214.4220474285969	423.569	2737.825	3197.921	33.46577342720958	22.881813336508323	15.894533257855684	22.619070610158825	27.30197960022986	22.463890693141433	9.102662869313825	11.939523192803655	36.05835660629711	41.97022360035943	6.992792323876888	41.97022360035943	21.537866397634602	21.537866397634602	46.90887296070495	133.6684014892115	181.09826526793685	10.583960090701254	6.987280078652638	10.846702817050751	6.163793826979717	11.001882734068143	-2.83686032348983	-5.911866994062322	34.97743127648255	-5.911866994062322	14.520490208662508	14.520490208662508	20.461	28.830809067710582	28.86367259847793	28.735504281033645	21.9438240528152	69.90463725036848	0.04782515068289998
 archi-vowels-HDK.wav	í	34	32.455	209.75363092811398	436.817	2961.023	3613.45	33.54619951706358	17.984822311907752	21.420878421236548	16.170339019626937	31.440271348926718	24.683576314160447	3.6517483009732215	-2.579621280091311	35.842227841149864	36.00292076903313	13.579409735980645	36.00292076903313	24.305116340242563	18.83437618163345	45.65413815078781	154.10434606899884	226.62553446647627	15.561377205155825	-3.4360561093287956	17.37586049743664	2.1059281681368596	8.86262320290313	6.231369581064532	-0.16069292788326806	22.423511033052485	-0.16069292788326806	11.5371115009073	17.007851659516415	24.543	19.2693080575333	18.747717476059574	18.71236448447007	15.732918629138915	67.06750869580107	0.05093340991929043
 archi-vowels-HDK.wav	í	34	32.493	211.56243425991732	440.968	3052.286	3684.321	33.03033751375227	15.068371160580089	20.37592843766304	13.16012810257083	25.058880218314332	23.31853314047174	-1.9329148549092192	-6.135147397174108	35.320518249847666	33.06580292753668	12.52306386179117	33.06580292753668	17.276811225349128	17.704929309294386	45.65860666832907	164.24124959740809	236.11556088285548	17.961966353172183	-5.3075572770829496	19.870209411181442	7.97145729543794	9.711804373280533	4.2022325422648885	2.254715322310986	20.542739065745508	2.254715322310986	18.043707024498538	17.61558894055328	0	23.558456594070694	23.57622458953481	23.524622352337676	19.27607278927797	64.62803918892638	0.04159407215052136
archi-vowels-HDK.wav	íˤ	35	33.269	212.36290819604366	456.308	2172.865	3111.141	25.282759635031546	22.43992843238662	19.05989481793688	17.99487307352394	28.466956286691953	28.576909006379083	29.781174647610676	10.031115456351596	27.46654279285717	38.483823716035324	12.683993100069069	38.483823716035324	29.781174647610676	20.58516910965021	45.24442028069782	87.57885843465323	170.81430321777236	2.842831202644927	3.38003361444974	7.287886561507605	-3.1841966516604074	-3.2941493713475367	19.75005919125908	-11.017280923178156	25.799830615966258	-11.017280923178156	-2.3146318547535074	6.881373683206959	24.315	22.302451310569072	15.73440045498897	9.68146848741138	8.394862106220373	67.38999069478204	0.04050903736215354
 archi-vowels-HDK.wav	íˤ	35	33.316	213.7011342632211	435.896	2416.354	3416.584	32.360650785966854	26.578598627499687	26.798704780618678	26.099596418035876	29.967387903985323	36.41363738378551	15.304695040326234	9.607685802930044	34.78992572126749	45.92264944652192	18.90238171758019	45.92264944652192	27.878875695636808	25.670004499169327	46.11846980271528	105.44258477445656	205.49596893954597	5.782052158467167	-0.22010615311899073	6.261054367930978	2.3932628819815314	-4.052986597818659	5.697009237396189	-11.132723725254436	27.020267728941732	-11.132723725254436	6.911050025630679	9.11992122209816	25.033	26.22020144356849	25.884876900329076	22.740506017419424	19.007537479281318	73.11427427107864	0.08668819256352223
 archi-vowels-HDK.wav	íˤ	35	33.363	213.824285044727	427.269	2633.609	3329.925	33.30308274472805	22.545870558315706	21.141392595856804	22.54128891597028	29.117633906556815	30.012678895409472	13.289257841305472	7.359987218906301	35.83409463875368	42.044389200062355	12.574399046152145	42.044389200062355	24.509209896591315	23.981179926684696	46.60864060592273	123.86751103810693	195.62148858557723	10.757212186412346	1.4044779624589019	10.76179382875777	4.1854488381712365	3.2904038493185794	5.929270622399171	-6.210294561308672	29.46999015391021	-6.210294561308672	11.324884742162368	11.852914712068987	28.206	33.1137852540139	31.92815360910647	31.32678256463929	27.105024153328717	70.19996823805353	0.07219710137428523
 archi-vowels-HDK.wav	íˤ	35	33.409	210.74391411497314	417.291	2750.908	3351.695	32.94052982290519	21.345435128007704	18.878437710841027	21.169489654080817	30.50083316319965	29.152050018048854	4.781050797519686	0.5961144051025936	35.515813471722474	40.37545045538639	9.990226812770736	40.37545045538639	24.423814854750077	24.424165760016457	46.951552104842904	133.7682930486075	196.69319025327047	11.595094694897487	2.4669974171666773	11.771040168824374	2.4396966597055396	3.788479804856337	4.184936392417093	-4.859636983663918	30.385223642615657	-4.859636983663918	11.091998616972397	11.091647711706017	22.791	24.77631379139344	24.893494789085754	24.688157596543725	17.563459288074082	68.91894617315673	0.06960777067245191
 archi-vowels-HDK.wav	íˤ	35	33.456	199.59469157528312	421.801	2951.716	3439.395	33.119898984038045	20.279349952478068	14.07528848956664	17.50468349726804	34.084245571061594	20.482436671497666	0.8119355424777518	-8.030000908323418	35.3366463519343	37.06657120858881	6.516278473314911	37.06657120858881	26.618061706979237	18.11649832249809	45.42316004377617	149.53566054614254	201.36951696632806	12.840549031559977	6.204061462911428	15.615215486770005	-0.9643465870235488	12.637462312540379	8.84193645080117	-1.7299248566545131	30.5502927352739	-1.7299248566545131	8.718584644955062	17.22014802943621	0	23.052119219120986	22.658135795982943	22.543840393890147	19.023548952229298	66.44544703273176	0.057500924737329824
archi-vowels-HDK.wav	íˤ	36	34.084	--undefined--	466.493	2344.244	3227.228	--undefined--	--undefined--	--undefined--	--undefined--	--undefined--	--undefined--	0	0	0	0	0	0	0	0	--undefined--	--undefined--	--undefined--	--undefined--	--undefined--	--undefined--	--undefined--	--undefined--	0	0	0	0	0	0	22.584	6.605619430699377	8.603003747428652	7.057115555645677	6.6512922249757676	58.673517424227754	0.014256472039480573
 archi-vowels-HDK.wav	íˤ	36	34.131	210.9279263776617	425.603	2561.622	3408.494	28.778092959433476	23.73283083730081	26.12985964821798	23.654890378559955	26.853885450276962	35.13941166034711	15.963427558824673	10.445602736597667	31.255940679473046	43.17432019577791	17.81717785620945	43.17432019577791	22.935672884628193	26.339582024223294	46.40057296625458	116.72902327637969	203.25337332861048	5.045262122132666	-2.3970288109171705	5.123202580873521	1.9242075091565134	-6.361318700913632	5.517824822227006	-11.918379516304864	25.35714233956846	-11.918379516304864	8.320267794844852	4.916358655249752	22.884	21.82870970212403	19.794831744594237	17.625508472990465	14.752847651373129	70.35300325780916	0.060574134099630604
 archi-vowels-HDK.wav	íˤ	36	34.178	208.6997118602132	414.648	2755.222	3279.58	32.75804097520887	22.4078821675317	24.54718195223718	22.322560530922726	32.80925903372691	26.287572738408535	11.126059995763796	8.770831694790996	35.31203605667468	41.47450293754393	15.716701558127044	41.47450293754393	26.62081849864496	23.321113578491524	46.929135033449555	133.5391976185914	187.6913024602103	10.350158807677172	-2.139299784705482	10.435480444286146	-0.051218058518038845	6.470468236800336	2.355228300972801	-6.162466880869253	25.75780137941689	-6.162466880869253	8.691217558029717	11.990922478183155	23.618	31.492301551305147	27.418015493423766	25.12384163913108	16.1401449511327	69.8793735296758	0.06794923238709608
 archi-vowels-HDK.wav	íˤ	36	34.225	202.59170396723596	414.532	2892.516	3462.469	32.686620886077606	24.267631868840308	22.287641745236684	23.70087266470072	35.54139120922365	26.688283806565103	5.249383524405179	5.03777699244217	35.070355073052966	42.9539728332722	14.01321202580002	42.9539728332722	28.22630876418206	22.165358475077777	46.269386821478896	144.74160910355548	205.42527208067514	8.418989017237298	1.9799901236036241	8.985748221376884	-2.8547703231460417	5.998337079512503	0.2116065319630085	-7.883617760219238	28.940760807472184	-7.883617760219238	6.8440463088709045	12.904996597975188	27.839	32.635818916390775	31.74340918488246	30.76837672194059	20.17322190628684	70.34448056735805	0.06711314828220553
 archi-vowels-HDK.wav	íˤ	36	34.272	195.32269618516366	361.75	2903.166	3362.622	32.50461615141278	27.170377469827326	27.29365952853081	23.296909385901415	34.00237623509737	24.93788421281461	-0.23816300708640395	-5.949409242191852	35.47088078564365	40.43719532051523	16.70537301624701	40.43719532051523	24.3511091646671	20.93197479171385	51.3152950233183	143.27956096491135	190.84633642565544	5.334238681585457	-0.12328205870348441	9.207706765511368	-1.4977600836845895	7.566731938598174	5.711246235105448	-4.966314534871579	23.73182230426822	-4.966314534871579	11.11977162097655	14.538905993929802	0	28.44833348433415	25.42259430947381	25.271857511390557	18.966811986894015	67.90319839968076	0.056329044169444197
archi-vowels-HDK.wav	íˤ	37	34.606	320.97343833787886	474.41	2523.104	3747.109	44.61260706362633	39.605058163988595	26.25163280315482	21.051831004222734	40.749131789345036	46.24135700839273	26.25415735430559	21.57756499787591	49.95370144010181	41.70968059184257	12.890900400198433	39.901312344730485	37.191341855644254	31.18836655980253	56.34955377420231	142.4264342781871	305.58523511000493	5.007548899637733	13.353425360833775	23.560776059403594	3.863475274281292	-1.6287499447664047	4.67659235642968	8.24402084825924	28.818780191644137	10.052389095371325	12.762359584457556	18.765334880299278	23.145	36.092369195370935	32.004695449149004	31.12133532434313	26.718150504878423	78.81060133260786	0.11621728473706641
 archi-vowels-HDK.wav	íˤ	37	34.655	337.9788714089524	449.026	2640.938	3518.439	42.46883274395974	42.938686060514044	33.86652680233942	31.641994687299903	46.18122699350434	45.77137771308839	26.476191071513234	33.12961980447239	49.61408023131786	41.448957779045756	18.440379885775588	49.61408023131786	40.216794501500786	34.842644675382246	58.64599626031768	160.16621158007646	279.68716065772935	-0.46985331655430684	9.072159258174622	10.826838056659835	-3.7123942495446016	-3.302544969128654	-6.653428732959156	8.1651224522721	23.008577893270168	0	9.39728572981707	14.77143555593561	25.355	37.09082644154422	34.2117958946102	31.011186743990464	23.457304298756654	79.58209294578965	0.10633447724940075
 archi-vowels-HDK.wav	íˤ	37	34.705	339.267976434351	458.377	2667.583	3354.249	42.254505907609754	40.33024403575882	28.99431981706246	30.885978185549593	38.34760621958951	40.6837882370295	23.224488480069905	29.21473569902606	49.06782626567518	39.35704162049842	13.85748866086779	49.06782626567518	32.474238302023714	33.756465388713984	58.46719640163408	163.65834695080892	255.75770079170667	1.9242618718509377	11.335924218696356	11.368527722060161	3.9068996880202462	1.570717670580251	-5.990247218956156	9.710784645176759	25.49955295963063	0	16.593587963651466	15.311360876961196	25.916	43.325662952386644	37.241455815577424	32.41013099194437	25.615644588902235	78.51908686569585	0.09775892744722468
 archi-vowels-HDK.wav	íˤ	37	34.754	325.75915467505376	497.799	2568.639	3071.103	37.352633447541955	41.23055625494126	31.144633778107686	20.81567950083354	39.173904675093084	28.058494742115844	33.930155482696094	13.445548239889359	42.25640377166323	44.63403212619838	18.43806592719036	39.9699235944056	35.952231926233075	27.615855578949436	57.21164887552127	148.5998034057703	210.21691765016863	-3.877922807399308	10.085922476833577	16.536953946708415	-1.8212712275511294	9.29413870542611	20.484607242806735	-2.3776283545351475	26.195966199008016	2.28648017725763	6.3041718454301545	14.640548192713794	26.688	29.40545330597981	23.441814122186464	21.408906623522697	15.044064888363206	75.75825508029838	0.05157007533465436
 archi-vowels-HDK.wav	íˤ	37	34.804	--undefined--	614.36	2685.918	4389.463	--undefined--	--undefined--	--undefined--	--undefined--	--undefined--	--undefined--	0	0	0	0	0	0	0	0	--undefined--	--undefined--	--undefined--	--undefined--	--undefined--	--undefined--	--undefined--	--undefined--	0	0	0	0	0	0	17.196	-0.23960086369110997	6.216592034622974	5.283915929880417	5.130578968905359	69.78252777465022	0.010973584571060149
archi-vowels-HDK.wav	íˤ	38	35.71	282.6699220945639	465.298	2703.794	3802.12	39.58304607261066	32.88648576309633	22.21802847411731	18.595299841039584	31.07012976316529	38.94944575273453	12.41570102714881	25.351912773196776	43.61413989481925	39.46163180914666	10.121477464045459	37.84934810643362	26.037967458422237	25.65006651539008	52.42355126673448	150.96845993770225	291.8687064981032	6.696560309514325	10.66845728897902	20.987746231571073	8.512916309445366	0.6336003198761233	-12.936211746047967	4.1525080856725936	29.3401543451012	5.7647917883856366	17.576172436397016	17.964073379429173	26.526	30.45293787091509	27.987888783427447	27.868896639252636	26.62411611872473	72.06602471998235	0.05900880368726554
 archi-vowels-HDK.wav	íˤ	38	35.757	292.6652714847383	436.052	2750.721	3500.158	43.98972085481567	37.18352110496527	32.46576529013551	26.839102663815346	42.99299490416681	42.894395701611245	18.92256244585183	28.692102826494036	49.16432702494933	39.39966083262454	18.398240057122212	45.15579977121427	36.19626720522967	34.24352564285553	54.50617810711411	159.18810555626428	254.42874506392883	6.8061997498504	4.717755814829765	17.150618191000326	0.9967259506488659	1.0953251532044277	-9.769540380642205	9.764666192324789	21.00142077550233	4.0085272537350605	12.968059819719663	14.9208013820938	29.769	38.38205728398207	31.946734174857106	31.609302286126372	24.563578901796284	76.97350597659587	0.10540877083893434
 archi-vowels-HDK.wav	íˤ	38	35.803	292.7164472060554	389.099	2700.9	3398.391	41.20010458211019	40.09566454337451	35.01971032497353	27.455264973334714	47.31762113744374	47.226748588578296	20.53304867545838	25.70192216056664	48.206052536788924	38.43646896908806	18.777014927205794	44.063050219461616	38.97698482559731	37.82709477731417	59.037090891849395	153.667600234082	240.45291535363023	1.1044400387356816	5.07595421840098	13.744839608775479	-6.117516555333545	-6.0266440064681035	-5.168873485108257	9.769583567700863	19.659454041882267	4.1430023173273085	9.229067711191611	10.378957759474751	26.574	42.809053254986196	39.62995195511422	38.531036523083046	28.206657517411	76.51526289610689	0.09457628851889023
 archi-vowels-HDK.wav	íˤ	38	35.849	292.5109417569063	450.05	2622.53	3213.786	38.90741571988326	38.909287884591805	30.100630351886252	21.1111723315351	43.33468873262485	42.41381499565793	28.09206324567465	23.888955726300644	43.68641325675044	42.44496257961353	16.873624583491704	39.84723353890708	38.32049874314821	38.2553756027473	53.82910676244626	145.1604992299029	215.7204924573275	-0.0018721647085442328	8.808657532705553	17.79624338834816	-4.427273012741587	-3.506399275774669	4.203107519374008	1.2414506771369105	25.571337996121827	3.8391797178433578	5.365914513602235	5.431037654003141	25.111	33.65052535904472	27.044181283921493	23.576008698766422	14.845696623759359	74.63521789758586	0.058395517701574626
 archi-vowels-HDK.wav	íˤ	38	35.896	--undefined--	588.24	2269.014	2813.848	--undefined--	--undefined--	--undefined--	--undefined--	--undefined--	--undefined--	0	0	0	0	0	0	0	0	--undefined--	--undefined--	--undefined--	--undefined--	--undefined--	--undefined--	--undefined--	--undefined--	0	0	0	0	0	0	17.335	6.508341437262267	6.999124944473174	4.317976343609252	4.268686040942782	68.51323075229625	0.007853903011397685
archi-vowels-HDK.wav	ú	39	36.73	289.07451466338983	555.964	2121.722	4010.413	40.76540751781438	21.921529745243355	8.672717417518632	19.683183759037245	-8.933766055857728	16.62299906240474	-4.850560098544003	5.062767331140277	43.63743299312933	40.273640336700815	1.3331727784160539	40.273640336700815	-4.850560098544003	-3.3279458941156954	55.937871059150545	99.29981411532322	326.91528026798335	18.843877772571027	13.248812327724723	21.082223758777136	49.69917357367211	24.14240845540964	-9.91332742968428	3.363792656428515	38.94046755828476	3.363792656428515	48.48799309167333	46.96537888724502	15.248	14.9835365953132	13.21472781910263	13.21394891815837	13.210496418316083	71.9715921081249	0.039756946693349136
 archi-vowels-HDK.wav	ú	39	36.767	287.62114460947845	552.777	2114.46	4088.244	46.91155800585147	28.917479837429205	20.563966796714553	26.620526152162892	-1.9793355772482784	32.820105589801194	5.387323138126323	12.381665397128675	49.7874286184154	47.19308894264125	13.196461016754647	47.19308894264125	2.1011335859032028	11.784362011616059	55.71285456011757	98.49094400554998	338.11229678165	17.994078168422263	8.353513040714653	20.291031853688576	48.890893583099746	14.091452416050274	-6.994342259002352	2.594339675774144	33.99662792588661	2.594339675774144	47.68629503251219	38.00306660679934	22.238	31.372255965187282	28.51025646290342	28.47993891207898	28.463683582291445	77.99498768672854	0.07591919572009796
 archi-vowels-HDK.wav	ú	39	36.803	297.22764246161125	506.557	2265.869	3774.742	49.55774034515326	33.9320450016025	28.114935392641858	22.98761180811884	7.6404322028508105	31.00584183338713	8.068035592669489	24.965277751422867	53.320950834235575	42.63663302599417	17.876457049050426	42.63663302599417	8.315521119348793	13.963153238999004	55.70142315905512	112.30241262396225	296.2533744232339	15.62569534355076	5.817109608960646	26.570128537034424	41.91730814230245	18.551898511766133	-16.89724215875338	10.684317808241403	24.760175976943746	10.684317808241403	45.00542971488678	39.35779759523657	27.256	32.4055379787028	27.031647241713827	27.04409249903973	27.040294281638694	80.38519094490424	0.10805920206987941
 archi-vowels-HDK.wav	ú	39	36.84	298.2936810676699	922.453	3383.493	4763.769	51.94608028946515	38.19329649149851	19.45650069638814	20.944263204942388	14.188612472019237	25.738910112718994	8.730619376017403	17.63900812144604	52.97158087974783	43.15085195353628	24.032634926831452	45.22827083255204	15.533053694607533	18.645778081610157	61.041405823253996	241.020865973746	472.03583377835633	13.752783797966643	18.736795795110368	31.001817084522763	37.757467817445914	26.207170176746157	-8.908388745428637	9.820728926211551	19.11821702670483	7.743310047195791	37.4385271851403	34.32580279813767	26.61	42.5865810129679	23.34304001302761	23.34003580900827	23.300327454366823	80.57332851199527	0.10145463464004006
 archi-vowels-HDK.wav	ú	39	36.877	278.9688800897137	1202.331	3197.239	3347.302	46.25259455511398	37.9684684170409	19.25600486745735	11.621262602879739	5.990959985339657	-11.532747068012952	9.689055878113685	-9.579953700264822	46.80037103426691	40.34487638281127	37.06715483375471	38.8622947636238	14.330480977713261	14.330480977713261	61.092207364194635	207.91959023574458	227.27090200133537	8.284126138073077	18.712463549583553	34.63133195223424	40.26163456977432	57.78534162312693	19.26900957837851	6.455494651455638	3.277721549056565	7.9380762706431085	32.46989005655365	32.46989005655365	16.651	28.799243452233533	15.888154602640085	15.894757024450918	15.817348893054934	76.50882512683847	0.0713601299467701
archi-vowels-HDK.wav	ú	40	37.651	226.53500950371244	456.687	2558.577	4188.047	32.47733157925106	18.8292374350466	22.83655294082397	18.756200572614112	1.20512781023276	16.662978868189107	-9.571927167563137	2.1660752829198766	34.973178742760894	38.86455270853249	14.670741992276817	38.86455270853249	-1.7328417932736562	-2.970243848539554	46.718678461480195	120.68562084349178	311.50310204470816	13.648094144204457	-4.00731550577737	13.721131006636945	31.272203769018297	15.81435271106195	-11.738002450483014	-3.8913739657715993	24.193810716255676	-3.8913739657715993	36.70602053603455	37.94342259130045	16.758	4.48498674519734	4.2238925085867365	4.222744725029503	4.222097018797258	68.08512382167781	0.04418527451512356
 archi-vowels-HDK.wav	ú	40	37.686	240.591043959299	538.126	2813.002	4270.029	36.02027974518147	28.23318837255997	18.833023904610886	20.76129630045066	-1.8991026003484244	12.410961780843085	-8.987064521649513	6.94124723764864	38.00588625469144	41.699884415406444	13.09561917658591	41.699884415406444	-4.589001276880385	-2.885792708947798	50.268811967130574	149.38938534358078	333.6369540897534	7.7870913726215	9.400164467949082	15.25898344473081	37.9193823455299	23.609317964338384	-15.928311759298154	-3.6939981607150045	28.604265238820535	-3.6939981607150045	42.59488753157183	40.89167896363924	22.706	22.696546702594873	22.962196585847423	22.926846158935067	22.911432527434403	70.8475641828922	0.06153013505244766
 archi-vowels-HDK.wav	ú	40	37.722	247.55065068123787	674.035	3657.474	4953.506	39.51075096404497	32.47914402584965	18.077000909490888	14.331574638961882	2.8218392124299676	20.598776318993387	-4.083842513408725	9.112433480365263	40.803597433816485	39.29801433302741	17.466548732955328	36.72012867144318	-2.675787518055532	9.112433480365263	53.132702808671226	252.28669772823446	467.5555391162615	7.031606938195324	14.402143116358761	25.17917632508309	36.68891175161501	18.911974645051586	-13.196275993773988	1.5055831007890745	21.831465600072082	4.0834687623733075	43.479384951872014	31.691163953451223	20.75	22.38845924567628	20.689186921872352	20.684044741655335	20.68054329030271	72.04427343186909	0.07899645526513205
 archi-vowels-HDK.wav	ú	40	37.757	247.16463169353423	676.938	3468.18	4934.662	39.57095748722179	29.991790168971004	19.607668546121086	12.358229775653115	2.07901011356595	23.3828514828625	-0.594397760848382	10.319080067193099	40.85254524900744	36.71418050391814	19.261682504455596	34.82304824738086	-1.993694158173941	10.319080067193099	53.122169127199996	227.81076162508947	462.74546024495424	9.579167318250786	10.384121622849918	27.212727711568675	37.49194737365584	16.18810600435929	-10.913477828041481	4.138364745089298	17.452497999462548	6.029497001626581	42.84623940718138	30.533465181814343	27.072	30.170949520686705	25.798353724086837	25.771246105578115	25.759970054801954	71.36643228993651	0.0808245841339344
 archi-vowels-HDK.wav	ú	40	37.792	243.04075005181778	468.445	3391.709	4196.231	37.79427445141977	23.663217822932772	34.142114405992814	21.655733880787775	13.799497258858768	9.250098312982448	-0.2264376984754982	-11.011362904872751	40.532641435441334	41.58983911078944	24.531317255922758	41.58983911078944	3.7997769795254217	-0.3589560214978041	48.25830729488653	216.33489518265685	324.2374305808146	14.131056628486995	-10.478896583060042	16.138540570631992	23.994777192561	28.54417613843732	10.784925206397252	-1.0571976753481067	17.058521854866683	-1.0571976753481067	36.732864455915916	40.89159745693914	22.273	30.23766502392668	15.855532510736836	15.851113556445593	15.825524697999658	72.17244023566823	0.07567777780262083
archi-vowels-HDK.wav	úˤ	41	38.602	291.7686040043828	618.917	2472.403	4436.856	33.04397183270306	23.975160342965214	12.074623507611077	20.146001079127434	-3.9931789276127105	13.695685925494566	2.7835746071455403	-5.607395457001399	35.3317449793503	41.390943192445036	6.147232859866586	41.390943192445036	-1.7157651617353078	-5.607395457001399	57.3746263697122	129.7514642749433	400.1079439769138	9.068811489737843	11.900536835354137	12.897970753575624	37.03715076031577	19.348285907208492	8.39097006414694	-6.059198213094739	35.24371033257845	-6.059198213094739	37.0475101410856	40.93914043635169	22.275	23.991392426441436	23.3621484562569	23.330411088286006	23.326526712914315	69.64829594605511	0.0324538292496389
 archi-vowels-HDK.wav	úˤ	41	38.653	308.20006211786847	624.121	1970.004	4007.586	42.899388610984694	22.379103921627774	18.771899351861016	22.124059904813382	5.830837855092259	27.71924608006794	13.471495050459026	13.020701547970756	45.5215969892421	43.51198532760893	13.8681325381319	43.51198532760893	13.471495050459026	7.7914333212406275	59.30117427159563	92.4385091308692	338.7441977351994	20.52028468935692	3.6072045697667576	20.77532870617131	37.06855075589243	15.180142530916754	0.45079350248827055	2.0096116616331656	29.643852789477034	2.0096116616331656	32.05010193878307	37.730163668001474	22.571	36.23549939603196	25.393115561993376	25.354077439226323	25.354082679482516	75.31250458162143	0.0993092422475341
 archi-vowels-HDK.wav	úˤ	41	38.705	319.5276290436112	633.362	2168.823	4110.375	44.83596570336356	24.930472468323796	22.99790237005049	24.75623523103127	12.561374899061938	26.111759709099292	18.071495200747066	10.480785004434985	47.55503252602221	45.92246173353572	16.99238732412492	45.92246173353572	18.071495200747066	7.306760526313719	60.72153334743125	108.95904135521435	363.087284469236	19.905493235039767	1.932570098273306	20.079730472332294	32.274590804301624	18.72420599426427	7.590710196312081	1.63257079248649	28.9300744094108	1.63257079248649	29.483537325275144	40.24827199970849	25.365	35.70153561040848	28.984517439019953	28.894580846653753	28.875330170266494	77.48606935805998	0.12682782878805937
 archi-vowels-HDK.wav	úˤ	41	38.756	324.85535337366343	671.967	3400.987	4421.642	43.98345072350372	24.398462434285676	30.132010426246236	22.7091786126807	18.664391161351062	20.651284142353013	15.129282447322032	14.296291272270656	46.35736865850845	43.79547139907467	22.791359265238405	43.79547139907467	13.6278665183022	12.443790003344867	61.88967187178159	255.90113445490553	423.0177791417304	19.584988289218046	-5.73354799196056	21.274272110823023	25.31905956215266	23.33216658115071	0.8329911750513759	2.5618972594337777	21.004112133836266	2.5618972594337777	32.72950214020625	33.91357865516358	23.699	57.53813761459115	30.61030239853185	30.543375970447244	30.50381347828474	76.46083071010354	0.10946529979169907
 archi-vowels-HDK.wav	úˤ	41	38.808	324.224130339237	589.508	2896.973	4223.638	42.18112899754634	32.21352426127595	40.790228219459905	25.059903987641075	31.33080199136183	30.990737419820125	18.405067298588904	13.67323934162431	45.383873871909	45.23147629100399	31.094379015816354	45.23147629100399	28.082513799904948	17.405340887671393	60.48514064003428	186.96477593350252	385.91845192690175	9.967604736270388	-8.576703958183955	17.121225009905263	10.850327006184507	11.190391577726214	4.731827956964594	0.15239758090501	14.137097275187639	0.15239758090501	17.301360072004055	27.97853298423761	21.545	34.3177584331952	29.28023772522101	29.22270466063596	27.605772908041303	76.37258687950944	0.10066541122595948
archi-vowels-HDK.wav	úˤ	42	39.77	261.0471640141996	506.495	2541.863	4430.293	30.805034442249	21.840799395085238	20.018415996440435	20.38697725356823	1.1108402954162777	26.059908799388076	-3.9048460522038813	4.384017359310225	33.55007232230939	40.56871088934044	11.420376413435399	40.56871088934044	-0.44251768573064115	4.539658109182283	51.80361157471712	128.4196017595678	374.96049623024993	8.964235047163761	1.8223833986448028	10.41805718868077	29.69419414683272	4.745125642860923	-8.288863411514107	-7.018638567031047	29.14833447590504	-7.018638567031047	33.99259000804003	29.010414213127106	20.661	11.859510678859342	15.087813563921483	15.074008925244701	15.072513796242875	70.23541643593624	0.057474583536532765
 archi-vowels-HDK.wav	úˤ	42	39.817	286.8375851948425	577.461	2341.795	4311.682	39.412538313402536	26.058645161682755	24.24087875565137	26.0013386140373	3.8545490352520737	27.788789017922745	6.302290137648622	15.799339177808548	41.98227520314599	46.82087849860012	17.27079847307841	46.82087849860012	6.302290137648622	7.4181123938238365	56.110801583201656	116.50971156597845	374.2024508969273	13.353893151719781	1.8177664060313852	13.411199699365234	35.55798927815046	11.62374929547979	-9.497049040159926	-4.838603295454135	29.550080025521712	-4.838603295454135	35.67998506549737	34.564162809322156	22.718	22.7473094042063	21.82245141874757	21.815965309781227	21.807091499570568	74.39002173591885	0.07948684165639919
 archi-vowels-HDK.wav	úˤ	42	39.863	292.87320519704804	620.397	2022.936	4235.308	42.5374442426392	26.325707785381258	26.494933471477122	22.57906963398737	-5.3204256139134465	35.53980579810806	9.949072880974478	11.42536356362051	44.89419527573604	44.11808931367797	21.889795115649115	44.11808931367797	1.8630159712758467	13.757578235204278	57.52195228335385	93.1510087813562	365.6410664275386	16.21173645725794	-0.16922568609586364	19.958374608651827	47.85786985655264	6.997638444531134	-1.476290682646031	0.7761059620580681	22.228294198028856	0.7761059620580681	43.03117930446019	31.13661704053176	22.801	34.31372377028906	27.08407178469774	27.049802359918292	27.046306842796078	74.81055342301619	0.10593721012369715
 archi-vowels-HDK.wav	úˤ	42	39.91	297.46523097343817	724.343	2368.176	4319.977	43.37320658860457	33.67709516133778	29.107920509689713	19.60426584230019	10.151363537037753	27.130921146862736	13.995611710644662	9.470342823872125	45.10753401077794	43.79203540049268	27.058381950574194	42.20634207038291	16.391530619710878	10.784655014629475	59.38744485275891	121.33647739480242	383.5009968356695	9.696111427266786	4.569174651648069	23.768940746304377	33.221843051566815	16.24228544174183	4.525268886772537	1.3154986102852604	16.733653449918485	2.90119194039503	28.716003391067062	34.32287899614846	25.349	43.341183528634346	27.357338909695308	27.304451744312107	27.28526786225997	74.81578802051956	0.10917279679342635
 archi-vowels-HDK.wav	úˤ	42	39.957	296.18776542415713	603.274	2807.638	4352.041	41.463946165423614	27.015419860057428	48.40872249692518	26.497853421129083	18.755483030807937	32.503786416453565	18.219041112088725	6.362734798706208	43.93608162538935	47.333798220194794	41.03167363860883	47.333798220194794	17.197798967445742	17.139538911108346	57.611173960333765	166.7995709976274	388.203644886515	14.448526305366187	-21.39330263686775	14.966092744294532	22.708463134615677	8.96015974897005	11.856306313382516	-3.397716594805445	6.302124581585964	-3.397716594805445	26.738282657943607	26.796542714281003	23.583	40.63621910046145	26.27134058107685	26.216507161594315	26.017110835347324	76.74105451673574	0.1033175279065631
archi-vowels-HDK.wav	úˤ	43	41.124	277.6028084583943	570.015	2579.704	4180.169	38.078929520300186	29.93308563540443	43.50848054355501	28.915698381382363	21.07168579269791	32.60445783247319	14.788849455999049	10.089414703661975	40.51076366375013	49.693591837899206	36.39481732561988	49.693591837899206	20.991965350208392	16.266829621809606	54.95006696146602	136.59387684022244	345.8697748469062	8.145843884895754	-13.575394908150578	9.163231138917823	17.007243727602276	5.474471687826998	4.6994347523370745	-9.182828174149073	13.298774512279323	-9.182828174149073	19.51879831354174	24.243934041940527	24.17	20.45046771768305	25.85369415625296	25.7397779088012	25.610100621055686	79.0483245943278	0.11727294216548645
 archi-vowels-HDK.wav	úˤ	43	41.158	269.6790591441571	544.39	2709.907	4213.854	35.035653698921784	27.77997931421508	39.98518559960084	27.662745289553815	17.60308142929794	27.467001611539473	9.926469846009436	9.458897157973285	37.54458603962171	48.18458974094473	32.19076392264897	48.18458974094473	15.558636450984443	11.445320513847165	53.5739596954709	147.7100805234662	345.6818746892347	7.255674384706705	-12.20520628538576	7.3729084093679695	17.432572269623844	7.568652087382311	0.46757268803615126	-10.640003701323018	15.993825818295761	-10.640003701323018	21.98594958863727	26.09926552577455	25.398	33.29087692668476	30.97606874103162	30.68876748399511	30.524660957645278	77.90132352518108	0.09393957167841982
 archi-vowels-HDK.wav	úˤ	43	41.191	264.27835521251046	542.737	2812.087	4185.304	32.83358175454856	25.63928361823494	42.39467825356827	24.640383833457385	17.68109920064672	30.1637769620877	9.390109397248448	4.678634779351946	35.23981218020081	45.209275100470556	34.826446330615106	45.209275100470556	14.720125902599197	15.687652930847367	52.949345180655655	156.97252817960614	337.40611147512266	7.19429813631362	-16.75539463533333	8.193197921091176	15.15248255390184	2.6698047924608623	4.711474617896502	-9.969462920269748	10.38282876985545	-9.969462920269748	20.51968627760161	19.55215924935344	29.127	23.98654814022247	25.137396878091103	25.083011467036794	24.961154718422684	75.20409217956322	0.07445019126743112
 archi-vowels-HDK.wav	úˤ	43	41.224	258.67236677642813	623.596	2970.235	4107.733	36.06055048479228	33.278104271920675	45.556062402059794	21.712859071501033	20.959917327727034	32.01503283032288	17.790511466672065	10.166083871230763	37.756860575236665	43.42038293484783	41.823683608789935	43.42038293484783	19.1879157566573	23.02925259211802	53.733042814783914	172.69458468447925	321.73780336055097	2.782446212871605	-12.277958130139119	14.347691413291248	15.100633157065246	4.0455176544694	7.624427595441302	-5.663522359611164	1.5966993260578946	-5.663522359611164	18.568944818579364	14.727607983118645	26.721	28.47321849217996	25.37661009096434	25.16827307389822	24.712724626802537	74.74163156668436	0.09028805611412691
 archi-vowels-HDK.wav	úˤ	43	41.258	254.00650529768976	743.529	3437.69	4105.062	37.87160045532143	30.839653844127962	26.234732876198194	13.013285944899705	21.682272707628897	27.066457655886587	16.181209512085996	13.912305391978002	38.99346812105479	36.45154249622591	28.255462780098327	36.13775286332463	19.408872489543228	27.841171053481784	54.577090023947626	227.26612356312398	318.20600102514436	7.031946611193465	4.604920967929768	24.85831451042172	16.18932774769253	10.80514279943484	2.268904120107994	2.5419256248288775	8.196079716127585	2.8557152577301608	19.58459563151156	11.152297067573006	25.604	27.485170251420023	16.640459412190374	16.496948568680363	16.01612476347368	71.62724126565212	0.09352484620397723
archi-vowels-HDK.wav	úˤ	44	41.893	250.45368331190383	997.798	2543.873	4096.482	35.54538126849863	41.20516333458215	12.063535492455483	11.970107580967852	9.05987117237785	17.63514412915994	14.634788158219196	2.23652969614423	36.195204182376195	44.06798108345791	38.4862270062965	38.4862270062965	20.541547480545155	12.526109817324297	55.86801930878771	125.77822678367494	314.56179611234046	-5.6597820660835225	29.14162784212667	23.57527368753078	26.48551009612078	17.91023713933869	12.398258462074967	-7.872776901081714	5.581754077161406	-2.291022823920308	15.65365670183104	23.669094365051897	23.064	17.494777593798453	15.79616427091407	15.741501638575208	15.622883338848322	73.93815249281721	0.09054285960815672
 archi-vowels-HDK.wav	úˤ	44	41.928	243.29064609442244	986.001	2647.948	4129.757	34.95399274203439	40.74018949514809	16.43445744433333	15.596664089983665	1.708750822552119	17.905582866422186	5.852873675644784	1.1157282622534859	35.573199258984346	43.46014900931307	41.99944242508967	41.99944242508967	11.966711648149044	13.43001344427039	54.943783638421024	133.6633335815783	314.6007275617239	-5.7861967531137	24.305732050814758	19.35732865205072	33.24524191948227	17.0484098756122	4.737145413391298	-7.886949750328725	1.4607065842234022	-6.426243166105323	23.606487610835302	22.143185814713956	23.489	26.126473845108173	23.257156109367394	23.114192282745826	23.07177413089498	74.16704566099489	0.08054390311001211
 archi-vowels-HDK.wav	úˤ	44	41.963	241.79904034876267	617.26	2614.266	4144.826	36.656893580110435	33.22817445183364	33.066583962576175	19.107800848600153	13.52030442059431	31.203534972307924	15.158837628115624	6.449700003962863	38.17053836573043	41.652863860608306	31.097341763874667	41.159262911040415	15.199772470455645	17.746702276856144	51.748681802506695	130.01206183765754	315.7850197614831	3.4287191282767964	0.16159048925746333	17.54909273151028	23.136589159516124	5.45335860780251	8.70913762415276	-3.482325494877877	10.55552209673364	-2.988724545309985	22.970765895274784	20.423836088874285	26.183	28.761003551357824	25.10619045077585	24.619888287310445	24.15809994720082	71.97629105860695	0.10263063303455841
 archi-vowels-HDK.wav	úˤ	44	41.997	240.0013394329383	959.005	2951.739	4097.966	36.892014163766945	33.53958657242022	10.506188161776134	11.205409878627037	14.130253141912895	25.32021574220202	11.90862267323337	5.938073062287189	37.511251349156595	36.2738291573803	36.41926836560886	37.12670918628632	20.90597555191508	24.352557043220724	54.390917284775796	163.93833466425377	307.7856951742162	3.352427591346725	23.033398410644086	25.686604285139907	22.76176102185405	11.571798421564925	5.970549610946182	1.2374221917762966	-0.14543920822855938	0.3845421628702752	16.605275797241514	13.158694305935871	26.444	29.91094422882484	17.179129264253184	17.090216150276856	16.87844346086492	70.94710287146798	0.0909911877253071
 archi-vowels-HDK.wav	úˤ	44	42.032	234.14175995262224	1203.221	3489.06	4003.565	33.83264450927035	33.95925775992971	19.288085393225522	7.757865724463535	13.328740545541596	14.4170139769559	15.592219313071457	12.316082476185263	34.20783611660008	35.54600278136758	28.001707967159383	35.59715508710318	20.098361315397394	27.54710575812335	55.6135253701417	224.0196552429	290.69577230041943	-0.1266132506593607	14.671172366704191	26.074778784806817	20.503903963728757	19.415630532314452	3.2761368368861934	-1.338166664767499	7.544294814208193	-1.3893189705031048	14.109474801202683	6.660730358476727	0	25.769130313746423	14.871974352470028	14.812442868067476	14.487434621907022	68.59562395394542	0.06269393139849683
archi-vowels-HDK.wav	úˤ	45	42.651	254.9250963691245	514.511	2763.093	3992.648	34.549434545324985	19.86041832086238	38.67237871831139	19.75316226407249	8.326045053375072	14.789797607054133	1.4990475581049911	-12.185679877916762	37.046366700316156	40.10542691720134	30.64481452035142	40.10542691720134	5.027168806631389	1.6412966572087437	51.32703057109384	148.76058920036132	302.43092390923647	14.689016224462605	-18.811960397449013	14.796272281252495	26.223389491949913	19.75963693827085	13.684727436021753	-3.059060216885186	9.460612396849921	-3.059060216885186	32.01919789368477	35.405070043107415	22.154	22.813344296379526	22.198504120303113	22.154917643427865	22.050226657893216	70.48489729341844	0.0489155334347819
 archi-vowels-HDK.wav	úˤ	45	42.687	260.26058070756216	508.528	2683.162	4158.982	34.062342281746666	24.566123302894432	36.61869009437923	23.635401341577985	15.999800419490025	22.52024730242458	-0.8154610766459953	3.115046692737434	36.75462719601258	43.82389301657607	27.991913634086952	43.82389301657607	13.150189118640833	5.879625908127375	51.76630512720649	142.12234501734127	330.5666603675114	9.496218978852234	-12.0525667914848	10.42694094016868	18.06254186225664	11.542094979322087	-3.9305077693834294	-7.069265820563494	15.83197938248912	-7.069265820563494	23.604438077371746	30.875001287885205	23.486	25.708246306879676	25.592319165910222	25.573963413185755	25.396263046721543	73.54406872340383	0.04909158603563011
 archi-vowels-HDK.wav	úˤ	45	42.723	258.2855345694356	513.373	2776.172	4098.71	36.53783534471084	24.721153387213217	32.650084449637646	24.63201650192171	8.662178720899387	19.78178701296599	-0.01406712226411035	6.847661344749354	39.12266156052474	44.904139425723514	24.29211152543052	44.904139425723514	5.1408303373908515	5.197367214558439	51.664432365852406	151.19537960802103	320.1305183597732	11.816681957497625	-7.928931062424429	11.905818842789131	27.875656623811455	16.756048331744854	-6.861728467013465	-5.781477865198774	20.612027900292993	-5.781477865198774	33.98183122313389	33.9252943459663	25.334	35.96527295918848	34.97909121690831	34.877472333206654	34.537856300533825	74.55000303099241	0.06277260907397146
 archi-vowels-HDK.wav	úˤ	45	42.758	258.0530461582166	584.124	2875.047	4136.549	37.41947856560958	31.925919178245394	33.48374860197443	23.567740973531322	10.987380321462329	20.443658668236303	8.719577059738683	6.2877855672843115	39.36206617079206	44.79519366462041	28.169384928567464	44.79519366462041	8.889977210109219	8.763491389894087	53.039732510796654	161.80725488886233	325.6489798792052	5.493559387364186	-1.5578294237290393	13.851737592078258	26.43209824414725	16.975819897373277	2.431791492454371	-5.433127493828351	16.62580873605295	-5.433127493828351	30.472088960682843	30.598574780897977	27.595	29.5909971792282	26.000732949439623	25.83911823457576	25.638928067619865	74.60684959175312	0.06511635744399254
 archi-vowels-HDK.wav	úˤ	45	42.794	255.88756927668112	564.546	3172.7	4066.301	38.20164574724531	28.72224425196726	48.38301555013383	22.05420365980786	29.47180842220809	27.437379127748528	9.590957216420943	6.150286746324902	40.24039012516123	42.995862654946436	42.17812473861156	42.995862654946436	24.251056329115347	20.00668185692788	52.45229369427605	195.34511936983492	313.7421774853205	9.479401495278047	-19.660771298166566	16.147442087437447	8.72983732503722	10.76426661949678	3.440670470096041	-2.7554725297852087	0.8177379163348775	-2.7554725297852087	15.98933379604588	20.233708268233347	26.42	34.23331127501792	22.208067927246184	22.079999082440537	21.703767692561414	74.91486002338678	0.07249635356393531
archi-vowels-HDK.wav	úˤ	46	43.804	276.2602520430336	552.123	2757.552	3977.719	33.13866189720245	26.502708798801567	46.61371628187196	26.4991909985704	18.524548444192284	29.221091937011145	5.887201508970119	13.127336287519338	35.70522403891271	47.00005329176223	38.61048951112579	47.00005329176223	16.168922170435245	17.087070773839972	54.45275969941757	154.83822581216873	313.7841755594466	6.635953098400879	-20.11100748307039	6.639470898632048	14.614113453010162	3.917569960191301	-7.240134778549219	-11.294829252849517	8.389563780636436	-11.294829252849517	19.536301868477466	18.61815326507274	23.738	23.732224609059088	28.62482755134598	28.590262411418237	28.381714951091052	76.99040698326839	0.054492685588025565
 archi-vowels-HDK.wav	úˤ	46	43.83	275.06645069059437	549.363	2743.451	4088.5	34.9858146607947	26.79287691504792	43.64886734544409	26.784337264492116	22.980778317757302	31.32598701678502	5.008010128305851	7.934672156252335	37.55632096525946	47.27162355316837	35.63238186995524	47.27162355316837	20.688116420144137	17.4020256458206	54.26579512788537	152.9359448751732	329.7893432743792	8.192937745746782	-16.85599043039617	8.201477396302586	12.0050363430374	3.659827644009681	-2.9266620279464837	-9.715302587908909	11.639241683213129	-9.715302587908909	16.868204545115322	20.15429531943886	32.775	27.488649432397295	29.929798231786656	29.910394824574308	29.71130587364279	77.08588807501434	0.06423590794077687
 archi-vowels-HDK.wav	úˤ	46	43.856	274.27425586677083	563.697	2833.345	4112.705	35.86581007649749	25.84719014033129	49.713158323064945	24.77437628723704	23.833166023993677	38.66640367836407	12.325965407937405	9.61099205872743	38.27323427441777	45.4488335078304	42.25204938107932	45.4488335078304	21.183835003455012	25.91589734212119	54.46258071305777	162.5854880623198	332.9935172054412	10.0186199361662	-23.865968182733656	11.09143378926045	12.032644052503812	-2.8005936018665807	2.7149733492099752	-7.175599233412633	3.1967841267510835	-7.175599233412633	17.089399270962755	12.357336932296576	22.22	27.87936750932616	23.63415755252022	23.397940760089774	22.951377592890122	76.9540157423911	0.07135447123142519
 archi-vowels-HDK.wav	úˤ	46	43.882	276.97453436714903	593.109	3050.642	4101.587	37.12770592526879	25.990712021581913	45.37504994703269	21.457629455348304	28.350527234964005	33.59884059700505	17.434558348882945	10.435722197439556	39.319409099937374	42.42538090197509	38.71384540344652	42.42538090197509	24.65394311067296	24.488694072084062	55.29603568062936	188.93583754689288	333.08553751572396	11.136993903686879	-19.38433792545078	15.670076469920488	8.777178690304787	3.528865328263741	6.998836151443388	-3.1059718020377147	3.711535498528569	-3.1059718020377147	14.665465989264415	14.830715027853312	24.283	34.106086759356515	18.539782672193503	18.478118293861627	18.235831571555334	75.29312059639966	0.0732606691960533
 archi-vowels-HDK.wav	úˤ	46	43.909	270.4094689754146	612.799	3159	4063.547	37.082151155677586	25.738858155349547	32.487608225518045	17.222631247043566	11.640882561500852	15.620473492608191	15.789182882171339	12.253977025496832	39.014107395398604	38.536504084296624	27.089278239890845	38.536504084296624	7.745233504588525	9.23800489324372	54.885731034270556	199.61333626436817	322.89956298624	11.343293000328039	-6.748750070168498	19.85951990863402	25.441268594176734	21.461677663069395	3.535205856674507	0.47760331110197995	11.447225844405779	0.47760331110197995	31.268873890810077	29.776102502154885	26.254	13.841283747563368	14.637767620451868	14.103181268495938	13.921566402117557	72.92338149221715	0.07439939268829497
archi-vowels-HDK.wav	úˤ	47	44.927	277.4409836189319	558.348	2566.974	4155.323	36.2396718692152	28.03120451575568	43.33155162560038	27.983592018964472	17.634822427432724	34.42267541390109	15.309362198025973	8.13694251409508	38.78163338662763	48.6068749707248	35.76565974942194	48.6068749707248	17.30808605463421	17.896397294622258	54.706910327671906	135.2778840550612	341.81341843405164	8.208467353459522	-15.300347109844704	8.256079850250728	18.604849441782477	1.8169964553141114	7.172419683930892	-9.82524158409717	12.84121522130286	-9.82524158409717	21.473547331993423	20.885236092005375	22.588	14.797034871279052	20.316869384817036	20.25292009431285	20.192494262856854	78.0676137421422	0.08996348818806965
 archi-vowels-HDK.wav	úˤ	47	44.969	265.2772150256023	550.388	2633.451	4280.251	30.931460552053128	28.337255928588	41.02019034012244	26.547392204454905	11.352079959980273	28.41377903646768	11.495371021912186	5.206333326114786	33.29585887145948	47.252749519070754	33.908902654728394	47.252749519070754	10.32185323027962	11.00959936175859	53.213212865482035	138.54269160316917	353.1681679299593	2.594204623465128	-12.68293441153444	4.384068347598223	19.579380592072855	2.5176815155854477	6.289037695797401	-13.956890647611274	13.34384686434236	-13.956890647611274	22.974005641179858	22.28625950970089	26.045	26.062745855915797	28.35154321015444	28.166017998974844	28.043851222788057	76.29472358901333	0.061147248191775805
 archi-vowels-HDK.wav	úˤ	47	45.01	259.22872120035953	578.928	2529.03	4152.752	32.345136773199044	30.823973549088475	36.92845650292141	23.275694266823244	2.4631711082707923	30.243142762479348	14.99903603455981	2.5912525710264136	34.366075149189456	44.520420293427314	31.67252603474632	44.520420293427314	3.500446632937457	14.296420686459488	53.080073411300276	126.72548759569938	328.90771272675477	1.5211632241105697	-6.104482953832932	9.0694425063758	29.881965664928252	2.1019940107196966	12.407783463533395	-10.154345144237858	12.847894258680995	-10.154345144237858	30.865628516252	20.069654462729968	25.716	16.233119947617197	19.38015634579028	19.20682076723722	19.17499694020517	73.92263125777313	0.06295567654352728
 archi-vowels-HDK.wav	úˤ	47	45.052	254.81213753800967	745.486	2870.515	4130.367	35.05494643640078	33.59070710309812	31.441296422908376	16.17673982841076	17.38671085520381	18.803961645481404	11.404568968356292	0.1852436636510455	36.19921603599517	39.297112660905896	33.81854823088981	39.4968527672397	19.859596475482103	11.559960293973084	54.68724762996729	160.21490361520839	322.51570161122487	1.4642393333026646	2.1494106801897424	18.878206607990023	17.668235581196974	16.25098479091938	11.219325304705247	-3.0978966249107245	5.478564430016085	-3.2976367312445305	16.339619560513068	24.639255742022087	24.067	27.731607089693227	23.185180708999397	23.099880741752663	22.895765912343048	72.24458688726179	0.06868257554018276
 archi-vowels-HDK.wav	úˤ	47	45.094	243.46231493126012	739.755	3370.67	3979.946	32.65207472408398	26.464845772538496	18.20469037881371	11.648079943787954	21.362442915791018	26.150495586476133	13.857050978852484	14.88759192670183	33.69018342653176	31.546865374471036	21.634643048664316	34.94133820393711	19.696152796631154	28.452418383651196	53.329932802403334	213.9512855336102	293.3566529423211	6.187228951545485	8.260155393724787	21.003994780296026	11.289631808292963	6.501579137607848	-1.030540947849346	2.1433180520607245	9.91222232580672	-1.2511547774053469	13.994030629900607	5.237765042880564	18.657	16.822969972626634	11.881440562769392	11.810521762402981	11.479798591899115	67.72024443786755	0.04400896612888316
archi-vowels-HDK.wav	úˤ	48	45.806	234.43226416816643	493.442	2790.105	4188.56	29.69696333743541	27.96027086335058	39.369987627441525	24.993224882872525	18.137839986958674	31.547881209080302	1.3696589672589135	13.123145187165248	31.960822764831377	45.61671412889644	32.09941644930028	45.61671412889644	14.218372196414936	15.653984344397049	47.53535920448779	145.06191832879946	317.0871728747473	1.7366924740848297	-11.409716764090945	4.703738454562885	11.559123350476735	-1.8509178716448922	-11.753486219906334	-13.655891364065063	13.517297679596162	-13.655891364065063	17.74245056841644	16.306838420434328	25.801	31.327775151530318	26.21359074611735	26.16789219378642	26.000171573411155	74.10384748369223	0.0970566656245104
 archi-vowels-HDK.wav	úˤ	48	45.835	229.66749376926558	480.534	2744.482	4280.235	29.5857377023251	30.740930875659643	39.264339712639995	28.312758212597625	15.05301524268896	28.130819484314856	4.8510403949193455	11.856512582059826	31.87863700281588	48.82541472356178	31.841429267028943	48.82541472356178	11.174604088308225	10.178764765434012	46.85719338301372	139.01260163584308	327.2502328338534	-1.155193173334542	-8.523408836980352	1.2729794897274758	14.53272245963614	1.4549182180102456	-7.005472187140481	-16.9467777207459	16.983985456532835	-16.9467777207459	20.704032914507653	21.699872237381868	26.031	35.689438099304105	29.42077877343934	29.348505736651088	29.226500139553274	76.257144499358	0.11571512672811514
 archi-vowels-HDK.wav	úˤ	48	45.864	228.53269522703178	480.949	2766.528	4158.799	31.202832623018402	30.575132952920544	41.820845737590176	27.661141066726216	16.228286253861285	28.31362733115384	2.8826981143006853	8.48450979379036	33.46498313780269	48.198716589646615	34.50884139034041	48.198716589646615	12.181420768342209	12.213101337579836	46.74178139411218	140.83344013890587	308.7020285823986	0.6276996700978579	-11.245712784669632	3.541691556292186	14.974546369157117	2.889205291864563	-5.601811679489675	-14.733733451843925	13.689875199306208	-14.733733451843925	21.283562369460483	21.251881800222854	24.715	31.608516178011357	28.087440851622937	28.071019620146384	27.93770986711619	75.85016435568664	0.12545808372618247
 archi-vowels-HDK.wav	úˤ	48	45.894	228.59465718531624	652.317	2761.818	4198.316	32.327032989460655	32.428422609142615	31.041465407980564	11.036293377984784	13.118759890278	26.15468716788965	9.849884341624954	2.105623537095132	33.51999040582896	38.48194990961327	32.35054194880923	33.74039233402312	14.632485747192332	14.863472218877538	50.726563153292965	140.38712558570856	314.42343354243843	-0.10138961968196014	1.3869572011620512	21.29073961147587	19.208273099182655	6.172345821571003	7.744260804529821	-4.961959503784307	6.13140796080404	-0.22040192819415694	18.88750465863663	18.656518186951423	25.4	24.401810792780637	20.650618239576648	20.401968184519838	20.303693510392176	69.7794962121477	0.09381854912750338
 archi-vowels-HDK.wav	úˤ	48	45.923	223.85783535726293	1077.795	2975.645	4188.772	32.259512916824654	23.44507172764577	11.032625354238192	6.392948850970406	8.106520704818795	16.591128350706228	12.793520725163841	5.813334798454628	32.692238411974024	25.28997910859376	21.967128937384402	33.77126450315002	17.267861502002336	17.0491547996355	53.23757040252113	160.70664336078508	309.7389540154686	8.814441189178883	12.41244637340758	25.86656406585425	24.15299221200586	15.668384566118426	6.980185926709213	7.402259303380266	3.3228501712093568	-1.0790260911759972	15.424376909971688	15.643083612338526	23.758	17.558170855915428	15.202913038148832	15.140070962202987	14.822952840214402	67.41937820675632	0.07785999962692833
