file	label	intervaldID	t	f0	F1	F2	F3	H1c	H2c	H4c	A1c	A2c	A3c	H2Ku	H5Ku	H1u	H2u	H4u	A1u	A2u	A3u	B1	B2	B3	H1H2c	H2H4c	H1A1c	H1A2c	H1A3c	H2KH5Ku	H1H2u	H2H4u	H1A1u	H1A2u	H1A3u	CPP	HNR05	HNR15	HNR25	HNR35	intensity	soe
archi-vowels-PSX.wav	áʲˤ	1	0.365	223.2017630070714	708.455	2926.323	4148.943	42.31939509821146	39.04904729410243	36.57853489700441	33.73528369412269	33.89040202586324	37.13943822242063	40.25640976531521	18.456173921714267	43.275501633488716	43.62173411519939	41.98761831646193	57.18632232218609	35.54672521465136	30.092011574446403	50.71767637962631	155.29620412039978	303.6459331507053	3.2703478041090293	2.4705123970980196	8.584111404088766	8.42899307234822	5.179956875790829	21.800235843600944	-0.3462324817106719	1.6341157987374544	-13.910820688697378	7.728776418837356	13.183490059042313	24.636	6.962687337725497	5.061249749734149	4.004363018659339	3.46093608260885	83.50178595470484	0.0954362537243725
 archi-vowels-PSX.wav	áʲˤ	1	0.387	210.77388913855827	833.135	1887.851	3104.219	39.643452598321375	40.11652703211537	27.06690148726844	26.43169869737845	27.791837359268435	37.3861540707083	44.0322217154123	20.420778695109995	40.32641876922825	43.12421994327125	52.733742864756636	52.733742864756636	44.0322217154123	36.25566001978755	50.22542675608138	71.31106704849752	169.44666136973473	-0.4730744337939967	13.049625544846933	13.211753900942924	11.85161523905294	2.2572985276130737	23.611443020302303	-2.797801174043002	-9.609522921485386	-12.407324095528388	-3.7058029461840505	4.070758749440699	21.119	14.12053855948974	7.366548560391724	6.154914255938943	5.589582125417413	81.82061985411998	0.07396459868083728
 archi-vowels-PSX.wav	áʲˤ	1	0.409	196.83152668628733	844.052	1866.407	3186.92	37.84578619349592	39.40561934477461	26.72367475844451	18.64730544492472	19.049905769629447	32.73679130563241	36.126093600461566	16.52148971771146	38.42836278234384	41.928519528315434	45.442646838409885	45.442646838409885	36.126093600461566	30.431392805257556	48.66366406746386	68.04083477637218	172.60217412689764	-1.5598331512786885	12.681944586330097	19.1984807485712	18.79588042386647	5.10899488786351	19.604603882750105	-3.5001567459715943	-3.5141273100944517	-7.014284056066046	2.3022691818822736	7.996969977086284	19.968	17.931140000409155	9.58114837750668	8.287381500601773	7.755374180046301	78.60629932665724	0.05552085244666546
 archi-vowels-PSX.wav	áʲˤ	1	0.43	188.05127682606633	773.914	2033.253	3238.573	38.03577656878058	33.851144909202006	9.489013230273962	6.867406077618234	10.413698522287895	30.48183872936745	23.826113952115623	17.422887359194345	38.638382223107605	36.488460086879236	32.544245384068574	32.544245384068574	23.826113952115623	28.248845164314126	47.203632827051194	74.65838626052356	174.3389944301918	4.184631659578571	24.362131678928044	31.168370491162342	27.622078046492682	7.553937839413127	6.403226592921278	2.149922136228369	3.9442147028106618	6.094136839039031	14.812268270991982	10.38953705879348	14.679	21.875479866993746	6.943354376822367	6.598426494636753	6.4050621816838404	72.15378409370896	0.055236712883934384
 archi-vowels-PSX.wav	áʲˤ	1	0.452	159.97507709954837	833.664	2040.668	3479.325	24.26794901895893	25.777953978519655	18.59016929571745	0.38137568549331746	12.955290856896497	24.419633188076915	28.426528351786597	22.639185847119172	24.647359754369035	27.377426375314485	27.17593639931499	27.48213805972533	28.426528351786597	20.474151601986875	44.30546896739218	69.89032894531013	186.43509314551855	-1.5100049595607246	7.1877846828022065	23.886573333465613	11.312658162062434	-0.15168416911798488	5.787342504667425	-2.7300666209454505	0.2014899759994968	-2.834778305356295	-3.779168597417563	4.173208152382159	15.423	10.375513573005284	0.6862149070282568	0.12943012491520212	0.03936718899715966	65.16169730778438	0.011203293085912414
archi-vowels-PSX.wav	áʲˤ	2	1.056	175.0701837136951	735.144	1776.508	2845.513	28.706122071014658	35.50383164084569	22.07022181355998	21.803075001233246	19.554733690250153	30.53153298528858	32.78055010542604	15.49249516515549	29.29728152450492	38.07729296978051	42.68865066852493	47.637407854521584	35.25083849300449	30.830492924029443	45.425129771424416	60.953441206086396	131.04630865270897	-6.7977095698310315	13.43360982728571	6.903047069781412	9.151388380764505	-1.8254109142739239	17.28805494027055	-8.780011445275587	-4.6113576987444205	-18.340126330016663	-5.953556968499566	-1.5332113995245216	16.838	16.518651308737155	2.6539380314420757	2.546384105180951	2.472773467398431	76.48743600874832	0.06537842535446482
 archi-vowels-PSX.wav	áʲˤ	2	1.08	164.22077968186542	827.267	1820.843	2927.409	33.00049715161142	32.24085165088195	27.545763341426838	12.837606748921537	6.318909515787151	21.746291622036185	23.36891598572516	9.368817725531583	33.420574029591265	34.01696773540452	37.34710725795292	40.20332133832541	24.23608202240114	23.645540974329755	44.7653980649845	60.918717295567006	134.72743281124446	0.7596455007294693	4.695088309455112	20.162890402689882	26.68158763582427	11.254205529575234	14.000098260193576	-0.5963937058132558	-3.3301395225484	-6.7827473087341446	9.184492007190126	9.77503305526151	15.785	14.150446745601865	7.881891239389274	6.702831435064517	6.42475055666758	71.09132562404463	0.06542392446942001
 archi-vowels-PSX.wav	áʲˤ	2	1.104	167.90248100520213	854.07	2007.479	2974.832	32.647989627492926	25.526225444852784	21.68772856818698	7.610452274473275	14.915183526640433	19.756359063667325	31.11846612498711	13.351597988204059	33.05133393879947	27.230740788552946	31.036707116451183	34.869968535835795	31.11846612498711	24.193113404912346	45.33961504870193	69.68701528511961	140.37178088456196	7.121764182640142	3.838496876665804	25.03753735301965	17.732806100852493	12.8916305638256	17.76686813678305	5.820593150246527	-3.8059663278982363	-1.818634597036322	1.932867813812365	8.858220533887128	13.744	10.216043191234121	2.5434396478803585	1.285560407324586	0.5042692950460013	67.60131947194073	0.06224936590579661
 archi-vowels-PSX.wav	áʲˤ	2	1.128	155.9668891604038	814.705	1965.215	3203.347	26.72765780390241	19.676411829490963	12.043340642393847	2.2282409101663987	16.80937161707595	24.813900400576	32.80418777900264	14.827014495556147	27.10678925881083	21.274052149509657	20.593299472966198	29.29300252914997	32.80418777900264	23.869545540593137	43.73462245727594	65.57909593051068	157.24844208460348	7.051245974411447	7.633071187097116	24.49941689373601	9.91828618682646	1.9137574033264109	17.97717328344649	5.832737109301174	0.6807526765434595	-2.186213270339138	-5.697398520191808	3.2372437182176945	6.651	8.611441041681354	0.5253786277980343	-1.8167497630762175	-2.2155001566114887	63.79283892637153	0.029274841585250712
 archi-vowels-PSX.wav	áʲˤ	2	1.152	135.63302779950496	869.882	2063.252	3371.037	21.614318018061194	8.801232407673561	4.512011477168848	-13.017040353345374	-2.308171670124917	12.216799904515064	14.356005207965406	7.270282733893221	21.86584498961262	9.841620871846748	9.407919401740386	15.106211738327227	14.356005207965406	11.592172017264101	41.64320389148733	66.48181336861883	164.20778002484275	12.813085610387633	4.2892209305047135	34.63135837140657	23.92248968818611	9.39751811354613	7.085722474072186	12.02422411776587	0.43370147010636195	6.759633251285392	7.509839781647212	10.273672972348518	0	5.84066952794101	-0.04809021666670954	-0.8892166185682805	-2.495455025005179	54.80821182589439	0.01693355401366133
archi-vowels-PSX.wav	á	3	2.008	188.33070185239052	711.803	2972.787	4023.321	33.40552940921508	35.817324640315114	32.72161602696105	26.352433094720983	20.53128494774632	18.51743157352243	21.39149918614594	-6.744000265170093	34.06960275333543	38.801642755334726	50.5377607709287	50.5377607709287	22.57028950255941	14.693816032034555	46.756432258414016	147.56511899141285	263.82279208629825	-2.4117952311000366	3.0957086133540628	7.053096314494095	12.874244461468756	14.888097835692648	28.135499451316033	-4.7320400019992945	-11.736118015593973	-16.468158017593268	11.49931325077602	19.375786721300877	27.252	31.340455058267	19.18564664454745	18.182934788308856	17.875125745870633	77.99603403011686	0.0626750339643451
 archi-vowels-PSX.wav	á	3	2.055	206.1034549266968	801.783	2793.992	3544.989	37.71033807261549	32.84293864845254	14.61639261282274	19.956234590123223	14.609428264235483	13.56700946732018	38.15696792871507	15.05466790835078	38.350852830070934	35.69385713659749	36.86330928433196	44.91937709475101	20.140729822840004	17.315960918813577	49.483373249979074	136.38834397813525	216.67009377732458	4.867399424162954	18.2265460356298	17.75410348249227	23.10090980838001	24.143328605295313	23.10230002036429	2.6569956934734478	-1.169452147734475	-6.568524264680079	18.21012300723093	21.034891911257358	23.211	21.5528446607573	12.034848229872052	11.307537376651403	11.168909153860248	76.90632852348303	0.09129678916473156
 archi-vowels-PSX.wav	á	3	2.101	237.45753948825427	788.561	2788.291	3461.01	36.67151043474979	23.32445034678831	28.41881758358497	18.910492334166733	12.129096031196493	13.334950444140507	32.01235653508924	13.699419502699566	37.5587877617821	27.476528503778468	36.326677295540286	43.10626567271156	16.785886328642846	17.797338153269532	53.029272780121836	145.84276063375324	222.1942929416178	13.34706008796148	-5.094367236796661	17.76101810058306	24.5424144035533	23.336559990609285	18.312937032389673	10.082259258003631	-8.850148791761818	-5.547477910929459	20.772901433139253	19.761449608512567	20.059	15.555054926674465	13.938400632903274	13.013838532198037	12.807148988055898	73.60709598635773	0.07663799116560455
 archi-vowels-PSX.wav	á	3	2.147	274.26603180724	825.645	2865.798	3312.359	36.28621272585924	28.170043379639928	10.46143489657614	12.981920313011614	2.5796426015060447	2.560473727941428	24.364893654265934	1.8496868941266245	37.37948701926242	33.52204216439452	14.150827641748396	36.89298842917554	6.702821386477242	12.353858412017837	57.57515430739222	166.243370224821	220.60738276940734	8.116169346219309	17.708608483063788	23.304292412847623	33.70657012435319	33.72573899791781	22.51520676013931	3.8574448548679	19.371214522646124	0.4864985900868817	30.676665632785177	25.025628607244585	15.233	19.367067843465854	11.66404881889546	10.232514678581726	9.983761497865455	67.70442751865005	0.04503728461852022
 archi-vowels-PSX.wav	á	3	2.194	294.86801776008565	719.291	1767.623	3321.974	13.53563978867193	0.38969948172848135	-5.233669036275957	-10.797227232574096	-10.760787101888138	14.202965196521241	2.2923270712819486	-3.527873144900467	15.371022373334977	10.903917633941916	-4.646841295616506	12.515978898306388	2.2923270712819486	3.63751011147786	59.036277907839306	79.01385833296791	231.0951836331387	13.145940306943448	5.623368518004439	24.332867021246024	24.296426890560067	-0.6673254078493116	5.820200216182416	4.467104739393061	15.550758929558421	2.855043475028589	13.078695302053028	11.733512261857117	0	21.216992377680786	8.865827026302156	8.466983324377896	8.332219179162195	50.558679229830254	0.00253676996140029
archi-vowels-PSX.wav	á	4	2.794	173.46939346008708	635.909	2912.829	4091.033	33.406391745948554	38.507499675301275	25.592226714243537	17.962581487938202	12.885155372522423	15.35825272870462	10.988001415941195	9.987270821834079	34.10708237961558	41.68683688222696	39.92644303792953	41.544548136623625	13.713048894162188	8.085583979918795	44.3124526806435	136.62708546395424	262.4201005487075	-5.101107929352722	12.915272961057738	15.443810258010352	20.52123637342613	18.048139017243933	1.0007305941071163	-7.5797545026113795	1.7603938442974325	-7.437465757008042	20.394033485453395	26.02149839969679	22.443	24.623378159200236	13.808828365728145	13.655958747035795	13.55396024693441	71.99286693228606	0.0676856395527117
 archi-vowels-PSX.wav	á	4	2.83	154.9259920090881	765.022	2941.957	3879.102	31.331124838646353	35.34204409721455	30.551114107974733	16.352522772821015	24.20298822449279	15.756659097830997	25.914956325632197	0.11708983156846627	31.71872805187524	36.99332464873219	40.13980993382298	41.92381924518514	28.590716723429992	15.886323716498605	43.31459565468493	132.75190068813492	226.0855759753084	-4.010919258568194	4.790929989239814	14.978602065825338	7.128136614153565	15.574465740815356	25.79786649406373	-5.274596596856952	-3.1464852850907903	-10.205091193309904	3.128011328445247	15.832404335376633	21.062	21.606488053621547	10.86359687375235	9.111799271239802	8.502043759345423	72.25499204624089	0.05741363132621584
 archi-vowels-PSX.wav	á	4	2.866	154.13855881531984	747.012	2846.795	3759.005	28.740953478787375	33.76499866445087	10.26364694391366	1.6183301190780028	19.456603989914786	16.199512501153727	27.78510912222334	-2.16265270476387	29.144044030973724	35.48669262706481	20.510914896591935	27.036305072907084	24.288710177445317	16.629099351766822	43.10262774929005	124.2125260521291	212.61241503922773	-5.024045185663496	23.50135172053721	27.122623359709372	9.28434948887259	12.541440977633648	29.94776182698721	-6.342648596091088	14.975777730472878	2.1077389580666406	4.855333853528407	12.514944679206902	15.248	12.799886925864703	4.689854719330822	3.05347220435379	2.374143316887688	64.56691090868415	0.03838756242502786
 archi-vowels-PSX.wav	á	4	2.901	131.29662175132486	1061.277	1860.703	3147.202	23.617237915663864	-0.5621269683464376	10.141438889237753	-6.113739242914367	-2.811194025258146	18.106520634565186	18.84320228313333	9.30875636793189	23.794880974015843	0.16256556585257376	13.305850336875958	25.37933721939009	21.212867346061902	22.238816047703192	42.042273015155985	57.13162029960304	141.94881336195596	24.1793648840103	-10.70356585758419	29.73097715857823	26.42843194092201	5.510717281098678	9.53444591520144	23.63231540816327	-13.143284771023383	-1.5844562453742483	2.582013627953941	1.5560649263126507	11.359	5.535298949619243	-0.1475969088396658	0.870947648792349	0.13483312937494288	57.569793834016565	0.014749564763196506
 archi-vowels-PSX.wav	á	4	2.937	167.92552851964658	1251.101	1742.58	3246.842	11.552424360000778	8.948529627735638	3.8512243545639286	-21.719117341567916	-7.67988153382397	-0.331172968605987	14.202658876520175	-0.8256555278840396	11.791953311888179	9.92919032431637	8.208748466349448	12.932317487984168	22.398988368067087	2.912037008265598	47.99228687348646	58.658958155392696	166.5638334893562	2.6038947322651396	5.09730527317171	33.271541701568694	19.232305893824748	11.883597328606765	15.028314404404215	1.8627629875718092	1.7204418579669216	-1.1403641760959893	-10.607035056178908	8.879916303622581	9.496	5.284423539314731	-1.157658864439393	0.46073472633061274	0.35859813375215605	50.52169778266207	0.005963901427087577
archi-vowels-PSX.wav	áˤ	5	3.283	200.86038050593228	671.318	2469.174	3816.987	37.223705952940676	38.079556693748955	36.298475680715214	26.077010049780696	27.04381986912257	27.810409359653395	38.86796014161098	20.923040513862702	38.09364714277397	42.14235555890892	44.44117036824764	49.71622843399223	32.58779197992434	19.50697369442401	47.79836472911398	106.44620344105304	246.17294828384567	-0.8558507408082789	1.7810810130337416	11.14669590315998	10.179886083818108	9.413296593287281	17.944919627748277	-4.04870841613495	-2.2988148093387224	-11.62258129121826	5.5058551628496275	18.58667344834996	28.546	28.588383366439935	17.442566097710653	16.11831014911995	15.944459724475895	79.24314230093937	0.08449899043070545
 archi-vowels-PSX.wav	áˤ	5	3.336	192.70710571242552	770.937	2558.558	3650.335	34.03328245998394	38.80971337692421	23.847183674568562	23.84745647609242	24.79473403755805	22.91533211523359	32.54730562326661	17.61500592744796	34.642398347885596	41.500992794134255	48.86379541712859	48.86379541712859	32.197817707521324	20.920818914176177	47.7213983425982	111.54134589379613	221.87044454874004	-4.776430916940271	14.962529702355646	10.185825983891515	9.238548422425886	11.117950344750348	14.93229969581865	-6.858594446248659	-7.362802622994337	-14.221397069242997	2.444580640364272	13.721579433709419	29.033	33.538659378905656	23.211694017613613	20.759507540318065	19.849873088687097	77.68779311089531	0.05575841057300125
 archi-vowels-PSX.wav	áˤ	5	3.389	185.93462493834693	796.36	2538.655	3385.441	30.804238341800072	35.1231334520767	29.3356127783162	22.20949672035049	25.973515155878506	20.70103182118718	33.285646262623004	10.86741659175942	31.337441248325575	37.444283726577865	47.213853863138404	47.6937188831196	34.34848838611664	23.80377748359523	47.106914778434735	108.11102710424527	188.98022308213075	-4.318895110276628	5.7875206737605005	8.594741621449582	4.830723185921567	10.103206520612893	22.41822967086358	-6.10684247825229	-9.769570136560539	-16.356277634794026	-3.011047137791067	7.5336637647303455	24.591	25.985534848151808	18.61818078841774	13.60776667537952	12.95942226317858	77.68994964045486	0.04563287973569654
 archi-vowels-PSX.wav	áˤ	5	3.443	210.93130655825772	806.081	2600.424	3297.698	34.20116391440923	31.818357322291718	25.799933100452943	20.94482020586112	19.433167995067866	16.008264984623032	41.41512077893665	10.120448452711335	34.87388590148025	34.82306756542529	45.59462128180094	45.98281189840129	26.88496997791983	21.616476510662196	50.07243863065791	120.10172389524597	190.69391661795586	2.382806592117511	6.0184242218387745	13.256343708548108	14.767995919341363	18.192898929786196	31.29467232622531	0.050818336054959445	-10.77155371637565	-11.108925996921037	7.98891592356042	13.257409390818054	16.979	15.33761633775108	9.315854520361189	7.742251373026306	7.4161289816743325	76.87189914199305	0.049384537649095124
 archi-vowels-PSX.wav	áˤ	5	3.496	260.47632103505305	758.4	2555.88	3539.496	39.935365488921725	30.657783210034935	23.42361335884456	22.094049789890065	18.46930851615368	17.29335219140318	26.551324128654098	5.093771436414133	41.113063855595975	36.52913173423895	26.03741820390271	45.639514299095225	24.270837670912524	15.493739439768579	55.45268535306268	129.60110822497631	243.59692908178323	9.27758227888679	7.2341698511903765	17.84131569903166	21.466056972768044	22.642013297518545	21.457552692239965	4.583932121357023	10.491713530336241	-4.52645044349925	16.84222618468345	25.619324415827396	14.28	19.896864838912897	10.544698577009278	9.859601370631289	8.475085925200153	73.33233981925918	0.05202508674319335
archi-vowels-PSX.wav	áˤ	6	4.211	197.3734754281098	714.943	2474.239	3819.547	34.329556560772275	35.92086839947426	24.949196293914813	23.944947713702792	26.048684143567097	25.672413309438	29.609394183520866	13.909256128513476	35.07211875451232	39.291146989450745	38.6565400382215	48.21798421453599	32.79768652875446	18.595710138659697	47.81953794457059	105.96399800679642	244.44234617551837	-1.5913118387019836	10.971672105559445	10.384608847069483	8.280872417205178	8.657143251334276	15.70013805500739	-4.219028234938428	0.6346069512292445	-13.145865460023671	2.274432225757856	16.47640861585262	21.003	13.109208715755914	5.224755004381981	3.9059873638772014	3.836482006939146	75.12657973667567	0.0749236729121766
 archi-vowels-PSX.wav	áˤ	6	4.251	182.9636142220333	849.037	2636.791	3716.729	31.158860734645387	39.52420334298526	37.02866367293278	23.275871411750124	24.981377256709486	22.308983544308607	38.80384649713331	18.716532459763872	31.61372819652561	41.47644664045232	49.37539952355381	49.37539952355381	33.64414329058604	22.25174062871938	47.07233143063739	115.32211098174551	224.1514329709648	-8.365342608339873	2.49553967005248	7.882989322895263	6.177483477935901	8.84987719033678	20.087314037369435	-9.862718443926713	-7.898952883101487	-17.7616713270282	-2.0304150940604266	9.361987567806231	25.782	19.228307448442287	10.391661255493531	9.098316205696205	8.700460528574212	77.85746750998105	0.06250021625423388
 archi-vowels-PSX.wav	áˤ	6	4.291	165.3308547171539	838.721	2534.432	3408.822	28.521288639370443	38.69468201182298	24.07605757915432	24.257672439499515	23.00038227461574	18.512750126563986	39.69857211094431	8.258893001491641	28.90255727977456	40.31026211107079	33.080388700533625	50.706255946817045	32.87514176942556	22.513551180143757	44.95743407641453	102.30369001239708	181.7804952724543	-10.173393372452534	14.618624432668657	4.263616199870928	5.520906364754705	10.008538512806457	31.43967910945267	-11.407704831296233	7.2298734105371665	-21.803698667042486	-3.972584489651002	6.389006099630802	25.706	16.05934489137767	13.211018209009868	11.520216133948955	11.3053564453768	77.55998621948598	0.05187492450142281
 archi-vowels-PSX.wav	áˤ	6	4.332	149.85925639560205	828.227	2553.022	3446.613	26.23237241537998	31.648224862698676	22.80310343699841	15.4756100923477	18.73673027709461	14.381141234025584	32.207328216417196	3.764510852640109	26.551498482064876	32.9875307495436	29.716897191801745	42.139617575700385	28.526713453870226	18.082080282047052	43.09725055895628	99.55382696902508	178.21624958609073	-5.415852447318695	8.845121425700267	10.75676232303228	7.495642138285373	11.851231181354397	28.44281736377709	-6.436032267478726	3.2706335577418564	-15.588119093635509	-1.9752149718053502	8.469418200017824	22.865	4.80908414129448	3.9800399390176953	3.536078356645106	2.967025751322496	71.48807571821747	0.03243718742769304
 archi-vowels-PSX.wav	áˤ	6	4.372	159.64286287454246	861.492	2735.059	3461.054	29.009222801100993	24.012310286683256	22.09216012471032	5.812038729157127	13.490539198405056	15.545619931044737	22.273767439446743	-2.0540958887456124	29.342460207992815	25.414688379730368	29.477148223379448	32.50012468784248	21.965470508971734	22.348441311637988	44.41222978947904	116.58456358847563	184.40297855401292	4.996912514417737	1.9201501619729378	23.197184071943866	15.518683602695937	13.463602870056256	24.327863328192358	3.927771828262447	-4.06245984364908	-3.1576644798496645	7.376989699021081	6.994018896354827	8.933	10.107646967572608	6.529062152745629	3.4924791950636496	1.428311661389841	63.73887004129428	0.034136276508502365
archi-vowels-PSX.wav	áˤ	7	4.93	186.55899244826404	733.363	2405.303	3950.45	26.654329951606844	31.102381301336806	11.547539403022132	12.267721254499396	16.82892722176475	12.222027199431782	18.96567127093379	-4.263180306483591	27.28689557401491	33.908345871143254	35.13652270019073	37.0516697326267	25.02041803806661	3.2328546958160027	46.73202259493044	98.02751091216267	253.74391767242273	-4.448051349729962	19.554841898314674	14.386608697107448	9.825402729842093	14.432302752175062	23.22885157741738	-6.621450297128344	-1.2281768290474773	-9.76477415861179	2.266477535948301	24.054040878198908	21.042	4.307128000061031	2.802243697995457	1.1143561427866109	1.0852617306570478	70.29346041773637	0.018299617950650188
 archi-vowels-PSX.wav	áˤ	7	4.952	190.70789048505642	763.109	2655.936	3949.419	30.874843677006833	37.13078966477332	21.058889904692652	21.059294742555153	17.379851304460068	20.97711356108988	28.39257196348024	5.190820531480135	31.479153108950957	39.80226372458601	45.960758605856526	45.960758605856526	23.643004066255273	15.54988460363923	47.43471430545642	119.17932817570315	256.2069318207656	-6.255945987766484	16.071899760080665	9.81554893445168	13.494992372546765	9.897730115916954	23.201751432000105	-8.323110615635056	-6.158494881270514	-14.48160549690557	7.836149042695684	15.929268505311727	19.852	17.297288365311047	7.5598298144978235	7.195230079634357	7.147486092302463	74.22011438449188	0.013885879367948006
 archi-vowels-PSX.wav	áˤ	7	4.973	197.20535800711053	772.867	2670.237	3934.269	32.902119502438936	38.10751434093318	16.35913853010554	15.846362891165207	22.302245797056845	25.748406259655113	32.055897186758834	14.962470860412624	33.53361151439423	40.91277610536146	39.6033557079225	40.72122646462775	28.527563640709793	20.8019588746747	48.25520360748755	122.32029278453346	258.3770774533521	-5.205394838494243	21.74837581082764	17.05575661127373	10.599873705382091	7.153713242783823	17.09342632634621	-7.379164590967228	1.3094203974389558	-7.187614950233517	5.006047873684437	12.731652639719531	18.394	11.775746032686365	8.384023374348022	4.505628862173219	4.238757177783202	73.0964979799394	0.02965183210172742
 archi-vowels-PSX.wav	áˤ	7	4.995	191.03280723761236	772.852	2871.872	3760.207	34.275613136371774	29.188886636425952	10.01360109767891	11.138389467155756	20.14730029175169	15.635671039818469	32.838584876242344	4.257356498280279	34.86105964926974	31.772404789646554	34.395834326467984	36.03546923307703	24.567363897683588	16.201380261325646	47.541163816973764	138.82230657765444	233.71943180268588	5.086726499945822	19.17528553874704	23.13722366921602	14.128312844620083	18.639942096553305	28.581228377962063	3.088654859623187	-2.6234295368214298	-1.1744095838072894	10.293695751586153	18.659679387944095	17.052	13.687607280913276	4.577218941311607	3.2447906611008475	2.2979324641689356	70.42171112880537	0.04837594269796093
 archi-vowels-PSX.wav	áˤ	7	5.017	177.6999714465855	788.465	2868.191	3767.917	36.83238756329652	25.93348223345795	18.602741531035477	10.2206459623744	20.315076838574463	14.937847296126353	26.1110413985179	16.887343541289173	37.3182249915791	28.037493275796855	33.35618338939262	35.58814117270128	25.429806029443004	15.96534145838672	46.10145793665947	133.98259066302703	227.0144274126666	10.89890532983857	7.330740702422474	26.611741600922123	16.51731072472206	21.894540267170168	9.223697857228728	9.280731715782245	-5.318690113595764	1.730083818877823	11.888418962136097	21.352883533192383	0	14.944242915432852	5.468647096384317	3.500164314477345	3.0856329067611132	67.9024132618275	0.06802100356413308
archi-vowels-PSX.wav	áˤ	8	5.97	155.9684865002046	684.323	2378.886	3593.558	27.95153594461865	35.04047450696615	25.98767859440786	17.1150007669252	18.59532248784222	20.139392987524324	22.55562770916906	4.843063577061412	28.451523145458076	37.209114557259454	41.56068748592527	41.95814094885488	26.430613048718396	15.33419974908126	42.81891111272861	88.87062996477057	196.19395863818454	-7.088938562347497	9.052795912558288	10.836535177693452	9.35621345677643	7.812142957094327	17.712564132107648	-8.757591411801378	-4.351572928665817	-13.506617803396807	2.02091009673968	13.117323396376817	21.735	13.995462130080973	11.275343277208151	10.352910696710167	10.35444026551156	70.551041012129	0.022370174527885017
 archi-vowels-PSX.wav	áˤ	8	5.993	161.07572721310635	738.02	2485.223	3628.108	26.686433356263635	32.164758079919224	24.813612675091736	16.852555176417464	17.00687516683578	19.58744944901797	21.591050758748978	3.8184812765530647	27.146463530285278	34.144671192306696	37.67887746097424	42.200680814331065	25.032176647167837	16.87775451101722	43.837186771804326	97.54407129491098	202.50609311537093	-5.478324723655589	7.351145404827488	9.83387817984617	9.679558189427855	7.098983907245664	17.772569482195912	-6.998207662021418	-3.534206268667546	-15.054217284045787	2.1142868831174404	10.268709019268059	21.952	9.231882883936944	8.548221512843726	6.9072672088197695	6.657220540711343	70.99229283605646	0.023397901565248454
 archi-vowels-PSX.wav	áˤ	8	6.016	170.90270741238595	732.295	2519.168	3586.203	29.320857389619697	33.95177187035408	6.512034293498214	16.81049630252606	13.844458608836213	11.64770650929302	21.574160541133452	6.264856726416303	29.846730125304724	36.242684682909406	24.177213203402594	41.843342337892054	21.14704819003123	9.705783402825567	44.92423949000606	102.61624862112424	203.19405330973493	-4.630914480734383	27.439737576855865	12.510361087093635	15.476398780783484	17.673150880326677	15.309303814717149	-6.395954557604682	12.065471479506812	-11.99661221258733	8.699681935273492	20.140946722479157	14.63	6.622350735207959	2.0527710335907114	1.479498866840763	1.3397050951839335	69.8441845983125	0.02161101907359174
 archi-vowels-PSX.wav	áˤ	8	6.038	174.74928685152778	721.092	2592.181	3479.93	34.76009995702023	22.508614270161175	9.478875146883574	6.6622865681068895	11.96493132417929	11.854373188731024	18.470031850084695	3.6868319515865524	35.32454829983818	24.987674038781428	31.425788583406767	31.425788583406767	18.143489486741878	12.432578882139182	45.27771572936621	109.35606894143297	193.74854591345067	12.251485686859056	13.0297391232776	28.09781338891334	22.79516863284094	22.905726768289206	14.783199898498143	10.33687426105675	-6.438114544625339	3.8987597164314103	17.1810588130963	22.891969417698995	14.772	13.79094233617498	4.6144067183610655	3.206686466779958	2.7504310662274323	64.54838560933341	0.05214895385459217
 archi-vowels-PSX.wav	áˤ	8	6.061	150.96639419781195	741.788	2918.177	3512.082	27.381036813169523	21.87341998892599	7.646603626934363	0.7343522569376741	18.571845614704337	15.411637318291643	14.057029981732619	9.499933330706178	27.77141931057162	23.537924125973177	17.380003825598077	26.133024383629984	22.69270261487444	21.829338223551716	42.700880277105306	129.27704372670365	185.30595068687578	5.507616824243534	14.226816361991625	26.646684556231847	8.809191198465186	11.96939949487788	4.557096651026441	4.233495184598443	6.1579203003751	1.6383949269416362	5.078716695697178	5.942081087019904	16.897	1.8915704948087688	3.144964594261957	2.038946301222521	1.071984737068051	59.48745237372496	0.02837800869352396
archi-vowels-PSX.wav	áˤ	9	6.953	226.50391261572148	673.042	2399.955	3777.887	40.68820870661774	39.77816185762043	24.481078969159658	26.5535064164578	23.32079586176134	21.3361648457353	25.745662242416675	-7.432980914771995	41.806253395950854	45.292361993145235	27.605988422425256	49.74350102640475	29.128620855421083	12.283219010822062	50.72995528068169	107.22747017987629	256.14717250805535	0.910046848997311	15.297082888460775	14.134702290159943	17.367412844856403	19.352043860882443	33.17864315718867	-3.486108597194381	17.68637357071998	-7.937247630453896	12.677632540529771	29.523034385128792	21.997	26.228804118820662	24.724992101468892	22.827110435878776	22.699670959264694	79.36683560161042	0.0660698353771322
 archi-vowels-PSX.wav	áˤ	9	7.01	238.67719773058099	723.877	2249.83	3562.944	37.74415664656857	35.75907913119785	26.151001867707137	24.268220181711374	21.461712847066217	24.934304439017026	30.057466482480947	-2.8819390089984576	38.839145746700524	41.082377048820376	30.47532532457861	48.00895265911596	30.057466482480947	18.224974729873882	52.636249771390524	98.39905597771471	235.48954135733118	1.985077515370719	9.608077263490713	13.475936464857195	16.282443799502353	12.809852207551543	32.939405491479405	-2.2432313021198524	10.607051724241767	-9.169806912415439	8.781679264219576	20.614171016826642	21.212	23.248930219163256	22.345967752814026	21.095004691822687	20.512174964404824	78.04992967235151	0.046623555138346026
 archi-vowels-PSX.wav	áˤ	9	7.067	249.20384193394426	738.017	2287.052	3701.415	38.16353435097348	35.209767331516716	29.69530988510024	25.26319983142643	21.49762876047205	19.287801370372144	34.6367483193417	-5.860100265684692	39.315602442133574	40.88304489858102	33.192786300518804	48.96032405669789	29.858469041660122	11.17211046814689	53.975009937350976	103.5087044054982	258.9681716758822	2.9537670194567625	5.5144574464164755	12.900334519547048	16.665905590501428	18.875732980601335	40.49684858502639	-1.567442456447445	7.690258598062215	-9.644721614564318	9.457133400473452	28.143491973986684	22.233	26.929744059441912	29.49361687892342	25.019392432851557	24.299165990169445	78.90629787712	0.03420498160923626
 archi-vowels-PSX.wav	áˤ	9	7.123	252.45306336743687	718.285	2284.803	3558.485	36.58176598404194	36.32674713349172	23.342757110660912	23.28969909743879	20.355136422311134	18.643699343889402	34.22489538633813	-9.784316365757414	37.82972252079122	42.6281874739988	25.43760611788546	46.669870158778004	28.15772998909054	12.055791571645964	54.16303784745529	104.04953945423075	241.98436960775152	0.2550188505502149	12.98399002283081	13.292066886603148	16.226629561730803	17.938066640152535	44.009211752095545	-4.798464953207578	17.19058135611334	-8.840147637986782	9.671992531700681	25.77393094914526	23.745	28.966997098559535	28.88636228851523	22.660220174118496	22.552473628550466	77.60613559920361	0.044042123655774354
 archi-vowels-PSX.wav	áˤ	9	7.18	231.28742520695758	737.696	2030.777	3663.195	18.216232493266833	19.433420312689083	5.217263692970562	7.624787325983956	3.2669440577273328	-2.4870119500021133	14.870250146274735	-22.753122436282926	19.226055770241082	24.211157162522014	12.027012257217635	31.929920642717867	14.870250146274735	-12.888254971458046	51.911208806381815	82.42352708240476	244.23338729750768	-1.21718781942225	14.216156619718522	10.591445167282878	14.9492884355395	20.703244443268947	37.623372582557664	-4.9851013922809315	12.184144905304379	-12.703864872476785	4.355805623966347	32.11431074169913	15.848	6.275739814293024	13.959409399993643	13.379208095114095	13.36514762086837	62.508905225746204	0.00578222737845778
archi-vowels-PSX.wav	áˤ	10	8.337	195.86687163135068	619.826	2485.335	3685.077	31.396558431733656	29.80830792885527	32.81313774498376	27.905294280492694	21.407681569393457	22.1089198592424	34.500822898977866	13.332570585722472	32.36112723931383	34.424612529346135	38.132675997704524	50.95551392701654	25.40210127346676	14.621731878012962	46.63474817995353	106.4584533635362	227.61661294525828	1.5882505028783847	-3.004829816128492	3.491264151240962	9.988876862340199	9.287638572491257	21.168252313255394	-2.063485290032304	-3.7080634683583895	-18.59438668770271	6.959025965847072	17.73939536130087	21.737	14.254730386642398	14.398527832422914	11.437787562503788	10.956604143178962	77.9499866447789	0.034187873953374755
 archi-vowels-PSX.wav	áˤ	10	8.395	222.00128322372169	676.16	2403.401	3590.668	38.98789958723431	27.13111376608436	33.66971931812122	26.049131254346083	24.39850596243584	26.227323422909084	33.522247586496064	-2.3868232266119302	40.049724329301135	32.29800955779046	37.71179102444166	49.36600837510618	30.34457227459923	20.169003880858497	50.25238195721068	106.42113531919277	230.29972791967438	11.856785821149948	-6.538605552036856	12.938768332888227	14.589393624798468	12.760576164325226	35.909070813107995	7.751714771510677	-5.413781466651201	-9.316284045805048	9.705152054701905	19.880720448442638	19.737	16.060382818079045	13.367592591438417	12.178522127241276	12.146072247786613	77.7391958845188	0.039236676338615724
 archi-vowels-PSX.wav	áˤ	10	8.454	248.16296259455373	735.878	2335.41	3481.422	36.61551100796156	29.19616379555259	22.783165152138668	23.272663272464673	21.278628822844613	26.19496727993108	35.43188381375254	-0.7023815894281171	37.7596055573932	34.82982751622497	26.230268961239197	46.920087961545896	29.07072941641117	22.00539472855626	53.835984649774936	107.10368622207494	229.96962898020837	7.419347212408969	6.412998643413921	13.342847735496886	15.336882185116945	10.420543728030477	36.134265403180656	2.929778041168234	8.59955855498577	-9.160482404152695	8.688876140982032	15.75421082883694	20.791	26.170067966746494	19.05779320738976	16.105128298071712	16.01854025494289	76.67200871109266	0.031496077126672406
 archi-vowels-PSX.wav	áˤ	10	8.512	261.9353493249195	777.598	2481.863	3679.639	37.68097273750988	35.778696829931974	21.566418354289773	19.491681639199307	20.080558809659763	8.139732329540081	29.18533810747038	-6.180713757068654	38.82158549943672	41.39310238879506	25.035250154283627	43.300349094324666	27.10702110030686	3.496170805461482	55.78034471851192	123.0526765938053	263.0415575104698	1.9022759075779092	14.2122784756422	18.189291098310576	17.60041392785012	29.541240407969802	35.36605186453903	-2.5715168893583353	16.35785223451143	-4.478763594887944	11.714564399129863	35.32541469397524	21.186	22.141051631347498	21.367255106723174	18.51789012283583	18.324685215496444	72.40037778496367	0.03541741311851875
 archi-vowels-PSX.wav	áˤ	10	8.57	--undefined--	714.156	2198.348	3617.738	--undefined--	--undefined--	--undefined--	--undefined--	--undefined--	--undefined--	0	0	0	0	0	0	0	0	--undefined--	--undefined--	--undefined--	--undefined--	--undefined--	--undefined--	--undefined--	--undefined--	0	0	0	0	0	0	19.761	-1.2784369451994848	2.0888907114521085	2.345317585729726	2.3345798351608704	52.179000425262146	0.001795647832906075
archi-vowels-PSX.wav	é	11	9.585	208.7993315955117	439.777	2486.284	3266.549	34.09350259522061	30.8991490692038	23.765897119115387	28.18389493939219	29.852052974869153	33.462049284550375	11.108072272231793	12.491899312593961	36.35088309300852	48.205704346447966	16.51025096033992	48.205704346447966	27.339176070588564	26.929378527198544	45.417455192161604	109.84668134366244	186.290337836187	3.194353526016812	7.133251950088415	5.909607655828424	4.24144962035146	0.6314533106702385	-1.3838270403621689	-11.854821253439447	31.695453386108046	-11.854821253439447	9.011707022419955	9.421504565809975	25.261	11.88941560890504	11.267282128016081	10.8388286557844	9.784169293317111	75.70896427075425	0.04490825230407042
 archi-vowels-PSX.wav	é	11	9.609	206.69339065798826	424.129	2477.028	3292.565	36.837969312979396	32.71089756943984	34.07456669863093	31.952477278630138	32.02341808733715	39.40826552769542	17.71902708282028	20.28500206806647	39.226360283725185	51.525825288437005	26.185880717448985	51.525825288437005	28.999575266957716	31.6110758424431	46.0380619975451	108.55574072771388	188.24952318756908	4.12707174353956	-1.363669129191095	4.885492034349259	4.814551225642248	-2.5702962147160235	-2.5659749852461893	-12.29946500471182	25.33994457098802	-12.29946500471182	10.226785016767469	7.6152844412820855	27.826	27.186140358537312	26.420225636259648	25.874474173056562	22.144237535221272	79.20168385361112	0.06947591979192268
 archi-vowels-PSX.wav	é	11	9.633	206.34055606221403	428.28	2484.759	3245.563	38.57834287696916	33.33798805137852	31.59565093670134	31.869922922173107	38.921259465104164	40.984985490858435	24.129418470245227	24.645498454902818	40.90697418847775	51.53579864640014	23.966477882931486	51.586313101592296	36.00052997545526	34.43776531358649	45.74452768359315	109.09280615001269	182.91801323479064	5.240354825590643	1.7423371146771771	6.708419954796053	-0.3429165881350045	-2.406642613889275	-0.5160799846575905	-10.628824457922391	27.569320763468653	-10.679338913114549	4.906444213022489	6.469208874891258	30.03	27.823488633179775	25.30194378393068	23.728457132089634	17.912467102402413	80.06041378225842	0.07146420741054303
 archi-vowels-PSX.wav	é	11	9.656	205.73579193386018	419.799	2444.206	3236.403	39.24736181517033	33.34872819208432	34.84513902791391	32.89462614550368	36.33402534769785	35.45015992408975	21.356670831242713	16.0932232179121	41.66609491968224	52.34570264997005	26.84384492441032	52.34570264997005	33.47772409123181	28.075186064728193	46.2255878046238	105.68859244987718	181.65777693403848	5.898633623086006	-1.496410835829586	6.35273566966665	2.913336467472476	3.797201891080576	5.263447613330612	-10.679607730287813	25.50185772555973	-10.679607730287813	8.188370828450424	13.590908854954044	21.609	32.72322684601396	31.584426337922167	29.972186570388864	25.364155416221877	80.06978934905226	0.07068829479606388
 archi-vowels-PSX.wav	é	11	9.68	199.81832380408773	402.114	2452.278	3343.419	39.56875259373061	29.40685128184462	29.430042078260414	29.38265794431872	23.479047978017054	32.16686164765699	9.832894987446476	15.0804638504803	42.0557563033708	48.291880539008496	21.036640145359552	48.291880539008496	19.89663328082677	22.21474900962374	47.01572373983363	104.85077211364658	190.79113003775987	10.161901311885988	-0.023190796415793358	10.186094649411888	16.089704615713554	7.401890946073621	-5.247568863033823	-6.236124235637696	27.255240393648943	-6.236124235637696	22.15912302254403	19.841007293747058	0	20.697302801449826	20.103938493502756	19.955827493125163	18.146374451256555	76.4218872074097	0.05594457531349567
archi-vowels-PSX.wav	é	12	10.31	--undefined--	420.002	2576.565	3375.532	--undefined--	--undefined--	--undefined--	--undefined--	--undefined--	--undefined--	0	0	0	0	0	0	0	0	--undefined--	--undefined--	--undefined--	--undefined--	--undefined--	--undefined--	--undefined--	--undefined--	0	0	0	0	0	0	12.745	5.8458888264166555	4.601257358246767	4.563854225155924	4.395844521519913	69.93037844667899	0.01632974433012599
 archi-vowels-PSX.wav	é	12	10.336	204.80258082083205	424.23	2603.514	3403.007	33.31457538721669	34.09000490630492	31.07902656634872	32.74046465275604	32.6536525488246	35.2513240284237	9.8194748152182	13.289217074919017	35.64685964288249	52.33075860278951	23.29209272631833	52.33075860278951	28.422709626704275	27.364713398019802	45.827585319390785	118.66134442747158	199.74426154645175	-0.7754295190882274	3.0109783399562	0.5741107344606533	0.6609228383920893	-1.9367486412070107	-3.4697422597008174	-16.68389895990702	29.03866587647118	-16.68389895990702	7.224150016178214	8.282146244862687	22.094	8.03408968641656	8.325240619461857	8.25758972395547	7.827481900447614	78.41700027375614	0.07335179224188632
 archi-vowels-PSX.wav	é	12	10.362	194.06310035330205	394.418	2606.011	3375.665	35.300927372557936	35.30532655276231	29.586395439597474	35.06901400188652	38.432860806860745	39.374726376840925	12.154040502499903	17.838499066367774	37.72223163303352	53.75734528878556	21.254607227833073	53.75734528878556	33.10770485287935	31.0121422234797	47.11630058832463	115.87263471914642	191.6932411854642	-0.004399180204373465	5.718931113164835	0.23191337067141404	-3.131933434302809	-4.073799004282989	-5.684458563867871	-16.035113655752035	32.50273806095248	-16.035113655752035	4.614526780154172	6.710089409553824	23.025	21.244441066520707	19.232930075505354	18.848011585792666	15.412536549844516	79.80549198307578	0.09223818575088676
 archi-vowels-PSX.wav	é	12	10.388	182.70375744596893	377.369	2635.146	3409.098	35.37873470731665	30.724908589633785	29.450029954694486	29.877652646766837	34.071775322458066	32.103264526135895	7.263428053321256	10.77310747233835	37.70355086082751	48.05618884140698	21.38468272069682	48.05618884140698	27.926573221260405	23.020427446818932	47.70348227978749	115.11022268495205	190.00577575537648	4.653826117682868	1.2748786349392986	5.501082060549816	1.3069593848585868	3.275470181180758	-3.5096794190170932	-10.352637980579466	26.67150612071016	-10.352637980579466	9.776977639567107	14.68312341400858	15.873	17.595620422390503	17.21425795507535	17.08629356696919	14.745406037853954	75.61830236492423	0.0699577420656704
 archi-vowels-PSX.wav	é	12	10.414	174.3702733895365	408.047	2604.79	3398.171	33.41754072517011	16.410453696316587	12.62748815908079	15.381750962705699	25.758803821791542	35.31770510826881	9.298366514066192	9.68104379564288	35.1897905543772	27.42697389084752	7.611635629418391	35.034416389613355	21.46685142665998	27.507202850453464	43.67012874588033	110.2633495257506	184.92807879470698	17.007087028853526	3.782965537235796	18.035789762464415	7.658736903378571	-1.9001643830986978	-0.38267728157668834	7.7628166635296765	19.81533826142913	0.1553741647638418	13.722939127717218	7.682587703923733	0	7.308377630846077	6.593619975494387	6.495850429393705	5.06917193845409	68.14018897408953	0.042126122616659246
archi-vowels-PSX.wav	é	13	11.137	203.57779841521526	373.58	2709.743	3295.738	40.073116537619974	23.210588758423587	17.307649910202517	21.43276012675108	39.07830091148759	32.67132440358768	6.8295743280364505	15.751728222072591	43.11988212560654	36.0163403919465	6.687679803856926	38.99087670729111	31.61429057457591	26.742168117531886	50.66951122845222	127.75590502049157	187.22409629218933	16.862527779196387	5.902938848221069	18.640356410868893	0.9948156261323859	7.401792134032291	-8.922153894036141	7.1035417336600375	29.328660588089573	4.12900541831543	11.505591551030626	16.37771400807465	18.936	17.533119965060564	17.075820374386527	16.852805244915356	11.599072466433737	72.11167571198692	0.05635642656411135
 archi-vowels-PSX.wav	é	13	11.173	228.35466979570043	441.588	2644.611	3248.046	41.07592690965228	28.894089934778094	17.371620708926482	27.281705593521313	42.77557528685818	31.57404895111698	18.0939554130044	20.172354123178962	43.81140586969672	46.93777383438107	8.196172769390879	46.93777383438107	38.395307841712054	27.939805547135173	47.408111535180645	129.04195527901712	192.6490725617168	12.181836974874187	11.522469225851612	13.794221316130969	-1.6996483772058966	9.501877958535303	-2.078398710174561	-3.1263679646843485	38.74160106499019	-3.1263679646843485	5.416098027984667	15.871600322561548	25.346	24.999565992141548	25.804876951661385	23.386420883036998	19.279524095822886	77.12289746177488	0.06157778170071265
 archi-vowels-PSX.wav	é	13	11.209	225.53953047468121	446.262	2598.694	3147.662	40.09975187497937	31.10908602229739	30.45102050281749	30.888898141545486	42.99630020241735	33.86133740879873	21.072432886149134	18.339964999940893	42.698543732880566	50.73911999024091	21.809226912669516	50.73911999024091	39.30214484903579	31.98264385367783	46.92433320422969	124.01607624378896	180.0810439627801	8.990665852681978	0.6580655194799014	9.210853733433883	-2.8965483274379835	6.238414466180636	2.7324678862082408	-8.040576257360343	28.929893077571393	-8.040576257360343	3.3963988838447747	10.715899879202738	25.44	31.76562445728397	31.78526449813414	25.59884486201447	18.386701740463437	79.47186338735725	0.05672718958546199
 archi-vowels-PSX.wav	é	13	11.245	215.27462662446072	476.494	2522.819	3175.118	40.87069468331295	32.181998290370174	32.99391104804148	25.469137270466874	38.794392254227816	33.929285278945194	17.084438024718352	19.33250142970675	42.90080064445082	46.23938296567494	26.98860237628885	46.23938296567494	37.22340022772584	31.275810575701236	45.34081798237278	114.5740539731955	178.93980905462203	8.688696392942774	-0.8119127576713083	15.401557412846074	2.076302429085132	6.941409404367754	-2.2480634049883967	-3.3385823212241235	19.250780589386093	-3.3385823212241235	5.6774004167249785	11.624990068749582	27.095	32.934680123387714	27.623517300075818	26.34790319953943	19.61563138651175	76.15932647564134	0.06908403622562016
 archi-vowels-PSX.wav	é	13	11.281	211.54911340961075	443.697	2293.555	3198.975	40.062684010899304	24.119005502253902	31.840215828883466	21.695492026615685	30.6842617742603	31.439720320958287	23.399192400673808	14.286730819293593	42.35420863369083	41.82481683756458	24.714980216065054	41.82481683756458	30.25383533718205	23.247413521105326	45.54623635956862	95.66825107397348	180.01616240667454	15.943678508645402	-7.7212103266295635	18.367191984283618	9.378422236639004	8.622963689941017	9.112461581380215	0.529391796126248	17.10983662149953	0.529391796126248	12.100373296508781	19.106795112585505	25.891	27.594286101713934	26.867809180848425	22.280851270972107	19.56940677491678	72.59767089733627	0.059114605715074105
archi-vowels-PSX.wav	é	14	11.995	196.002946620947	388.297	2645.175	3307.212	34.435090883444786	24.75677451595052	16.508084625645484	24.61663870953384	36.395623237664665	33.73547990609161	5.773845578840426	13.63848911642187	36.99718606181289	42.99935990942983	7.576934337491339	42.99935990942983	30.377499050339107	27.16432197535024	47.9892743218671	119.77966173695044	185.11785505097552	9.678316367494265	8.248689890305037	9.818452173910945	-1.960532354219879	0.6996109773531742	-7.864643537581443	-6.0021738476169375	35.42242557193849	-6.0021738476169375	6.619687011473783	9.83286408646265	28.111	19.503873760679078	18.389089910739433	18.045575120032396	13.520848472863335	72.36796557191292	0.03705795013402024
 archi-vowels-PSX.wav	é	14	12.022	193.24257350701552	394.407	2640.313	3223.003	34.89152340110223	36.55928258744075	32.092786370854164	36.17184386485748	44.80398358407672	40.08752005703756	14.208039166241115	22.879830537882818	37.28853829725586	54.8715878063405	23.8305127812109	54.8715878063405	39.165202021366675	35.68604621492923	47.02405219249549	118.56633433237381	174.90976041582493	-1.6677591863385146	4.4664962165865845	-1.2803204637552454	-9.912460182974485	-5.195996655935325	-8.671791371641703	-17.58304950908464	31.0410750251296	-17.58304950908464	-1.8766637241108128	1.6024920823266342	27.213	26.85655552615514	26.258676397163867	23.079016962857818	14.799261099721532	81.15350243000614	0.08000022654390904
 archi-vowels-PSX.wav	é	14	12.05	190.28209958646102	391.762	2560.202	3094.873	33.66558771994445	35.20967203376285	31.185079685602048	34.432585442982	38.28541989983205	34.794005250781744	12.939557179945762	19.67319336404872	36.01733994759713	53.095912404124505	23.152462890667486	53.095912404124505	33.36600155623686	31.874810450591365	46.959083187796644	111.02033664760665	160.43681679056274	-1.5440843138184022	4.024592348160802	-0.7669977230375551	-4.619832179887602	-1.1284175308372966	-6.733636184102959	-17.078572456527375	29.94344951345702	-17.078572456527375	2.6513383913602695	4.142529497005764	18.339	20.931782828633352	21.39058832280353	20.115765400706383	17.657558731313742	79.68331147304482	0.07537899806167908
 archi-vowels-PSX.wav	é	14	12.077	180.61748637594872	417.051	2452.288	3125.083	33.375197051495064	36.64937993745336	29.978914586741222	28.451121649563806	33.07807625163585	30.419371941690997	19.371305176089532	17.394866703752122	35.2086132984372	48.29470711037956	24.75708831172021	48.32891762462673	30.547931459753958	25.959531284081052	43.684375528994664	100.05605870895215	159.66239785466144	-3.2741828859582967	6.6704653507121385	4.924075401931258	0.2971207998592149	2.955825109804067	1.97643847233741	-13.086093811942362	23.537618798659352	-13.120304326189533	4.660681838683242	9.249082014356148	19.826	13.909432248640147	13.249301163833977	12.352499586764974	10.482093518859655	75.1650433262105	0.05901303743129223
 archi-vowels-PSX.wav	é	14	12.105	166.94660319744517	451.683	2264.456	3011.898	31.358958213580625	32.03050074260872	23.67635593012043	18.52693638775804	27.1706793953459	27.090827289376723	23.741244176851456	16.747879694421673	32.67378139735002	38.979467442861015	22.976667737021245	39.82717182809822	28.310014863964	23.46314086126754	40.597801003600935	83.92627478781945	143.4670515767949	-0.6715425290280983	8.354144812488293	12.832021825822583	4.188278818234725	4.268130924203902	6.993364482429783	-6.3056860455109955	16.00279970583977	-7.153390430748203	4.36376653338602	9.21064053608248	0	8.445785324674354	7.588801530664514	6.843381779690741	6.082960589134322	70.98298254328131	0.030279278153179254
archi-vowels-PSX.wav	éˤ	15	12.677	216.24956690291341	589.171	2165.956	2822.338	27.046370013288353	29.32827866842174	26.07922432718889	16.694406241846828	22.38106396492853	23.933003811772625	28.418968737859032	8.029365475654263	28.383956307379314	36.31988416069723	26.33279603514402	39.077919114568004	28.418968737859032	26.526098923126284	48.47968088878736	87.91484318565914	142.41235061895296	-2.2819086551333854	3.249054341232849	10.351963771441525	4.665306048359824	3.1133662015157277	20.38960326220477	-7.935927853317914	9.987088125553207	-10.69396280718869	-0.03501243047971769	1.8578573842530304	12.11	12.496689995621836	19.851987887012605	18.171907672357776	20.97365669642475	71.05091373339684	0.02814087391927755
 archi-vowels-PSX.wav	éˤ	15	12.698	229.51846510315002	521.555	2124.413	2901.361	36.07353146132162	28.92200293659631	19.05531617072945	20.53359552545749	23.452126126961865	30.930758820653146	27.41774090286973	10.347669281553673	38.0307865864994	41.68726676768476	14.435837942116558	41.68768093604619	27.41774090286973	28.49981820147604	48.728813697518824	87.85609287380505	154.88773406671663	7.151528524725311	9.86668676586686	15.539935935864133	12.621405334359757	5.1427726406684755	17.07007162131606	-3.6564801811853584	27.251428825568205	-3.656894349546789	10.613045683629672	9.530968385023364	15.379	12.04537366451261	9.321331778887448	7.711460058477795	6.951820616405978	73.78978094250354	0.06103493358219972
 archi-vowels-PSX.wav	éˤ	15	12.719	228.48417321007094	457.49	2078.631	2872.847	39.341753687362385	25.187289703387155	25.34517371448287	25.189071354977415	24.453667969676378	23.11328382619022	26.531237674073452	5.124633548161379	41.91333508517873	45.42922169682595	17.72683519939623	45.42922169682595	26.531237674073452	18.174964258944563	46.90455765329943	84.77600547617024	151.5717914324835	14.15446398397523	-0.15788401109571382	14.15268233238497	14.888085717686007	16.228469861172165	21.406604125912075	-3.5158866116472183	27.702386497429718	-3.5158866116472183	15.382097411105278	23.738370826234167	17.505	21.392739055288917	10.941987307301527	9.26871388035076	8.242876758810171	74.87835704602509	0.0942784220514262
 archi-vowels-PSX.wav	éˤ	15	12.74	215.28667759293512	409.514	2339.186	3351.444	39.16047294387772	21.848712591541084	26.909446805711823	19.184010375903096	20.537310860098803	38.83226858125549	20.013734919731398	12.387461700574852	42.00277776824621	38.092374485087234	17.52470366843839	38.092374485087234	18.122550722129635	27.0650213806833	48.07329527974743	99.86569893925122	198.73884360911745	17.311760352336638	-5.06073421417074	19.976462567974625	18.62316208377892	0.3282043626222304	7.6262732191565465	3.9104032831589777	20.567670816648842	3.9104032831589777	23.880227046116577	14.93775638756291	15.503	22.247159500387774	18.792169975947154	17.29587569874012	16.045338983484665	71.70476434323824	0.08130301868862079
 archi-vowels-PSX.wav	éˤ	15	12.761	223.66424517123798	553.068	2335.736	3534.048	22.474127379295847	10.3730981900192	4.8101695782690665	-1.079392968519464	3.345374252966483	28.80960381092015	5.055346851045055	18.565003985029545	24.095531581702247	19.715889632555232	2.0304163558488697	20.549990812933466	6.238085873737711	19.123389391271637	48.69864708350883	101.52390150853218	224.27366422404086	12.101029189276648	5.562928611750133	23.55352034781531	19.128753126329364	-6.335476431624304	-13.50965713398449	4.379641949147015	17.68547327670636	3.545540768768781	17.857445707964537	4.97214219043061	15.92	13.459933018259614	12.410629761596518	11.753173353303962	9.573178298924587	63.572952200676	0.008215559706183664
archi-vowels-PSX.wav	éˤ	16	13.665	177.26688780871498	533.247	2277.275	2845.966	10.094345248349487	18.94647828861633	19.881590565942165	5.7787743050201605	10.21232645567429	15.656749209719266	12.944706869750211	-1.4145710251171308	11.159422874148518	24.179460197585193	23.0198784399322	28.103054415266374	14.009891979422557	18.92304419309766	43.273333570726905	86.99778929629159	131.8159733555504	-8.852133040266843	-0.9351122773258354	4.315570943329327	-0.117981207324803	-5.562403961369778	14.359277894867342	-13.020037323436675	1.1595817576529939	-16.943631541117856	-2.8504691052740387	-7.763621318949141	18.241	3.8940139337625594	31.377416675192276	34.683945313019684	34.639407763037646	68.09985863473034	0.0006401649828004164
 archi-vowels-PSX.wav	éˤ	16	13.687	204.00527356329417	517.874	2202.715	2929.879	27.204186068461027	34.51395484160015	29.852491940771845	24.96376124486561	28.91320395883853	27.628057103774967	28.443771132147226	13.052020821105303	28.734360257162468	43.071439511968855	27.720532695356038	46.52979163912384	32.40770330321653	26.344786138423807	45.8908596154898	87.81328866975316	148.9238792911871	-7.309768773139126	4.661462900828308	2.2404248235954185	-1.7090178903775026	-0.4238710353139403	15.391750311041923	-14.337079254806387	15.350906816612817	-17.795431381961375	-3.673343046054061	2.389574118738661	19.346	9.074724794597772	10.158311307761906	8.099012645684704	6.8949538778038955	74.96497960086133	0.04993989917359126
 archi-vowels-PSX.wav	éˤ	16	13.709	207.75634249258655	481.553	2161.47	3154.228	35.47884217454299	36.20235910018464	16.540242836281628	26.799922432924333	34.654269393245755	40.72730659605889	32.167855315609614	20.566817571124293	37.33491573743409	47.934552208076454	12.022670703941909	47.934552208076454	37.183876666484416	32.87147062307683	44.58094939185766	85.91745954848436	173.59828300532482	-0.7235169256416469	19.66211626390301	8.678919741618657	0.8245727812972348	-5.248464421515898	11.601037744485321	-10.599636470642366	35.91188150413454	-10.599636470642366	0.15103907094967184	4.463445114357256	21.657	17.69124925867657	13.990923639275604	10.937678377649885	8.910372607479975	76.5724943610158	0.07731082062143795
 archi-vowels-PSX.wav	éˤ	16	13.73	198.80183793120847	439.753	2148.843	3281.25	38.71708897265205	32.46564795289015	35.999306840973716	26.18369994046779	26.191071175769515	39.45451326712697	27.39011802890659	9.6003543730943	40.758827057192526	46.50429616433847	30.17887220304846	46.50429616433847	27.39011802890659	27.75965075374092	44.359569319829326	83.33762061885328	183.53897770120378	6.251441019761899	-3.533658888083565	12.53338903218426	12.526017796882535	-0.7374242944749199	17.789763655812287	-5.745469107145944	16.32542396129001	-5.745469107145944	13.368709028285938	12.999176303451605	13.544	21.844541064784934	17.770042138584067	15.135898397226557	13.015715912692388	75.19119798667141	0.09464835553949895
 archi-vowels-PSX.wav	éˤ	16	13.752	187.03518222443975	523.791	2340.825	3787.842	35.21108135670341	34.5373544997294	19.95241854617505	16.336171448181958	19.92172942131951	40.683233960192545	15.753161868488307	25.48333156936212	36.44502717710561	40.88173171820622	20.534324070979256	38.28491406398288	22.509873601329943	27.11777141226868	44.165186973531775	93.49930262470345	234.66768556806264	0.6737268569740067	14.584935953554353	18.874909908521452	15.289351935383898	-5.4721526034891355	-9.730169700873814	-4.43670454110061	20.347407647226962	-1.8398868868772738	13.935153575775665	9.327255764836927	0	13.07179166756847	11.904796330649532	11.085168869967234	9.98414384709505	70.81455166900591	0.060625594681852635
archi-vowels-PSX.wav	éˤ	17	14.595	--undefined--	637.789	2251.149	3201.676	--undefined--	--undefined--	--undefined--	--undefined--	--undefined--	--undefined--	0	0	0	0	0	0	0	0	--undefined--	--undefined--	--undefined--	--undefined--	--undefined--	--undefined--	--undefined--	--undefined--	0	0	0	0	0	0	14.553	1.225391728392766	-0.462738503383173	-1.3823847717066864	-2.599239308351379	49.43539700447285	0.001150259041205885
 archi-vowels-PSX.wav	éˤ	17	14.625	--undefined--	564.703	2313.704	3083.754	--undefined--	--undefined--	--undefined--	--undefined--	--undefined--	--undefined--	0	0	0	0	0	0	0	0	--undefined--	--undefined--	--undefined--	--undefined--	--undefined--	--undefined--	--undefined--	--undefined--	0	0	0	0	0	0	12.322	-3.927490394642379	-2.528012022049282	-3.301537411785031	-3.301117262667186	62.85013484064954	0.003050790754657381
 archi-vowels-PSX.wav	éˤ	17	14.655	164.40958100343738	429.92	2436.045	3154.31	30.90091382274513	26.509750532898284	13.402298474996659	15.551985294979204	22.91576885878299	25.84091716845812	16.237650471150474	-3.8006675903206415	32.303309305165826	34.15138547485065	11.512998980919772	36.22752984931962	21.449014312156216	21.340793449678998	41.16025691883295	94.8481652805201	156.01459020076624	4.391163289846848	13.107452057901625	15.348928527765928	7.985144963962142	5.059996654287012	20.038318061471116	-1.8480761696848234	22.638386493930877	-3.9242205441537976	10.85429499300961	10.962515855486828	16.697	15.77097693355201	11.466946104490596	10.645839149449712	8.853869798920313	65.38422374697177	0.05875435074348458
 archi-vowels-PSX.wav	éˤ	17	14.685	172.3109558757578	370.591	2398.639	3253.729	31.010037549656513	22.423686979428545	25.661958603698437	19.268681493907344	26.962419309577676	32.48961131650864	14.300898221966744	0.943983976600007	33.13730174113976	37.39343273741532	18.61749541194235	37.39343273741532	23.062196693634903	22.559940045172546	47.302498728757534	94.12003647022206	169.14167195138802	8.586350570227967	-3.238271624269892	11.741356055749169	4.047618240078837	-1.4795737668521305	13.356914245366736	-4.256130996275559	18.775937325472967	-4.256130996275559	10.075105047504856	10.577361695967213	13.052	18.11417335262641	16.6200610785612	14.568390356338659	11.652842635108767	65.07548671300836	0.0656434923344132
 archi-vowels-PSX.wav	éˤ	17	14.715	156.4841128610493	2356.672	3427.342	4367.452	32.26153595172878	28.971828584720342	10.867303703164366	-21.043149636207986	-6.127504457107385	-6.661882966068838	7.634532360281446	5.977549743189833	32.31869128032836	29.201701016824863	11.807649893953009	13.263375879566084	18.895918377513926	14.241099028619331	87.51848542797319	179.4663329868018	285.14012323922003	3.2897073670084396	18.104524881555975	53.30468558793677	38.389040408836166	38.92341891779762	1.6569826170916127	3.116990263503496	17.394051122871854	19.055315400762275	13.422772902814433	18.077592251709028	0	9.050688096722332	8.300683038026452	6.998845524979576	7.340212919596457	60.803899207985694	0.04312195019215351
archi-vowels-PSX.wav	éˤ	18	15.222	152.2764608700047	516.855	2356.203	3014.253	25.32176586648039	34.20687446040759	30.21283123282476	20.402103403651054	30.874832896906245	28.69946275228184	20.46027238793539	8.018357834609157	26.143479112112033	38.0319526824066	38.83837895180032	43.01617430489236	33.83114456586395	29.42411984403237	40.27443025601843	86.50984320216742	138.23949454944506	-8.8851085939272	3.9940432275828286	4.919662462829336	-5.553067030425854	-3.3776968858014484	12.441914553326233	-11.888473570294565	-0.8064262693937252	-16.872695192780327	-7.687665453751919	-3.280640731920336	19.181	13.736308823560046	14.107340492350161	11.371890702042439	9.819422411502302	71.85993001020076	0.05630806019519385
 archi-vowels-PSX.wav	éˤ	18	15.241	183.52482743204098	536.19	2335.359	2995.375	30.87445823600505	33.43479304555039	30.596159313825392	18.524507046192536	28.976314840232344	24.611665052981756	21.033561949037068	4.822533116447759	32.005166973827045	39.08666069603462	32.63985224671235	40.731533328185165	32.12472072729601	25.33853892834621	44.00683957161613	92.31259605396006	148.0088182466174	-2.560334809545342	2.8386337317250003	12.349951189812515	1.8981433957727063	6.262793183023295	16.21102883258931	-7.081493722207576	6.446808449322269	-8.72636635435812	-0.11955375346896346	6.666628045480834	13.811	9.204618012158468	5.96260118913561	5.080487111212618	3.984032735062172	71.82254364750622	0.06838394816784368
 archi-vowels-PSX.wav	éˤ	18	15.261	182.20739638706632	512.654	2461.876	3130.99	32.82680921085402	34.38299731022519	33.26839979925293	10.500390825131763	24.36387315174628	26.84212220903465	14.863639992176036	4.2937382516481835	34.04103738451351	40.61282602516283	33.86830348388331	32.346449689284846	25.411941727547994	26.04886209958567	43.43272381186748	101.17554847807355	160.88879328535214	-1.5561880993711696	1.11459751097226	22.32641838572226	8.462936059107744	5.984687001819374	10.569901740527854	-6.5717886406493236	6.744522541279522	1.6945876952286625	8.629095656965514	7.992175284927839	17.062	13.714207005214893	10.505445389579277	9.312169039251362	7.842599465652365	69.88538238281664	0.06856956018040349
 archi-vowels-PSX.wav	éˤ	18	15.281	183.26767767589993	478.553	2381.122	3151.579	32.058585219918974	31.74900927992314	30.361136715743378	17.988284073735542	25.490730066869286	31.82352203644565	12.118156541065623	5.792504429044467	33.47910170964929	39.49837439886149	28.64216501256874	39.49837439886149	26.098108470523563	27.91460033424471	42.01245043570715	95.48388139584013	163.39167257319295	0.30957593999583466	1.3878725641797622	14.070301146183432	6.567855153049688	0.23506318347332567	6.325652112021157	-6.019272689212201	10.856209386292754	-6.019272689212201	7.380993239125729	5.564501375404582	16.88	16.2197201999697	14.954718832717223	13.053503416323764	9.560175086141548	68.18434007919254	0.06871160428486207
 archi-vowels-PSX.wav	éˤ	18	15.3	183.16424194078525	428.351	2509.531	3339.659	31.78493019635158	23.363296189850587	22.087274283953487	14.29508674546934	20.84491131185539	35.94056414232598	13.18891069738957	11.07799342289123	33.56918431178774	34.491813534935545	17.183582576455084	34.491813534935545	18.162019015896455	28.40984615344893	43.25386621756056	105.08088579170467	182.8246440715485	8.421634006500994	1.2760219058970996	17.48984345088224	10.94001888449619	-4.155633945974401	2.1109172744983393	-0.9226292231478084	17.30823095848046	-0.9226292231478084	15.407165295891282	5.159338158338805	0	11.340710065480584	10.254692354264904	9.192979179365562	6.724759319859376	65.28781370525354	0.06440457830805145
archi-vowels-PSX.wav	éˤ	19	15.849	265.3264916647047	625.338	2076.039	2793.259	35.39974864717814	27.354686026271033	18.057034456093515	22.175552380355654	24.68161623987639	17.437438046206402	31.91801160233577	3.1215461249903775	37.25623931872517	38.677229821676924	15.229268285356046	44.21976943542006	31.91801160233577	19.165402460392592	54.50564443430293	91.56824403459663	155.26521358424802	8.04506262090711	9.297651570177518	13.224196266822489	10.718132407301752	17.96231060097174	28.796465477345393	-1.4209905029517529	23.44796153632088	-6.963530116694891	5.338227716389401	18.09083685833258	22.856	-1.457233920522212	3.0504569499914824	3.299004661646789	3.396533776636315	71.9133226442184	0.021463391228854784
 archi-vowels-PSX.wav	éˤ	19	15.88	274.90709533397995	617.518	2077.4	2770.843	42.10564991521374	36.971111891893216	38.16315016998866	28.85937267423235	35.89271137197731	35.4312412150412	42.7051189759894	23.07065174407314	44.16456540589451	50.62106462231615	34.31688552122532	50.62106462231615	42.7051189759894	37.30845401891331	55.46272158685506	93.46787938913188	155.86607106600468	5.134538023320523	-1.1920382780954455	13.246277240981389	6.212938543236426	6.674408700172542	19.63446723191626	-6.456499216421641	16.304179101090824	-6.456499216421641	1.4594464299051069	6.856111386981198	22.63	13.464828847576186	10.065780036628203	8.51404437629579	8.440860091743135	79.23395795861393	0.042244442437326106
 archi-vowels-PSX.wav	éˤ	19	15.912	280.22698191235867	552.789	1954.304	3701.093	46.366921355412536	30.12963830124141	38.518075423429835	29.764941575596644	33.92859078345431	43.09857365447952	39.92055393673284	13.216408347958339	49.102262140575434	50.57529494907626	32.16208317147893	50.57529494907626	39.92055393673284	25.198017440444723	54.90156821872389	86.60013811109121	276.04537586925954	16.237283054171126	-8.388437122188424	16.601979779815892	12.438330571958225	3.2683477009330133	26.704145588774498	-1.4730328085008253	18.413211777597326	-1.4730328085008253	9.181708203842597	23.90424470013071	20.989	19.926598069514817	20.119995420946687	16.221229228374515	15.55648469720828	80.52365377551014	0.07353411537754134
 archi-vowels-PSX.wav	éˤ	19	15.944	262.6802034011365	480.207	2058.226	3355.751	48.49501442766235	32.02288605363686	19.361818263590706	25.467072805601546	32.08919211495164	41.39606743935947	34.637602934578396	18.51156371813002	51.689061964219285	45.57817134690741	10.458357057578096	45.57817134690741	34.637602934578396	27.56947987320209	50.294997695680564	89.9060335317339	220.92432203533102	16.472128374025488	12.661067790046154	23.0279416220608	16.405822312710704	7.0989469883028775	16.126039216448376	6.110890617311874	35.11981428932931	6.110890617311874	17.05145902964089	24.119582091017193	16.045	27.735824292881755	24.5195246158832	19.55455123188338	18.442659937459535	79.14685768505117	0.10551009048897904
 archi-vowels-PSX.wav	éˤ	19	15.975	220.04635473173116	563.641	2126.707	3342.824	32.90459778163598	15.057667314093933	25.618393780546807	13.38998541998119	9.035652265778538	31.516963532390342	15.400912821906722	10.74493916500652	34.426048705862506	23.463469648206132	24.10120093253488	35.35278418554489	14.600227891985343	22.474601927841515	48.48641432448041	86.14975241001044	199.91524406944367	17.846930467542045	-10.560726466452873	19.514612361654788	23.86894551585744	1.387634249245636	4.655973656900203	10.962579057656374	-0.6377312843287477	-0.9267354796823852	19.825820813877165	11.95144677802099	0	19.563605690752567	15.965039960540768	14.567243020213505	13.54968263370412	69.37331580615988	0.022780460658704902
archi-vowels-PSX.wav	éˤ	20	16.834	--undefined--	621.079	2674.783	3765.577	--undefined--	--undefined--	--undefined--	--undefined--	--undefined--	--undefined--	0	0	0	0	0	0	0	0	--undefined--	--undefined--	--undefined--	--undefined--	--undefined--	--undefined--	--undefined--	--undefined--	0	0	0	0	0	0	14.721	3.146473671625202	5.515809508681019	4.476722252243751	4.349803328792023	71.35487152108001	0.013344686493618408
 archi-vowels-PSX.wav	éˤ	20	16.87	231.13322633407415	538.416	2608.611	3757.005	36.9769395888254	33.054639816187844	28.92710847069714	23.34925057612816	29.825006046658206	28.497434622269214	38.66910214894346	6.341060729082237	38.80198655922055	44.52671931228555	24.32086534015779	44.52671931228555	29.30146075491399	18.28114650529172	49.24221938308484	126.48634974474626	256.1088105206819	3.922299772637558	4.127531345490706	13.627689012697243	7.151933542167196	8.479504966556188	32.32804141986122	-5.724732753064998	20.20585397212776	-5.724732753064998	9.500525804306562	20.520840053928833	16.923	9.352363380091957	8.481629467904348	8.022896854504879	7.752033791267179	75.71135267324938	0.04384993502748503
 archi-vowels-PSX.wav	éˤ	20	16.906	237.6483711126492	499.949	2667.045	3678.792	38.40135424945925	35.31985782057674	33.84041622455861	32.380317732641444	34.97730761024552	36.03215501855336	35.795109108971936	10.497926321728468	40.67594367085754	53.06296588546527	26.700788431909103	53.06296588546527	32.42489395525775	26.396046083822537	48.03330579404722	133.86952673025996	249.67682072774593	3.0814964288825095	1.479441596018134	6.021036516817809	3.424046639213735	2.369199230905892	25.297182787243468	-12.387022214607725	26.362177453556164	-12.387022214607725	8.251049715599791	14.279897587035006	22.659	21.912391246384317	18.236174515030967	13.84404576267139	12.843408321024452	81.65504200789663	0.06785437338536304
 archi-vowels-PSX.wav	éˤ	20	16.942	229.7628386955123	446.848	2076.489	3694.134	39.58362092129272	32.388379256177984	32.940614580164876	31.969237420073895	33.95217589834843	40.98536279641438	35.60041385653135	7.177150427188392	42.32673964690073	51.13139552321211	24.683723112694146	51.9049364539393	35.60041385653135	21.835171875134755	47.347680253400185	84.88596515308386	247.31510735313125	7.195241665114736	-0.552235323986892	7.614383501218825	5.631445022944291	-1.4017418751216582	28.423263429342953	-8.804655876311386	26.447672410517967	-9.578196807038573	6.72632579036938	20.491567771765972	19.836	22.072119199349185	20.593688029273757	16.29352515274388	15.699334222755976	80.68933752818928	0.09739159247333944
 archi-vowels-PSX.wav	éˤ	20	16.978	220.95230511239654	447.595	2159.577	3082.493	32.39745860215894	21.010323930515696	20.911096960168678	20.80191816921824	16.842200235508756	19.550587862555204	17.801081551599395	-0.026410762656539095	34.888928899748564	40.89753256412982	13.288724517667802	40.89753256412982	17.801081551599395	11.453948093162417	46.39402377885975	88.44400126387593	171.08267724529387	11.387134671643246	0.09922697034701855	11.595540432940702	15.555258366650186	12.846870739603737	17.827492314255935	-6.008603664381255	27.608808046462016	-6.008603664381255	17.087847348149168	23.434980806586147	11.714	9.2050903287283	8.885966243577297	8.234611373878046	7.959895942112325	68.3044993673878	0.016624535055122146
archi-vowels-PSX.wav	éˤ	21	17.797	229.7609463475825	487.255	3057.897	3636.451	28.791580066920435	27.206120807926677	23.325925444252654	24.16900004505787	29.20394030559282	26.333353443980766	27.1931652498863	16.886000561003524	31.006078323540972	44.20760417993734	16.020390027176774	44.74121269317187	22.831606758584442	23.365528691053598	46.937366173319305	171.78407098041146	240.04965239155945	1.5854592589937582	3.880195363674023	4.622580021862564	-0.4123602386723846	2.4582266229396694	10.307164688882775	-13.201525856396369	28.187214152760568	-13.735134369630895	8.17447156495653	7.6405496324873745	25.929	20.260167678211495	20.022965146722306	17.380777885092808	16.011426390662937	74.60232030499397	0.04956073820547008
 archi-vowels-PSX.wav	éˤ	21	17.825	224.47875471801876	592.782	2854.855	3588.933	37.41701261701256	41.74251572384789	29.801188301731198	25.837172513171414	35.23901494278911	36.14155277710389	41.82064780041791	23.27274174055257	38.80833232570155	49.2556475614333	28.47139940945301	47.81730146702416	34.25860945371445	34.194439058015405	49.4500558132063	148.38316115678393	231.37785443170614	-4.325503106835328	11.94132742211669	11.579840103841146	2.177997674223448	1.2754598399086703	18.54790605986534	-10.44731523573175	20.78424815198029	-9.00896914132261	4.5497228719871	4.613893267686144	21.899	19.354251272320344	15.91979289038348	13.275060502772007	12.149241083681911	79.44671603277433	0.07406603975410193
 archi-vowels-PSX.wav	éˤ	21	17.853	213.7081103629792	572.184	2825.658	3726.907	39.928652770245165	39.88422882351642	24.914505447071114	23.628634285446346	36.110180321700014	32.59416689267032	36.9203917762451	15.568365851394203	41.27652393253426	47.077055834689176	23.938821857300834	45.553181256144526	34.968002142829945	27.220507860310647	47.92971100329768	141.90805063711704	242.50359394355576	0.044423946728741726	14.969723376445309	16.30001848479882	3.818472448545151	7.334485877574842	21.352025924850892	-5.8005319021549155	23.138233977388342	-4.276657323610266	6.308521789704315	14.056016072223613	20.141	21.57103378763448	16.568181106223648	13.535643144674223	12.141975586260989	77.95064478718002	0.08695910115048297
 archi-vowels-PSX.wav	éˤ	21	17.881	195.24442347592543	592.783	2804.255	4565.921	41.27388047319435	39.34506365241673	28.447262152082693	23.019412131152357	32.64068845076839	36.733337779807044	36.115770940205664	18.17753733556711	42.30936912492485	44.4165576840428	31.777664471324464	45.60318078210621	32.71303851504538	20.46018239799979	46.1976327945958	133.86588089587593	344.52213021318687	1.9288168207776266	10.897801500334033	18.254468342041996	8.633192022425966	4.540542693387309	17.938233604638555	-2.107188559117951	12.638893212718337	-3.293811657181358	9.596330609879466	21.84918672692506	21.132	12.59343301306836	9.356655215952953	8.09016151841778	7.783126736726286	76.47190163488968	0.09568184993425109
 archi-vowels-PSX.wav	éˤ	21	17.909	174.24219760846995	571.042	2601.876	4314.538	36.477825716782945	37.91378878235944	28.551101468602845	18.627258378695814	25.30220207120218	32.716737006404664	29.62656885285494	10.832643691367199	37.36242042485615	42.08978193361286	35.296513629249006	41.42944394597306	27.079887075365434	17.137984882756292	43.55131684798929	109.9930678838961	291.45277724144466	-1.4359630655764946	9.362687313756595	17.85056733808713	11.175623645580764	3.7610887103782815	18.793925161487742	-4.727361508756715	6.793268304363856	-4.067023521116916	10.282533349490713	20.224435542099855	13.31	10.417959233623968	6.805991016874662	6.304609388968946	6.208103622434654	73.70304779382076	0.06299925400470105
archi-vowels-PSX.wav	éˤ	22	18.424	216.4657283865782	458.74	1880.021	3195.733	29.670202920242808	28.947423935197254	25.642737328671153	25.555053366120042	22.294360769444378	37.61714458519094	26.80137860391013	15.763389563834814	31.95333688175749	46.1604460600783	19.565533114722975	46.1604460600783	26.80137860391013	23.935006032281127	45.621894391729455	71.88202720183413	181.70772800462623	0.7227789850455544	3.3046866065261007	4.115149554122766	7.37584215079843	-7.946941664948135	11.037989040075317	-14.20710917832081	26.594912945355325	-14.20710917832081	5.15195827784736	8.018330849476364	20.076	8.986205345154387	9.438441249911877	7.555946874877151	8.039175826107636	73.64284341628058	0.047399248479764094
 archi-vowels-PSX.wav	éˤ	22	18.452	205.33633070066523	506.703	1890.395	2907.653	37.82549527710955	39.064899762051	28.957742517812918	27.00898736208765	30.804928792136003	38.73196033300749	37.26829454259003	18.495747267125818	39.47609696090689	48.55507422433987	26.555358834818215	48.55507422433987	37.26829454259003	32.2487476826366	45.80846346219497	70.52929741540156	147.1787069256621	-1.2394044849414456	10.107157244238081	10.816507915021901	7.02056648497355	-0.9064650558979395	18.77254727546421	-9.078977263432982	21.999715389521654	-9.078977263432982	2.2078024183168594	7.227349278270289	21.382	19.853654394424535	14.86121623159804	12.648397243957959	11.12746172682696	76.50861095793947	0.0812703364691608
 archi-vowels-PSX.wav	éˤ	22	18.479	184.75896171506864	575.708	1993.319	2906.082	38.445904326999994	40.63586886988808	28.28600419144667	22.87045983188839	24.75851479686954	32.51361933934851	32.91683479381283	14.76708215375721	39.461003928913186	45.51511879577984	33.28607418139856	45.82908837064333	32.91683479381283	30.44659581503346	44.783722314669674	71.9953019300763	139.91012838369505	-2.1899645428880845	12.34986467844141	15.575444495111604	13.687389530130453	5.932284987651485	18.149752640055624	-6.054114866866655	12.22904461438128	-6.368084441730147	6.544169135100354	9.014408113879725	19.931	17.70197640314967	14.463649819502852	11.34128772667255	9.053835270424674	75.64817279811078	0.08908335406090948
 archi-vowels-PSX.wav	éˤ	22	18.506	166.21331477065954	589.393	1838.01	2741.879	34.42072609950451	39.41642075690812	28.803670597251745	17.283802858543996	22.116468169954352	29.34798424759242	31.844785201521173	15.42702455709733	35.20944401936677	43.013017321660996	41.000133077497914	41.000133077497914	32.865638646347755	28.869779964340083	42.92224207670536	61.90222477270573	119.17644156076584	-4.995694657403604	10.612750159656372	17.136923240960517	12.304257929550161	5.072741851912092	16.417760644423844	-7.803573302294225	2.0128842441630823	-5.790689058131143	2.3438053730190163	6.339664055026688	16.378	9.69280762587448	8.270210906817596	7.153709601560258	6.539158784804951	71.94232352209174	0.052564845413027105
 archi-vowels-PSX.wav	éˤ	22	18.534	147.8895758518101	511.267	1698.35	2725.948	32.574300200223156	35.90948067882343	24.153795842177498	14.014185883826887	18.42523512194416	17.748296891675867	17.581895289200787	14.60361094191856	33.39619152810413	39.69261387058631	34.442909408109	37.054339002898296	28.40672613417153	13.083092703097714	39.70253420894146	54.24627719072084	112.24720294468415	-3.3351804786002717	11.75568483664593	18.56011431639627	14.149065078278998	14.826003308547289	2.9782843472822265	-6.296422342482174	5.249704462477304	-3.6581474747941627	4.989465393932601	20.31309882500642	0	7.940701406304241	5.850828295281926	4.821629714134536	4.667733606637711	67.92441437866319	0.04977048528149472
archi-vowels-PSX.wav	ó	23	18.935	--undefined--	472.658	3149.026	4266.688	--undefined--	--undefined--	--undefined--	--undefined--	--undefined--	--undefined--	0	0	0	0	0	0	0	0	--undefined--	--undefined--	--undefined--	--undefined--	--undefined--	--undefined--	--undefined--	--undefined--	0	0	0	0	0	0	17.61	5.367117168443309	5.065747096470426	5.060119240493487	5.0532079753391335	79.67673024676816	0.04990796607160053
 archi-vowels-PSX.wav	ó	23	18.972	226.3514927803115	448.052	3184.926	4120.142	39.51090300324392	34.37290512216916	53.77656153600014	34.164504034523254	24.45927596430129	24.84877901918961	0.750951588666944	3.9333222351948742	42.08582981600774	53.958985352015674	44.76095129469105	53.958985352015674	15.629269409014817	13.303066824188708	46.94626605688969	184.6004560758167	301.74865785440517	5.13799788107476	-19.40365641383098	5.3463989687206634	15.051627038942627	14.662123984054308	-3.1823706465279304	-11.873155536007935	9.198034057324627	-11.873155536007935	26.45656040699292	28.78276299181903	22.914	20.886826112292958	18.949074527562416	18.946981445402407	18.93316326905716	82.66116705581288	0.08551537704966747
 archi-vowels-PSX.wav	ó	23	19.01	212.40086875802163	437.207	3101.342	3886.235	41.227734005020224	32.70072870105072	45.58061503258607	31.702104693677455	28.54065349047641	18.104589600017682	2.1894724472609735	5.543097783152269	43.5815427859274	51.47695776560405	37.41786556587252	51.47695776560405	20.22749524319692	9.237724929917727	45.91671715631629	169.77838141313242	261.649124391871	8.527005303969503	-12.879886331535346	9.525629311342769	12.687080514543815	23.12314440500254	-3.3536253358912953	-7.8954149796766515	14.05909219973153	-7.8954149796766515	23.354047542730477	34.34381785600967	20.501	24.69234402339727	19.65270499149249	19.654166836610926	19.553114777852137	79.40231780637565	0.08713526226398109
 archi-vowels-PSX.wav	ó	23	19.047	207.26221982176077	426.936	2928.545	3971.678	39.68004162310774	32.488618415169455	37.13971182276009	31.491419079435445	27.778804179194672	29.927835616961882	12.069501990931876	8.5882572008945	42.03149104982301	51.0714698401066	29.041370317202087	51.0714698401066	20.611898353785318	16.89790759473319	45.92376888494541	149.9339297832071	269.38118749263356	7.191423207938286	-4.651093407590636	8.188622543672295	11.901237443913068	9.752206006145858	3.481244790037376	-9.039978790283591	22.030099522904514	-9.039978790283591	21.419592696037693	25.13358345508982	26.927	30.585879524197512	20.76063723952967	20.73231079363171	20.444509795634936	78.89731726836116	0.0784861491486643
 archi-vowels-PSX.wav	ó	23	19.084	204.74187433694976	406.274	1916.888	2819.632	37.484320148449655	34.6801981798973	31.302835936455427	34.572894331097785	23.860551415185565	30.702591596939676	25.990600541625103	11.641376824004873	40.09358831442056	53.70189773207155	23.36007722937136	53.70189773207155	25.990600541625103	22.476084038080263	47.18777204988253	71.68559994074634	138.39631135716522	2.8041219685523515	3.377362243441876	2.9114258173518692	13.62376873326409	6.781728551509978	14.34922371762023	-13.608309417650993	30.34182050270019	-13.608309417650993	14.102987772795455	17.617504276340295	22.388	21.427741668110215	20.077611202789384	18.490235229913214	17.93266007485753	79.48221387615517	0.07479782397981945
archi-vowels-PSX.wav	ó	24	19.603	220.136401273939	453.029	3112.259	4061.72	25.664595619524626	27.430343147281565	41.08192892473853	26.384138081959637	24.062909532492142	24.64264771583545	18.653929849209533	11.245670095743902	28.02396909685087	46.43633726564211	32.96186194912747	46.43633726564211	16.13557133503359	13.383598167702097	46.14044823669261	174.0076191799589	289.5504870880002	-1.7657475277569397	-13.651585777456962	-0.7195424624350117	1.6016860870324834	1.021947903689174	7.4082597534656305	-18.41236816879124	13.474475316514642	-18.41236816879124	11.88839776181728	14.640370929148773	24.817	28.549559559191763	20.95683767818148	20.966585190226667	20.92146380125761	78.45493418888366	0.018843101377901284
 archi-vowels-PSX.wav	ó	24	19.633	211.13468046173185	430.522	3110.701	3628.853	40.06360462305872	36.10764143252912	54.881338458117916	35.66141279098605	23.4566056725078	18.356918781981225	1.9378616286912158	8.277293278326008	42.46601499434522	55.2566744323622	46.4846817639642	55.2566744323622	14.820217135004665	14.801437053201564	46.12911249852659	170.2819544498215	229.19702267453022	3.9559631905296015	-18.773697025588795	4.402191832072674	16.606998950550924	21.706685841077498	-6.3394316496347916	-12.79065943801698	8.771992668398006	-12.79065943801698	27.645797859340558	27.66457794114366	25.23	25.047275749309854	21.059365667816454	21.05501627321093	21.005694773610465	82.87012566303373	0.09966243749957468
 archi-vowels-PSX.wav	ó	24	19.662	205.79902364676238	467.444	3109.609	3801.556	40.676627102406485	40.375493488734506	47.11978288983796	32.21136366221981	17.41109539064049	19.69275830390025	6.491399516770182	3.485568460294069	42.57112717289725	52.882847614684835	41.3209207963278	52.882847614684835	10.34614629730722	13.884380544510469	44.38513086218214	168.05912146220345	247.1654324615849	0.3011336136719791	-6.744289401103451	8.465263440186675	23.265531711765995	20.983868798506236	3.005831056476113	-10.311720441787585	11.561926818357037	-10.311720441787585	32.22498087559003	28.68674662838678	26.747	25.1246017378365	19.254764676380564	19.243862683268254	19.188436809683214	80.45132188427063	0.09373311565972661
 archi-vowels-PSX.wav	ó	24	19.692	200.58115866733647	448.134	2838.013	3761.54	38.89308520196814	36.29464140855414	18.799801128730586	29.304803937733247	23.636974591548828	26.248608600697587	9.092202019385292	0.7275992523366477	40.86112550064247	49.66132975932429	12.673944751697693	49.66132975932429	18.26823175114036	16.40266778398161	44.233151713516975	138.79068975456457	239.3088712655491	2.598443793413999	17.494840279823556	9.588281264234894	15.256110610419313	12.644476601270554	8.364602767048645	-8.800204258681816	36.9873850076266	-8.800204258681816	22.592893749502114	24.458457716660863	21.575	23.571189575326592	17.175101844214552	17.11917862352459	16.84291918795928	77.82975725643117	0.07351404127347827
 archi-vowels-PSX.wav	ó	24	19.721	195.53458805101556	412.164	2948.979	4414.508	36.23191980232031	32.670291608788006	27.196099310290414	30.198682355541663	32.52894299049891	33.274686778760696	15.693328516463227	10.580134203270594	38.45842846064569	49.5050860660764	19.55201713158357	49.5050860660764	24.802971459703777	13.936664331790249	45.67899937584272	147.8196270719108	321.563161373271	3.5616281935323073	5.4741922984975915	6.033237446778649	3.702976811821401	2.957233023559617	5.113194313192633	-11.04665760543071	29.953068934492833	-11.04665760543071	13.655457000941915	24.521764128855445	0	18.265969393104257	14.855850598365713	14.580299075810482	14.444628699865575	76.86290627416274	0.0622672652105368
archi-vowels-PSX.wav	ó	25	20.386	194.5112466860239	399.854	3287.386	4075.617	27.307151324645837	29.194639708477702	42.18513666805302	28.45713526351177	6.972658932191827	6.984696300747228	-13.547590744778981	-7.998601440467961	29.651233559945318	47.28112461148169	33.813475733213004	47.28112461148169	-4.0205939535470385	-3.7018195093364774	46.63220215817267	182.3178623529763	274.47142797901506	-1.8874883838318652	-12.990496959575317	-1.1499839388659332	20.33449239245401	20.32245502389861	-5.5489893043110206	-17.62989105153637	13.467648878268683	-17.62989105153637	33.67182751349236	33.3530530692818	29.251	16.538353943566	16.149778930229196	16.150410489476144	16.149145103708797	74.0714516788866	0.029550702746098893
 archi-vowels-PSX.wav	ó	25	20.425	198.67895937680768	430.245	3208.298	3975.228	32.70749986579105	31.861881799410533	37.162715521819194	27.186826819655714	21.20602828564017	16.536033343056182	-8.102074070262663	7.292549276109318	34.802683409371575	47.01664357099582	30.088674250750223	47.01664357099582	12.027721854295168	7.668827810093362	44.811633300957475	175.64030251159485	264.41612620994385	0.8456180663805171	-5.300833722408662	5.520673046135336	11.50147158015088	16.171466522734868	-15.394623346371981	-12.213960161624243	16.927969320245595	-12.213960161624243	22.77496155507641	27.133855599278213	27.98	28.230849679081803	24.10336269942597	24.100751361696865	24.049122479133345	74.52357965688181	0.039006283388735886
 archi-vowels-PSX.wav	ó	25	20.464	204.42105704911842	459.877	3134.899	3921.278	31.468157206571924	34.60150205643798	33.72511292232534	27.063382677425032	20.192424684176896	25.04552139464277	-1.2593130148676663	2.8994096058511696	33.401148783846764	47.59236219405669	27.66265749381807	47.59236219405669	12.660018765782722	17.09710553681411	44.34183700702794	170.1890413489551	261.2090614623757	-3.133344849866056	0.8763891341126424	4.404774529146891	11.275732522395028	6.422635811929155	-4.1587226207188355	-14.191213410209926	19.92970470023862	-14.191213410209926	20.74113001806404	16.304043247032656	26.303	29.368088197971673	20.527178572668404	20.510519175998184	20.44979085656092	75.59288413452386	0.05708250684246632
 archi-vowels-PSX.wav	ó	25	20.503	215.01232626928666	506.362	2938.652	3854.893	28.41964059196716	34.73457061433597	4.882297702035751	24.68605868482706	24.852107403469613	20.55591512736097	10.146813117334336	12.13784027648562	30.180484573687544	45.647379338043734	0.1728688636476909	45.647379338043734	20.475049595505638	12.398915908788625	46.84333356904932	153.687951948081	259.2385683205106	-6.314930022368813	29.852272912300222	3.733581907140099	3.5675331884975456	7.8637254646061905	-1.991027159151285	-15.46689476435619	45.47451047439604	-15.46689476435619	9.705434978181906	17.78156866489892	21.216	29.563490741257958	16.200304264119826	15.674175825208671	15.541467960515796	74.44723886280995	0.05242474133982671
 archi-vowels-PSX.wav	ó	25	20.543	196.56774584313638	430.828	2883.074	3556.835	32.39600737806489	26.63632927047727	18.17220231607134	22.623778644238985	15.120769397273122	6.814026576248082	15.561638077434177	1.4504056543089825	34.44352096052605	41.05143675212127	11.515378027657096	42.55369993045504	8.733317876287025	0.9146878801455305	44.55391968683299	141.7678347839316	213.1722120182877	5.759678107587618	8.46412695440593	9.772228733825902	17.275237980791765	25.581980801816805	14.111232423125195	-6.607915791595218	29.536058724464173	-8.110178969928988	25.710203084239026	33.52883308038052	17.373	12.86131282852747	13.718960985782555	13.461984735324892	13.393072549746513	70.4511951610613	0.04530201207124441
archi-vowels-PSX.wav	ṵ́	26	21.252	--undefined--	395.618	3210.091	3927.818	--undefined--	--undefined--	--undefined--	--undefined--	--undefined--	--undefined--	0	0	0	0	0	0	0	0	--undefined--	--undefined--	--undefined--	--undefined--	--undefined--	--undefined--	--undefined--	--undefined--	0	0	0	0	0	0	14.252	0.5002266718693398	-0.000837005974068063	-0.02675207436199078	-0.04871224712732848	71.35963447222872	0.029211994118429566
 archi-vowels-PSX.wav	ṵ́	26	21.286	190.689608765196	397.107	3261.984	4139.883	30.68501429582155	27.92344974439782	32.9756105368296	26.448121699615207	1.686945246161848	-6.905138736199227	-22.825032953264788	-17.40669835461349	32.96081988664717	45.24372117188125	24.897286758044782	45.24372117188125	-9.152255797540354	-19.10937972846241	46.465278510696415	177.9389137042897	280.19356796196763	2.761564551423728	-5.052160792431778	4.236892596206342	28.9980690496597	37.59015303202078	-5.418334598651299	-12.282901285234075	20.346434413836466	-12.282901285234075	42.11307568418753	52.07019961510959	10.565	13.405923116511492	10.057502984161626	10.057757689909534	10.057510062692877	74.58839269689788	0.05000670778939067
 archi-vowels-PSX.wav	ṵ́	26	21.319	176.89076109627612	374.327	3551.737	3971.694	31.75832621307194	34.70998510261978	38.59291132136901	32.50526547873157	4.596550879299116	-5.55567850373869	-18.640744895928673	-11.623512535932372	33.94043362350153	50.58885603397147	30.760657172138494	50.58885603397147	-9.101333044501247	-9.962585211599439	47.3845540887547	202.54852284640594	250.2344328870168	-2.9516588895478435	-3.882926218749226	-0.7469392656596341	27.161775333772823	37.31400471681063	-7.017232359996301	-16.64842241046994	19.828198861832973	-16.64842241046994	43.04176666800277	43.903018835100966	16.91	15.51227931194652	12.33514521782341	12.33526840606742	12.335009965341666	76.46860061237962	0.029180704415917056
 archi-vowels-PSX.wav	ṵ́	26	21.353	178.85907326092666	436.192	3654.277	3727.011	31.276603943084048	37.50837217530173	9.11516846651325	26.399951350304228	13.256157630240136	-9.362235905191067	-6.666044219535	-13.358348450536957	32.883267222676096	47.004223484241066	4.904111891673461	46.79405322415811	1.4913894076053724	1.4913894076053724	42.40006250724703	214.86488125661586	223.02986183870885	-6.231768232217682	28.39320370878848	4.87665259277982	18.020446312843912	40.63883984827511	6.692304231001956	-14.12095626156497	42.10011159256761	-13.910786001482016	31.391877815070725	31.391877815070725	12.352	2.573719602706503	1.562273380093406	1.562526862002318	1.561721672651368	75.15201748789883	0.04894572765940063
 archi-vowels-PSX.wav	ṵ́	26	21.387	157.42415612828518	462.988	1801.201	3059.614	25.786907216486068	31.481948877222653	24.117199608120213	28.509760200082294	16.77712733698741	26.074420277680012	18.567413342089846	-5.084963806394943	26.914654952351732	37.082606709611916	26.62791511896245	50.527206637769275	23.56056316188504	14.925189398818624	39.38766860288245	59.11447619370379	144.31397065136633	-5.695041660736585	7.36474926910244	-2.7228529835962263	9.009779879498659	-0.2875130611939447	23.65237714848479	-10.167951757260184	10.454691590649468	-23.612551685417543	3.3540917904666934	11.989465553533108	16.172	2.7175638069043018	2.9879022598560994	2.98348493726866	2.9825876548072645	74.1577874383028	0.0332254514336784
archi-vowels-PSX.wav	ó	27	22.329	249.02749306751568	1044.129	3142.942	4112.226	42.53859312125461	37.727050281622994	2.921223951106594	4.136610919972664	5.0683045987751	4.435008359035809	2.7418531255845213	1.6582059853607785	43.102497095486726	40.19049017249979	23.529502323640482	30.59692005727073	11.6619288654271	7.180298771218464	56.00848195951652	189.01971472585254	315.91437523881984	4.811542839631613	34.805826330516396	38.40198220128194	37.47028852247951	38.1035847622188	1.0836471402237429	2.912006922986933	16.66098784885931	12.505577038215996	31.440568230059625	35.922198324268265	15.127	11.98941420631481	4.469087714164816	4.330625464375549	3.9818739447996956	74.15992285966504	0.067483508020522
 archi-vowels-PSX.wav	ó	27	22.38	284.4166117768248	562.375	3049.658	4073.996	43.25493655668479	31.788613025328917	43.303203146426156	31.517529455316442	24.309644581907335	23.855852159711397	12.627535892465932	6.840120348392759	45.872228785323756	51.951160644377495	34.84241361034343	51.951160644377495	19.579221468672667	14.206025606773743	55.554133062168496	191.64394064033675	333.7499001808988	11.466323531355872	-11.514590121097239	11.737407101368348	18.945291974777454	19.399084396973393	5.787415544073173	-6.078931859053739	17.108747034034067	-6.078931859053739	26.29300731665109	31.666203178550013	23.687	23.97853404440803	18.12751178773827	18.10539764296903	17.96161204120922	80.46495540683098	0.07610246579905232
 archi-vowels-PSX.wav	ó	27	22.43	330.5065727556864	619.66	3029.057	4069.796	43.616101174086054	40.339402830501214	46.69562560002172	38.07570388122399	34.34953042387795	28.27858286883905	17.397273442832436	10.127247113629789	46.59830552032395	56.07764673387979	37.57789652439668	58.508954510673306	30.787537850566352	19.3894268997996	61.730235219558395	206.39528022664118	363.53086599856965	3.2766983435848402	-6.356222769520507	5.5403972928620675	9.266570750208103	15.337518305247006	7.270026329202647	-9.479341213555841	18.49975020948311	-11.910648990349358	15.810767669757595	27.20887862052435	20.081	22.222557854410407	20.330952436429477	20.33891915737194	19.96635800232527	86.51526017577687	0.08788333162056092
 archi-vowels-PSX.wav	ó	27	22.481	386.5447173482408	723.332	2927.042	3877.885	42.21680537238449	41.01557660810377	50.30385644238154	36.87917801575	22.154476396813287	27.918635982835124	33.74659582823456	15.736451886538756	45.26400770181703	56.88229964091123	42.15931389097168	57.79196661066369	21.476034546762435	22.67036502959978	69.59832730369868	212.63330705958683	365.53841102497387	1.201228764280721	-9.288279834277766	5.337627356634492	20.062328975571205	14.298169389549368	18.010143941695805	-11.618291939094199	14.722985749939546	-12.527958908846664	23.787973155054594	22.59364267221725	19.947	19.22814082244269	11.31212882246718	11.324160935353955	11.270880233357452	86.72057855926349	0.07279791024137516
 archi-vowels-PSX.wav	ó	27	22.532	381.1992211557038	740.416	1817.776	3567.718	36.24364870394943	18.566820822356263	24.61248953796678	19.64850927979584	21.642368953173836	29.560261146857176	33.355468421291306	12.49569109870011	39.28745427895787	39.26472871023317	24.93209870281385	41.842009866418024	33.355468421291306	15.358877246620523	69.18668177492758	95.13799093851931	309.449759992671	17.67682788159317	-6.0456687156105176	16.595139424153594	14.601279750775596	6.6833875570922565	20.859777322591196	0.022725568724695222	14.332630007419322	-2.5545555874601575	5.931985857666561	23.928577032337344	9.766	22.46844176637975	14.868723355597322	14.656056399782502	14.565258597726974	77.25166647131425	0.01081557379228656
archi-vowels-PSX.wav	ó	28	23.118	196.31671589900853	597.774	3259.217	4012.974	37.20514714281332	25.147285857437176	3.4160387669684606	11.32236145826116	18.868177838211004	13.983009694869345	10.019629382459849	5.967458174654347	38.22396746620277	30.138217065238194	6.683412969333293	33.8434877913	15.188163663481138	11.048688332650174	46.388008905144915	180.07999617729035	267.6722058418274	12.057861285376141	21.731247090468713	25.882785684552157	18.336969304602313	23.22213744794397	4.052171207805502	8.085750400964578	23.4548040959049	4.380479674902773	23.035803802721635	27.1752791335526	18.207	17.444650563743135	11.21046798383503	11.20683199902796	11.169371835776165	68.31424259822708	0.0468627558547391
 archi-vowels-PSX.wav	ó	28	23.142	213.9266258473455	480.356	3117.425	4323.06	42.36046368484541	31.44654199442421	41.040878909713655	23.832396599684934	20.786950181379996	22.40679690059389	1.1077336723388114	10.358526124662806	44.306338725323606	44.589710352614524	35.00071791234629	44.589710352614524	13.978196461201831	8.446716035710448	45.215811990490906	172.10988756864955	322.0430136138096	10.913921690421205	-9.594336915289446	18.52806708516048	21.573513503465417	19.953666784251524	-9.250792452323994	-0.2833716272909186	9.588992440268235	-0.2833716272909186	30.328142264121773	35.85962268961316	19.946	16.88676189471556	12.44597475926743	12.437627211026578	12.334398619828498	75.43982693319555	0.07977604635258208
 archi-vowels-PSX.wav	ó	28	23.166	206.6071702393285	579.528	3195.233	4434.217	39.55234104722676	39.04680342227555	27.927862391554093	19.169917749655596	20.30606652248479	21.02339443709948	2.0100485289379906	5.768511965233326	40.763713629398154	45.29085152948625	28.234635946811984	41.253737435678765	16.365089966774768	9.863943996358355	47.260982016964185	177.54930702152998	333.1245330057894	0.5055376249512094	11.118941030721459	20.382423297571165	19.24627452474197	18.52894661012728	-3.7584634362953357	-4.527137900088093	17.056215582674263	-0.49002380628061104	24.398623662623386	30.8997696330398	15.406	6.1418360545878254	0.029047318680870782	0.02351935294385901	0.002135674472193881	76.1433593161786	0.06442414097854321
 archi-vowels-PSX.wav	ó	28	23.191	158.49952230713052	584.484	3152.124	4120.682	27.067535687386307	35.860999218381565	14.967188330624035	16.83219362414128	16.37494009426356	9.788781747040936	0.2918351690084622	1.348260996595172	27.750869795400355	38.960033052639254	29.688596886451965	40.02605897328174	13.970002317286623	3.9150700237294425	41.99919655604055	153.40816545939043	255.94260688926425	-8.793463530995258	20.89381088775753	10.235342063245028	10.692595593122746	17.27875394034537	-1.0564258275867098	-11.209163257238899	9.27143616618729	-12.275189177881387	13.780867478113732	23.835799771670914	13.376	1.343433265634582	2.932098511579741	2.8335662113835154	2.795630575063109	71.9840409634365	0.028529231668392944
 archi-vowels-PSX.wav	ó	28	23.215	133.57472182167663	571.752	3119.466	4045.176	21.833863181084382	30.080084809774604	26.51695336811452	20.06794712886493	18.091424366383876	12.98078022986557	5.503391711989245	5.8294426164530835	22.335990648911277	32.275405439553836	43.69046462923465	43.69046462923465	16.147919004139442	8.095551319481979	39.06830896060432	140.4192037683758	230.806568879102	-8.246221628690222	3.563131441660083	1.7659160522194526	3.742438814700506	8.853082951218813	-0.32605090446383844	-9.939414790642559	-11.415059189680811	-21.35447398032337	6.188071644771835	14.240439329429298	13.992	3.1952971491583178	3.5516331389962685	3.2894428600694874	3.2186767703702324	69.53639952644014	0.01720510322445381
archi-vowels-PSX.wav	óːˤ	29	23.745	202.21579374972353	523.783	2642.788	3845.806	38.38505418001094	39.2910510688143	25.458552947436377	25.184187996885896	19.04793704303696	18.43638882044586	7.692539698726471	5.622113269699625	39.82937875533109	47.234771467188935	23.490444167521854	46.71769775571925	18.265532159983664	7.399425300249084	45.81219912922013	121.35845365708843	250.49501108401176	-0.905996888803358	13.83249812137792	13.200866183125044	19.33711713697398	19.94866535956508	2.0704264290268464	-7.405392711857843	23.74432729966708	-6.888319000388158	21.563846595347428	32.42995345508201	24.696	35.07370443265361	24.59892639161466	24.415598116606052	24.008314576099835	76.3907095637605	0.0772720774017006
 archi-vowels-PSX.wav	óːˤ	29	23.815	196.97787883409367	482.824	2185.168	3573.92	38.28896096216095	37.7512752952468	33.146971676549484	25.955028334594676	13.591049798461594	17.446625522717177	16.13532081841313	2.851084025970667	39.930261851780315	47.32395908385237	29.949665539123565	47.32395908385237	16.13532081841313	3.3434962338827914	43.467672192705805	85.23746420079851	215.33794454066538	0.5376856669141503	4.604303618697315	12.333932627566274	24.697911163699356	20.842335439443772	13.284236792442464	-7.393697232072057	17.374293544728808	-7.393697232072057	23.794941033367184	36.58676561789753	23.668	31.945544240734733	25.98515144062538	25.803500307316718	25.775774063957243	75.79003402223024	0.07788667690511565
 archi-vowels-PSX.wav	óːˤ	29	23.886	191.96528179584155	468.755	2136.94	3546.814	35.19082026025458	37.13133677697657	31.06096445815876	25.604506388928453	14.073475296022533	21.090910729558246	16.700693576039587	6.962669525542571	36.84426185666612	46.81784187429492	27.74880537447203	46.81784187429492	16.700693576039587	6.35183201337219	42.932983853565744	81.26119249624666	209.6865760325873	-1.9405165167219849	6.070372318817807	9.58631387132613	21.11734496423205	14.099909530696337	9.738024050497016	-9.973580017628798	19.06903649982289	-9.973580017628798	20.143568280626535	30.492429843293934	28.612	33.002432954763286	27.167273639164367	27.049998890503183	27.028537257494666	74.74430930166992	0.05871441092065738
 archi-vowels-PSX.wav	óːˤ	29	23.956	183.86679839762417	524.061	2136.303	3527.56	33.183076490708906	41.40428995085922	31.3213945320989	24.20904232392172	11.16043241462527	18.362340344407954	16.011658759420577	7.282507203662135	34.3825743597575	47.48656988033515	32.66798916364128	46.3218199540636	16.011658759420577	6.0426149418784085	43.82636932007491	79.62640795842695	203.4413948626026	-8.221213460150317	10.082895418760323	8.974034166787185	22.022644076083637	14.820736146300952	8.729151555758442	-13.103995520577655	14.818580716693873	-11.9392455943061	18.37091560033692	28.33995941787909	27.543	30.600450223582524	25.170905873428513	24.826876719785353	24.797833537771975	76.34688283120006	0.04703118674111812
 archi-vowels-PSX.wav	óːˤ	29	24.026	182.43683593168407	512.159	3115.289	3500.241	29.605862321821633	37.59638496641817	33.196737787221295	19.73292651967921	14.094243450207308	13.153526461211928	7.158778034620829	14.56879464441757	30.807767470608557	43.79222386541911	33.41453666564795	41.42054352435171	9.095615399927192	16.836763242983157	43.44801056389634	159.40618483612243	199.7329379584182	-7.990522644596538	4.399647179196876	9.872935802142422	15.511618871614324	16.452335860609704	-7.410016609796742	-12.984456394810554	10.37768719977116	-10.61277605374315	21.712152070681363	13.9710042276254	0	34.916041878781	23.592826268564707	23.54560552715806	23.4917959377292	72.94364232335566	0.031980593009290015
archi-vowels-PSX.wav	óːˤ	30	24.831	191.41056608365366	559.602	2662.672	3863.174	30.47105194023308	35.94852743823441	29.09299060104166	25.54755530660737	16.70544257970557	20.506023167146118	14.628630520930027	10.85766540435866	31.591693324416944	41.55662259337571	31.009682579682515	47.803106749720655	17.152249865986786	10.853979912961446	45.26601893776361	119.9653063221148	246.16796501291742	-5.477475498001326	6.855536837192748	4.92349663362571	13.765609360527513	9.965028773086964	3.770965116571368	-9.964929268958763	10.546940013693192	-16.21141342530371	14.439443458430159	20.7377134114555	21.911	10.515067025335668	7.367965572668379	7.29329016026945	7.265193700967343	76.83474405025602	0.08384316179874243
 archi-vowels-PSX.wav	óːˤ	30	24.891	181.89072750527865	574.401	2400.729	3921.724	32.06302972740934	33.567410929680534	34.12514718170195	15.590087769657075	14.612456326028507	12.466990673186196	20.274995660703404	4.083927716694438	33.02709115272262	38.18818416193949	39.27127041107315	38.35002881946628	18.37465135832403	-0.45609206763413795	44.44686043730671	96.56976160633809	247.3959403893945	-1.5043812022711975	-0.5577362520214137	16.472941957752262	17.45057340138083	19.59603905422314	16.191067944008964	-5.16109300921687	-1.0830862491336575	-5.3229376667436625	14.652439794398589	33.48318322035676	25.876	13.477753350444324	11.8078930126862	11.737008947202241	11.73357666417942	71.85804133168051	0.05974226692216042
 archi-vowels-PSX.wav	óːˤ	30	24.95	167.22040463171663	770.129	2250.43	3336.389	31.046309901553702	40.21673980995853	25.69353864905965	13.834312474808765	8.20504426084901	-0.9082305573370419	19.469478191233474	4.322366643533092	31.513531463735184	42.223078132908014	38.50178167140109	39.65051877984544	19.469478191233474	-1.3754510799293835	44.769029271594	83.10694092270622	175.2624513592402	-9.17042990840483	14.523201160898882	17.211997426744936	22.84126564070469	31.954540458890744	15.147111547700382	-10.70954666917283	3.721296461506924	-8.136987316110257	12.04405327250171	32.88898254366457	23.573	26.204564314905493	20.114980757513408	20.090650915978475	20.081911413471836	71.18012672154218	0.06468408948562746
 archi-vowels-PSX.wav	óːˤ	30	25.01	165.19912741636458	796.425	2196.385	3537.953	28.934933972129663	39.1159124240411	20.59125787465172	5.180778139303605	-3.079413066400072	2.863303411581054	9.51037165263702	-3.0710935267494053	29.366010119592595	40.95335145332559	31.445024046630138	31.445024046630138	9.51037165263702	-0.9069342802301956	44.70104490037829	79.40110043082848	195.1299674335782	-10.180978451911436	18.52465454938938	23.754155832826058	32.014347038529735	26.07163056054861	12.581465179386424	-11.587341333732994	9.50832740669545	-2.0790139270375434	19.855638466955575	30.27294439982279	26.51	31.95605554215003	24.453665284939742	24.378497041265327	24.36159645312096	69.87264346694242	0.060169500365303316
 archi-vowels-PSX.wav	óːˤ	30	25.069	161.44059916849787	558.119	3410.556	3726.36	18.544786170372166	29.951686629039777	7.935036517299004	-1.7789126032898501	13.628641733429664	1.7061826439835528	-3.1645885010261923	-6.1347198169550925	19.32041109024254	33.54762408494724	17.435904523967675	20.956992813498804	8.327484129480831	8.327484129480831	41.94610004940447	180.12133550226216	213.21957579857678	-11.40690045866761	22.016650111740773	20.323698773662016	4.916144436942503	16.838603526388614	2.9701313159289002	-14.227212994704697	16.111719560979562	-1.6365817232562634	10.992926960761709	10.992926960761709	26.471	4.778277094893318	2.7589011315951066	2.7420217265505165	2.7165818428536186	61.7707944803571	0.029253476067006977
archi-vowels-PSX.wav	óˤ	31	25.773	211.14819350462358	596.515	2149.261	3598.536	37.79234568188532	38.61070514732631	32.12197002949236	24.650400249273012	25.070145360572532	25.243912148080433	31.625528019852972	9.020457259042695	39.03395731443473	44.9285229380532	33.52934444934871	47.25211906459049	31.625528019852972	13.796821657137787	48.02217628276476	85.82090038748642	225.58150775283426	-0.8183594654409845	6.488735117833947	13.14194543261231	12.72220032131279	12.54843353380489	22.60507076081028	-5.894565623618469	11.399178488704486	-8.218161750155758	7.408429294581758	25.237135657296943	27.614	20.588405243450268	9.814989434783374	9.455167855490034	9.435992895942654	77.85489540520027	0.08680625706029371
 archi-vowels-PSX.wav	óˤ	31	25.814	216.71295089490982	624.664	2200.721	3626.163	40.19795297894931	42.081797402003026	30.169441231504848	26.62391861614946	27.68746325880263	27.673711972914628	34.434848296875195	8.996438681433155	41.391778684723086	48.07464856331058	32.2919325304979	49.47814390094858	34.434848296875195	17.18785653494061	49.03708570259016	90.31082001552572	231.83603258100644	-1.8838444230537164	11.912356170498178	13.57403436279985	12.51048972014668	12.524241006034682	25.43840961544204	-6.682869878587496	15.78271603281268	-8.086365216225495	6.9569303878478905	24.203922149782475	30.047	33.37692900577124	25.445352884385454	24.850411515247153	24.820775862300387	80.12019824638304	0.11934165562497767
 archi-vowels-PSX.wav	óˤ	31	25.855	224.94357308777984	635.664	2258.173	3631.967	38.369557584569115	40.084525627134	32.73958402114635	28.44793683142984	24.41300105398323	23.45597949816053	30.699885953399825	6.369015819944482	39.61329753271723	46.41093467758828	34.20476175644173	51.25433782316107	30.699885953399825	13.755612995316955	50.10630976001951	96.05169115450317	236.92329341201025	-1.7149680425648839	7.34494160598765	9.921620753139276	13.956556530585885	14.913578086408585	24.330870133455342	-6.797637144871047	12.206172921146553	-11.64104029044384	8.913411579317408	25.857684537400278	27.406	22.083598033961465	18.735949265326454	18.351257695678328	18.33362630012172	80.652796910359	0.0962462270952863
 archi-vowels-PSX.wav	óˤ	31	25.896	245.76335380090583	668.902	2212.13	3632.453	38.14048049435182	35.02320702082318	36.460172498650834	24.525103789893627	24.058707984640513	25.553549128628422	30.266905865669308	3.9001492294098528	39.502590529775354	42.12959596544037	37.08954354031344	47.42475096380787	31.42167913772341	15.789088060155883	52.86985400851317	97.14121738253074	248.07236396529402	3.117273473528641	-1.4369654778276555	13.615376704458193	14.081772509711307	12.586931365723398	26.366756636259456	-2.627005435665019	5.04005242512693	-7.922160434032513	8.080911392051945	23.71350246961947	24.672	27.390941239475495	16.10996212848579	15.630698625750545	15.610270622249836	78.97982169432791	0.0791310852825776
 archi-vowels-PSX.wav	óˤ	31	25.937	276.34848719720543	597.508	2340.988	3537.047	41.712122368886966	23.469992820766524	23.817171705916614	18.118718308508015	15.763359959179141	31.09083834065584	24.30818922869388	10.348891865543553	43.90873704904345	39.40170348356127	18.358316118845334	39.40170348356127	19.057208829323784	21.833844309881755	55.30106051650235	114.0292783720514	251.3120076887466	18.24212954812044	-0.34717888515008966	23.59340406037895	25.948762409707825	10.621284028231127	13.959297363150327	4.507033565482182	21.043387364715937	4.507033565482182	24.85152821971967	22.074892739161697	0	11.01356427749764	8.560482269181101	8.062316704103013	8.023827817588495	72.63277400032227	0.07684858315679151
archi-vowels-PSX.wav	óˤ	32	26.572	196.81132512007377	554.498	2168.776	3567.044	24.86913250153017	32.170621654494525	25.482872055787293	21.212194229682634	17.336326607295824	17.197395864746856	22.606900236926684	1.8037694147877612	26.10459761503689	38.479948393502696	26.56336508500019	43.48604820367213	22.606900236926684	5.443332382797506	45.77526750742434	84.17322545215069	214.46431238761647	-7.301489152964354	6.6877495987072315	3.6569382718475367	7.532805894234347	7.671736636783315	20.80313082213892	-12.375350778465805	11.916583308502506	-17.381450588635236	3.4976973781102068	20.661265232239383	18.339	4.706785935290555	0.9674363773482464	0.7351437106434335	0.6286546341246981	73.02308228255083	0.052500537607836975
 archi-vowels-PSX.wav	óˤ	32	26.607	187.3817530841825	556.751	2217.342	3553.598	31.133526498678318	36.77445320794952	25.642024266182098	23.87127774608826	19.319603795413343	19.704925213124103	20.22663700594226	0.648665845136537	32.235139968290135	42.21814512713523	28.470384862354592	46.34985190727765	24.337194083537295	9.038571440683809	44.77655981932685	85.29616428470537	208.11010115279626	-5.640926709271202	11.132428941767422	7.262248752590057	11.813922703264975	11.428601285554215	19.57797116080572	-9.983005158845096	13.747760264780638	-14.114711938987519	7.89794588475284	23.196568527606324	24.73	17.061107448166027	10.696890278636006	10.561227220352535	10.557406810722291	74.85439403115055	0.06450433043080821
 archi-vowels-PSX.wav	óˤ	32	26.642	172.1933186195938	543.814	2210.741	3594.511	31.984964331418613	39.139347165554284	28.765568308083303	28.180723052510146	21.630526347710337	24.392727816174713	26.61340905173358	-1.3851895448550013	32.95147014336424	43.76911511338338	33.96029070564547	50.80289037874742	26.61340905173358	12.950448628668877	42.89890633697372	81.71246447726739	204.76385243967695	-7.154382834135671	10.373778857470981	3.804241278908467	10.354437983708277	7.592236515243901	27.998598596588582	-10.817644970019138	9.808824407737909	-17.85142023538318	6.33806109163066	20.001021514695363	24.817	22.573321045305825	14.93818911192369	14.78500137590041	14.790909389739413	76.95012496652167	0.0870390406402286
 archi-vowels-PSX.wav	óˤ	32	26.677	169.83909808761322	528.96	2197.895	3620.175	31.967364756690387	37.81045248444464	31.809143705069513	20.5448034587684	16.11840848650315	20.51033816327272	18.660069608132215	-0.5028204897127466	32.96007511174379	42.59880410867916	36.36970214485862	43.00606898786137	20.781094377855798	8.096564475298969	42.39023691910529	80.44794001639322	206.3041204556496	-5.843087727754252	6.001308779375126	11.422561297921987	15.848956270187237	11.457026593417666	19.16289009784496	-9.63872899693537	6.22910196382054	-10.045993876117578	12.178980733887993	24.863510636444822	23.395	12.124341734699096	10.434797062423673	10.274913679318576	10.266499877406032	71.50858995797643	0.07756699525354774
 archi-vowels-PSX.wav	óˤ	32	26.712	173.92548540728285	453.095	2199.984	3734.273	33.58966136028839	30.902056816955014	25.862242103429796	14.077705589420386	18.2600390657222	21.84588433771358	17.09667917992056	-3.5310634613614598	35.019151017730834	38.70797479518243	24.120518869619538	35.28153481840149	19.983765092860065	5.0426402323062955	41.29444764144027	81.41779647226296	221.08290349798116	2.687604543333375	5.039814713525217	19.511955770868003	15.329622294566189	11.743777022574807	20.62774264128202	-3.6888237774515957	14.587455925562892	-0.2623838006706549	15.03538592487077	29.976510785424537	21.167	17.723961379573325	11.291019229960046	10.800560079649717	10.801329039608463	66.56507247719776	0.06994169111942636
archi-vowels-PSX.wav	í	33	27.229	251.1577730830044	406.853	2742.865	3567.546	38.75489389066431	31.790777988248937	15.735980633639034	19.455945996559418	26.622476698757367	28.489922927357625	-4.96831969480726	14.716913478231252	42.905250210541155	37.41994050706021	2.893006657012857	37.50567856771072	19.435012361358535	18.023203884813157	52.287978743578066	145.48976586304207	242.49245995693073	6.964115902415376	16.054797354609903	19.298947894104895	12.132417191906946	10.264970963306688	-19.68523317303851	5.485309703480944	34.52693385004736	5.399571642830438	23.47023784918262	24.882046325728	17.087	7.585827394214829	7.471789852704286	7.46980176964594	7.356934926925028	71.64779066179783	0.0427451719973751
 archi-vowels-PSX.wav	í	33	27.247	244.9976893833919	431.093	2707.671	3643.43	39.94708763144482	29.920576975189306	19.680812030907827	21.209782461550947	32.11916331753865	32.29257863627512	-1.9229519894961329	19.78884427904368	43.35430522958963	40.22422508506851	8.546349569521697	40.22422508506851	26.397635862699154	21.073225273094355	49.71778941502028	140.04141284115983	249.08600900930068	10.026510656255518	10.239764944281479	18.737305169893876	7.827924313906173	7.6545089951697065	-21.711796268539814	3.1300801445211164	31.677875515546816	3.1300801445211164	16.956669366890473	22.281079956495272	25.681	17.107715610063345	17.170884198031953	17.157650947006424	16.35132113689274	73.82169873261742	0.04643225177554646
 archi-vowels-PSX.wav	í	33	27.265	246.44239218272318	426.857	2713.821	3547.6	41.76574371840832	31.256080770398437	26.804008433695437	21.68861901639523	37.35762036970546	35.15289007764365	5.784728057025932	18.538822919646773	45.30184358389224	40.53921963232664	15.34246149235923	40.53921963232664	31.37649303534124	25.539202619980045	50.14024153748082	141.09401352814388	237.51522588254832	10.509662948009879	4.452072336703001	20.077124702013087	4.408123348702858	6.612853640764669	-12.75409486262084	4.762623951565601	25.19675813996741	4.762623951565601	13.925350548551002	19.762640963912197	29.729	26.665921007726258	25.650181100805632	25.587684304978765	22.97102643229595	75.40140451127722	0.056552591652941527
 archi-vowels-PSX.wav	í	33	27.283	247.51456348305464	417.65	2711.604	3412.75	42.29866466511572	32.55030859856502	31.93759823241505	21.769146738283823	33.31791405268995	34.23771249650267	7.163403181237745	14.81891172050426	46.06066751526305	40.287248922992546	19.93662327945582	40.287248922992546	26.9517753682555	26.84044108652822	50.93071197411048	141.19501706441378	221.03977518624305	9.748356066550706	0.6127103661499689	20.5295179268319	8.980750612425773	8.060952168613056	-7.655508539266515	5.773418592270502	20.350625643536727	5.773418592270502	19.10889214700755	19.22022642873483	26.481	32.228115737622424	32.033304056860786	31.731228608073806	25.391438861674263	75.8442813930074	0.059240327915140625
 archi-vowels-PSX.wav	í	33	27.301	241.4649042000798	407.532	2471.459	3111.95	42.5682480473298	32.19623133346955	33.491943182824045	21.664822361545088	32.680641031403354	27.483826785482684	15.958890231755621	11.753392881842743	46.33468672530019	39.96526563124578	21.692389862605065	39.96526563124578	28.327693732905637	22.047390332425728	51.14804373334488	116.91531439085304	182.40440435627966	10.372016713860255	-1.2957118493544968	20.903425685784715	9.887607015926449	15.084421261847119	4.2054973499128785	6.36942109405441	18.272875768640713	6.36942109405441	18.00699299239455	24.28729639287446	21.19	21.504776359347858	21.20148833714593	20.366201597778616	18.976537936872123	75.88076226346735	0.06370880257030052
archi-vowels-PSX.wav	í	34	27.857	227.48209624519185	396.742	2610.59	3410.825	31.235881765770603	29.828923276430206	23.866837394443117	22.91640982290222	23.218442236835248	24.656197525357026	-0.3906378996280366	10.243167592877157	34.69791122328091	39.413697111959046	12.44868226453429	41.03025427589559	17.284210017032994	15.106398576677131	50.66686579231625	125.64400893230534	211.3390615056949	1.406958489340397	5.96208588198709	8.319471942868383	8.017439528935355	6.579684240413577	-10.633805492505193	-4.715785888678134	26.965014847424754	-6.332343052614675	17.413701206247918	19.591512646603782	13.458	2.3228321662894045	23.49550052387094	23.98234644253952	24.96666613166335	69.24582771182435	0.027254813475853918
 archi-vowels-PSX.wav	í	34	27.88	222.82144740796537	428.807	2754.662	3519.401	37.624932128894045	24.650713809722575	20.00680838575788	22.730322257212663	28.58725716263936	25.559117667531613	-2.8259757873346034	11.997598743000463	40.38056005725938	42.08651974181133	10.57900536645314	42.08651974181133	22.75399062497985	17.655823700763523	47.48089022662173	137.8836452328127	222.0803460447073	12.97421831917147	4.643905423964696	14.894609871681382	9.037674966254684	12.065814461362432	-14.823574530335065	-1.7059596845519494	31.50751437535819	-1.7059596845519494	17.62656943227953	22.724736356495857	19.337	5.268780991416669	5.17511517294195	5.147495970641513	4.914917944723422	71.88264385612857	0.045413349179873795
 archi-vowels-PSX.wav	í	34	27.902	216.28271463140746	412.536	2645.873	3427.209	40.40835365503257	27.115921173403027	20.96140734063379	24.62898612331998	30.650079756959336	37.003860051370225	3.1194337280511126	17.815621221453874	43.21817305763952	43.57022647475407	11.355204246126867	43.57022647475407	25.28495738463041	28.60306551261121	47.92921878121921	125.68233675799767	207.95624560493746	13.292432481629543	6.154513832769236	15.779367531712591	9.758273898073234	3.4044936036623454	-14.69618749340276	-0.3520534171145542	32.215022228627205	-0.3520534171145542	17.93321567300911	14.615107545028309	24.629	22.116215477047568	21.672794316599205	21.563909267826673	19.79911083401	73.66930988834916	0.05754386225892901
 archi-vowels-PSX.wav	í	34	27.924	214.72631491242694	390.945	2658.469	3312.789	41.61926965437578	30.964914768828788	29.766102252966874	25.290168355071824	36.01631751040722	35.81903846686875	6.895986415926534	19.011635041938582	44.738093970771146	43.40445217989897	19.108054612398963	43.40445217989897	29.61205440686504	29.103081935499983	49.847840880015525	126.38004894460623	194.08157998002585	10.65435488554699	1.1988125158619134	16.329101299303954	5.602952143968558	5.8002311875070305	-12.11564862601205	1.3336417908721785	24.296397567500005	1.3336417908721785	15.126039563906104	15.635012035271163	26.335	29.01459297987489	27.75293431257248	27.34932065423665	20.70844852451627	74.37077303718682	0.06556187848511405
 archi-vowels-PSX.wav	í	34	27.946	208.1584155088808	394.006	2532.37	3055.154	40.47254451000933	23.0873837487653	24.67211833062495	21.229656188071175	24.335170539346468	16.52387848693606	7.987494087211885	10.632532312003269	43.3272637925827	38.62310789860483	14.906530728006917	39.62390935671205	19.423043018675223	13.767822043398732	48.76376566559881	113.50091835042682	163.24585010916658	17.385160761244027	-1.5847345818596494	19.242888321938153	16.13737397066286	23.94866602307327	-2.645038224791384	4.70415589397787	23.716577170597912	3.7033544358706507	23.904220773907475	29.559441749183968	26.261	26.713776695998863	25.340558450355527	25.17903152515361	21.901844449440592	73.1675432310347	0.05769305596196187
archi-vowels-PSX.wav	í	35	28.843	227.67984533101128	422.146	2513.443	3318.123	40.03628340716922	29.56901306922735	20.537118922557518	25.054557324568382	24.691910394027616	27.30199328804649	12.540908829947053	12.37162517879555	43.0506162885057	43.76506647677628	10.54236776211239	44.138230844210725	20.806413606184112	19.090721700490153	48.439151193464035	117.02280683597466	200.48782362879388	10.467270337941873	9.031894146669831	14.98172608260084	15.344373013141606	12.734290119122733	0.16928365115150257	-0.7144501882705825	33.22269871466389	-1.0876145557050236	22.24420268232159	23.959894588015548	24.51	17.983789185108762	16.580652527322272	15.814821934008274	14.858957661798172	74.58423648944239	0.06606913622159581
 archi-vowels-PSX.wav	í	35	28.879	240.88593796775595	441.312	2586.278	3341.826	38.86149422240403	30.495225764266223	18.78231396796265	24.410329629732168	30.403941895106577	26.39667824859319	7.0101341444874885	9.00989849208806	41.96844490621693	43.83162262927509	8.60044633973127	43.83162262927509	26.33987393770974	19.43307063015324	48.74547023427325	127.12660042326699	209.26203083317614	8.36626845813781	11.712911796303572	14.451164592671866	8.457552327297456	12.464815973810843	-1.9997643476005722	-1.8631777230581577	35.23117628954382	-1.8631777230581577	15.62857096850719	22.535374276063692	23.569	24.285985968453417	23.852665680213168	23.24712982773532	21.33250275020888	74.20178246297438	0.06565811094851436
 archi-vowels-PSX.wav	í	35	28.915	254.46740161868033	439.096	2743.653	3351.563	39.52767223122717	29.933578365383195	18.364912826348124	20.318666880172547	31.093304057954686	26.224033431861017	8.594693220691422	14.01789854198649	43.10205825636131	39.02472559604236	6.880545038412539	39.396037730929685	25.187617548119828	21.491631332506262	50.287823812457766	146.593424891877	216.64243724068615	9.594093865843977	11.56866553903507	19.209005351054625	8.434368173272485	13.303638799366155	-5.423205321295068	4.077332660318952	32.144180557629824	3.706020525431626	17.914440708241482	21.610426923855048	19.051	21.300354784693685	22.09464690272882	21.93995315726566	20.700334245783388	73.21929190037694	0.06653222524111302
 archi-vowels-PSX.wav	í	35	28.951	252.71226867681926	407.509	2731.172	3497.946	33.356493459054064	25.36919452657598	10.271049722767806	13.35701228134128	21.892947368395017	21.964899707979626	-2.046264454384753	1.6162091036282398	37.55570958453837	30.790380235710174	-2.637680020379864	31.405017045004342	14.814341449495238	12.643787883444134	52.396901607101455	144.76568555119334	234.31724739595467	7.987298932478083	15.098144803808175	19.999481177712784	11.463546090659047	11.391593751074439	-3.6624735580129926	6.765329348828196	33.428060256090035	6.1506925395340275	22.741368135043132	24.911921701094236	16.2	18.177191885941365	16.274245135763692	16.234382642334296	15.278870758302274	67.64901825467311	0.03497509971092322
 archi-vowels-PSX.wav	í	35	28.986	239.57183876079478	297.156	2647.018	3429.44	20.93242315734115	16.66251965365752	11.287477032788019	16.101528277061096	15.131227763452546	17.638725283581095	-8.77663293645641	-6.428665803216535	28.853767742160397	12.828919851044152	-6.825535452290775	28.853767742160397	3.591610896696741	3.089402852171082	70.18749758610747	132.5011809334508	219.33109652259913	4.269903503683633	5.3750426208695	4.830894880280056	5.801195393888605	3.293697873760056	-2.3479671332398757	16.024847891116245	19.654455303334927	0	25.262156845463657	25.764364889989317	0	19.653107592612248	19.17211274446849	19.10169817740908	17.204594228112676	59.31945920918936	0.01487003581646656
archi-vowels-PSX.wav	í	36	29.567	218.10947000500417	419.368	2573.467	3228.315	41.9462434908408	30.343810416113854	24.747736879285867	28.426363169860334	31.791707623554583	20.870858814325224	13.033335236537333	14.405408735371896	44.71115725609168	47.589077614273165	15.399693152012397	47.589077614273165	27.38284378373907	15.64278906744625	47.60031854724823	119.7130493370846	186.03003302403957	11.602433074726946	5.596073536827987	13.519880320980466	10.154535867286217	21.075384676515576	-1.3720734988345633	-2.877920358181484	32.18938446226077	-2.877920358181484	17.32831347235261	29.06836818864543	21.338	28.176729711880114	27.604732413350344	27.04017398246155	23.568916080890155	76.44227735118334	0.05449134342613154
 archi-vowels-PSX.wav	í	36	29.596	209.9690531989051	408.894	2638.053	3242.805	41.11060654149069	30.43582905185059	27.03059506427584	29.482448705891674	37.25344939738822	29.23470564965368	10.4122513817586	7.246647148774418	43.78710017798345	48.415105174929984	17.838090761629743	48.415105174929984	31.931979852372393	24.608079234572926	47.5389463691448	123.16338953293636	184.17024397049508	10.6747774896401	3.40523398757475	11.628157835599016	3.857157144102466	11.87590089183701	3.1656042329841814	-4.628004996946537	30.57701441330024	-4.628004996946537	11.855120325611054	19.17902094341052	22.079	17.654751265912378	17.369670250072517	17.1669048715733	15.159201469429233	76.74897152090074	0.04993778305894849
 archi-vowels-PSX.wav	í	36	29.625	189.6239634491076	389.881	2730.079	3293.586	35.507647013490455	34.68833226768424	27.89031096238188	33.99121732337082	31.76666977297827	26.98644576445046	6.071705383777683	9.791494654973402	37.85987340072677	52.563501010401474	19.72006417413105	52.563501010401474	25.15216357916335	22.549103516765356	47.08245186179694	125.34796558110656	180.82740719404796	0.8193147458062171	6.79802130530236	1.5164296901196366	3.740977240512187	8.521201249039997	-3.719789271195719	-14.703627609674705	32.84343683627043	-14.703627609674705	12.70770982156342	15.310769883961413	17.37	13.332791610595132	13.049827186692484	13.040113121901832	12.668132636114018	77.75514209038042	0.02397831289096257
 archi-vowels-PSX.wav	í	36	29.655	176.40466201794987	364.73	2734.754	3279.969	31.17494477271108	26.087405172483535	18.425273982626877	25.282421874653615	31.002604981318427	27.134045918626946	-2.778921830518783	6.405932444570754	33.48466571946685	42.98794733491356	10.287705495479225	42.98794733491356	23.455147477064177	22.24546318531585	48.56847849553164	121.7056332023516	173.59196098191646	5.087539600227544	7.662131189856659	5.892522898057464	0.17233979139265188	4.0408988540841335	-9.184854275089538	-9.50328161544671	32.700241839434334	-9.50328161544671	10.02951824240267	11.239202534150998	15.881	2.584271035796919	2.2692035504620525	2.2611516446339572	1.8856945698996412	70.3553219821554	0.019581170866218807
 archi-vowels-PSX.wav	í	36	29.684	158.12473265570915	373.358	2653.462	3113.965	28.076771003872842	15.15241970527627	-2.094077961241913	15.6046954003263	17.391562830702732	9.89603294763657	-3.7448409180464157	-3.188564290363118	29.801656245595215	25.652219299965115	-7.014638778807276	34.13861263759777	11.425817347038867	8.415824273799718	45.25863781211289	109.52829789934218	149.65164724229894	12.924351298596573	17.24649766651818	12.472075603546543	10.68520817317011	18.180738056236272	-0.5562766276832978	4.1494369456301	32.66685807877239	-4.336956392002552	18.375838898556346	21.385831971795497	15.391	2.9829676975001247	2.5320169480099874	2.4768740065003776	8.150021643535027	60.97245593332307	0.019421470599602236
archi-vowels-PSX.wav	íˤ	37	30.322	286.5521767376464	469.061	2683.929	3401.845	38.03560507630119	33.009469480538	18.906696427708326	20.05026986494721	38.05401811933575	36.20000527287843	15.937536460563615	16.771358205859993	42.12714581298389	39.323475234152255	6.779571867037157	39.323475234152255	33.321444155698806	29.901781816569066	52.787804805965585	149.9853262277811	238.0268618533724	5.026135595763186	14.102773052829676	17.985335211353977	-0.01841304303456326	1.8355998034227596	-0.8338217452963779	2.8036705788316354	32.5439033671151	2.8036705788316354	8.805701657285084	12.225363996414824	17.097	5.594171446671638	7.737685343077177	7.761916678231644	5.1580772839448406	72.90123382474225	0.03135572889243853
 archi-vowels-PSX.wav	íˤ	37	30.364	280.03612415192475	339.552	2864.617	3474.145	43.30390107692766	42.67026994106362	26.925518555478178	35.1443383106499	46.61599306823505	43.29258840172953	17.72462454709354	27.081539195495388	52.194024212556094	38.282800655430286	8.573711306493502	49.55982136626902	34.65479465240933	33.11949053192602	66.07080237127443	168.04853490985818	244.64428404387465	0.6336311358640359	15.744751385585445	8.159562766277759	-3.3120919913073905	0.011312675198126954	-9.356914648401848	13.911223557125808	29.709089348936786	2.6342028462870744	17.539229560146765	19.074533680630076	24.119	24.61821086257141	24.07922350445125	23.94379742094258	19.51236031268524	79.41400498717148	0.0904298209222935
 archi-vowels-PSX.wav	íˤ	37	30.407	236.07172031835518	413.736	2867.05	3366.2	40.86134002001789	30.3822302358451	19.47796167803739	21.746765007837624	35.8910504622182	31.450821090249903	11.686894612998156	17.50425330937256	44.283254895333435	40.31671545786766	8.035978948278036	40.31671545786766	28.149644654335155	28.149644654335155	50.00144090029316	153.52809061066492	210.0014153238402	10.479109784172792	10.904268557807711	19.114575012180268	4.970289557799688	9.410518929767989	-5.817358696374406	3.9665394374657765	32.28073650958962	3.9665394374657765	16.13361024099828	16.13361024099828	16.606	11.793234252637419	11.866208347616789	11.803458339060827	9.449263684084313	74.44460014587818	0.07253248631702887
 archi-vowels-PSX.wav	íˤ	37	30.449	169.33317782459787	445.795	2856.881	3543.742	30.777624146586014	31.043255968713034	20.100203025894622	15.213736242095026	24.105013272681596	22.944242466446827	-0.5560763559820404	-2.949437765715815	32.152086977304904	38.50429909721293	18.262770516047894	36.17228222133321	19.140573205394315	18.054497095194606	41.01975474542961	130.15400878927025	197.83996741039746	-0.26563182212701975	10.943052942818412	15.563887904490988	6.672610873904418	7.833381680139187	2.3933614097337745	-6.352212119908025	20.241528581165035	-4.020195244028308	13.01151377191059	14.097589882110299	12.949	7.585486610996599	6.86850617472833	6.850375955355372	6.314595777922176	69.46156908159786	0.02067806151939356
 archi-vowels-PSX.wav	íˤ	37	30.492	169.63771009852258	331.799	2938.93	3604.405	32.091950650702486	13.785736152499588	19.616086706620745	13.358685371248935	20.621013470165536	21.00763651985231	-12.984778336835852	-5.827967444827991	34.68268342056609	29.487224778516786	10.076596654170988	29.487224778516786	9.739629745250403	11.111896678448872	52.792106756365044	137.682827192161	204.49502988263401	18.3062144982029	-5.830350554121157	18.73326527945355	11.47093718053695	11.084314130850178	-7.1568108920078615	5.1954586420493065	19.4106281243458	5.1954586420493065	24.94305367531569	23.57078674211722	10.313	11.810305299610967	11.010470004514417	10.998622635560205	10.298915475504147	60.378303402772254	0.025764116832506682
archi-vowels-PSX.wav	íˤ	38	31.191	237.56542157002997	435.465	2411.49	2774.791	32.41860605920209	29.64440653336439	19.261954388654217	25.457153587521947	34.20280981477947	28.097044676034404	18.086061036695547	7.9986859658522835	35.52959733963568	43.03385228394572	9.259402838834548	44.806207030832795	31.711020780523395	31.875593023448786	48.678744454723464	110.83936451660762	144.50537762078503	2.7741995258377017	10.382452144710172	6.961452471680143	-1.78420375557738	4.321561383167687	10.087375070843263	-7.504254944310041	33.77444944511117	-9.276609691197116	3.8185765591122838	3.6540043161868923	24.878	6.785959675314035	5.290640666244045	5.164374460664755	4.10033368125862	73.04018084944974	0.03660781676683753
 archi-vowels-PSX.wav	íˤ	38	31.231	223.6401423546164	458.305	2574.639	3121.648	38.66796787909625	25.506142497490384	19.938718453523933	25.699000894183285	32.610897314071046	29.902056258346605	13.75055409577579	9.003960947232846	41.07233474854975	44.91365711754952	12.112582598121381	45.90017607938593	29.664512103556675	28.687060410141573	46.38067403516833	121.32874939524802	176.4289528274528	13.161825381605869	5.567424043966451	12.968966984912967	6.057070565025207	8.765911620749648	4.746593148542944	-3.8413223689997693	32.80107451942814	-4.827841330836179	11.407822644993075	12.385274338408177	18.607	17.718535811613137	18.56341964834381	17.61562501853746	13.321272529262453	75.07934091088978	0.04834429581603874
 archi-vowels-PSX.wav	íˤ	38	31.272	187.19056988369087	425.958	2755.641	3507.254	39.34194277054915	33.794960461944726	9.838533897633727	28.53097759458838	25.29550825797752	29.067224268120462	-1.0597109729611434	2.427156259351146	41.227930184182135	46.11983486444505	4.118794249266359	48.519309958601646	20.0588713903451	22.030297327411475	43.823571199704205	126.87660684399314	202.86685228644785	5.546982308604427	23.956426564311	10.810965175960774	14.046434512571633	10.27471850242869	-3.4868672323122896	-4.891904680262918	42.001040615178695	-7.291379774419511	21.169058793837035	19.19763285677066	18.182	20.009200258563244	20.286866756371808	20.208088948668802	18.00160486379929	74.89627883750312	0.06342862912628208
 archi-vowels-PSX.wav	íˤ	38	31.312	174.59700812886	390.527	2906.05	3763.42	30.909723196236957	25.825559301813957	22.84303368394629	19.89798834715006	25.997174363530455	26.192756343208877	-8.151215207689688	3.1240610803011357	32.85357471288759	38.79918854894318	16.536149061428365	38.79918854894318	18.14191224592494	15.437924710705644	45.28899917265333	136.3945764149608	224.7359256962664	5.084163894423	2.9825256178676653	11.011734849086896	4.912548832706502	4.7169668530280795	-11.275276287990824	-5.9456138360555855	22.263039487514813	-5.9456138360555855	14.711662466962654	17.41565000218195	16.396	10.557375675673875	9.99670561973927	9.993848850795025	9.375737592489095	66.61605691141	0.029093502079973712
 archi-vowels-PSX.wav	íˤ	38	31.352	158.22495885615916	379.511	2822.057	3506.045	30.135815135010546	7.90345416801469	8.060984804071834	10.49186415168813	16.107118399915212	20.263815517559326	-8.659379791673569	-4.339516480047539	31.801003830636517	17.852737752659046	3.500785523255269	29.28565219108566	8.862005840598671	12.987758240636875	44.56247462341639	123.44639564389982	188.3117569022363	22.232360966995856	-0.15753063605714424	19.643950983322416	14.028696735095334	9.87199961745122	-4.31986331162603	13.948266077977472	14.351952229403777	2.5153516395508575	22.938997990037848	18.813245589999642	14.07	9.803492913385263	9.555995470213517	9.544382850223165	8.661594701086553	58.384695665482774	0.0222757278793631
archi-vowels-PSX.wav	íˤ	39	31.713	279.61227775911044	441.816	2603.734	3108.679	42.03314134874205	31.347261815514436	15.463461862013624	17.25059927860707	41.27936176820982	31.915914654923093	23.451374054793497	15.895218282189827	46.49209748536636	35.98600485291994	2.628956524501051	35.98600485291994	36.3699768423551	29.971621186716856	52.81703503806382	139.58059223105295	197.07722712727482	10.685879533227613	15.883799953500812	24.78254207013498	0.7537795805322318	10.117226693818957	7.55615577260367	10.506092632446418	33.35704832841889	10.506092632446418	10.122120643011257	16.520476298649502	19.91	9.256411536485022	9.990476978085427	9.689276896270286	8.51941571203436	74.53473283259822	0.060535530567557394
 archi-vowels-PSX.wav	íˤ	39	31.748	282.4803100415205	357.032	2571.717	2871.281	40.86361383341337	40.855632234127434	20.831298734240047	36.49887264989353	48.942042303798075	30.87453739560202	31.665121652654832	18.193353270164007	48.858002903264854	37.71297304041942	3.6848662210199166	51.80643095964158	40.53899937005393	31.750753877506877	62.93471108819386	137.12582606739443	169.63946871475272	0.007981599285933783	20.024333499887387	4.36474118351984	-8.078428470384708	9.989076437811349	13.471768382490826	11.145029862845433	34.028106819399504	-2.948428056376727	8.319003533210925	17.107249025757977	20.801	23.14107146836799	20.269694712251937	19.56975395208885	15.288609646771349	79.59233645839635	0.08339606903531391
 archi-vowels-PSX.wav	íˤ	39	31.783	325.79297463605263	351.435	2449.003	2695.483	41.44147539390943	40.793278320799374	40.2322303733887	39.84974594104317	49.643073279248455	38.748220233174585	39.74940584938368	13.509405306037474	54.184123638484095	33.72418709959102	21.130196508867304	54.184123638484095	41.473829310536836	41.473829310536836	69.50554832965986	135.97983375890095	162.94832333974998	0.6481970731100546	0.5610479474106711	1.5917294528662609	-8.201597885339027	2.693255160734843	26.240000543346206	20.459936538893075	12.593990590723717	0	12.71029432794726	12.71029432794726	24.791	30.65846491807752	28.69245465372589	27.943543645018014	24.244629724512766	82.31384028198237	0.11881729292829914
 archi-vowels-PSX.wav	íˤ	39	31.818	332.8804874905757	382.179	2263.013	2679.614	36.955363216188886	50.98053803328625	37.649184061909665	32.25789718843899	47.543857953567105	39.50179677904293	42.640411334389796	6.064299215918462	47.99281962079317	45.61015542087805	20.498408359731883	47.99281962079317	42.640411334389796	38.37182317475376	64.71248514143242	119.78653247378247	163.19610568311242	-14.025174817097366	13.331353971376586	4.697466027749897	-10.58849473737822	-2.546433562854041	36.576112118471336	2.3826641999151192	25.11174706114617	0	5.352408286403374	9.620996446039413	22.236	28.71012476148726	26.059344032057233	21.040760280420855	19.55242837562635	80.63710274600419	0.07417641745398282
 archi-vowels-PSX.wav	íˤ	39	31.853	317.56213337291746	557.472	2410.477	3720.141	27.12797849379789	32.950715279339505	26.330337035886416	23.53694933449034	26.86005252426726	29.66643389300683	37.08336237515948	-2.8441053951598945	30.644176757582244	43.53641005095204	16.761816604493426	43.53641005095204	27.45740645236593	16.610016490162277	59.10055651370234	130.11860674142596	299.5419843947773	-5.822736785541615	6.620378243453089	3.591029159307549	0.26792596953062997	-2.5384553992089387	39.927467770319375	-12.892233293369799	26.774593446458617	-12.892233293369799	3.1867703052163137	14.034160267419967	14.196	5.5706330194156575	10.286603346663291	5.675282408724645	5.486362256827537	77.30344895237563	0.0008409359829210843
archi-vowels-PSX.wav	íˤ	40	32.806	249.4309262401659	468.532	2506.258	3121.889	36.27808887452817	18.95885700214023	0.5863498161672656	15.551180228677243	20.741668894339405	18.713969571076433	7.500615249288355	6.894777579559317	39.22567506740062	34.64153004297703	-8.842594294807673	35.511176743585224	18.38118570351512	16.021602689437223	48.92357291456762	122.05558290817382	186.71373466407368	17.31923187238794	18.372507185972964	20.72690864585093	15.536419980188768	17.56411930345174	0.6058376697290377	4.5841450244235915	43.484124337784706	3.7144983238153984	20.844489363885504	23.2040723779634	21.128	10.999656485913498	12.324284340124409	11.770400453123573	10.142055106131082	69.70959178975353	0.02765265027789574
 archi-vowels-PSX.wav	íˤ	40	32.842	282.9470406709299	339.504	2529.682	3347.475	38.90759482195695	47.746137270423745	28.375834374154174	30.41755749190894	35.31216196124699	32.9005234788691	17.658039616899856	13.244768007288881	48.103413052496585	43.18476260155029	10.323577260495503	44.815895255776496	26.436838874423593	19.581010142064336	66.46559676518787	133.06169189148858	229.10574352730336	-8.838542448466796	19.37030289626957	8.490037330048008	3.5954328607099555	6.007071343087851	4.413271609610975	4.918650450946295	32.861185341054785	3.2875177967200884	21.66657417807299	28.52240291043225	21.976	24.086559242039307	21.985216818574017	21.29615145040446	19.146108356051503	76.41817112647666	0.05671205233883188
 archi-vowels-PSX.wav	íˤ	40	32.879	297.9330263878693	327.761	2526.83	2992.77	42.38918567468674	40.70460480243425	17.460478651560287	39.607144373514146	42.4510605463317	38.52098403454715	18.490057930806152	22.798161351801948	53.96300745731797	33.976603090684854	-1.9686015668242156	53.117715460936026	32.745321045629574	32.4845713499418	71.11870723059326	136.73735323524207	189.64879413041567	1.6845808722524964	23.24412615087396	2.7820413011725975	-0.061874871644960194	3.8682016401395956	-4.308103420995796	19.986404366633117	35.945204657509066	0.8452919963819454	21.217686411688398	21.47843610737617	21.604	33.25543626043091	32.45183786977035	29.20502568308683	22.766799739016	81.75974109784404	0.10667457695733941
 archi-vowels-PSX.wav	íˤ	40	32.915	295.8517153699504	407.597	2375.029	2955.417	45.91661295321528	40.69340281630928	25.904261097279306	34.765879437799754	41.155764534613276	41.38178428419978	26.564317351563822	18.01694007917083	52.3149441984697	40.308671195126145	11.033511852693135	52.128544307388566	36.826467498805265	36.846810383529146	57.16935767620033	121.58293134233098	184.2920479322221	5.223210136905998	14.789141719029974	11.150733515415524	4.760848418602002	4.534828669015496	8.547377272392993	12.006273003343559	29.27515934243301	0.18639989108113753	15.488476699664439	15.468133814940558	18.603	35.77922951860161	29.925871553702002	26.615055104163158	22.97077551373507	80.90559250115227	0.08787868051740752
 archi-vowels-PSX.wav	íˤ	40	32.952	269.0466514312325	507.626	2642.19	4031.841	47.34712071576004	23.17730538017507	21.274792858384096	20.973728143765083	39.45119316653911	48.30012051902547	41.51251949881044	18.55012282579785	50.26966206219545	39.30552758226449	12.025448694432106	41.003710365348375	36.84031505915576	32.80905615110889	52.69196926863842	140.50688786235497	317.2443713614447	24.16981533558497	1.9025125217909746	26.37339257199496	7.895927549220929	-0.9529998032654277	22.96239667301259	10.964134479930962	27.28007888783238	9.265951696847075	13.429347003039688	17.46060591108656	0	8.26977376019553	8.897026664510824	4.736978031478599	3.820619960262888	78.83409188847995	0.06902802894271198
archi-vowels-PSX.wav	ú	41	33.863	167.69978494606977	678.893	2856.854	3948.271	15.321459986856121	21.62872193097244	-1.3083289285750048	5.910556736970424	-9.723377407060486	6.27071634427908	-10.144136348869786	-8.60651112758415	15.89722504295895	24.17206896576918	22.45416720275191	30.18260357135329	-7.062972521071316	1.7274955329004846	44.104517474815566	129.60557028577745	241.72122142870964	-6.307261944116318	22.937050859547444	9.410903249885697	25.04483739391661	9.050743642577041	-1.5376252212856354	-8.27484392281023	1.7179017630172702	-14.28537852839434	22.960197564030267	14.169729510058467	6.456	3.8890328298877113	-2.349269957055904	1.237045830761064	-0.281354243107772	61.55482320744602	0.0066412673828664835
 archi-vowels-PSX.wav	ú	41	33.896	230.91443516417533	810.038	2876.421	4148.814	33.836219174609454	37.210582717931686	11.776608102100944	8.05213782858955	-7.7627317842652666	2.105728553274364	-9.696128191745636	-2.386659676145059	34.62745513775162	40.84051779371429	22.97938037286095	32.575414159861296	-3.304193384886622	-3.2661382452992687	52.421438385135566	152.76440269146892	308.9115922980717	-3.3743635433222323	25.433974615830742	25.784081346019903	41.598950958874724	31.73049062133509	-7.309468515600577	-6.213062655962673	17.861137420853343	2.0520409778903215	37.93164852263824	37.893593383050884	11.934	3.8653928405382043	0.9105633711421854	0.9086552077592235	0.9083813926156857	71.60862150719184	0.046520757998017796
 archi-vowels-PSX.wav	ú	41	33.929	252.3253357062159	758.324	3041.233	4057.53	40.88826325142546	36.42344222240369	18.591339144687726	15.984680282937322	0.3892152214644611	9.015375226844995	-0.2434736513943323	0.3511852662439251	41.964653573602746	41.712982242941095	21.844948023045873	39.43484349210585	1.7386219255478745	5.410198558988575	54.511325655396284	178.48135988929945	310.11703176849664	4.464821029021763	17.832103077715967	24.903582968488134	40.499048029960996	31.87288802458046	-0.5946589176382574	0.2516713306616509	19.868034219895222	2.5298100814968976	40.22603164805487	36.55445501461417	20.832	11.2994665092663	10.187564265780152	10.182927478731457	10.182222725200523	74.22422974986945	0.07964250041032744
 archi-vowels-PSX.wav	ú	41	33.962	272.5545606335059	964.83	3260.287	3972.478	43.87488906724154	37.56031265109041	13.175783880998198	6.022293806688726	-0.7519775697183952	-4.219046517190197	-0.925106339019961	-2.722749940747757	44.65798764537281	41.13960401373045	25.17218149325791	31.229024949564792	2.911475672458298	0.7873713106126107	58.27718661337986	213.19291894243548	310.66517875135014	6.314576416151127	24.384528770092217	37.85259526055282	44.62686663695993	48.09393558443173	1.797643601727796	3.518383631642365	15.967422520472539	13.428962695808021	41.74651197291452	43.8706163347602	15.778	11.498975683157731	9.650278958537474	9.645992066032985	9.64180744152035	72.74853245894144	0.07880625754390436
 archi-vowels-PSX.wav	ú	41	33.995	286.9012502108494	1195.684	3414.035	4542.259	46.820902201707554	31.062275821072372	5.324226258044902	0.07916542456179343	1.9071727081461063	8.569819723831742	4.104767419937141	-4.970701092138917	47.39861563935485	33.587245667593606	26.96522930373517	26.96522930373517	8.244501979769716	9.94527949645231	61.9826032149974	239.83523758946382	415.9875464542116	15.758626380635182	25.73804956302747	46.74173677714576	44.91372949356145	38.25108247787581	9.075468512076057	13.811369971761245	6.622016363858435	20.43338633561968	39.154113659585136	37.45333614290254	15.388	22.647431575451762	19.18873617063458	19.138678444216254	19.13700542785534	74.48250178323144	0.10631274297721427
archi-vowels-PSX.wav	ú	42	34.628	230.02973503163383	455.868	2659.226	3947.354	27.177828338659776	10.655663094538966	30.601852462993133	17.7080846086895	-0.20223503123111186	17.736117892683918	-9.469100355615083	-11.377885370026448	29.7679922929794	30.486067514238965	21.9890417781886	37.708757615120334	-4.187673417394218	2.4344174004113	47.10366140974979	130.9004717724336	280.4592646754804	16.52216524412081	-19.946189368454167	9.469743729970276	27.380063369890888	9.441710445975858	1.9087850144113645	-0.7180752212595642	8.497025736050364	-7.940765322140933	33.955665710373616	27.3335748925681	19.12	7.822290972740502	6.870146941272564	6.869799525853322	6.869827147208827	71.15200397802835	0.01843051651500799
 archi-vowels-PSX.wav	ú	42	34.651	230.09759489768885	445.421	2622.445	3884.848	39.69988333879769	30.73033389141787	41.969623394769	29.18139481351131	2.9383437904445415	22.581478708158237	-5.456978433779069	-6.970877328530559	42.431575432451616	48.91580919813079	32.85618326940295	48.91580919813079	-1.1078242691187403	7.318403189929324	47.436016771434886	127.47503296493015	272.1741648864728	8.96954944737982	-11.23928950335113	10.51848852528638	36.76153954835315	17.118404630639454	1.51389889475149	-6.484233765679171	16.05962592872784	-6.484233765679171	43.53939970157035	35.113172242522296	22.633	18.35353967773287	19.04734231479643	19.04607068858696	19.0424078728997	77.62575490817709	0.06958858724812612
 archi-vowels-PSX.wav	ú	42	34.674	236.64230967923743	469.666	2842.196	3908.096	41.93924961348084	27.38775872953377	41.4037029639881	27.258922975413874	15.669280792202862	18.998615144141944	4.913446184209963	5.4504539933928235	44.51717120658522	47.4117028080819	32.73930438582613	47.4117028080819	10.387205571064575	6.938398032038183	47.58248738081785	151.1251080995532	279.25858641417443	14.551490883947071	-14.015944234454334	14.680326638066965	26.269968821277978	22.940634469338896	-0.5370078091828603	-2.8945316014966807	14.672398422255768	-2.8945316014966807	34.12996563552064	37.57877317454704	21.893	20.87866157053505	18.85388947882966	18.829098509776003	18.798181181879613	77.6325720741987	0.07029147745583363
 archi-vowels-PSX.wav	ú	42	34.697	239.94989450108034	481.723	3135.344	4425.197	42.901633705191585	27.690262264166456	43.60920162720157	27.680014737687316	21.225842853994028	31.872344326758903	7.898965893318916	15.840205768350383	45.405364992453485	47.9550361481473	35.043484510666275	47.9550361481473	13.818585657407574	16.26207075464176	47.93754867601651	184.48694822829043	357.6801491653499	15.211371441025129	-15.918939363035115	15.22161896750427	21.675790851197558	11.029289378432683	-7.941239875031467	-2.549671155693815	12.911551637481026	-2.549671155693815	31.58677933504591	29.143294237811727	21.419	24.54817622872268	24.09459634192355	24.04463517645396	23.879501835222378	78.56618436311827	0.06830403955673303
 archi-vowels-PSX.wav	ú	42	34.72	231.7321404487681	455.635	2691.749	4739.681	43.78234261425568	30.95085062399575	36.537503919889105	30.433811104427367	15.282886080148959	42.41999234890393	9.325254192668597	16.388792246260927	46.418196476094266	50.38979836010364	27.733166804320653	50.38979836010364	10.945922381246673	17.740493251762402	47.287535688216664	134.5059385745524	406.6927073056862	12.831491990259934	-5.586653295893356	13.348531509828316	28.499456534106724	1.3623502653517505	-7.06353805359233	-3.971601884009374	22.656631555782987	-3.971601884009374	35.47227409484759	28.677703224331864	15.3	20.22665219877281	20.614583204861276	20.53329722869973	20.421812349339184	79.6609923812645	0.06975430241169428
archi-vowels-PSX.wav	ú	43	35.78	299.50732027785233	346.236	3134.18	3730.262	43.86344380986885	47.64959258915411	21.522288732377	39.38430366797374	26.862152085291836	25.829426512628945	3.488708759955799	-14.719863843997627	54.18655150193991	41.991305784826864	2.1976208346509623	53.80320274210802	12.630009136251461	14.96461862898439	67.21730508652637	208.22442859629138	290.97174232046444	-3.786148779285263	26.12730385677711	4.479140141895108	17.001291724577012	18.034017297239902	18.208572603953428	12.195245717113046	39.7936849501759	0.38334875983188965	41.55654236568845	39.22193287295552	13.926	16.04035433667448	14.329936049477826	14.32490335081993	14.3053095708247	81.23271634529262	0.09602451551196144
 archi-vowels-PSX.wav	ú	43	35.794	306.0741728016231	375.244	3077.178	3612.201	43.718182026756494	49.500158115255076	33.67666667281551	36.82167460493312	27.8616088770775	24.833065575285428	2.4791402302847896	-15.540323978496025	52.55500495484034	45.43270760516926	15.578449511598091	52.55500495484034	15.3811331544651	16.844395590495168	62.65833120660411	203.42021083206325	277.23696579824195	-5.781976088498581	15.823491442439568	6.896507421823372	15.856573149678994	18.885116451471067	18.019464208780814	7.122297349671079	29.854258093571172	0	37.17387180037524	35.710609364345174	16.009	24.908654568697166	18.236496848397177	18.237017764930673	18.22377334546601	80.966145881215	0.07956219280747993
 archi-vowels-PSX.wav	ú	43	35.808	298.31043098462624	585.026	3146.475	3765.385	48.08584218412017	24.969902662617734	20.66942065462588	24.24311604448279	24.861825422156834	11.86391097937527	2.4699909885659252	-17.179097673443128	50.75497558528539	44.72277903657026	12.070822141534737	44.72277903657026	19.802421786107153	9.67475822712665	57.52297547989453	209.33978954959974	295.4858455300191	23.115939521502433	4.300482007991853	23.842726139637378	23.224016761963334	36.2219312047449	19.649088662009053	6.0321965487151346	32.651956895035525	6.0321965487151346	30.95255379917824	41.08021735815874	19.99	24.5513970766762	19.70818463348094	19.685736679296262	19.64581143495346	80.09694828500338	0.06637604404641836
 archi-vowels-PSX.wav	ú	43	35.822	292.9137335138957	345.15	3127.089	3767.541	43.059305165703364	48.26399085844748	43.9437302102914	37.840668612166326	29.12502203182251	30.732013540755954	10.536514767147382	-5.2624904012755795	52.78975601846731	43.08880617190284	24.921284018740252	52.312887327549404	15.004624734253387	19.003279513292433	66.58811219847544	204.67359922551142	292.7253973356257	-5.204685692744114	4.320260648156079	5.2186365535370385	13.934283133880854	12.32729162494741	15.799005168422962	9.70094984656447	18.167522153162587	0.47686869091790385	37.78513128421392	33.786476505174875	20.969	27.03433892471541	20.0154689242375	19.969987187266028	19.922141001665377	80.76851048984125	0.07944448472297756
 archi-vowels-PSX.wav	ú	43	35.836	287.06554572910295	306.762	2672.302	3701.65	42.57076965694979	40.680989132260194	51.127705685414405	41.776185404599204	25.488709353078146	35.36262591924734	15.58840667276936	-8.785086338667341	54.259912548910464	33.1677668218647	30.764692591106623	54.259912548910464	13.424399978375552	16.05409139403832	74.83575002377455	148.8875940193782	279.8988325687764	1.8897805246895985	-10.44671655315421	0.7945842523505888	17.082060303871646	7.20814373770245	24.3734930114367	21.09214572704576	2.4030742307580795	0	40.83551257053491	38.20582115487214	19.56	30.006794894182896	22.484570170154868	22.42157240712677	22.313545987211253	81.67829240350683	0.09082877957704422
archi-vowels-PSX.wav	ú	44	37.074	275.23111670254707	496.704	3043.825	3669.34	51.650608721908235	26.95666876530187	39.46008881158038	19.9223624488026	21.745542059438247	23.138362623475956	11.770242532495223	-8.408819913421354	54.86940663298532	39.20007592313433	28.87461348851509	39.80526172550779	15.00199805321822	18.67776760410778	51.88469799125896	187.44960643786595	268.8676563818935	24.693939956606364	-12.503420046278507	31.728246273105636	29.905066662469988	28.51224609843228	20.17906244591658	15.669330709850989	10.325462434619237	15.064144907477527	39.8674085797671	36.19163902887754	24.234	25.812259569406685	23.901289630001056	23.89745784478366	23.857702993133113	81.05075688135473	0.09975557475660135
 archi-vowels-PSX.wav	ú	44	37.087	272.8288557957641	339.374	2722.243	3693.455	46.27188655134982	46.22518446089776	51.69507432682022	36.65690272095115	25.276384408009513	34.46881395443025	11.658088531189986	-6.904014747172954	54.52281478476919	42.55477383629319	33.909557928670836	51.20027401496066	14.72385257852392	17.94709355639393	65.15546027720146	149.97210736846523	270.9019644019994	0.04670209045206519	-5.469889865922461	9.614983830398671	20.99550214334031	11.80307259691957	18.56210327836294	11.968040948476002	8.645215907622351	3.3225407698085263	39.79896220624527	36.57572122837526	22.381	29.27202462454798	24.417784578901415	24.397733049474503	24.32270657133448	81.08239006642457	0.09956623020035432
 archi-vowels-PSX.wav	ú	44	37.1	270.6361344811941	306.438	2740.162	3748.923	43.00341021735214	47.44059260073246	58.73568822795309	40.54259563209121	21.199124106113214	32.89656291125926	16.300464514771637	-15.345506448338552	53.280776765345536	41.27813969282136	39.14970395180475	53.280776765345536	8.761396853990252	13.997286708234448	72.49384540556203	151.2150533197244	277.40415766380784	-4.437182383380318	-11.295095627220633	2.460814585260927	21.804286111238927	10.106847306092881	31.645970963110187	12.002637072524173	2.1284357410166095	0	44.51937991135529	39.28349005711109	21.595	31.109683537242226	23.78318148072386	23.73443750989963	23.684014878247034	80.06230976047175	0.08527164055713204
 archi-vowels-PSX.wav	ú	44	37.114	266.53518727838866	319.08	2678.515	3740.143	43.20206269538039	44.36058191416633	51.58165370658929	38.67855724818295	21.371751725762532	39.08064462453214	10.344625856756064	-10.715812381600585	52.220002506805926	39.639473147301885	33.05641028175715	52.220002506805926	10.273193466158235	20.257149867666723	68.795358003208	143.49928273056122	273.8697956083474	-1.1585192187859406	-7.221071792422961	4.523505447197444	21.83031096961786	4.12141807084825	21.06043823835665	12.580529359504041	6.583062865544733	0	41.94680904064769	31.962852639139204	21.66	30.26818581977932	24.809255158920553	24.78513693119988	24.735065302770995	78.66764609564939	0.07442412818632434
 archi-vowels-PSX.wav	ú	44	37.127	262.18891176578677	354.808	2756.077	3759.489	44.12119999377171	41.53793049605235	41.20143456539839	29.286855840461797	22.341117595856144	31.763692073718616	8.429654720731872	-4.487712198452733	50.67085707714199	40.31768916982945	24.8705925816162	44.814195713639236	12.433931655722283	15.567819541977299	60.78984205309105	150.29153672458733	274.08101444654574	2.583269497719364	0.33649593065396033	14.834344153309914	21.780082397915567	12.357507920053095	12.917366919184605	10.353167907312539	15.447096588213249	5.856661363502752	38.236925421419706	35.10303753516469	0	21.903542757099967	18.907174768026906	18.829378368995414	18.756983069356806	76.98290769289733	0.0619987951506785
archi-vowels-PSX.wav	úˤ	45	37.709	254.10677415088165	527.141	2984.671	4028.061	39.858813241770335	23.852561221244773	41.796634446981926	22.114425980296623	16.40442409525063	25.050474595595645	10.60707439339074	4.819996378875579	42.1982174307678	42.61521081011374	34.21751662504464	42.61521081011374	11.603693747164607	14.673722339613132	51.5146674531164	172.68123469776995	307.00585964718573	16.00625202052556	-17.944073225737153	17.74438726147371	23.454389146519706	14.80833864617469	5.787078014515161	-0.4169933793459393	8.3976941850691	-0.4169933793459393	30.594523683603192	27.524495091154666	26.753	21.696733587705733	19.91592512628802	19.86358836760888	19.810901074015028	75.26276478411276	0.0631905354218949
 archi-vowels-PSX.wav	úˤ	45	37.747	281.0850874195431	503.555	3047.789	4258.392	47.12542902547265	29.607791808064977	38.2467455480088	21.595357614995898	18.183973481277032	28.258301381409215	11.109333133027038	4.216921211582142	50.4012508801437	41.27514022892318	27.556295208944523	41.27514022892318	11.55087036049306	13.980642083629068	53.88927189913241	190.14966103697046	361.03931179968686	17.51763721740767	-8.638953739943826	25.53007141047675	28.941455544195616	18.867127644063434	6.892411921444896	9.126110651220522	13.718845019978655	9.126110651220522	38.85038051965064	36.42060879651463	19.714	25.21595589598523	18.474270629959403	18.45621158681014	18.441363925278992	78.3746849968683	0.11066735137647851
 archi-vowels-PSX.wav	úˤ	45	37.786	304.1590796412045	553.386	3027.404	4123.857	43.62744187644961	35.05375672300781	41.42680245835678	28.02739531256546	20.207337659707566	20.4806158732876	14.454806479745821	-4.675754351725395	46.80316969802117	48.01219597056529	31.336690399278385	48.01219597056529	15.04514784767772	9.174633169137111	57.54089438985894	196.30697245715288	354.96087703962445	8.5736851534418	-6.373045735348974	15.600046563884149	23.420104216742043	23.14682600316201	19.130560831471215	-1.209026272544115	16.6755055712869	-1.209026272544115	31.758021850343454	37.62853652888406	21.311	27.306344529957048	19.841777874098604	19.83342163655739	19.80199786629133	78.20952888237015	0.07070437347636693
 archi-vowels-PSX.wav	úˤ	45	37.825	316.8846101002087	586.478	2934.928	3889.341	41.92557694306124	31.503027658659953	42.23137788207926	25.760017388228654	21.833869646127745	24.644987534382718	25.933084678681073	7.734453048361089	44.99362998580135	46.000915516912066	32.78181114359245	46.000915516912066	18.31109559826184	16.63291546904215	59.61209493722817	189.20809683878124	325.36316713061655	10.422549284401285	-10.728350223419305	16.165559554832583	20.091707296933492	17.28058940867852	18.198631630319984	-1.0072855311107176	13.219104373319617	-1.0072855311107176	26.68253438753951	28.3607145167592	23.055	33.157479852867255	26.279991712421904	26.0562538731549	25.887423634447675	77.28721139279487	0.05766941013379733
 archi-vowels-PSX.wav	úˤ	45	37.863	328.62135548247875	631.765	2730.941	4064.49	42.182040471133256	26.892015766185107	37.024731508682876	24.502795559838976	25.101032115279498	19.612695416963817	35.14086256455437	8.598248019363318	45.023329619214316	45.21166922451532	28.920104150530523	45.21166922451532	24.616246242099145	7.577643947872803	61.71928912074542	167.9849166694191	361.3874571043815	15.290024704948149	-10.13271574249777	17.67924491129428	17.081008355853758	22.56934505416944	26.54261454519105	-0.18833960530100313	16.291565073984795	-0.18833960530100313	20.40708337711517	37.445685671341515	21.607	36.95017799823542	25.635028970258944	23.987200107924483	23.82502913144622	76.57655465093126	0.04898181919716859
archi-vowels-PSX.wav	ú	46	38.779	203.88986619335174	408.475	2906.171	4259.751	32.30160468264331	26.547467987717326	36.77223574631475	26.550430595501098	2.977669569042611	13.212470883049711	-6.0876487155375845	4.483573123322286	34.80006520317182	45.552748146313235	28.012512133472125	45.552748146313235	-4.705000598333424	-4.9137721065807165	46.90237222814145	146.53176200602	305.60928793728675	5.7541366949259825	-10.224767758597423	5.751174087142211	29.323935113600697	19.089133799593597	-10.57122183885987	-10.752682943141416	17.54023601284111	-10.752682943141416	39.50506580150524	39.713837309752535	14.449	8.042411658380672	5.868363224894475	5.8682691225952155	5.867278121105761	71.57422899301146	0.040446100838306666
 archi-vowels-PSX.wav	ú	46	38.813	193.48199282495264	412.052	2655.989	4210.429	37.36569211561134	31.091813046301027	39.90611908051211	27.87446177973526	2.946222748001439	22.219132235605255	-1.281710384060841	11.269757541504188	39.54999812881356	47.25988737690135	32.64621808917533	47.25988737690135	-2.073528174175938	2.3499036051493407	45.462124590052014	119.98891327791392	291.43235247507414	6.273879069310311	-8.814306034211086	9.491230335876079	34.4194693676099	15.146559880006084	-12.551467925565028	-7.709889248087784	14.613669287726019	-7.709889248087784	41.623526302989504	37.20009452366422	20.554	19.983232225834453	15.000731260386909	15.002712105306683	14.99714286988067	74.02569199980432	0.06472859287794312
 archi-vowels-PSX.wav	ú	46	38.847	179.67184161231353	455.217	3131.828	4263.394	34.83831022456097	34.2098797205432	30.676906267436074	21.168243691076192	9.380698376509145	12.6556566947181	2.5127153813697056	4.469177058618531	36.32741839372753	42.61828069928242	27.672168219263146	42.106582951812186	2.2118962548315917	-0.5168031047310994	41.847025006935034	159.9581704655606	288.6304088395231	0.6284305040177713	3.5329734531071253	13.670066533484778	25.457611848051826	22.18265352984287	-1.956461677248825	-6.290862305554896	14.946112480019277	-5.779164558084659	34.11552213889593	36.84422149845862	19.168	18.966009841616582	17.606649123841645	17.5339341741797	17.51120754444121	70.4013336895134	0.04845029123770391
 archi-vowels-PSX.wav	ú	46	38.88	179.06872045680961	448.425	3033.62	4669.909	34.08209471853176	31.464840995509377	30.578909830727824	18.46908670720846	14.52829058865375	21.369484855099216	1.6316618591059109	1.578141512175635	35.61003665035626	40.20023508498245	27.267835910183145	39.259887101283425	7.918596439261133	1.578141512175635	41.96180682762975	150.06042665654388	347.5811427713559	2.6172537230223867	0.8859311647815531	15.613008011323302	19.553804129878014	12.712609863432547	0.05352034693027585	-4.5901984346261955	12.932399174799308	-3.6498504509271683	27.691440211095124	34.03189513818062	19.258	16.62926890083035	14.291078436830091	14.202054044409584	14.162984165767563	68.5972445045996	0.04714106378939471
 archi-vowels-PSX.wav	ú	46	38.914	175.58489407280544	441.406	3004.907	4077.303	32.4034068182934	34.942178124912644	33.810344641832614	20.95441166580841	19.235528080963796	21.783609769546032	1.7810023691599062	12.896462857729443	33.91782246063031	43.559288340570745	30.5985056541196	41.632249115663875	12.665195753501708	9.357100554787708	41.835309794038224	146.00317601419593	262.145669849926	-2.538771306619246	1.1318334830800296	11.448995152484986	13.167878737329602	10.619797048747365	-11.115460488569536	-9.641465879940434	12.960782686451147	-7.714426655033563	21.252626707128606	24.560721905842605	0	21.799150519647092	19.550153406155214	19.474029383978408	19.314450636203535	70.14567600131384	0.04568787356015963
archi-vowels-PSX.wav	ú	47	39.943	189.91149937292403	504.305	2241.934	3127.811	32.993719059712745	38.58630496262232	31.31225133552392	21.474439730573618	18.229816754987937	12.713967746882808	21.110722366268067	-11.60268340337552	34.37652232058403	45.998228813722555	30.300842028961007	43.11217201995138	21.110722366268067	7.79393044901961	44.099127061707364	87.41883302895278	163.6453137030973	-5.592585902909576	7.2740536270984	11.519279329139128	14.763902304724809	20.279751312829937	32.713405769643586	-11.621706493138525	15.697386784761548	-8.73564969936735	13.265799954315963	26.582591871564418	21.826	10.38759198690127	8.94709430767108	8.588610806907885	8.319777576288976	73.17667594845481	0.03556192471279736
 archi-vowels-PSX.wav	ú	47	39.989	223.79019436029623	495.263	2425.329	3579.34	37.76824587105381	32.58310220376801	33.78661421194747	25.77029602776995	17.61722413372007	20.07668097589221	15.837604550519062	-9.068368460362958	39.81043949530469	46.718436427078956	27.974721311323123	46.718436427078956	17.562264856275263	8.900628533900933	46.461637529113155	108.62397958928209	229.84632385715398	5.1851436672858	-1.203512008179466	11.997949843283855	20.151021737333735	17.691564895161598	24.905973010882022	-6.907996931774264	18.743715115755833	-6.907996931774264	22.24817463902943	30.909810961403757	14.598	14.456911821647115	13.845512920186492	13.360011244718411	13.333514237568522	76.34015632554208	0.07494236625021188
 archi-vowels-PSX.wav	ú	47	40.035	272.43103650370915	547.13	2281.405	3158.641	41.23229865118731	25.334962933890925	41.04505367375375	25.31791250665232	18.94066109030237	17.254262312242627	21.309787225195613	-8.54449941756389	43.808600563530504	45.98371996614105	33.88736983508452	45.98371996614105	21.309787225195613	12.227458565039733	53.93142377441227	108.17286944792087	200.39172081540895	15.897335717296382	-15.710090739862824	15.914386144534987	22.291637560884936	23.97803633894468	29.854286642759504	-2.175119402610548	12.096350131056532	-2.175119402610548	22.49881333833489	31.58114199849077	17.532	14.182694553720196	14.75423676059399	14.578873430951571	14.56233840329312	74.89502059126588	0.06459611172252072
 archi-vowels-PSX.wav	ú	47	40.081	296.5583419130583	633.854	2785.281	4589.579	44.40101595526661	24.62481857308955	38.75031237323033	20.130151969045215	10.857055569825114	17.948527172240702	16.770579278181348	-0.884221659244617	46.63009585754438	41.368306706810586	32.56260769714561	41.368306706810586	10.439334374229057	0.5114819497807782	58.143862044179215	164.3387331752225	433.3139546540068	19.77619738217706	-14.12549380014078	24.270863986221393	33.543960385441494	26.452488783025906	17.654800937425964	5.261789150733797	8.805699009664977	5.261789150733797	36.19076148331533	46.1186139077636	13.514	18.392980557341417	14.777946229283812	14.703222898766493	14.675116690595882	75.28769799829615	0.07313293048221384
 archi-vowels-PSX.wav	ú	47	40.128	228.81531844025807	558.72	2502.282	4256.329	26.289803341808305	21.52435443394976	28.025382595331305	14.564445580521554	4.281549670364068	19.593203658744237	16.204124362179357	-8.413498936946585	27.947189030719066	31.241185134518954	24.76589322998386	36.1072648247027	5.53626863548293	2.1557463946415147	49.36585024199775	116.35108685994246	323.072520679223	4.765448907858545	-6.501028161381544	11.725357761286752	22.008253671444237	6.696599683064068	24.617623299125942	-3.2939961037998877	6.475291904535094	-8.160075793983637	22.410920395236136	25.79144263607755	14.542	16.943546448124167	10.120987711609388	10.11492439776784	10.11757613133513	73.76184146716543	0.03312211447857928
archi-vowels-PSX.wav	úˤ	48	41.703	219.43114324697876	475.4	2757.525	3489.974	32.2892421749218	32.461486379848274	35.04516190327362	27.260705665276326	14.259460310786856	15.887465045638425	18.912323143284574	7.999419604423697	34.407592204037385	47.875627536585135	28.36271804520999	47.875627536585135	10.301276362451983	10.498823229367176	45.77251507129611	137.10436017772108	216.87182364321535	-0.1722442049264714	-2.583675523425349	5.028536509645477	18.029781864134947	16.401777129283378	10.912903538860878	-13.46803533254775	19.512909491375144	-13.46803533254775	24.106315841585403	23.90876897467021	24.994	21.633229144513727	16.330905900899737	16.09334388611192	16.05057244038477	76.04661702675944	--undefined--
 archi-vowels-PSX.wav	úˤ	48	41.747	234.35902656587578	583.123	2893.094	3650.26	40.987493453688835	41.85092105535581	15.756531680467763	29.26726900178098	10.039036649888885	15.950993333448523	12.701550823417517	6.134213678136705	42.56585392405928	50.918423276110126	12.73925682716543	50.918423276110126	8.225967365880685	12.934731499945242	50.3945769764628	155.68311898461923	244.25291370776813	-0.8634276016669773	26.09438937488805	11.720224451907853	30.94845680379995	25.036500120240312	6.567337145280812	-8.352569352050843	38.1791664489447	-8.352569352050843	34.3398865581786	29.63112242411404	23.226	20.2751419883074	19.2424347862177	19.03750428030842	18.95248694279915	79.75347638448501	0.0703211492517736
 archi-vowels-PSX.wav	úˤ	48	41.792	266.68680301035374	794.573	2273.765	3758.733	44.24169724276537	39.00806600690151	16.207787512544176	23.46679680822992	11.414372659413786	32.35128696108828	17.93885699001767	13.994542226507598	45.39750503645997	44.66804787035407	20.271326183879317	47.591318846275634	21.051136969959433	24.29156663623428	56.46416641287547	106.29940219384338	276.5326272494451	5.233631235863861	22.800278494357332	20.77490043453545	32.82732458335158	11.890410281677092	3.9443147635100715	0.7294571661058953	24.396721686474756	-2.1938138098156656	24.346368066500535	21.10593840022569	19.567	13.544137677878481	15.293253449966176	15.23728069345527	15.190549220553638	78.07144375465617	0.04807656342595784
 archi-vowels-PSX.wav	úˤ	48	41.836	324.0648994970729	514.245	2525.85	3799.768	45.568715064408885	30.588372810104683	35.850870948701825	19.61475055518137	20.444557876821552	31.28181728137967	14.48545130157652	8.418552477863939	50.031490023438394	35.61715021325962	23.99374172641366	38.851086762005586	18.293393957573098	16.96067969523796	58.79240064213637	143.53208915094493	315.53553289807365	14.980342254304201	-5.262498138597142	25.953964509227514	25.124157187587333	14.286897783029215	6.066898823712581	14.414339810178774	11.62340848684596	11.180403261432808	31.738096065865296	33.07081032820044	20.64	21.952931571852726	13.150188717192922	13.025283584213781	12.999701981192507	79.3996062129354	0.10082500445418488
 archi-vowels-PSX.wav	úˤ	48	41.881	370.92176228448824	553.166	2183.989	3641.412	45.69339740726508	25.150855950326992	43.0999450941247	20.4403130287252	19.59188567959329	35.75869580278315	21.859689905632727	13.90016154793334	51.02700513515067	28.08408055865931	32.69857701842231	39.66682025258099	21.63757296012225	20.07425330457081	64.86466560988067	120.68880708389612	316.2075668182425	20.54254145693809	-17.949089143797707	25.25308437853988	26.10151172767179	9.93470160448193	7.959528357699387	22.942924576491357	-4.614496459763004	11.360184882569676	29.389432175028418	30.952751830579857	16.26	25.113616859336734	17.934243584811597	17.804658929561185	17.7618096785104	79.86982278380792	0.07108224681268609
archi-vowels-PSX.wav	ú	49	42.626	224.74279014954442	449.156	2304.326	3748.876	40.41331884595597	36.610734670759484	38.021803062078575	36.60719858163135	13.911724406991588	17.16603825619174	13.328547397032125	-12.492639780227556	42.9721526800009	56.623781367036514	29.928340478543912	56.623781367036514	13.328547397032125	0.2232933686677184	46.74012852501804	99.3946377616656	251.4502480778903	3.802584175196486	-1.4110683913190911	3.806120264324619	26.501594438964382	23.24728058976423	25.82118717725968	-13.651628687035611	26.6954408884926	-13.651628687035611	29.643605282968778	42.748859311333185	22.55	28.6927686980988	27.482741200841282	27.409396107154606	27.4028507157771	84.45135176633947	0.09276782766499185
 archi-vowels-PSX.wav	ú	49	42.644	220.41376553662133	441.355	2483.693	3419.531	38.386624099428474	34.670818857700425	43.672642127403776	34.67309077673089	12.715660604991264	11.290463776815209	3.7585821965668194	-12.234530616730229	40.919275334694206	54.51029241203359	35.359265258845994	54.51029241203359	10.062092968211724	1.641675766054964	46.57839465053403	112.60441477776006	209.0226434600729	3.7158052417280487	-9.001823269703351	3.713533322697586	25.67096349443721	27.096160322613265	15.99311281329705	-13.591017077339387	19.1510271531876	-13.591017077339387	30.857182366482483	39.27759956863924	23.79	36.77575843804189	29.213301508583474	29.109387926045613	29.087868973953825	82.33819225938957	0.07237342901159385
 archi-vowels-PSX.wav	ú	49	42.661	216.0673368852487	439.664	2642.239	3722.805	36.714475516031065	33.01592644650736	39.403965766133595	32.6433620308878	7.827266809108721	19.332311696697836	1.2366865096394672	-7.8002755709273774	39.14750215768536	52.48449628664842	31.276768236732323	52.48449628664842	3.6318674022018715	6.806537569195515	46.19230271153419	125.28997060346504	243.31576381903005	3.6985490695237075	-6.3880393196262375	4.071113485143265	28.887208706922344	17.38216381933323	9.036962080566845	-13.336994128963063	21.2077280499161	-13.336994128963063	35.51563475548349	32.34096458848985	18.088	30.263128726462973	22.231246380828118	22.216629429591613	22.18674220655204	80.19174276862793	0.05657243948130788
 archi-vowels-PSX.wav	ú	49	42.679	215.0365372951408	450.065	2847.147	3761.932	34.20156475647639	29.493259392686095	36.40545104564343	27.199082062058853	6.6124273049374835	21.422519446543554	-1.58607175635345	-7.496703565560737	36.479751876407114	47.31277635991103	28.791149927986083	47.31277635991103	0.9459633982237792	11.48179691931144	45.69149506001532	144.46532696591754	247.5826288880097	4.708305363790291	-6.912191652957336	7.002482694417534	27.589137451538903	12.779045309932833	5.9106318092072865	-10.833024483503912	18.521626431924943	-10.833024483503912	35.53378847818333	24.997954957095672	20.991	20.604657899030858	18.540442414812045	18.5210386272214	18.50028985573348	76.46949675799256	0.03492202668341121
 archi-vowels-PSX.wav	ú	49	42.696	203.60989593097574	535.86	2881.725	3805.181	25.3550080238642	31.74153312239108	36.095774262082045	17.641439855549915	7.6549494844470765	17.728456293404623	2.240759554312764	-7.397679672450506	26.7449123531079	39.28058202332896	34.476495239532866	39.258925546333934	5.026102947099784	10.846883670356746	46.19116742465785	144.0324186214429	246.3372922548835	-6.386525098526878	-4.354241139690966	7.713568168314286	17.700058539417125	7.626551730459578	9.63843922676327	-12.535669670221061	4.8040867837960946	-12.514013193226035	21.718809406008116	15.898028682751153	19.16	2.284286387405936	2.5460334934056785	2.553576637837745	2.5500325604741088	71.28067751619236	0.014508732721943083
