file	label	intervaldID	t	f0	F1	F2	F3	H1c	H2c	H4c	A1c	A2c	A3c	H2Ku	H5Ku	H1u	H2u	H4u	A1u	A2u	A3u	B1	B2	B3	H1H2c	H2H4c	H1A1c	H1A2c	H1A3c	H2KH5Ku	H1H2u	H2H4u	H1A1u	H1A2u	H1A3u	CPP	HNR05	HNR15	HNR25	HNR35	intensity	soe
archi-vowels-JSP.wav	á	1	0.251	127.82247595764673	585.519	1293.284	2381.359	25.49821727420671	25.30556978201559	19.78936063884706	7.908449726881432	-3.2624693030116525	14.78302036678297	-0.36227487490807403	-0.8812836164707072	26.006490972247846	27.48245112234898	33.481928422951434	33.532609137397046	14.48257634639777	12.82788315173189	38.608042093899854	43.47351264104876	82.3704893642327	0.19264749219112076	5.516209143168528	17.589767547325277	28.76068657721836	10.715196907423739	0.5190087415626332	-1.475960150101134	-5.999477300602454	-7.5261181651491995	11.523914625850075	13.178607820515957	21.995	3.8117165536439446	2.8535040391183215	2.8291240072796766	2.821869239948711	66.29738022938956	0.030366259013290358
 archi-vowels-JSP.wav	á	1	0.302	144.60312945349105	641.024	1341.564	2441.913	31.763268772377042	32.693027982598636	34.65403186250829	24.504484279181966	9.994324323436231	29.76947295415744	14.051244015561206	6.548802368242198	32.31735638279881	35.07686144677606	50.62840892978433	50.62840892978433	28.731156214313284	28.740626704826923	41.114934440430055	46.17815443135262	90.35726258123934	-0.9297592102215937	-1.9610038799096543	7.258784493195076	21.76894444894081	1.9937958182196027	7.502441647319008	-2.759505063977244	-15.551547483008271	-18.311052546985515	3.5862001684855294	3.5767296779718905	23.419	14.037087451477081	14.519851162718954	14.09933702989197	14.007034854308177	76.53719727678302	0.03032245804872166
 archi-vowels-JSP.wav	á	1	0.353	152.9440822447305	667.346	1346.027	2604.649	23.15950487661809	28.60938812138728	32.60826510362857	25.985719126643136	15.2942758045516	29.547773261815838	16.989274233336538	15.386313074028013	23.739991367843615	31.11218842095601	49.98355525616308	52.407885590782335	34.692398145343915	25.93028218721255	42.319027554271116	47.29643358001967	104.26198615292843	-5.44988324476919	-3.9988769822412884	-2.8262142500250462	7.865229072066491	-6.3882683851977475	1.6029611593085242	-7.372197053112394	-18.87136683520707	-28.66789422293872	-10.9524067775003	-2.1902908193689363	24.077	7.7544387405272355	8.68352224700126	8.620163810657953	8.576006864186084	78.4794378994461	0.014570364344285958
 archi-vowels-JSP.wav	á	1	0.404	174.59962606935858	607.207	1491.208	2449.533	17.220942906870174	40.75882431933624	44.54372951400461	31.914068085254666	26.45259678346346	22.103514463973934	20.797178808438716	23.581289099824406	18.087817709207883	44.71673475324354	56.28563143035919	56.28563143035919	41.52772899458205	21.987248666167535	44.09181297941747	52.65073739730982	98.35023330663425	-23.537881412466067	-3.7849051946683687	-14.693125178384491	-9.231653876593285	-4.882571557103759	-2.7841102913856908	-26.62891704403566	-11.568896677115646	-38.197813721151306	-23.439911285374166	-3.8994309569596517	23.439	15.944788495728694	15.899150193839866	15.520700356328799	15.479332115685198	81.53486038806801	0.04823741194597394
 archi-vowels-JSP.wav	á	1	0.455	189.30003458415604	641.247	1477.141	2392.943	27.106572703589393	35.319875651263345	26.255482027747068	13.29222482912412	13.50071011418617	16.984804239920994	18.91052126798152	17.03791104297859	28.039709478716993	39.61147564526924	36.83756905322783	37.97925954484398	29.57432582546291	18.54221684311184	46.15782218601769	54.305584708589066	97.77675837400163	-8.213302947673952	9.064393623516278	13.814347874465273	13.605862589403223	10.121768463668399	1.87261022500293	-11.571766166552244	2.7739065920414063	-9.939550066126984	-1.534616346745917	9.497492635605152	18.572	3.8717706442393265	4.6533951252222865	4.125828146170348	4.088195014274351	74.10935275320307	0.015170310916662749
archi-vowels-JSP.wav	á	2	0.996	--undefined--	594.631	1294.384	2421.716	--undefined--	--undefined--	--undefined--	--undefined--	--undefined--	--undefined--	0	0	0	0	0	0	0	0	--undefined--	--undefined--	--undefined--	--undefined--	--undefined--	--undefined--	--undefined--	--undefined--	0	0	0	0	0	0	24.407	6.30279066107207	4.092942529801849	4.083394855290447	4.079806690694939	70.10290097534858	0.006568211202418622
 archi-vowels-JSP.wav	á	2	1.041	134.52886793329014	670.034	1288.96	2422.731	24.63329368635481	21.137431724119512	22.999195128442008	18.332098452708276	11.72601571919952	23.34747588669376	8.09120244811273	8.778351074756719	25.085180880067625	23.048078354016198	33.570022715387225	45.5085640411766	32.42674807638517	22.802271308417893	40.25348606552124	44.26279959186183	86.60716661192318	3.495861962235299	-1.8617634043224953	6.301195233646535	12.907277967155292	1.28581779966105	-0.6871486266439888	2.0371025260514273	-10.521944361371027	-20.423383161108973	-7.341567196317541	2.282909571649732	23.481	10.235670461250328	13.082828559945739	12.849823090964223	12.794767834233841	72.42130731115311	0.03803214951982039
 archi-vowels-JSP.wav	á	2	1.086	132.1183420340751	667.988	1307.394	2408.021	23.41608111588276	23.539870991099683	25.202035720909727	18.02239545666518	12.828669281915218	26.750985699613643	16.747498542886415	15.407181562644945	23.851229560058087	25.376738013203557	35.215656727020395	45.127245510634765	33.26347048158946	26.857748597072856	39.96160892926658	44.173422154041305	85.0744175006704	-0.12378987521692153	-1.6621647298100442	5.3936856592175815	10.587411833967543	-3.334904583730882	1.3403169802414698	-1.52550845314547	-9.838918713816838	-21.276015950576678	-9.412240921531371	-3.006519037014769	23.96	16.307727898690775	18.555241616420666	17.99870056370008	16.85643378410951	72.52999578990529	0.03820209115923884
 archi-vowels-JSP.wav	á	2	1.131	133.5878924385563	623.618	1403.24	2402.43	24.17708206130687	25.51514932074889	23.766854134208828	18.976651878286564	15.8339193076636	19.031195392041553	10.671641963089671	11.156394091257733	24.663243716210385	27.591999035654936	36.440427401574176	44.827468744212325	33.46479270091812	19.73458139535167	39.69200656224586	45.66066024218079	85.07171190145772	-1.3380672594420204	1.7482951865400622	5.2004301830203055	8.34316275364327	5.145886669265316	-0.48475212816806135	-2.9287553194445515	-8.84842836591924	-20.16422502800194	-8.801548984707733	4.928662320858713	24.734	16.111978707367022	18.622805156386192	18.49179208794855	17.647633617619157	72.12679505493638	0.03542414878632495
 archi-vowels-JSP.wav	á	2	1.176	130.07421780078553	412.776	1460.63	2395.41	23.515951974811156	27.908834077397955	32.23459106012834	17.948826584491208	19.614773324760716	22.458071000391133	11.614685947802704	6.8320911486799325	24.48722634901094	32.533822163190756	37.89964264620871	39.309873416572174	28.463734509606923	16.9763520292204	38.442760006080626	46.15060565536116	83.78353553275556	-4.3928821025868	-4.325756982730383	5.567125390319948	3.90117865005044	1.0578809744200228	4.782594799122771	-8.046595814179817	-5.365820483017956	-14.822647067561235	-3.9765081605959836	7.510874319790538	17.104	3.4120461352616447	3.267150831494199	2.5507041309481226	2.546093308347003	67.11742727333309	0.04680910779351663
archi-vowels-JSP.wav	á	3	2.038	155.37970784796343	532.734	1010.311	2421.487	20.106529913280852	33.98613851872623	12.447852380091042	24.121695213583138	7.69663334815877	24.18152730684419	1.8710699597944094	-13.723839422768007	21.083178226175136	38.4366789596789	25.211672991470444	49.26336645643035	26.535900128708608	13.464561626938655	40.880751225346536	44.64226627611032	91.6152927731767	-13.879608605445377	21.538286138635186	-4.015165300302286	12.409896565122082	-4.074997393563336	15.594909382562417	-17.353500733503765	13.225005968208457	-28.18018823025521	-5.452721902533472	7.61861659923648	18.592	7.397595143749731	8.384958350569365	8.371876999083609	8.372224917508333	75.77671138441406	0.014156947206886155
 archi-vowels-JSP.wav	á	3	2.092	188.0546293011929	598.65	1237.568	2415.003	26.615558105360712	35.98167348548232	29.525319308523976	26.89206900186685	12.347559535042855	29.073476114457964	11.920602760365446	12.745687448817662	27.717089832638933	41.1515865938296	38.2018566675734	51.610490335817055	29.909513325279487	24.396718014569533	45.47948919331297	50.32972536035398	99.10685683054476	-9.366115380121606	6.456354176958342	-0.2765108965061387	14.267998570317857	-2.457918009097252	-0.8250846884522165	-13.434496761190665	2.9497299262561967	-23.89340050317812	-2.192423492640554	3.3203718180694004	20.991	8.049679289666727	6.042514762828965	6.039458875384437	6.040447670313327	78.54234279539695	0.008408294580224754
 archi-vowels-JSP.wav	á	3	2.147	211.9442502333102	644.097	1396.003	2575.14	30.205118354721243	34.66762130541515	27.456362127167957	24.45232340060489	7.422857226624728	17.82640197049562	15.280286267115955	24.160921997414032	31.39906755640542	40.39850705533376	34.116439826354934	48.969579603619465	24.11262576267584	13.728937308702251	48.74610680224835	55.64407517103413	118.17359497204244	-4.46250295069391	7.211259178247197	5.752794954116354	22.782261128096515	12.378716384225623	-8.880635730298078	-8.99943949892834	6.282067228978825	-17.570512047214045	7.28644179372958	17.67013024770317	27.552	13.91516426309974	10.187335466237208	10.165087937180052	10.157734367439042	78.33194331065825	0.008648376355533897
 archi-vowels-JSP.wav	á	3	2.202	217.06396729423173	655.243	1355.911	2455.021	30.24450580036656	32.16165428210072	23.894763618336967	23.99873251578011	12.532338177796571	22.54723676656144	17.869679630132293	24.830294061979743	31.47562671172381	38.08076938344979	30.87022823077653	48.76977798526213	30.008829443636596	20.35365901341786	49.457055058019435	55.591890610839464	109.38200253640962	-1.9171484817341593	8.266890663763753	6.245773284586452	17.71216762256999	7.697269033805121	-6.96061443184745	-6.605142671725982	7.210541152673262	-17.294151273538322	1.4667972680872126	11.121967698305948	15.391	23.23857286471341	21.714643383083718	21.58198389962765	21.509127915656503	76.36543862703408	0.010917398789636957
 archi-vowels-JSP.wav	á	3	2.257	207.00778563495115	705.929	1362.849	2555.918	20.990308634862654	31.875643835456803	19.08746316775563	17.874571850828406	11.573504176960139	21.453705072622515	14.731983997290236	19.641641092609923	21.97174591605812	36.359261025276965	31.436116538062894	43.804176013784655	30.884902795436954	18.95450094648211	48.84120103674699	54.42780106311501	115.18201864718567	-10.885335200594149	12.788180667701173	3.1157367840342474	9.416804457902515	-0.4633964377598616	-4.909657095319687	-14.387515109218846	4.923144487214071	-21.832430097726537	-8.913156879378835	3.0172449695760086	0	18.25263605316954	10.087557539472993	9.825002418724454	9.698697058521823	72.53125597859945	0.003377441870562408
archi-vowels-JSP.wav	á	4	2.905	144.03591397231023	536.569	989.367	2357.602	32.13421151770454	31.39120597523565	22.535210178119684	21.297145262372695	10.628695631583646	21.01691890035961	5.949157118662592	7.640413834653162	32.967217604463464	35.09655496225666	41.4770295312548	46.94888840346452	30.255292474484122	11.480406839230286	39.70631677093781	43.18909426494492	84.68395530243437	0.743005542468893	8.855995797115966	10.837066255331848	21.505515886120897	11.117292617344933	-1.69125671599057	-2.1293373577931973	-6.380474568998139	-13.981670799001058	2.711925129979342	21.48681076523318	26.698	15.085009468387556	11.390546631506464	11.36499078643678	11.352602026927078	73.06683734617775	0.06047249305360309
 archi-vowels-JSP.wav	á	4	2.95	149.903388124902	607.067	1091.108	2447.886	29.02840361391064	36.61000706040679	28.747896878399374	28.175775325468585	13.185476653003867	33.0663024692015	12.265189715190454	14.2560367176525	29.738677127338207	39.70977566069025	54.74415069914269	54.74415069914269	34.0518212576966	26.012672536375486	41.33061489844214	44.449814870537196	92.08142014816285	-7.581603446496146	7.862110182007413	0.8526282884420553	15.842926960906773	-4.037898855290862	-1.9908470024620453	-9.971098533352041	-15.034375038452445	-25.005473571804487	-4.3131441303583955	3.72600459096272	26.18	21.252700019787913	18.48539916180808	18.344986728804862	18.286627379358077	79.35111864194901	0.014117599224764424
 archi-vowels-JSP.wav	á	4	2.995	154.56521105747444	636.787	1217.111	2523.979	23.851854450051825	30.996596535494582	26.285975672347647	23.744720892522537	10.69441914468073	32.02154897034191	13.218907222752518	4.307345326572946	24.519088854316863	33.90123683436239	50.11190428453084	50.11190428453084	30.71360741236203	26.706095019275544	42.19296553970503	45.998015444502144	98.67876491388135	-7.144742085442758	4.710620863146936	0.10713355752928777	13.157435305371095	-8.169694520290086	8.911561896179572	-9.38214798004553	-16.210667450168444	-25.592815430213975	-6.194518558045168	-2.1870061649586816	23.154	16.733644777079366	17.648143555028078	17.526031835416514	17.361864467434096	75.81264406056846	0.01663830861011327
 archi-vowels-JSP.wav	á	4	3.04	142.91926000182838	642.308	1243.658	2493.658	29.495717665145577	32.53258386047157	29.267448242523855	20.30002664309886	15.409376346620675	30.499888628809025	11.097363148203886	6.089824788882874	30.051210065684764	34.914882645270694	44.63756515425949	46.92126598248787	35.534005797299216	26.697418321380386	40.93821691107266	44.823162400117575	93.48182629605219	-3.0368661953259917	3.2651356179477133	9.195691022046717	14.086341318524902	-1.004170963663448	5.007538359321012	-4.863672579585931	-9.722682508988797	-16.870055916803103	-5.482795731614452	3.3537917443043774	10.047	3.451274654663736	2.376917485868645	2.4005991587776925	2.380088177318002	74.10107559336443	0.03827559114266828
 archi-vowels-JSP.wav	á	4	3.085	124.42329660479459	628.323	1307.461	2478.889	22.397172972598344	31.426587104975347	15.531701273562724	13.966876809989937	11.271465059782447	17.484868811639252	6.3267238527516625	4.8517032191207905	22.822940144471083	33.22512719163191	25.38437807235047	40.468903086976226	30.488411065607657	15.19771011415456	38.7120912193589	43.20884773402134	87.74695051931137	-9.029414132377003	15.894885831412623	8.430296162608407	11.125707912815898	4.912304160959092	1.475020633630872	-10.40218704716083	7.840749119281444	-17.645962942505143	-7.665470921136574	7.625230030316523	11.541	4.803929023334876	4.3525933930188	4.293169229877492	4.2316178967648685	69.1244545016875	0.01625553058151499
archi-vowels-JSP.wav	áːˤ	5	3.528	136.6179548824286	588.512	1353.511	2069.318	25.582803603649676	13.673404097520024	24.197047873393725	16.887216273311793	15.348903789847732	17.627649890457622	23.961084825244747	-18.16090800306138	26.15155915495828	16.13553884179306	42.10313071389632	42.15897989797539	32.25703860980021	23.961084825244747	39.622100122288316	45.32684808900409	66.95826398229852	11.909399506129652	-10.523643775873701	8.695587330337883	10.233899813801944	7.955153713192054	42.12199282830613	10.016020313165221	-25.96759187210326	-16.00742074301711	-6.10547945484193	2.1904743297135347	11.425	11.970076130645902	16.73723587099837	16.613128639381674	16.5775856123042	70.85752640016574	0.022143296718095975
 archi-vowels-JSP.wav	áːˤ	5	3.614	149.23415031764569	672.26	1640.827	2494.044	26.120151285169065	35.7473398658496	32.42558391499862	21.13119083921589	6.725459610720534	19.445349475448577	28.51839786652092	-1.0437223547465773	26.630377295518905	37.941294750786916	46.841756801569225	46.841756801569225	22.745413995424393	23.589772576607775	41.94369982797803	52.791508266753375	95.13575777015359	-9.627188580680532	3.321755950850978	4.988960445953175	19.39469167444853	6.674801809720488	29.5621202212675	-11.310917455268012	-8.90046205078231	-20.21137950605032	3.884963300094512	3.04060471891113	25.334	20.277288650922536	19.252532504871375	18.709423280869753	18.53422252245418	74.16896014927856	0.011737185848891062
 archi-vowels-JSP.wav	áːˤ	5	3.7	--undefined--	629.625	1434.328	2304.407	--undefined--	--undefined--	--undefined--	--undefined--	--undefined--	--undefined--	0	0	0	0	0	0	0	0	--undefined--	--undefined--	--undefined--	--undefined--	--undefined--	--undefined--	--undefined--	--undefined--	0	0	0	0	0	0	26.828	18.82264851785854	15.424145383551515	14.76336856068147	14.671324312991628	73.77431500253462	0.009995583411361272
 archi-vowels-JSP.wav	áːˤ	5	3.787	--undefined--	615.72	1555.18	2805.898	--undefined--	--undefined--	--undefined--	--undefined--	--undefined--	--undefined--	0	0	0	0	0	0	0	0	--undefined--	--undefined--	--undefined--	--undefined--	--undefined--	--undefined--	--undefined--	--undefined--	0	0	0	0	0	0	23.676	17.382915814594146	22.538817354212014	21.517998713827488	21.45344878481168	70.66944416739378	0.008474376372917269
 archi-vowels-JSP.wav	áːˤ	5	3.873	--undefined--	518.583	1558.236	2770.298	--undefined--	--undefined--	--undefined--	--undefined--	--undefined--	--undefined--	0	0	0	0	0	0	0	0	--undefined--	--undefined--	--undefined--	--undefined--	--undefined--	--undefined--	--undefined--	--undefined--	0	0	0	0	0	0	22.647	16.970394995177482	17.281605863426627	14.580268281428824	14.53987178791493	70.57205059267349	0.02195359474096259
archi-vowels-JSP.wav	áˤ	6	4.532	--undefined--	583.353	1616.017	2677.754	--undefined--	--undefined--	--undefined--	--undefined--	--undefined--	--undefined--	0	0	0	0	0	0	0	0	--undefined--	--undefined--	--undefined--	--undefined--	--undefined--	--undefined--	--undefined--	--undefined--	0	0	0	0	0	0	21.291	13.251112300275608	14.204764087957443	13.757703845989152	13.737908042016823	65.58447257742098	0.021980467055588076
 archi-vowels-JSP.wav	áˤ	6	4.58	--undefined--	633.382	1366.584	2369.052	--undefined--	--undefined--	--undefined--	--undefined--	--undefined--	--undefined--	0	0	0	0	0	0	0	0	--undefined--	--undefined--	--undefined--	--undefined--	--undefined--	--undefined--	--undefined--	--undefined--	0	0	0	0	0	0	23.961	11.445222643024263	15.101676938266404	14.729143028478806	14.653366730276439	66.07386634695669	0.04099088021227522
 archi-vowels-JSP.wav	áˤ	6	4.628	--undefined--	644.495	1332.692	2617.202	--undefined--	--undefined--	--undefined--	--undefined--	--undefined--	--undefined--	0	0	0	0	0	0	0	0	--undefined--	--undefined--	--undefined--	--undefined--	--undefined--	--undefined--	--undefined--	--undefined--	0	0	0	0	0	0	25	12.406707204138936	17.627947748136744	17.21669807077265	17.190199916539804	68.72914062406242	0.027640551345401367
 archi-vowels-JSP.wav	áˤ	6	4.676	--undefined--	629.325	1478.448	2634.511	--undefined--	--undefined--	--undefined--	--undefined--	--undefined--	--undefined--	0	0	0	0	0	0	0	0	--undefined--	--undefined--	--undefined--	--undefined--	--undefined--	--undefined--	--undefined--	--undefined--	0	0	0	0	0	0	23.043	14.119612602262539	12.458948474492646	12.220827848148524	12.14122274541638	65.95715580495751	0.032744255457602074
 archi-vowels-JSP.wav	áˤ	6	4.724	--undefined--	490.501	1557.134	2771.768	--undefined--	--undefined--	--undefined--	--undefined--	--undefined--	--undefined--	0	0	0	0	0	0	0	0	--undefined--	--undefined--	--undefined--	--undefined--	--undefined--	--undefined--	--undefined--	--undefined--	0	0	0	0	0	0	0	3.8440729357233714	2.5940371522347094	2.2900584461675386	2.056580053521598	58.22721656896878	0.03637318631895153
archi-vowels-JSP.wav	áˤ	7	5.262	134.06208639822856	541.272	1371.823	2040.407	20.503808840007373	30.45821560322628	18.31245921277657	19.072548411986773	18.601298267245745	21.920895228362557	27.916358189669644	-13.205772830363857	21.135155138529917	33.23034923604807	42.44150704800775	43.47427289833518	33.60540386005687	27.916358189669644	38.68994174885412	45.255952186268864	65.11190380278134	-9.954406763218905	12.145756390449709	1.4312604280206003	1.9025105727616278	-1.4170863883551839	41.1221310200335	-12.095194097518153	-9.21115781195968	-22.339117759805262	-12.47024872152695	-6.781203051139727	25.193	12.272577767413427	8.53767619371079	7.727975230909201	7.721569996316298	72.09148053248522	0.046662053331334455
 archi-vowels-JSP.wav	áˤ	7	5.309	146.27164707251674	600.418	1334.054	2069.811	30.96662960597074	30.532654068158553	25.645442275293764	23.704982559096518	13.8398778291179	24.616402424871893	30.650018728026108	-3.794761324302911	31.60156955061983	33.305150285259735	49.03289947541453	49.03289947541453	31.183767887311504	30.650018728026108	40.84436034170463	46.288936370150246	68.79531890018791	0.4339755378121879	4.88721179286479	7.261647046874224	17.126751776852842	6.350227181098848	34.44478005232902	-1.7035807346399068	-15.727749190154796	-17.431329924794703	0.4178016633083246	0.9515508225937204	26.677	14.882550023971497	12.823644850251892	12.444852830198357	12.432731290747212	74.9716720006807	0.05697452863844987
 archi-vowels-JSP.wav	áˤ	7	5.355	152.7979704939783	612.432	1337.504	2059.981	26.999263923560285	31.758276606845122	27.497346279836115	27.481479001203148	22.972053307367567	20.301044686912366	26.88624498805153	13.785661918190648	27.669982994073905	34.70071004254495	52.875432029529144	52.875432029529144	40.55344773094559	26.88624498805153	41.718508722923	47.16046548262065	69.52664790159282	-4.759012683284837	4.260930327009007	-0.48221507764286287	4.027210616192718	6.698219236647919	13.100583069860882	-7.030727048471043	-18.174721986984196	-25.20544903545524	-12.883464736871687	0.7837380060223751	21.899	21.92555571021451	21.874106224964724	20.856550887769437	20.766263550024053	78.15568346870235	0.035070484684476926
 archi-vowels-JSP.wav	áˤ	7	5.402	--undefined--	590.142	1449.385	1934.948	--undefined--	--undefined--	--undefined--	--undefined--	--undefined--	--undefined--	0	0	0	0	0	0	0	0	--undefined--	--undefined--	--undefined--	--undefined--	--undefined--	--undefined--	--undefined--	--undefined--	0	0	0	0	0	0	19.312	21.809943394808418	13.30123347781833	12.733760864311037	12.724403365159251	75.19696068161728	0.03052516213639145
 archi-vowels-JSP.wav	áˤ	7	5.448	--undefined--	513.954	1418.33	1825.763	--undefined--	--undefined--	--undefined--	--undefined--	--undefined--	--undefined--	0	0	0	0	0	0	0	0	--undefined--	--undefined--	--undefined--	--undefined--	--undefined--	--undefined--	--undefined--	--undefined--	0	0	0	0	0	0	0	6.174825505811831	5.656107401571472	5.6214494699120845	5.621437376499908	63.53732734251299	0.014492428161439162
archi-vowels-JSP.wav	áˤ	8	6.251	--undefined--	536.507	1481.93	2045.363	--undefined--	--undefined--	--undefined--	--undefined--	--undefined--	--undefined--	0	0	0	0	0	0	0	0	--undefined--	--undefined--	--undefined--	--undefined--	--undefined--	--undefined--	--undefined--	--undefined--	0	0	0	0	0	0	11.633	8.42157903661369	4.287837496819573	4.236261319106221	4.235286007837672	70.9830899717752	0.03560503981166761
 archi-vowels-JSP.wav	áˤ	8	6.285	140.5475034447293	585.292	1426.79	2016.902	26.258110253080208	30.103834304140435	28.917006878474762	25.275358775925014	14.9198928600482	17.20669062644577	26.459608471344595	8.163812202736871	26.857170459254863	32.71600042080461	50.19398250083222	50.19398250083222	30.756779871375546	26.459608471344595	40.017595947498705	46.941408367739456	65.20527676191932	-3.845724051060227	1.1868274256656726	0.982751477155194	11.338217393032007	9.051419626634438	18.295796268607724	-5.858829961549748	-17.47798208002761	-23.336812041577357	-3.8996094121206824	0.39756198791026875	26.601	11.618870778908452	17.440071050476366	16.84432164830894	16.830021551380206	74.49833823936017	0.01652895425793533
 archi-vowels-JSP.wav	áˤ	8	6.32	145.19512645289313	590.224	1427.512	2106.91	28.412201557793583	29.24497357915027	24.925997600740523	24.087962842769176	21.25528784987135	24.717321759772567	31.58346582587312	9.75990978869227	29.043121927943947	32.00928038506617	48.982771250345905	48.982771250345905	37.14816588516976	31.58346582587312	40.596978702724556	47.55873730988602	70.46674136601311	-0.8327720213566856	4.318975978409746	4.324238715024407	7.156913707922232	3.6948797980210166	21.82355603718085	-2.966158457122223	-16.973490865279736	-19.93964932240196	-8.105043957225814	-2.540343897929173	29.556	18.431877149074545	21.906565876887214	20.548026106605263	20.50850627568138	74.33813179464936	0.033507064428495714
 archi-vowels-JSP.wav	áˤ	8	6.355	145.3505348635984	564.937	1514.069	2019.53	28.263744073506995	32.88537387600602	29.74746529210987	27.482315789599166	15.572488209856289	21.975382387947725	32.565010106132235	-3.896753391560348	28.93706002764983	35.870431332045555	51.7402482354532	51.7402482354532	29.577936443057965	32.565010106132235	40.27444202176051	49.21210313464648	66.19700427188742	-4.621629802499026	3.1379085838961522	0.7814282839078288	12.691255863650706	6.28836168555927	36.46176349769258	-6.933371304395724	-15.869816903407646	-22.80318820780337	-0.6408764154081332	-3.627950078482403	29.467	16.216864315850156	17.656879791453385	15.129375220789836	15.124932730215141	75.28121323449908	0.027665604937321737
 archi-vowels-JSP.wav	áˤ	8	6.389	--undefined--	557.281	1444.516	2001.386	--undefined--	--undefined--	--undefined--	--undefined--	--undefined--	--undefined--	0	0	0	0	0	0	0	0	--undefined--	--undefined--	--undefined--	--undefined--	--undefined--	--undefined--	--undefined--	--undefined--	0	0	0	0	0	0	25.334	2.1017956436009406	6.427020735176635	5.66916661098904	5.665729814880368	65.0700823768257	0.021932421484562474
archi-vowels-JSP.wav	é	9	7.176	--undefined--	447.118	1811.284	2408.189	--undefined--	--undefined--	--undefined--	--undefined--	--undefined--	--undefined--	0	0	0	0	0	0	0	0	--undefined--	--undefined--	--undefined--	--undefined--	--undefined--	--undefined--	--undefined--	--undefined--	0	0	0	0	0	0	22.527	11.313563524010048	12.30467913002367	10.593325208243886	10.47567071059927	63.03151124680606	0.012281316962177862
 archi-vowels-JSP.wav	é	9	7.206	152.33063295143802	454.77	1834.657	2435.168	23.208919380957575	32.565563682514835	29.779642804070587	21.053949332290507	27.21195178211194	24.096935376492034	31.79195987427019	12.238835017284227	24.296689473220006	37.92477183865782	32.739582414323024	42.95931663968122	33.406088951490275	26.32325197302988	38.9936686266288	59.55015133176132	91.80752159766178	-9.35664430155726	2.785920878444248	2.1549700486670673	-4.003032401154364	-0.8880159955344595	19.553124856985963	-13.628082365437812	5.185189424334794	-18.662627166461213	-9.10939947827027	-2.0265624998098737	21.123	17.368745315409935	18.139191404823716	14.613519078561232	14.362117897681745	69.22033465756823	0.0162957932033301
 archi-vowels-JSP.wav	é	9	7.236	--undefined--	485.922	1829.943	2377.89	--undefined--	--undefined--	--undefined--	--undefined--	--undefined--	--undefined--	0	0	0	0	0	0	0	0	--undefined--	--undefined--	--undefined--	--undefined--	--undefined--	--undefined--	--undefined--	--undefined--	0	0	0	0	0	0	22.274	7.590715155973813	9.625094972350041	5.767083858221239	5.758242676498293	69.31447973627142	0.006109121461283502
 archi-vowels-JSP.wav	é	9	7.265	165.76208239927257	362.026	1805.133	2450.138	22.876796641941066	34.44689003770773	37.99068264336482	30.544073599451593	33.983175380683456	30.752931026750986	27.10305925196844	23.735623720849585	24.95976002491757	48.55439130273942	31.829775466491608	48.55439130273942	36.03330512373319	27.594681124084644	47.625568592993694	60.567356527739314	96.19107413437379	-11.570093395766666	-3.5437926056570888	-7.667276957510527	-11.10637873874239	-7.8761343848099195	3.367435531118854	-23.594631277821847	16.72461583624781	-23.594631277821847	-11.073545098815622	-2.634921099167073	13.4	19.621628272097567	18.29652553995092	15.708884073193296	15.631969207019312	73.43358170404359	0.018615426434623487
 archi-vowels-JSP.wav	é	9	7.295	156.0806289622386	366.188	1866.162	2554.85	27.439790742110343	36.99236192862322	31.890746128153214	29.403655356539915	27.41608272096672	26.992724624056226	29.24707684193397	25.956592703895375	29.216949987510308	47.81683683370914	27.322042777890722	47.81683683370914	29.24707684193397	22.896817445303967	45.89217793379752	61.379153955708176	101.36496852208234	-9.552571186512875	5.101615800470004	-1.9638646144295713	0.023708021143622915	0.4470661180541171	3.2904841380385967	-18.59988684619883	20.494794055818417	-18.59988684619883	-0.030126854423663474	6.320132542206341	0	6.507036067190252	6.141548532186771	5.57696013711838	5.499048151168601	72.17203057412061	0.02379132385756826
archi-vowels-JSP.wav	é	10	7.891	--undefined--	440.425	1881.042	2351.428	--undefined--	--undefined--	--undefined--	--undefined--	--undefined--	--undefined--	0	0	0	0	0	0	0	0	--undefined--	--undefined--	--undefined--	--undefined--	--undefined--	--undefined--	--undefined--	--undefined--	0	0	0	0	0	0	17.792	12.180247647009999	13.112668630963725	11.965752889137992	11.927358459893187	64.78705671411012	0.020665621705684235
 archi-vowels-JSP.wav	é	10	7.917	--undefined--	442.051	1813.732	2294.682	--undefined--	--undefined--	--undefined--	--undefined--	--undefined--	--undefined--	0	0	0	0	0	0	0	0	--undefined--	--undefined--	--undefined--	--undefined--	--undefined--	--undefined--	--undefined--	--undefined--	0	0	0	0	0	0	23.165	18.201097863085415	19.106720183837513	15.47223865454301	15.391227916052781	68.3885751231245	0.00669308622660484
 archi-vowels-JSP.wav	é	10	7.944	--undefined--	469.386	1828.218	2300.621	--undefined--	--undefined--	--undefined--	--undefined--	--undefined--	--undefined--	0	0	0	0	0	0	0	0	--undefined--	--undefined--	--undefined--	--undefined--	--undefined--	--undefined--	--undefined--	--undefined--	0	0	0	0	0	0	27.442	20.019509790909332	21.62207741095505	17.3404134646254	17.29518176102957	67.63468006969048	0.005660424999194486
 archi-vowels-JSP.wav	é	10	7.97	147.25928272945268	443.064	1828.867	2352.319	21.881677228329348	38.761188521007355	26.56174128407893	15.811768879577222	24.719076366838316	17.512046689154083	21.85642936371743	17.65110901774143	22.948742941819216	43.996887952884684	29.75866593752936	37.51279522711701	30.613266331239966	21.55369663988747	38.78216679731406	58.52421219713275	85.09499941420574	-16.879511292678007	12.199447236928425	6.069908348752126	-2.8373991385089674	4.369630539175265	4.205320345976002	-21.04814501106547	14.238222015355323	-14.564052285297794	-7.664523389420751	1.395046301931746	20.855	10.845720270808153	10.02512369321088	8.598294392600588	8.555636817842386	68.57833297908158	0.042515503956680224
 archi-vowels-JSP.wav	é	10	7.996	--undefined--	357.419	1814.208	2419.527	--undefined--	--undefined--	--undefined--	--undefined--	--undefined--	--undefined--	0	0	0	0	0	0	0	0	--undefined--	--undefined--	--undefined--	--undefined--	--undefined--	--undefined--	--undefined--	--undefined--	0	0	0	0	0	0	7.503	5.12538793540815	5.09598809194209	4.139708426054407	3.511873120987587	65.08258890886376	0.009251921663607847
archi-vowels-JSP.wav	é	11	8.593	143.77123529042365	351.45	1986.612	2391.194	27.133394930264682	26.774746098380838	22.584325020576003	18.15687667687441	23.661810717420387	14.95418698184686	23.768765008570764	1.428706773314162	28.744666948722557	36.07010224717712	18.84716825576711	36.07010224717712	23.768765008570764	17.823767929583617	46.32338058673428	64.40193131361386	86.78639436800525	0.3586488318838441	4.190421077804835	8.976518253390271	3.471584212844295	12.179207948417822	22.340058235256603	-7.325435298454561	17.22293399141001	-7.325435298454561	4.975901940151793	10.92089901913894	17.076	8.124528638680928	7.650067560458313	6.680972409395499	6.594082115123173	63.944879166850974	0.03710297093509152
 archi-vowels-JSP.wav	é	11	8.632	150.27558127145733	395.121	1882.723	2332.692	29.76289736951453	38.71762905461726	33.53038014335662	26.107637454234798	31.491307882548316	21.746129901685872	34.65016049225957	11.8801119205363	31.162235840133704	46.260864948250955	32.07547006352133	45.97911067063032	34.65016049225957	25.612698805425698	42.06990704165166	61.0894151556835	84.53654195849951	-8.954731685102733	5.187248911260639	3.655259915279732	-1.7284105130337863	8.016767467828657	22.770048571723272	-15.098629108117251	14.185394884729625	-14.816874830496616	-3.4879246521258693	5.549537034708006	25.309	17.613610923101707	17.615279807791083	15.289556362574451	15.246723677423734	72.61489319647035	0.03755721708290668
 archi-vowels-JSP.wav	é	11	8.672	155.85514447057386	491.764	1835.604	2354.147	16.22102463223228	32.046430387998484	28.838106341943213	26.13876189835349	25.338687039899813	27.553243581382056	32.89397285358849	21.839350871274146	17.198896235270315	36.72544024782066	34.16266857596347	48.75323235990652	32.89397285358849	33.385299824782166	39.287680522008756	60.149992354827724	87.20650370569206	-15.825405755766205	3.208324046055271	-9.917737266121211	-9.117662407667535	-11.332218949149777	11.054621982314341	-19.526544012550342	2.5627716718571847	-31.554336124636205	-15.695076618318172	-16.18640358951185	25.139	15.785493167178679	18.830097139257425	14.706604329696937	14.676308056607573	73.83025890837467	0.020615327096153022
 archi-vowels-JSP.wav	é	11	8.711	164.90032740827107	492.507	1822.545	2473.739	23.713156776773864	38.38331816709199	33.60296325104815	22.425734945440347	33.68992521326996	31.15844826406757	36.17423373912965	20.959520210874885	24.811986258047654	43.78863086497084	36.78999553724346	44.85633684012178	41.20970847870004	33.271837227217446	40.24563680128316	61.09168591636614	97.68317876151578	-14.670161390318128	4.780354916043841	1.2874218313335177	-9.976768436496094	-7.445291487293705	15.214713528254762	-18.976644606923188	6.998635327727378	-20.044350582074124	-16.397722220652383	-8.459850969169793	24.749	19.649663187046357	20.992748815613442	12.782136405442753	12.808586979623026	74.16807967624968	0.008206222827477409
 archi-vowels-JSP.wav	é	11	8.751	168.23691999324467	415.657	1887.738	2364.073	18.912234095955473	43.0910472922278	32.446773814650456	29.591511342271357	26.129627460369868	19.695678570239348	28.392311291910847	18.895354816739005	20.521221359094994	52.34300051536523	29.432378044923762	49.86820167692556	29.744532642601747	23.2110608307018	42.42942334093861	64.26463157702598	90.7542924026317	-24.178813196272326	10.644273477577343	-10.679277246315884	-7.217393364414395	-0.7834444742838755	9.496956475171842	-31.82177915627024	22.91062247044147	-29.346980317830564	-9.223311283506753	-2.689839471606806	23.684	25.67982146275721	21.722429047485573	19.09469723501793	18.989875831759417	77.91627022548288	0.05055904653779331
archi-vowels-JSP.wav	é	12	9.563	142.17350865251166	320.709	1908.605	2290.217	27.11736744122781	27.523891562681943	33.11315785455419	23.148027093878426	31.990661873048367	14.927708323131174	26.269981190578505	9.535973500523568	29.02070809537275	39.43020278219017	27.307502353727937	39.43020278219017	31.338710050432418	17.435084936918244	50.92679945430435	60.7871238345507	80.08751725679888	-0.4065241214541331	-5.589266291872246	3.969340347349384	-4.8732944318205575	12.189659118096635	16.734007690054938	-10.409494686817421	12.122700428462235	-10.409494686817421	-2.3180019550596676	11.585623158454506	22.626	6.678933242817254	6.715708817952332	4.910565969134461	4.883137773959209	67.21542818289751	0.018963321316559787
 archi-vowels-JSP.wav	é	12	9.592	147.4616961683213	383.017	1866.859	2311.461	28.598924278006287	32.30758092525262	31.066190432978473	23.04648970096985	24.850176459810942	17.681390065708094	24.480643491123956	9.980015652409055	30.03151473873033	40.10758071678468	29.221555171004738	42.457875535537895	27.68174309972109	21.31387247847678	42.92235776144322	59.999653131124816	82.56503685423587	-3.708656647246336	1.2413904922741494	5.552434577036436	3.748747818195344	10.917534212298193	14.500627838714902	-10.076065978054352	10.886025545779944	-12.426360796807565	2.3497716390092407	8.717642260253548	26.953	15.55680401054964	15.569417751000953	13.48351719590627	13.438634291471326	70.27481000433355	0.018218912326625303
 archi-vowels-JSP.wav	é	12	9.62	146.19933467710234	439.43	1798.363	2287.226	28.368828752420537	38.27897448859436	33.21591575918404	25.191782138097256	23.71528778209983	17.436901328512988	23.797028363032755	16.263796268319734	29.43903677095346	43.531732373177505	36.39134398260307	46.82682535452295	29.809617518221614	22.532430534657895	38.80003975557307	57.25620505492482	80.79595925155978	-9.91014573617382	5.063058729410315	3.177046614323281	4.653540970320709	10.931927423907549	7.533232094713021	-14.092695602224044	7.1403883905744365	-17.387788583569492	-0.3705807472681535	6.906606236295566	27.84	22.354140439409047	21.903490757391534	17.389234442274123	17.378864032120134	72.67718693963583	0.03618256841221729
 archi-vowels-JSP.wav	é	12	9.649	143.67790967627806	442.907	1866.408	2363.229	31.58032099636899	35.271781387483884	32.82747308925215	18.613549652726544	23.599814501538074	18.43738333336871	25.45126484533499	19.242348828138496	32.59203876267734	40.17510789127261	36.92593452650754	40.37326927002116	29.16883752647007	23.14947551217548	38.409243587724795	59.36442677859767	84.95943803259748	-3.6914603911148944	2.444308298231732	12.966771343642446	7.980506494830916	13.142937663000279	6.208916017196493	-7.58306912859527	3.2491733647650705	-7.781230507343821	3.4232012362072695	9.442563250501859	30.155	13.14510666263692	11.372541857076735	9.827272718390809	9.810617531857861	68.73463816848363	0.037288690074415404
 archi-vowels-JSP.wav	é	12	9.678	137.22889947498052	457.115	1798.484	2411.347	29.230554695985532	31.135316318168233	16.863825171417087	7.892618857238894	9.98738658351104	9.346210968545854	17.55216805629036	3.943884543544549	30.097477241120053	35.19130303124265	24.64856095610617	30.240778808308207	17.024235071772267	11.867164809014568	37.36728862221633	55.85781224041777	86.52484285968067	-1.9047616221827006	14.271491146751146	21.33793583874664	19.243168112474493	19.884343727439678	13.60828351274581	-5.093825790122594	10.542742075136477	-0.14330156718815346	13.073242169347786	18.230312432105485	0	4.7323630726551595	5.043964726374567	4.112192285206591	4.111078642059206	65.51547354879733	0.03452295212744063
archi-vowels-JSP.wav	éˤ	13	10.344	--undefined--	405.225	1553.612	2288.323	--undefined--	--undefined--	--undefined--	--undefined--	--undefined--	--undefined--	0	0	0	0	0	0	0	0	--undefined--	--undefined--	--undefined--	--undefined--	--undefined--	--undefined--	--undefined--	--undefined--	0	0	0	0	0	0	23.414	15.206291318593454	13.873261078032806	13.268094936130161	13.168762282248633	66.39408944639155	0.008991362992489734
 archi-vowels-JSP.wav	éˤ	13	10.396	--undefined--	479.993	1610.334	2284.746	--undefined--	--undefined--	--undefined--	--undefined--	--undefined--	--undefined--	0	0	0	0	0	0	0	0	--undefined--	--undefined--	--undefined--	--undefined--	--undefined--	--undefined--	--undefined--	--undefined--	0	0	0	0	0	0	22.839	4.615588485501783	6.480679051277449	5.900869054569219	5.872837918091349	70.8360517854325	0.02405041409949618
 archi-vowels-JSP.wav	éˤ	13	10.449	180.5651875726004	424.048	1603.863	1944.314	19.625423865215325	39.19139727595059	38.31520619114552	29.915952044963294	26.756624039491957	16.193997823305093	25.88058061192141	13.55880043747611	21.45751047162824	50.402763499259315	34.71264719490875	50.402763499259315	33.46903366553945	25.88058061192141	43.22386131206101	56.21538153710364	68.87357876075836	-19.565973410735268	0.8761910848050718	-10.29052817974797	-7.131200174276632	3.431426041910232	12.3217801744453	-28.945253027631075	15.690116304350568	-28.945253027631075	-12.01152319391121	-4.42307014029317	23.068	15.82870146808829	14.895172205179607	14.497722178764189	14.43906681013945	77.36663184109361	0.03844197658807151
 archi-vowels-JSP.wav	éˤ	13	10.501	200.11636587716725	471.329	1592.005	2166.981	31.56225055355754	39.61738692164043	29.112956635952674	29.439617891627734	30.44637624061631	25.797792819967963	27.744239091238832	21.782793814519337	33.41390485817698	50.90073346128306	26.15197474201212	50.90073346128306	38.85834886997534	29.444655061417684	43.76799100304021	58.620508128889156	84.72791263989599	-8.055136368082891	10.504430285687757	2.1226326619298064	1.11587431294123	5.764457733589577	5.961445276719495	-17.486828603106083	24.748758719270942	-17.486828603106083	-5.44444401179836	3.969249796759293	21.722	16.729760796123628	15.308938524548337	14.616836237521245	14.541995550303017	79.13328290086446	0.06874211534407304
 archi-vowels-JSP.wav	éˤ	13	10.553	201.15654020534308	448.253	1618.23	2307.504	31.05961867209713	35.55608534470096	27.040662809263814	28.62692224641961	26.69705112390905	24.049323174274953	23.007222951644273	21.305945080914277	33.13035501308944	49.447473847526894	22.587738975149524	49.447473847526894	33.86303059244439	23.618948471643467	44.28983335575807	59.52726900622576	94.34857923314082	-4.49646667260383	8.515422535437146	2.43269642567752	4.362567548188082	7.010295497822177	1.7012778707299958	-16.31711883443745	26.85973487237737	-16.31711883443745	-0.7326755793549466	9.511406541445975	0	22.287227460802825	20.545689270873737	18.46722002591599	18.233686801274533	76.92472557056637	0.042095080922939315
archi-vowels-JSP.wav	éˤ	14	11.126	--undefined--	415.086	1631.885	2287.693	--undefined--	--undefined--	--undefined--	--undefined--	--undefined--	--undefined--	0	0	0	0	0	0	0	0	--undefined--	--undefined--	--undefined--	--undefined--	--undefined--	--undefined--	--undefined--	--undefined--	0	0	0	0	0	0	16.199	10.508007002996306	9.673826781834112	9.55599653683096	9.539983270126362	67.51393709249582	0.011501642396659163
 archi-vowels-JSP.wav	éˤ	14	11.162	147.9093942213034	416.286	1633.866	2340.554	27.61158490509992	33.85853098676537	25.000534758443255	21.966037726039353	14.035502453397172	14.448583257532967	13.622090655953622	-0.2811928589520609	28.84617755558985	40.15507250614207	26.019745454953274	42.88096652707242	20.827719131806273	13.361658888008229	40.16695116729978	52.41424484478073	84.49456331698968	-6.2469460816654525	8.857996228322119	5.645547179060568	13.57608245170275	13.163001647566954	13.903283514905683	-11.308894950552219	14.135327051188796	-14.034788971482566	8.018458423783578	15.484518667581622	23.717	16.98239242283813	17.49457527583139	17.251776012581487	17.204172268314874	69.17310456993695	0.029984624484986244
 archi-vowels-JSP.wav	éˤ	14	11.198	149.48772642662016	443.132	1616.951	2355.046	29.21346338071021	36.74947870625588	29.26716606167778	26.221264982063225	20.86208325311727	23.232383468277543	18.15447996509238	-0.9467172163535811	30.33087784647021	42.263912167550934	32.214178473374744	48.02442147280565	28.95789707218785	22.526177082967504	39.015179414818064	52.19088940429317	85.78711153734366	-7.536015325545669	7.482312644578098	2.992198398646984	8.35138012759294	5.981079912432666	19.10119718144596	-11.933034321080726	10.04973369417619	-17.69354362633544	1.3729807742823574	7.804700763502705	27.916	25.410594045357392	25.93234496807135	23.16940370400902	23.06799947127871	73.61320174089501	0.03389868575437944
 archi-vowels-JSP.wav	éˤ	14	11.234	147.31365169401565	431.901	1635.298	2295.244	31.05058855953854	37.62509081197004	26.85743109873141	27.516760704960156	23.091506795839468	23.16136347107945	20.18456704906335	11.950688006398531	32.18844687328337	43.27914598347973	29.318298574244352	48.99869226021082	30.566455391332966	23.922843843180726	39.23545618144019	52.367754978766285	81.5316048941346	-6.5745022524315	10.76765971323863	3.5338278545783837	7.959081763699071	7.889225088459089	8.23387904266482	-11.090699110196361	13.960847409235377	-16.81024538692745	1.6219914819504027	8.265603030102643	28.395	26.848160256507718	24.665547274522595	22.17141329809568	21.714573732177204	74.25898767473115	0.04430840304385904
 archi-vowels-JSP.wav	éˤ	14	11.271	135.09059544785174	413.491	1558.816	2427.464	28.250296786209383	24.021774766863103	12.531446270429377	21.459133116587694	18.702679749171985	20.494104769585206	11.000230354120903	9.611413668561822	29.28918027334636	29.060752810612506	16.567772875565446	42.633408433366455	26.453847991252537	16.072949122030685	38.94641436026811	48.78144626160909	87.05267066081437	4.228522019346279	11.490328496433726	6.791163669621689	9.547617037037398	7.756192016624176	1.3888166855590818	0.22842746273385472	12.49297993504706	-13.344228160020094	2.835332282093823	13.216231151315675	19.432	7.810553491973547	6.677546812022888	6.0002414882514135	5.848345759188989	68.91297274168478	0.027569293664058837
archi-vowels-JSP.wav	éˤ	15	11.833	--undefined--	489.444	1757.917	2518.005	--undefined--	--undefined--	--undefined--	--undefined--	--undefined--	--undefined--	0	0	0	0	0	0	0	0	--undefined--	--undefined--	--undefined--	--undefined--	--undefined--	--undefined--	--undefined--	--undefined--	0	0	0	0	0	0	21.316	7.184953507304028	6.669617726419864	6.675669842397516	6.688871901953668	64.0861081232977	0.011963721556409469
 archi-vowels-JSP.wav	éˤ	15	11.861	--undefined--	524.944	1760.478	2531.91	--undefined--	--undefined--	--undefined--	--undefined--	--undefined--	--undefined--	0	0	0	0	0	0	0	0	--undefined--	--undefined--	--undefined--	--undefined--	--undefined--	--undefined--	--undefined--	--undefined--	0	0	0	0	0	0	22.555	10.951345453924628	12.568039605138942	12.087269806833387	12.020095705620955	75.02842034761878	0.05363302455320372
 archi-vowels-JSP.wav	éˤ	15	11.888	--undefined--	543.524	1553.595	2574.617	--undefined--	--undefined--	--undefined--	--undefined--	--undefined--	--undefined--	0	0	0	0	0	0	0	0	--undefined--	--undefined--	--undefined--	--undefined--	--undefined--	--undefined--	--undefined--	--undefined--	0	0	0	0	0	0	22.889	9.46305290270044	11.447658527636385	9.251670521567581	9.08102108952454	71.43593184949383	0.03337321191835998
 archi-vowels-JSP.wav	éˤ	15	11.916	188.81896593770682	493.663	1721.611	2629.5	24.684876528165233	37.38960386114176	27.345531251474803	20.674866956274666	16.09826933583531	25.776694209595306	16.168039859313396	12.406854315356984	26.15532432716242	45.33244546921327	26.653468584965744	42.68581770508388	24.235308995257753	21.890546369659	42.76827747754255	61.07550252622539	116.37993592278079	-12.704727332976525	10.044072609666955	4.010009571890567	8.586607192329922	-1.0918176814300722	3.7611855439564117	-19.17712114205085	18.678976884247525	-16.53049337792146	1.920015331904665	4.264777957503419	12.733	12.741048089223675	10.005633272007994	9.805878755932513	9.4777471540749	72.55926741543882	0.04445578214063963
 archi-vowels-JSP.wav	éˤ	15	11.944	--undefined--	439.424	1748.133	2685.965	--undefined--	--undefined--	--undefined--	--undefined--	--undefined--	--undefined--	0	0	0	0	0	0	0	0	--undefined--	--undefined--	--undefined--	--undefined--	--undefined--	--undefined--	--undefined--	--undefined--	0	0	0	0	0	0	0	5.121948816479863	1.361125345386829	1.0364729977065121	-0.04564375229231271	66.25263218422471	0.048802177742400976
archi-vowels-JSP.wav	éˤ	16	12.523	195.08168313052522	473.252	1758.121	3067.483	26.267950426657542	33.77562487055182	17.7550675717807	21.166669628596733	19.756096637911288	21.37415138486349	21.740652673955772	18.871229462950648	27.98142337123739	43.836982640424196	14.96454595868163	42.62530430552674	26.574191202286674	8.959962837278777	43.23771770346018	63.34108123369615	159.51338036745594	-7.507674443894281	16.020557298771124	5.1012807980608095	6.511853788746254	4.8937990417940505	2.869423211005124	-15.855559269186806	28.872436681742567	-14.64388093428935	1.407232168950717	19.021460533958614	18.968	11.093404341914766	10.0705708588054	9.685320946289997	9.603340146702605	71.78507050623307	0.008231625716164048
 archi-vowels-JSP.wav	éˤ	16	12.551	194.60361126781723	484.22	1641.902	3012.226	34.93280197164408	40.29203428508501	31.049337266923857	25.966222737443776	24.1173032451683	28.74900521634664	18.76334852956665	13.477629493215044	36.57537449393819	49.61458309641426	29.26887693052992	47.76117737810868	32.62446617246796	15.946078558330704	43.233124544060125	59.311177738264256	153.75417828157873	-5.359232313440927	9.242697018161152	8.966579234200307	10.81549872647578	6.183796755297443	5.285719036351605	-13.039208602476066	20.345706165884337	-11.185802884170485	3.95090832147023	20.629295935607487	27.013	27.331075145938406	23.04418457756551	21.40204504391709	21.180567190922545	77.88723276606245	0.04589160520439931
 archi-vowels-JSP.wav	éˤ	16	12.579	201.53827096366058	495.863	1635.19	2533.406	37.43800745970473	43.826936731535966	31.078587158131274	31.672892557864138	30.223131642662487	30.48701915335495	29.311688405693058	18.60361373581385	39.12860380204438	53.54055366660563	29.19078576707783	53.54055366660563	39.111411502930856	26.928379574668533	44.145090291120006	60.09521019578055	111.83167899386446	-6.388929271831238	12.748349573404692	5.76511490184059	7.214875817042241	6.950988306349778	10.70807466987921	-14.411949864561251	24.3497678995278	-14.411949864561251	0.01719229911352471	12.200224227375848	24.859	27.087169619129874	22.489872983409857	21.033097116382233	20.77919030508729	81.44801917545539	0.012585748747241363
 archi-vowels-JSP.wav	éˤ	16	12.606	211.8113105024092	460.536	1536.942	3030.83	36.13586914098123	37.16058744842848	34.592620684933344	31.726417944732717	26.858008894027897	38.798753203965944	23.22954733498313	22.648700684592576	38.348006271788776	52.74732921359504	30.208336789727163	52.74732921359504	35.17341273566633	22.86265527932113	45.10224857278225	58.74165264740917	162.0799686414161	-1.0247183074472517	2.5679667634951358	4.4094511962485115	9.277860246953331	-2.662884062984716	0.5808466503905549	-14.399322941806261	22.538992423867874	-14.399322941806261	3.174593536122444	15.485350992467644	20.131	27.69128192370435	16.815777973234823	16.146747194913516	16.054769514905654	80.16431713612178	0.02098412183431869
 archi-vowels-JSP.wav	éˤ	16	12.634	198.0002731730586	442.147	1504.623	2736.869	37.227365370392	37.15248495865856	32.647357420689175	30.160517138796894	29.504131410440344	26.729593972133443	19.290102798245613	21.44456111740279	39.30504158998448	50.97541232798952	28.597275374974448	50.97541232798952	37.664411457232376	14.895288909196973	44.176152606465884	56.081242165886664	128.52848114176652	0.07488041173343873	4.505127537969386	7.066848231595106	7.723233959951656	10.497771398258557	-2.154458319157179	-11.67037073800504	22.37813695301507	-11.67037073800504	1.6406301327521007	24.409752680787506	0	17.431822989722352	14.209366436678447	11.869311178524375	11.771385739730276	77.72232171123012	0.03808900090497706
archi-vowels-JSP.wav	éˤ	17	13.474	--undefined--	511.622	1662.8	2590.023	--undefined--	--undefined--	--undefined--	--undefined--	--undefined--	--undefined--	0	0	0	0	0	0	0	0	--undefined--	--undefined--	--undefined--	--undefined--	--undefined--	--undefined--	--undefined--	--undefined--	0	0	0	0	0	0	16.127	4.878943484622752	5.0538324553140015	3.444277951853247	1.7763989644214615	60.51757221117129	0.00453769729953395
 archi-vowels-JSP.wav	éˤ	17	13.517	173.2788261907816	434.529	1615.287	2399.646	17.686986034093287	35.45504121831631	28.346168435328895	22.76488801991095	21.645132569236452	22.338374564607804	16.629183006470804	18.70642751041891	19.27965202625722	44.424550304622265	26.339087350313825	43.75876644086511	28.85206447214561	19.64451923563013	41.88252392710827	55.505328484643016	94.42360894992046	-17.768055184223023	7.108872782987415	-5.077901985817661	-3.9581465351431646	-4.651388530514517	-2.077244503948105	-25.144898278365044	18.08546295430844	-24.47911441460789	-9.57241244588839	-0.3648672093729104	25.065	17.51233054771815	17.839286760354025	15.700374478575359	14.962451844992534	70.96643314337219	0.021818484578653277
 archi-vowels-JSP.wav	éˤ	17	13.56	195.2998009543211	524.711	1694.036	2401.147	26.96575183742921	34.20300036431853	28.05806104392501	19.411802527137258	19.71646620882663	19.132269080929472	19.572309134415764	21.684144103915017	28.369535213449737	41.58933348027084	28.425737984059527	41.62659126523562	29.179062776030058	20.91091832100726	45.07931607060185	61.0909271677199	99.82313172797413	-7.237248526889317	6.144939320393515	7.5539493102919515	7.249285628602578	7.833482756499738	-2.1118349694992524	-13.219798266821101	13.163595496211311	-13.25705605178588	-0.8095275625803211	7.458616892442478	22.989	12.137240525645757	12.40114951126839	11.527627760683412	11.366362546455589	72.97387336754474	0.019623605619710965
 archi-vowels-JSP.wav	éˤ	17	13.602	204.0227130731844	500.079	1681.97	2423.296	30.909068600332297	38.20702509691387	23.838373778516218	26.374484513275753	26.470890609521966	22.012575530095468	27.891427936399108	21.207721692385903	32.60791253218056	48.01452203666962	21.75860512419877	48.01452203666962	34.96612161559445	21.9551513596292	45.52844610076611	61.9627252395679	103.62756608821547	-7.29795649658157	14.36865131839765	4.534584087056544	4.438177990810331	8.89649307023683	6.683706244013205	-15.406609504489055	26.25591691247085	-15.406609504489055	-2.3582090834138896	10.652761172551365	25.077	27.26572170665454	21.13342231956657	19.46226564575749	19.40091055817979	76.15878530592902	0.016170521856496842
 archi-vowels-JSP.wav	éˤ	17	13.645	212.40939150961697	459.107	1697.376	2962.173	31.98143149752211	31.657175596455144	30.260881390777538	26.700090204386193	17.28201624541608	32.58130523713865	20.370788327918778	9.189878418844678	34.19144551212164	47.520128132742784	25.091886154625	47.520128132742784	23.830014091189845	20.158047007874934	45.19079416264581	63.72544545534761	155.17476334163104	0.3242559010669659	1.3962942056776058	5.281341293135917	14.699415252106029	-0.599873739616541	11.1809099090741	-13.328682620621144	22.428241978117782	-13.328682620621144	10.361431420931794	14.033398504246705	21.705	28.764303345624356	23.690294301265645	19.9184006679581	19.605602382125603	74.26891520490922	0.03270039552809218
archi-vowels-JSP.wav	éˤ	18	14.422	146.58713260361247	431.282	1422.038	2674.115	22.76681389219165	30.161907532516125	25.381144281850098	22.30761016554227	11.29909066999609	30.907800560727807	14.055961106099673	11.181408664206227	23.918725797776737	35.855007407281164	28.382381430761683	43.99765007469948	20.976708622222983	19.537376957524067	39.186766425176344	47.64747307263866	107.78003941464976	-7.395093640324475	4.780763250666027	0.45920372664938114	11.46772322219556	-8.140986668536158	2.874552441893446	-11.936281609504427	7.472625976519481	-20.07892427692274	2.9420171755537545	4.38134884025267	23.396	19.898909772992777	18.49587423528195	18.221557591048306	17.936364079169383	68.71903436948799	0.014471879923544055
 archi-vowels-JSP.wav	éˤ	18	14.472	144.67498273476212	443.637	1451.933	2208.099	29.635176070950052	32.876629468111496	31.433924902491235	20.622063259007376	14.430313177597121	24.11638772971113	23.71163583545947	16.979287572181505	30.692656976817602	37.98928574107713	35.94936800375431	42.72530825361009	24.3826716695379	23.71163583545947	38.49022896842271	47.91734604055957	75.82949802138185	-3.241453397161443	1.4427045656202608	9.013112811942676	15.204862893352932	5.518788341238924	6.7323482632779665	-7.29662876425953	2.039917737322824	-12.032651276792485	6.309985307279703	6.981021141358131	28.445	17.86874624100654	16.592354709266065	14.60428023879469	14.55613981103447	69.30571663879304	0.03570240200236593
 archi-vowels-JSP.wav	éˤ	18	14.522	142.99169014823883	478.21	1630.502	2130.625	29.030160593925096	33.16135779528567	29.213607976307745	21.3536523695446	27.22750518372788	19.254228150035228	26.43940444235636	20.747108119481634	29.906968856566433	37.24808868078823	37.51976092080101	44.19081474555923	36.76989675944072	26.43940444235636	37.8153638027407	51.62493955192173	71.26924986432746	-4.131197201360571	3.947749818977922	7.676508224380495	1.8026554101972145	9.775932443889868	5.692296322874725	-7.341119824221796	-0.27167224001278356	-14.283845888992797	-6.8629279028742864	3.4675644142100737	28.434	23.314837330309615	23.51128074203546	20.21398925115875	19.694011241633714	70.14068597992436	0.033084460021221285
 archi-vowels-JSP.wav	éˤ	18	14.572	136.7061933442928	478.066	1772.865	2167.173	26.807532205380618	24.00267656355276	22.341051475712877	20.152168994307804	20.98310750348038	8.687788763921983	20.957006521370207	17.35116504639103	27.597039430571595	27.629062879786275	33.14111848803644	43.01275090630127	29.14305103772012	18.733055575441703	37.16012591529199	54.91391195873889	71.94975586704788	2.8048556418278565	1.6616250878398837	6.655363211072814	5.824424701900238	18.119743441458635	3.605841474979176	-0.032023449214680255	-5.512055608250165	-15.415711475729676	-1.5460116071485253	8.863983855129892	23.91	21.422212431510196	17.664575602612338	14.592557443446243	14.542884366168924	70.15345208827922	0.04340290481948758
 archi-vowels-JSP.wav	éˤ	18	14.622	127.24227219075344	413.632	1727.67	2389.934	21.3580101742508	37.20306606285816	24.89754424061396	7.8698486545457875	11.251545002892883	12.303508148088007	15.733180327324822	-1.897858022023446	22.26296694350914	41.479748419471754	31.317709757927773	29.12164702844185	17.443162788419876	12.320918984194286	38.07657152667814	52.05631878169828	82.76463588809493	-15.845055888607362	12.305521822244202	13.488161519705013	10.106465171357918	9.054502026162794	17.63103834934827	-19.216781475962613	10.162038661543981	-6.858680084932708	4.819804155089265	9.942047959314856	0	14.506936811510194	11.848799375757732	10.6311482993656	10.511456990868757	67.81223795749129	0.036759443355021966
archi-vowels-JSP.wav	ó	19	15.233	164.5891743217414	473.607	818.788	2282.176	26.702617579471667	33.27697487020707	24.577133829343396	23.243363547355848	20.42307852349142	23.888212105848467	6.739263565217746	14.352087715145892	28.171716881580945	40.46846041657233	34.11410153942608	48.24145206529234	39.71861628509873	9.18650742993542	40.060849191998685	44.760851354062844	84.53206930082317	-6.574357290735403	8.699841040863674	3.459254032115819	6.279539055980248	2.8144054736232	-7.612824149928146	-12.296743534991382	6.354358877146247	-20.069735183711398	-11.546899403517788	18.985209451645524	15.346	7.63352789136524	7.6177897945303545	7.6106766584451435	7.604829182132753	75.314661212698	0.007765440657107411
 archi-vowels-JSP.wav	ó	19	15.286	184.37965225325382	400.438	699.852	2338.18	31.100482042845236	36.00455858391452	30.48289818340139	31.049283111519287	23.303860581514662	41.58524475600831	9.799941808214221	15.784312184861928	33.76711601018765	53.40632023472689	40.678729338302404	53.40632023472689	40.678729338302404	19.328300961975707	45.43862044638096	46.19893761802247	92.70466935366777	-4.904076541069287	5.5216604005131344	0.051198931325949104	7.796621461330574	-10.484762713163072	-5.984370376647707	-19.63920422453924	12.727590896424488	-19.63920422453924	-6.911613328114754	14.438815048211943	20.88	21.299224646797796	16.227054594579336	16.211489187848603	16.162479973797414	80.77538428399792	0.06637811337008892
 archi-vowels-JSP.wav	ó	19	15.339	207.36937561712415	534.04	763.248	2461.13	38.083518973158746	42.759424666278726	18.76539721075327	24.64777417540941	19.240279657295055	47.76287243977474	20.184953835651505	12.636653804245359	40.15816527881888	53.66695528097388	30.057330019762162	51.65790633930758	42.656614997891936	29.631006368630683	46.56718336947848	49.360072342972195	107.44516865124696	-4.675905693119979	23.994027455525455	13.435744797749336	18.84323931586369	-9.679353466615993	7.548300031406146	-13.508790002155003	23.60962526121172	-11.499741060488702	-2.498449719073058	10.527158910188195	21.856	18.98673701460357	12.335137888856273	12.297759626059854	12.280854858988919	82.42111922927447	0.0483702456258874
 archi-vowels-JSP.wav	ó	19	15.392	216.6444673743336	489.766	1312.37	2295.909	37.782864214305405	40.02192670481513	27.088305892068096	31.703138514322863	27.166314030417045	30.916124302452772	22.037447192698206	5.814042538940121	39.899089927937645	53.64539013800148	25.499679860156572	53.64539013800148	38.98466055797226	25.906914362121377	45.60672845425713	54.85056122173073	96.96923286563366	-2.239062490509724	12.933620812747034	6.079725699982543	10.61655018388836	6.866739911852633	16.223404653758084	-13.746300210063836	28.14571027784491	-13.746300210063836	0.9144293699653829	13.992175565816268	19.685	12.234591171776511	11.91520521960933	11.275284114240186	11.247404234589908	81.82883116386157	0.04213003893336862
 archi-vowels-JSP.wav	ó	19	15.445	238.73444153859435	459.096	1331.122	2347.641	21.537975517271956	14.336379207729902	12.329244290233312	12.770981177826958	11.350074633929601	10.776534919782456	7.995795120497541	-9.098255498235696	24.528814686276394	33.001714135132204	8.180928249190169	33.518802172197795	21.251606734437615	3.424292334888386	47.94222962601941	57.925825398121894	105.91670467833275	7.2015963095420545	2.0071349174965896	8.766994339444999	10.187900883342355	10.7614405974895	17.094050618733238	-8.47289944885581	24.820785885942037	-8.9899874859214	3.277207951838779	21.10452235138801	18.875	9.563364337947762	8.447414122601863	8.202853577618338	8.197534613191426	63.72981413003248	0.007327461245605953
archi-vowels-JSP.wav	ó	20	16.026	--undefined--	484.191	806.644	2269.841	--undefined--	--undefined--	--undefined--	--undefined--	--undefined--	--undefined--	0	0	0	0	0	0	0	0	--undefined--	--undefined--	--undefined--	--undefined--	--undefined--	--undefined--	--undefined--	--undefined--	0	0	0	0	0	0	25.487	10.170289752672318	9.417447603591425	9.410871822031574	9.41127211828276	77.48725212542227	0.05376252053743646
 archi-vowels-JSP.wav	ó	20	16.066	164.60747868351444	473.222	828.746	2293.056	20.433795784594967	36.71564404498421	24.442325478633933	28.323680353288886	17.757339107926313	23.490169715199137	6.1262384928228215	12.385690779855668	21.89646117657988	43.882372052989396	33.58723175577049	53.204505901999354	36.81316515841708	8.805412682178508	40.06337183546909	44.81862936326116	85.22999383531696	-16.281848260389243	12.273318566350277	-7.889884568693919	2.6764566766686535	-3.0563739306041704	-6.259452287032847	-21.985910876409516	10.295140297218907	-31.308044725419474	-14.916703981837198	13.091048494401372	23.974	17.126779804920297	19.291518340794397	19.243997513775028	19.232428654601613	78.61167754253815	0.03205878915616954
 archi-vowels-JSP.wav	ó	20	16.107	151.83872851749223	466.039	872.89	2309.754	26.410569421271184	33.07628664870874	36.49393266532073	33.80367761803123	21.86450004204395	33.303440137322944	5.742318110374346	11.739095896234106	27.646455549055794	38.948091107993065	45.278224659710524	58.32661678959873	39.9437386628504	19.356730169404948	38.77210122066339	43.55559814692545	83.44133265314593	-6.665717227437554	-3.4176460166119895	-7.393108196760046	4.546069379227234	-6.89287071605176	-5.99677778585976	-11.30163555893727	-6.330133551717459	-30.680161240542937	-12.297283113794606	8.289725379650847	19.87	19.946890610203983	16.692726383903228	16.678561094865422	16.66270295980068	82.46698182137547	0.07672848789907834
 archi-vowels-JSP.wav	ó	20	16.148	143.24602751574992	477.822	1156.289	2138.93	28.653004339881786	36.37128794184985	31.755921502601737	22.241814982117873	16.429435096192954	29.404055536333573	25.801672588583045	9.301635523111319	29.601383620769074	40.76120289005402	41.2225349778323	45.90975780292001	31.122484748564396	25.801672588583045	37.84071420087827	44.09772754028008	71.75624338002474	-7.718283601968064	4.615366439248113	6.411189357763913	12.223569243688832	-0.7510511964517868	16.500037065471727	-11.159819269284949	-0.46133208777827406	-16.30837418215094	-1.5211011277953226	3.7997110321860283	18.003	6.875532856352299	4.945573212035052	4.914808543457546	4.907537444343848	76.0475199331245	0.043938796991835734
 archi-vowels-JSP.wav	ó	20	16.189	--undefined--	447.491	1253.213	2093.088	--undefined--	--undefined--	--undefined--	--undefined--	--undefined--	--undefined--	0	0	0	0	0	0	0	0	--undefined--	--undefined--	--undefined--	--undefined--	--undefined--	--undefined--	--undefined--	--undefined--	0	0	0	0	0	0	0	-1.7218095132959177	-3.3315426221108364	-3.4518327358954175	-3.4450726326406746	63.94130438793975	0.004115332475269763
archi-vowels-JSP.wav	ó	21	16.785	166.87623543738343	485.243	776.708	2244.893	18.8877451551168	39.045431611173335	23.44251054539719	26.261628381292873	16.171625077300376	29.00409379207637	10.320079504345554	-3.4865307032801107	20.38457077368371	46.31665322791601	35.88449605758776	52.16053811808007	37.0968128327147	14.365829588675199	40.35190259067431	44.77223303349291	82.689317660747	-20.157686456056535	15.602921065776144	-7.373883226176073	2.7161200778164236	-10.116348636959572	13.806610207625663	-25.932082454232297	10.432157170328246	-31.77596734439636	-16.712242059030988	6.01874118500851	20.382	10.848784328456237	12.753190538885361	12.744716621650587	12.730289333928921	78.18359695931125	0.05626787053298763
 archi-vowels-JSP.wav	ó	21	16.828	175.60231112342703	510.958	598.936	2357.824	19.83162742073643	40.91424483892456	34.17630291413483	17.861183404193135	17.81874273452737	40.4524600024434	9.152792334043681	9.21417894426917	21.694686818862138	50.04257158551901	43.4915880566451	50.490240269028	48.80513363519882	19.48524089874069	42.687431997893285	44.095438383025794	92.04246347793158	-21.08261741818813	6.73794192478973	1.970444016543297	2.0128846862090626	-20.62083258170697	-0.061386610225488525	-28.347884766656875	6.550983528873914	-28.795553450165862	-27.110446816336683	2.2094459201214462	17.07	21.499887172073	20.618358114485872	20.412181618941524	20.312519645564564	79.54909327139744	0.05926128809804253
 archi-vowels-JSP.wav	ó	21	16.871	194.9931535587383	527.591	787.949	2361.481	34.118401552150054	37.630132502531026	13.111576330895666	23.57535870972586	13.62864831482132	36.03984340176453	9.78412943599935	9.77719152941169	35.93405888081683	46.829516292320776	35.51274077018421	50.09471238323187	36.11823286980085	20.384262720608234	45.09999443944956	48.102641372871446	96.81992928366085	-3.511730950380972	24.51855617163536	10.543042842424192	20.489753237328735	-1.9214418496144745	0.006937906587660692	-10.895457411503948	11.316775522136567	-14.160653502415045	-0.18417398898402126	15.549796160208594	23.39	9.981812860141035	8.76134699948983	8.764272423080607	8.754000660829442	80.00735187325625	0.031759661983695266
 archi-vowels-JSP.wav	ó	21	16.915	212.49253872492565	516.507	974.551	2338.809	32.75216484672847	37.688754432471505	21.779768086228415	25.33950995597359	13.03521601806289	36.123510412494255	12.771753867595008	3.2983570474705037	34.77375412542373	49.07699090848136	29.388476143429337	49.07699090848136	30.490789602908865	24.44840514370285	46.781806728056964	51.22576621149241	99.1965175734464	-4.936589585743036	15.90898634624309	7.4126548907548795	19.71694882866558	-3.371345565765786	9.473396820124504	-14.303236783057635	19.688514765052027	-14.303236783057635	4.282964522514863	10.325348981720879	24.51	20.293731323570412	9.411094436445005	9.404671664781208	9.399420376542958	78.86438720018413	0.014460866344480957
 archi-vowels-JSP.wav	ó	21	16.958	204.80396884967007	431.351	1341.787	2238.099	29.521269421924856	31.609008189896528	26.687032670102322	28.905726073756377	19.691675843841402	25.912355890254105	16.16438701762115	16.61578098008897	31.920720450533004	49.43189186296921	22.43157407467503	49.43189186296921	28.930460256404984	20.71277361532868	45.406163964285064	53.80628403884953	90.33509576809547	-2.087738767971672	4.921975519794206	0.6155433481684796	9.829593578083454	3.6089135316707512	-0.45139396246782226	-17.511171412436205	27.00031778829418	-17.511171412436205	2.9902601941280196	11.207946835204325	0	14.59402044086254	11.447880636983465	10.722592081745718	10.682792980762564	75.37058504422568	0.03708863818959597
archi-vowels-JSP.wav	ó	22	17.538	142.8642268128142	447.388	740.998	2221.13	26.165126455759875	16.461296239726266	16.778207977972695	7.055063273569409	4.577541847987664	10.004927583465857	-5.560337892030155	-12.319345097623467	27.422259735835283	22.36209931622374	28.476805781804355	32.371666093646965	24.74690581745929	-6.015734244576834	38.184025357612775	41.76283326852986	76.1905041956315	9.703830216033609	-0.3169117382464286	19.110063182190466	21.58758460777221	16.160198872294018	6.759007205593312	5.060160419611542	-6.114706465580614	-4.949406357811682	2.6753539183759933	33.43799398041212	15.511	6.931026779875507	2.2750043406926173	2.2870256659132706	2.284737363200643	62.6223012219382	0.01685249092560811
 archi-vowels-JSP.wav	ó	22	17.573	148.6215415394385	439.897	729.105	2257.694	26.325557654166914	28.16324345824863	22.952619265957352	22.44411176428995	17.264375182883107	23.06718774276824	2.8383391683593278	6.599595064516759	27.739358369846414	34.97014217976074	33.95958334392253	47.41467467375622	37.154338936588196	5.588366090408475	39.039054077451304	42.34039768723955	79.54717943166625	-1.8376858040817154	5.210624192291277	3.8814458898769644	9.061182471283807	3.258369911398674	-3.761255896157431	-7.230783809914328	1.0105588358382107	-19.675316303909803	-9.414980566741782	22.15099227943794	23.26	6.846700786597927	7.2385729047951415	7.2303102322071595	7.23042465735189	73.17800480249362	0.03144392447760695
 archi-vowels-JSP.wav	ó	22	17.609	146.63768856614297	464.765	825.165	2290.538	28.34668981943266	35.06012684697342	27.483440913971435	25.05232011140704	14.38736418971979	34.797483112675295	2.925696899719741	4.206233965946488	29.530919373887187	40.60144459141948	38.02515728974528	50.06839406936194	33.474299932519074	20.161770193378985	38.242063072576016	42.70567191220563	81.094241711364	-6.713437027540756	7.576685933001983	3.29436970802562	13.959325629712872	-6.450793293242633	-1.2805370662267475	-11.070525217532293	2.576287301674199	-20.537474695474756	-3.943380558631887	9.369149180508202	21.746	27.419539466923723	20.935474045820328	20.69384534062983	20.63963959674849	75.1394594027062	0.049613531697438276
 archi-vowels-JSP.wav	ó	22	17.644	137.88977863211548	435.25	1159.277	2125.494	26.64340256584706	18.261060440622117	30.19060136449567	21.983624088599584	5.108793947094405	19.526472205638907	10.470904751008083	-6.25433204583042	27.680233911335385	23.178585126794935	36.67696615010216	44.480983058787515	17.979593132238808	14.719477245229164	38.083512397147935	43.46996386183281	70.00324652308045	8.382342125224945	-11.929540923873553	4.659778477247478	21.534608618752657	7.116930360208155	16.7252367968385	4.50164878454045	-13.498381023307225	-16.80074914745213	9.700640779096577	12.96075666610622	19.925	13.06373258412529	9.908755436602698	9.80960826778633	9.788988910710808	71.08387031427162	0.05210110172276425
 archi-vowels-JSP.wav	ó	22	17.679	130.58329666662323	432.372	1356.356	2182.507	23.356542603939047	29.56286907846159	25.338560426167064	19.533989654769723	12.765051389984556	28.05290124715128	25.36968132881408	-6.38148388599296	24.26334060753531	33.79649465338632	33.32467944765596	41.73608055007419	23.558069595048664	26.137624648560514	37.42760480625313	44.59807457674128	71.52371402889068	-6.206326474522541	4.224308652294525	3.8225529491693244	10.591491213954491	-4.696358643212232	31.751165214807042	-9.53315404585101	0.4718152057303584	-17.472739942538883	0.7052710124866444	-1.8742840410252057	12.636	18.845148792892413	10.450386051932002	10.045830422831312	10.036530099787313	69.13483301965364	0.020841919241369366
archi-vowels-JSP.wav	ó	23	18.441	--undefined--	503.033	1151.163	2135.538	--undefined--	--undefined--	--undefined--	--undefined--	--undefined--	--undefined--	0	0	0	0	0	0	0	0	--undefined--	--undefined--	--undefined--	--undefined--	--undefined--	--undefined--	--undefined--	--undefined--	0	0	0	0	0	0	16.136	14.912587059594332	10.427171603889338	10.36762519459219	10.340556137726104	74.79540706309723	0.0287746658285889
 archi-vowels-JSP.wav	ó	23	18.47	184.78201610471345	556.768	1151.326	2568.666	21.116672652360663	39.374716836922744	30.525215037017965	22.85210103298141	7.112916316376683	20.747312032716728	10.139809041926096	-7.954127748460877	22.35194499508193	45.316919480711356	37.44650657509175	47.129408544232405	24.25178329367241	10.226148769051369	44.49109005398012	49.09845897338868	110.21660766670028	-18.25804418456208	8.849501799904779	-1.7354283806207462	14.00375633598398	0.36936061964393474	18.093936790386973	-22.964974485629426	7.870412905619602	-24.777463549150475	-1.8998382985904811	12.12579622603056	18.122	10.89430334790224	8.607167004551679	8.582464393452469	8.570036362575461	77.24321800450016	0.05472728253164176
 archi-vowels-JSP.wav	ó	23	18.499	199.70207343862504	536.936	907.427	2254.431	29.490810131479	39.67004989087418	20.439912923924958	24.391797133272966	15.222985407836184	21.041281232478074	12.42408197203706	2.330405091303295	31.206808412581964	48.433713740536255	31.498409414752096	49.526127974640765	35.16555489977939	10.504503141959704	45.7846357959744	49.34960625361819	90.34885230402205	-10.17923975939518	19.230136966949225	5.099012998206035	14.267824723642818	8.449528899000928	10.093676880733765	-17.22690532795429	16.93530432578416	-18.3193195620588	-3.9587464871974234	20.70230527062226	22.024	13.653634782297189	12.089483789273018	12.077132690871649	12.058125790319036	78.57452119812534	0.06676510288970552
 archi-vowels-JSP.wav	ó	23	18.528	221.13779974731972	519.012	1112.421	2791.765	28.103949030519203	34.77942735459459	22.658273585348162	24.99631718326323	8.423486292457198	27.652406669718456	8.275562411105554	6.730622039385966	30.180811724200048	47.13973192894591	25.715144515135698	47.86719199430978	23.768709661139667	10.498843713026139	47.768503700279524	53.1756995316503	140.98137682649954	-6.675478324075385	12.121153769246426	3.1076318472559734	19.680462738062005	0.4515423608007474	1.544940371719588	-16.958920204745866	21.424587413810215	-17.68638027010973	6.412102063060381	19.681968011173907	14.379	15.592234349584047	5.013778461457421	4.997653103535228	4.994980728890045	77.24369975261907	0.061610445026327086
 archi-vowels-JSP.wav	ó	23	18.556	244.42256355208232	479.837	1301.826	2939.746	26.00167290179366	31.386037624298584	27.43998768401735	30.793180478305157	16.769607979785068	28.32815376771297	10.682133899445866	8.565595356547112	28.89516734438682	52.01093734560005	24.683242441462635	52.01093734560005	27.759056597296052	10.23164894816527	48.39026268222226	58.17614709452292	164.19822042602289	-5.384364722504923	3.9460499402812346	-4.791507576511496	9.232064922008593	-2.326480865919308	2.1165385428987538	-23.115770001213228	27.327694904137413	-23.115770001213228	1.1361107470907683	18.663518396221548	11.223	18.761355276201638	13.330061104997391	13.21154514528537	13.19748183304794	78.50737324263281	0.03566811149196292
archi-vowels-JSP.wav	óːˤ	24	19.236	163.12653345784622	458.262	962.076	2051.418	18.67900988156144	38.885868099265394	23.608790233879358	24.328283382380754	10.717997820142457	17.31880702602328	10.121141147109359	-10.138833040979131	20.101582918258707	46.00296475390497	28.686478704637484	47.74720987086926	26.644434447289488	10.121141147109359	40.0550043058148	45.31639506881438	71.0145701173289	-20.206858217703953	15.277077865386037	-5.649273500819312	7.961012061418984	1.3602028555381622	20.259974188088492	-25.901381835646262	17.316486049267485	-27.645626952610556	-6.542851529030781	9.980441771149348	19.581	11.676668005388741	13.07858206927191	13.064938381742744	13.047559502844413	74.92897381287393	0.019452157151697697
 archi-vowels-JSP.wav	óːˤ	24	19.297	184.57203285717887	466.92	851.422	2055.598	26.10333585642183	39.05365800552179	29.359950729305602	25.197624028536538	16.673646127313475	20.63598035740945	10.585436614615197	-22.393002156663933	27.986062424573056	49.19804138399282	37.76874489549152	49.19804138399282	34.482757364124225	10.585436614615197	42.176952634329574	47.273426769615384	75.21503286132128	-12.95032214909996	9.693707276216188	0.9057118278852911	9.429689729108354	5.467355499012378	32.97843877127913	-21.211978959419767	11.4292964885013	-21.211978959419767	-6.496694939551169	17.40062580995786	25.035	17.734669997286215	12.943369099933594	12.940190839035	12.938236998877104	76.69138384150897	0.060097647141802324
 archi-vowels-JSP.wav	óːˤ	24	19.359	195.65719347914165	472.324	782.145	1772.123	30.442957828451405	36.53010140348691	13.775173919848257	23.46525688786268	13.753919231429322	12.978886547274545	7.791425924419522	-14.304794957883658	32.62581336438727	48.81433398043821	33.16581320393907	48.162363988295304	33.16581320393907	7.315433512763851	43.29992642727736	48.14039725782564	63.96074135563116	-6.087143575035505	22.754927483638653	6.977700940588726	16.689038597022083	17.46407128117686	22.09622088230318	-16.188520616050937	15.64852077649914	-15.536550623908035	-0.5399998395517969	25.31037985162342	23.564	25.911381371987353	19.762023234342998	19.74936740701233	19.744238797069933	77.21907768070633	0.04226836738545393
 archi-vowels-JSP.wav	óːˤ	24	19.42	188.452115884244	530.879	906.902	2168.685	29.83642322327791	37.621417945711684	30.837979552239332	23.615496789023986	19.750372228677364	11.429645978420488	3.7376745485662743	-4.821061434110332	31.38254803447515	45.28179464846504	40.780596750185154	48.80993360008186	39.638845068970234	2.6360265321756193	44.449045676093036	48.02407123150447	82.47955788471236	-7.7849947224337726	6.783438393472352	6.220926434253926	10.086050994600548	18.406777244857423	8.558735982676605	-13.899246613989888	4.501197898279884	-17.427385565606713	-8.256297034495084	28.74652150229953	24.406	20.908536457565408	18.250008290840917	18.236719782090972	18.228227855567546	76.98901490181035	0.04724443012655773
 archi-vowels-JSP.wav	óːˤ	24	19.481	188.1180113222326	466.985	1157.217	2298.958	30.209327755432156	38.16479780636027	33.31362139278261	25.6452279853697	19.59015485513156	18.63993902925869	3.2971472846300753	-1.1370660416779539	31.968709570464135	48.016537482693344	34.018089140260784	48.016537482693344	32.78631960753445	10.21404202790552	42.54604165041877	49.55307973941206	90.84209087992373	-7.955470050928113	4.851176413577662	4.564099770062455	10.619172900300597	11.569388726173464	4.434213326308029	-16.04782791222921	13.99844834243256	-16.04782791222921	-0.8176100370703168	21.754667542558614	27.621	28.701342238134227	17.04161010416605	17.031731662142175	17.01481405794161	75.08992464243696	0.04718905477932423
archi-vowels-JSP.wav	óːˤ	25	20.293	173.30679946893574	483.681	993.856	2131.677	25.683191078022496	45.362663519672275	34.565741487571024	29.71719227775069	14.662521741824683	26.624510517054688	19.192411603223167	-3.398195232590759	27.137651584894435	52.66580420322458	39.85992724639628	53.512988927080166	31.09901086973469	19.192411603223167	41.00740576479971	46.68554381132172	77.28100587951278	-19.67947244164978	10.79692203210125	-4.034001199728195	11.020669336197813	-0.941319439032192	22.590606835813926	-25.528152618330147	12.8058769568283	-26.37533734218573	-3.961359284840256	7.945239981671268	16.863	16.046112197397186	14.0232584168006	13.995806452780666	13.986075506120025	80.92014250772917	0.0486283932130128
 archi-vowels-JSP.wav	óːˤ	25	20.335	188.5717073273411	494.194	714.801	2217.548	32.36301840877631	32.86445295026842	34.71664040348657	25.189117077225113	26.933260514190252	30.748251836416383	11.987995080416647	-5.599963995494135	34.3458284317546	43.144183686409306	49.840350149025845	52.0736417468155	49.840350149025845	14.878767974454059	42.7527943064485	46.80988016202003	85.55847322553961	-0.5014345414921095	-1.85218745321815	7.1739013315512	5.429757894586061	1.6147665723599296	17.58795907591078	-8.798355254654709	-6.696166462616539	-17.7278133150609	-15.494521717271247	19.46706045730054	19.936	12.639112765199565	14.080484448285546	14.053823554945188	14.045783976655564	80.53948998425015	0.04508817945742725
 archi-vowels-JSP.wav	óːˤ	25	20.377	200.7716930323867	520.156	748.595	2321.626	36.318607772078636	39.42270033575277	33.29343507680787	26.70771647522485	22.95766884140766	24.52137710967128	2.9639397316429394	1.3579391146058275	38.357271544677914	50.08720004051761	46.12656816786724	53.56097503747258	46.12656816786724	8.238681388638993	45.585463922119125	48.487317070377586	95.2688352266418	-3.1040925636741363	6.129265258944905	9.610891296853787	13.360938930670976	11.797230662407355	1.606000617037112	-11.729928495839694	3.9606318726503673	-15.203703492794666	-7.769296623189327	30.11859015603892	18.607	17.28424907831075	10.840568558551169	10.837736930254353	10.833136548609614	82.08585221175852	0.040852381196104286
 archi-vowels-JSP.wav	óːˤ	25	20.418	205.05191671928952	571.616	831.671	2298.239	34.969339317141525	43.08331220183553	13.567521661128424	23.16626050010337	13.244069020025208	34.130531542592735	17.505902542942028	9.56871658445451	36.70292179784272	51.69999527266856	36.78433838504519	50.41490653457936	36.78433838504519	22.008661675184168	46.96401893281852	49.54943070737787	94.56024898556775	-8.113972884694007	29.51579054070711	11.803078817038156	21.725270297116317	0.8388077745487905	7.937185958487518	-14.99707347482584	14.91565688762337	-13.711984736736639	-0.0814165872024688	14.694260122658552	21.777	25.626117728980304	18.42703231137594	18.390122954192595	18.37923019527708	81.08291887816895	0.02972362057201554
 archi-vowels-JSP.wav	óːˤ	25	20.46	187.9851645814722	471.822	1096.616	2198.987	34.5024088656249	40.81038764377225	31.237869712515682	24.464847740387633	15.002279719903903	26.126627996712536	11.324782207070816	5.253432932805703	36.252185676244856	50.457962405579266	32.99257580931993	47.167778748277925	29.160476499903652	18.728844482227224	42.50231228715256	49.06467193092901	84.2610970811735	-6.307978778147351	9.57251793125657	10.037561125237268	19.500129145720997	8.375780868912365	6.071349274265113	-14.20577672933441	17.465386596259336	-10.915593072033069	7.091709176341205	17.523341194017632	22.559	17.953419377116596	12.511201042262211	12.47843969442706	12.446640980906258	77.06964874943576	0.04670013267180146
archi-vowels-JSP.wav	óːˤ	26	20.991	145.7266456335172	439.423	1040.994	2083.212	29.591113048076526	35.445732242375364	20.695372152481198	23.895431959117403	15.747371083022195	27.595603414763136	21.13470243692676	-9.574151105057197	30.768565285441657	41.13080249689528	26.289045081966414	46.708826059739465	30.059262262122456	21.13470243692676	38.75022077641762	43.6557505730422	69.36244210219216	-5.854619194298838	14.750360089894166	5.695681088959123	13.843741965054331	1.9955096333133895	30.708853541983956	-10.362237211453621	14.841757414928864	-15.940260774297808	0.709303023319201	9.633862848514898	19.732	18.285776346073167	17.17068223789209	17.040604999598393	16.99540669208702	73.17557155736318	0.01891718394913527
 archi-vowels-JSP.wav	óːˤ	26	21.055	167.6119150366579	506.724	978.407	2024.813	23.750286092741277	35.945467179774894	31.720413968583962	28.71672351025166	20.326242291047123	19.30850651804059	12.656171098492393	-15.778731946817551	25.009876772561448	41.978863530867024	39.653869386977426	53.12506513535405	38.210650048744654	14.816619800686166	41.74596328414539	45.92963978694203	70.49419771858214	-12.195181087033617	4.225053211190932	-4.9664374175103845	3.424043801694154	4.441779574700686	28.434903045309945	-16.968986758305576	2.3249941438895974	-28.1151883627926	-13.200773276183206	10.193256971875282	21.787	11.234396610942579	13.464258600782117	13.431992070602732	13.433003043574388	79.33070775868045	0.050733262975790325
 archi-vowels-JSP.wav	óːˤ	26	21.12	181.1449809255288	531.611	933.167	1983.512	21.40070965550638	34.0034441309992	20.955911813992653	23.842104706001606	14.295635327355114	19.797536339557645	15.750906271999217	-12.967797213782333	22.800245519605635	40.78663092104678	30.231405846771846	48.968190714382786	33.85852776594535	15.750906271999217	43.66685565337399	47.299014733903206	70.86511820816601	-12.60273447549282	13.047532317006546	-2.4413950504952275	7.1050743281512645	1.6031733159487338	28.71870348578155	-17.986385401441144	10.555225074274933	-26.16794519477715	-11.058282246339711	7.049339247606419	20.715	7.313989058117243	12.289797010166417	12.250249616181046	12.249668555203744	76.31237119803106	0.013553186487941129
 archi-vowels-JSP.wav	óːˤ	26	21.184	181.02761556704982	535.567	928.34	2023.073	24.37688572100992	32.24662223288269	23.18901102994395	21.676124723494567	14.40495886617083	17.85183865309542	12.960497049291384	-10.774331430994648	25.761474922383627	38.92720383587874	32.8866377894723	46.96182799646361	34.254945939318205	12.960497049291384	43.72364650866708	47.260553171085256	72.84404532837708	-7.869736511872773	9.057611202938745	2.700760997515353	9.97192685483909	6.5250470679145	23.734828480286033	-13.165728913495116	6.04056604640644	-21.200353074079985	-8.493471016934578	12.800977873092243	25.521	21.400325434874368	24.738357709595483	24.544311135977786	24.526884975281384	74.07524217745657	0.02103210687455946
 archi-vowels-JSP.wav	óːˤ	26	21.248	172.75240945896127	519.928	1021.024	2283.35	17.33178520332555	30.284598322767394	27.569967400975912	29.05009764696645	13.173747903158649	23.0105900462297	14.378727839204174	-8.12868392237445	18.594640859750275	36.350710243321	35.142128274807426	53.412598040803026	30.87484669913031	14.378727839204174	42.54577649994372	46.76754275251112	86.40249845851531	-12.952813119441846	2.714630921791482	-11.718312443640901	4.1580373001668995	-5.678804842904153	22.507411761578624	-17.756069383570722	1.2085819685135704	-34.81795718105275	-12.280205839380034	4.2159130205461	23.719	19.368652470238242	21.174140466957404	21.133253888153515	21.111040132717534	77.89097323515094	0.03034079780029484
archi-vowels-JSP.wav	óːˤ	27	22.004	141.00083742892826	427.878	945.682	2119.38	28.55242698891756	26.0285191073088	22.754191270387487	25.006938365517875	13.446512123330805	26.019721657266736	16.270421267791953	-21.89551908412969	29.739361247613203	31.72602282144899	29.144072433480574	47.87269006686457	28.61793272934242	16.270421267791953	38.7539449553008	42.623235188832375	70.29584881463093	2.5239078816087606	3.2743278369213122	3.5454886233996845	15.105914865586755	2.532705331650824	38.16594035192164	-1.9866615738357858	2.5819503879684156	-18.133328819251368	1.1214285182707826	13.46893997982125	20.321	15.962455184841781	15.420503828562422	15.39509802273866	15.373369222519173	71.88170307681459	0.023247140707037504
 archi-vowels-JSP.wav	óːˤ	27	22.06	142.3361721734857	455.981	853.017	2118.142	30.908895765063107	32.30290267926431	33.92732157427303	25.762394550446707	20.97775192190676	25.895509293603258	14.874346838858694	-25.335513577807525	32.03948319857298	37.57759618716816	43.982237380753816	50.296428288930635	39.13006390410605	15.108292302717565	37.922769934177396	42.34613176592598	70.49189879877159	-1.3940069142011993	-1.6244188950087235	5.1465012146164	9.931143843156349	5.0133864714598495	40.20986041666622	-5.538112988595181	-6.404641193585654	-18.256945090357654	-7.090580705533071	16.931190895855416	26.159	26.579708134424394	24.72665092651459	24.49762020073444	24.48153381454464	75.20261073281372	0.03244847218906077
 archi-vowels-JSP.wav	óːˤ	27	22.117	142.82585142692244	466.431	822.173	2033.016	32.64340266330308	33.34532610738347	33.76251410215974	24.023306188568597	14.712243773887394	25.41781315124042	16.034151377090968	-5.9395281566673885	33.75997620478256	38.50959796622249	45.36259760711878	49.22317870121815	34.04508743497713	16.034151377090968	37.82891061491028	42.24589668120884	66.37258574445512	-0.7019234440803928	-0.41718799477627044	8.620096474734481	17.931158889415684	7.225589512062658	21.973679533758357	-4.749621761439933	-6.852999640896286	-15.463202496435592	-0.2851112301945662	17.725824827691593	24.406	20.984087558770685	18.121065487202927	18.10216246592323	18.09827510781876	74.58119866585706	0.03513242217855161
 archi-vowels-JSP.wav	óːˤ	27	22.173	135.02769994903431	464.274	842.65	2094.266	24.61561951543536	27.511410839653983	26.57767929904056	17.688684646073447	20.734102545297283	23.91712558603699	13.228112558162948	1.4516039805146512	25.605186946886125	32.01170513012912	39.96036458432699	42.802660785094304	39.71062306477263	13.871862845765612	37.03610294790419	41.441368434319735	67.87625707456701	-2.8957913242186244	0.9337315406134223	6.9269348693619115	3.881516970138076	0.6984939293983707	11.776508577648297	-6.406518183242998	-7.948659454197866	-17.19747383820818	-14.105436117886509	11.733324101120512	25.371	18.450589270244592	13.839289421514067	13.783261659823086	13.771053586673148	72.13794678485148	0.008442227568211105
 archi-vowels-JSP.wav	óːˤ	27	22.23	130.0414084258629	502.114	906.661	2302.878	17.09434829846568	33.71432007625919	23.15692407132442	20.45232449548977	12.13687291620284	26.523164824180675	10.063006917167908	-8.240445114115222	17.875345298726085	37.15729911994737	46.15074463089648	46.15074463089648	31.93947887567612	15.359664170979793	37.620323458639405	41.15531041436659	78.14490199101121	-16.619971777793513	10.557396004934773	-3.3579761970240902	4.957475382262839	-9.428816525714996	18.30345203128313	-19.281953821221283	-8.993445510949115	-28.275399332170398	-14.064133576950034	2.5156811277462925	24.862	17.790784273648242	15.633834544174546	15.549243511496673	15.513255137876431	72.94027706938296	0.019410456718651027
archi-vowels-JSP.wav	óˤ	28	22.941	--undefined--	445.597	856.289	1842.867	--undefined--	--undefined--	--undefined--	--undefined--	--undefined--	--undefined--	0	0	0	0	0	0	0	0	--undefined--	--undefined--	--undefined--	--undefined--	--undefined--	--undefined--	--undefined--	--undefined--	0	0	0	0	0	0	24.093	10.259268709539487	8.436495895199338	8.418801526477315	8.418378791155055	64.40980826136267	0.019961678488233877
 archi-vowels-JSP.wav	óˤ	28	22.985	143.62069544940388	458.708	890.086	1831.853	25.733830510743516	27.28148372220229	30.50570422126271	22.485226061932757	14.846586254149038	18.208083287095583	14.64164265459556	-20.26930682804874	26.854043250756938	32.519612738091844	39.981932530291736	46.81114819958752	32.42687743198943	14.64164265459556	38.008242844905006	42.67450720935928	58.05386275843743	-1.5476532114587727	-3.224220499060422	3.2486044488107595	10.887244256594478	7.525747223647933	34.9109494826443	-5.665569487334906	-7.462319792199892	-19.957104948830583	-5.572834181232494	12.212400596161379	18.287	18.661654907744897	17.24371894215729	17.172903730481888	17.169058916020713	71.56737250782932	0.04811032608520772
 archi-vowels-JSP.wav	óˤ	28	23.029	168.05335351551145	503.575	889.932	1856.261	18.48440218065871	35.849313227701344	26.337330814498216	25.353868569071288	13.984460841007014	22.448399725151468	19.489491516942607	-6.034077250304719	19.819374131511335	42.252634138480204	35.732389820190726	50.34653757413095	33.290032766554376	19.489491516942607	41.73363944731141	45.541150715831975	62.92853411287247	-17.364911047042636	9.511982413203128	-6.8694663884125795	4.499941339651695	-3.9639975444927593	25.523568767247326	-22.43326000696887	6.520244318289478	-30.527163442619614	-13.47065863504304	0.3298826145687279	19.779	7.381449888482576	7.151114071518395	7.1017610244489155	7.10119595721512	76.89211798508283	0.00446443052203721
 archi-vowels-JSP.wav	óˤ	28	23.073	199.04507371590543	482.037	977.066	1916.951	26.864058985989548	35.85766154352683	21.895542647927208	23.823453107686042	18.554419262139398	19.930511357955574	16.240863845834348	1.9415788827655656	28.84376312062793	47.11747731967212	26.55266021023113	47.11747731967212	34.620935694465174	16.240863845834348	43.67670180905011	49.646867443174145	70.72712049749254	-8.993602557537283	13.962118895599623	3.0406058783035057	8.30963972385015	6.933547628033974	14.299284963068782	-18.27371419904419	20.564817109440988	-18.27371419904419	-5.777172573837245	12.602899274793582	16.361	13.28552639194967	10.162529798193592	10.128128804008014	10.125803138460016	74.84742210755635	0.05113833788284244
 archi-vowels-JSP.wav	óˤ	28	23.117	201.00935018422376	425.474	1302.589	1818.406	27.888319381657606	30.48479938696404	31.024079023451517	27.455912634259434	16.913306762384575	18.906502313363127	23.477966398600664	11.75924928485814	30.26703623813811	47.90827539157434	27.00231379411079	47.90827539157434	26.374064857735195	23.477966398600664	45.34053465443078	52.74856221467171	66.6497485831935	-2.5964800053064323	-0.5392796364874783	0.4324067473981721	10.97501261927303	8.981817068294479	11.718717113742525	-17.64123915343623	20.905961597463552	-17.64123915343623	3.8929713804029156	6.789069839537447	0	21.11574004150934	15.650270705882619	15.372889392460012	15.315797636073551	73.78462063559367	0.031051847958931355
archi-vowels-JSP.wav	óˤ	29	23.785	--undefined--	448.486	1803.991	2994.496	--undefined--	--undefined--	--undefined--	--undefined--	--undefined--	--undefined--	0	0	0	0	0	0	0	0	--undefined--	--undefined--	--undefined--	--undefined--	--undefined--	--undefined--	--undefined--	--undefined--	0	0	0	0	0	0	24.719	-1.6242129442492224	-3.3587511734077786	-3.412599018744168	-3.4142427296164857	62.9973769251043	0.011469266995628863
 archi-vowels-JSP.wav	óˤ	29	23.822	--undefined--	465.42	1846.641	2896.587	--undefined--	--undefined--	--undefined--	--undefined--	--undefined--	--undefined--	0	0	0	0	0	0	0	0	--undefined--	--undefined--	--undefined--	--undefined--	--undefined--	--undefined--	--undefined--	--undefined--	0	0	0	0	0	0	23.611	17.557624843223195	16.032642936199053	16.027632922442205	16.022309316172276	72.05062373233753	0.005351350148574449
 archi-vowels-JSP.wav	óˤ	29	23.859	148.29251915849594	466.326	1795.296	2998.18	26.680269363801518	32.07950592371619	32.73904001347455	26.321777591915517	12.462526195105319	13.2843481440054	13.416334274495341	-9.004088350673952	27.660926942968587	36.78096812920246	37.84605686235918	48.63350036416465	19.64007901114821	3.3811823144195188	38.39978634568134	57.47509016818259	135.33409563755	-5.399236559914673	-0.6595340897583597	0.35849177188600123	14.217743168696199	13.395921219796119	22.420422625169294	-9.120041186233877	-1.0650887331567134	-20.97257342119606	8.020847931820377	24.279744628549068	18.564	19.609424235192797	17.203084554978915	17.004227954799433	17.006696537540584	74.35893870379334	0.0395025312987624
 archi-vowels-JSP.wav	óˤ	29	23.896	152.59006809466325	461.22	1802.142	2827.091	23.716884637498257	30.344314676993967	34.48970590859971	31.067382983069276	15.569345135955977	12.68012296421658	22.368263715929956	-7.175593941767003	24.780651663642818	35.547312819090294	37.980941861223684	53.151764225618656	22.368263715929956	5.737702717880549	38.90667062497684	58.39122129754975	122.03115653642301	-6.62743003949571	-4.145391231605743	-7.350498345571019	8.14753950154228	11.036761673281678	29.54385765769696	-10.766661155447476	-2.43362904213339	-28.37111256197584	2.412387947712862	19.04294894576227	16.483	22.048108911608956	18.96258315148762	18.80869323636225	18.792930522933297	77.34234324223993	0.0356467940788208
 archi-vowels-JSP.wav	óˤ	29	23.933	143.2857358654534	504.578	1313.148	2400.459	27.12551033077381	35.194175358713785	22.675479401056027	20.95416292056515	9.120641285099548	11.060116027803854	6.005168345978435	-1.7091225190337318	27.956629134264833	38.977830949936745	34.93447126175682	44.57570171581693	23.12636521187589	5.986034880607933	39.08790307342999	45.64497234703889	87.27572798894717	-8.068665027939975	12.518695957657759	6.171347410208661	18.004869045674262	16.065394302969956	7.714290865012167	-11.021201815671912	4.043359688179926	-16.6190725815521	4.830263922388944	21.9705942536569	6.843	7.892187245530927	5.4691116399117625	5.405807783505442	5.374697283045078	71.4746494053239	0.04186707649150366
archi-vowels-JSP.wav	í	30	24.551	150.46096721500672	323.381	2443.242	2732.281	22.547532827215086	21.411312038662018	5.603615057439207	19.248674852422504	9.992986773978558	0.7857122246080586	-7.814981110088053	-0.1185675064267147	24.646659103614198	35.39044923188057	-1.6613672846538354	35.39044923188057	3.7148187052933017	3.7148187052933017	51.62208003611299	91.90033708677961	113.54104031785197	1.136220788553068	15.807696981222811	3.2988579747925826	12.554546053236528	21.761820602607028	-7.696413603661338	-10.743790128266369	37.0518165165344	-10.743790128266369	20.931840398320897	20.931840398320897	16.037	8.372553603115563	8.11988619274936	8.102004447577114	8.057961298269007	60.33307454373208	0.007822844202547913
 archi-vowels-JSP.wav	í	30	24.598	158.1799965877274	363.801	2268.083	2863.096	23.2490281550649	22.320489161963238	19.731954450585036	15.712930952250439	9.570720245128214	12.490572334186709	3.5124283871385242	2.1744459016291917	25.083745730549566	33.84971407656838	14.317948192142477	33.84971407656838	6.980782072315193	8.7145632056308	46.456157873190286	82.24840391446604	126.9640219362351	0.928538993101661	2.588534711378202	7.53609720281446	13.678307909936684	10.75845582087819	1.3379824855093325	-8.765968346018816	19.531765884425905	-8.765968346018816	18.102963658234373	16.369182524918767	17.878	7.775240660242575	7.496044505800228	7.363730188473814	7.217436489459141	60.78628179691803	0.008923134562580367
 archi-vowels-JSP.wav	í	30	24.645	164.98649086816198	380.629	2242.372	2826.709	22.772164525421108	36.87248405764204	35.37437268386087	29.611912839860153	17.566325780783824	18.11417104095273	9.681463391375335	11.665029064969978	24.603242257725746	48.396868400274364	30.12410034703956	48.396868400274364	15.893424111617742	15.36640958275827	45.23318370795025	82.13019248368599	126.05798037974995	-14.100319532220933	1.498111373781171	-6.839748314439046	5.205838744637283	4.657993484468378	-1.9835656735946436	-23.793626142548618	18.272768053234806	-23.793626142548618	8.709818146108004	9.236832674967477	22.807	26.06109851002248	24.506535177003208	23.695933437156917	22.86599238886251	73.63551079587411	0.020152027273066288
 archi-vowels-JSP.wav	í	30	24.692	172.41583062572025	354.224	2363.313	3130.383	22.883287839185936	38.929092913251644	31.91022792888423	38.45125615547282	21.226173352461302	18.18180529299915	14.930495231658476	7.261638907711373	25.2317696046033	55.77190232181461	23.796263937698072	55.77190232181461	16.862082691513844	9.287458246324059	49.557866199854125	91.67874530297858	156.9125550680016	-16.045805074065708	7.018864984367415	-15.567968316286883	1.657114486724634	4.701482546186785	7.668856323947103	-30.540132717211307	31.975638384116536	-30.540132717211307	8.369686913089456	15.944311358279242	17.718	23.36798250845904	18.988697805654418	18.877287198666597	18.8114335792524	80.61092510225727	0.038991905442288095
 archi-vowels-JSP.wav	í	30	24.74	200.05967275415549	401.918	2569.236	2861.176	35.50681212231568	32.908811081153516	17.043910419789917	32.90097134147651	19.602449002040768	10.010764734507028	5.386729552055023	13.079731952366785	37.99798526468744	51.77539039751025	8.519276155948273	51.77539039751025	14.813767797426324	14.813767797426324	47.06100670187139	114.42446698825552	140.83908770871741	2.5980010411621635	15.864900661363599	2.6058407808391664	15.904363120274912	25.49604738780865	-7.693002400311762	-13.777405132822807	43.256114241561974	-13.777405132822807	23.18421746726112	23.18421746726112	16.239	13.214532710732453	13.332597344912562	13.314606072441237	13.273816283785786	77.23266123782662	0.06974916441766736
archi-vowels-JSP.wav	í	31	25.341	146.20899378198524	366.734	2272.916	2840.596	24.551326085599655	33.7862845149356	21.560905248952817	22.913450976209866	16.920165209232692	10.473198367790921	4.150829716902594	8.545102244782136	26.07100172231542	42.358284302462025	18.38032786332955	41.47013521801313	14.699061494235368	7.789350069725859	44.620326412283454	79.93434867355863	121.06303552822918	-9.234958429335947	12.225379265982784	1.637875109389789	7.6311608763669625	14.078127717808734	-4.394272527879542	-16.287282580146606	23.977956439132473	-15.399133495697708	11.371940228080051	18.28165165258956	8.787	9.426347361543584	9.01879004610588	8.939410829765952	8.889597477163827	65.5631329291304	0.012596991380295314
 archi-vowels-JSP.wav	í	31	25.376	144.15509028306406	463.14	2304.306	2928.086	29.10470028930727	38.429733396374864	19.871334320986975	1.5833340653441113	18.369664663343443	16.612610432912877	6.283241826908188	18.840461822474396	30.019314404621777	42.78773165628132	25.525196307574817	23.67758271120166	20.043273041151263	16.55182675665108	38.00109838849224	81.38303714372908	127.74926072673408	-9.325033107067593	18.55839907538789	27.52136622396316	10.735035625963828	12.492089856394394	-12.557219995566207	-12.768417251659546	17.262535348706507	6.341731693420119	9.976041363470515	13.467487647970696	23.569	18.162999272952483	17.269019496905965	16.248468755560943	15.287724385648897	67.2676593012776	0.011980284777739903
 archi-vowels-JSP.wav	í	31	25.412	148.47759557872726	347.335	2316.635	2881.455	28.018190276940494	37.309525329037	34.31054804609079	30.507097691104207	23.243894544121275	18.607810657473294	15.41843160184279	16.775823661802278	29.776245920729636	48.02126423563312	29.223736909120927	48.02126423563312	19.55601255619205	14.78847194201123	47.51466554342864	83.11609192389272	125.26379991948023	-9.291335052096507	2.998977282946214	-2.4889074141637124	4.774295732819219	9.4103796194672	-1.357392059959487	-18.245018314903483	18.797527326512192	-18.245018314903483	10.220233364537584	14.987773978718407	25.06	28.201073435279845	26.794710940111198	25.785583535341765	25.043107595463393	72.41621633120266	0.012992373760249738
 archi-vowels-JSP.wav	í	31	25.448	148.75180628712934	343.115	2383.146	3316.628	30.54221698506304	38.16010988892424	35.07338091236352	32.09696627449755	24.36452063173871	29.48575613778375	14.423131434449832	19.137323792779725	32.3510971108034	49.370847338916796	29.589048740862406	49.370847338916796	19.77207481623809	17.252110768535616	48.17787881670671	87.4442761305617	164.9969537557627	-7.6178929038612	3.086728976560721	-1.5547492894345076	6.177696353324329	1.0564608472792898	-4.714192358329893	-17.019750228113395	19.78179859805439	-17.019750228113395	12.579022294565313	15.098986342267786	28.641	28.678629328465654	28.0406372412242	27.59195232891266	26.92857155491129	73.78452316300383	0.0251702261404989
 archi-vowels-JSP.wav	í	31	25.484	145.33724985554105	324.839	2252.895	3315.882	34.683146807661466	32.20823475964508	35.101053518253806	28.138113543035473	27.844235100150904	15.839778453158054	20.017749115973047	9.542597912503066	36.61444106281149	44.5094194395205	28.85478296071441	44.5094194395205	23.715181148366238	0.8421331070244378	50.65850859757408	78.55528451798224	163.39797997057275	2.4749120480163853	-2.892818758608726	6.545033264625992	6.838911707510562	18.84336835450341	10.47515120346998	-7.8949783767090125	15.65463647880609	-7.8949783767090125	12.899259914445249	35.77230795578705	21.516	14.4718722885037	13.522040101013019	12.848492159094206	12.812814342319038	70.01728740982219	0.025652590655572023
archi-vowels-JSP.wav	í	32	26.453	149.03501821240926	366.625	2122.406	2652.051	27.599097142737598	19.83025515617202	6.795766998900467	9.509694161040908	11.969599073225304	15.506373742496375	11.261762163489614	0.8843460823985493	29.189604210017826	28.984764411078686	3.1887281273644046	28.02887090195682	11.261762163489614	14.495969624020038	44.97815919100508	72.01989838910477	106.78633971814679	7.76884198656558	13.034488157271552	18.08940298169669	15.629498069512294	12.092723400241223	10.377416081091065	0.2048397989391404	25.79603628371428	1.1607333080610047	17.927842046528212	14.693634585997788	18.002	3.3229920961686563	3.304125152938612	3.0541159517228134	10.160960104158052	59.75097536029453	0.012977279975177043
 archi-vowels-JSP.wav	í	32	26.507	161.65106373945937	345.201	2194.496	2559.634	16.97998669677044	32.95655007264419	12.85762460776769	30.70059663436142	20.570667093531824	20.44097088565629	17.746184169784197	-2.334875353945924	19.133891119881778	47.82243409346296	5.68008421308146	47.82243409346296	17.746184169784197	22.790627261853697	49.5393135038437	78.55918967005682	103.2297129697414	-15.976563375873752	20.0989254648765	-13.720609937590982	-3.5906803967613854	-3.4609841888858526	20.081059523730122	-28.688542973581182	42.1423498803815	-28.688542973581182	1.3877069500975807	-3.656736141971919	14.973	19.940098192553506	17.37038783279888	16.353940702897752	15.793708983446477	72.80464426374888	0.02444218324664311
 archi-vowels-JSP.wav	í	32	26.561	173.7391876995633	392.497	2178.812	2485.109	23.84066617677445	32.07014391029189	13.036303489518788	25.525377093753068	26.259192328923316	16.588194702997335	20.527751514009765	1.5311473337851642	25.766946481911454	44.65434338132625	7.393716600575781	44.65434338132625	25.609396186587613	23.208381779780524	44.99224809328342	80.10798494772175	100.77698209859145	-8.229477733517438	19.033840420773103	-1.6847109169786165	-2.418526152148864	7.252471473777117	18.9966041802246	-18.887396899414796	37.26062678075047	-18.887396899414796	0.15755029532384057	2.55856470213093	27.819	6.211071514758001	5.615272038086349	5.061304598327668	5.046262355288794	70.57990572278884	0.028239890211351298
 archi-vowels-JSP.wav	í	32	26.615	182.25940476031397	358.732	2238.403	2646.699	14.674580511219457	23.128000526120474	15.111903494570395	22.8403565598513	17.86466085988205	13.277579880723401	6.2135564654314726	2.8941698792676047	17.272812944601327	40.199140770248285	6.20690900911195	40.199140770248285	14.805798939371337	14.152819339959628	50.13358459239906	85.56043398538793	115.95039470785026	-8.453420014901017	8.016097031550078	-8.165776048631844	-3.190080348662594	1.3970006304960556	3.319386586163868	-22.926327825646958	33.99223176113634	-22.926327825646958	2.4670140052299896	3.1199936046416994	20.4	22.235529014414674	22.339272983338724	18.319325574477908	18.189007729388994	66.4244049417189	0.010949537122188605
 archi-vowels-JSP.wav	í	32	26.669	167.45454123144484	340.818	2207.046	2644.915	8.112798883161098	25.965474747052433	20.975422276361513	25.80636899621836	23.663347255266928	14.013100539591441	15.731122604431498	1.8715013051826164	10.508042239002599	42.56190231279934	12.709727441848926	42.56190231279934	20.352339890711185	13.548404048821892	50.98954864512588	80.50297330049816	111.5387148031124	-17.852675863891335	4.9900524706909195	-17.693570113057262	-15.55054837210583	-5.900301656430344	13.859621299248882	-32.05386007379674	29.852174870950414	-32.05386007379674	-9.844297651708587	-3.0403618098192933	6.087	17.677448117164836	17.491252463974746	16.788922472129258	16.494911637395774	68.09793635859879	0.01536377867596825
archi-vowels-JSP.wav	í	33	27.372	143.31023294095206	328.552	2082.525	2729.727	30.553294288142332	35.0659586882297	31.12732050370336	29.74011309587722	25.425533869620146	30.362608577149217	18.869063914478993	19.285078147190834	32.38805285854865	46.40016242518472	25.610698008646825	46.40016242518472	23.334492959411897	24.709387044108585	49.75593617990214	68.86983226031298	111.14785108030372	-4.512664400087367	3.93863818452634	0.8131811922651124	5.127760418522186	0.19068571099311526	-0.41601423271184146	-14.01210956663607	20.789464416537893	-14.01210956663607	9.05355989913675	7.678665814440063	18.561	23.94962636105586	23.567724495658908	21.89002068392253	20.603137579334827	69.85824718654544	0.020050065753444313
 archi-vowels-JSP.wav	í	33	27.414	133.28691718268163	337.111	2202.143	2689.062	25.584273807084653	25.55344890526099	27.76895541499434	15.042022536101197	31.12898653141212	20.940304077330367	17.515328293486608	7.170918527279605	27.066945430461665	33.78729657911254	24.748338932478234	32.39237488691218	28.47019062656246	19.642524157081727	47.04698158383303	73.13603590624439	104.99087582208678	0.03082490182366371	-2.215506509733352	10.542251270983456	-5.544712724327468	4.643969729754286	10.344409766207002	-6.720351148650877	9.038957646634309	-5.3254294564505145	-1.4032451961007943	7.424421273379938	25.366	9.562782026070835	9.291556627378144	8.11701138315155	7.846673507271129	64.65888901310987	0.012907442302597742
 archi-vowels-JSP.wav	í	33	27.455	126.23251195445931	359.757	2219.089	2651.262	22.93896188103898	36.342048199367625	21.087512985542944	14.853833982442417	23.869882100027436	15.417633940891548	15.575404718072456	7.329115177184554	24.09447372197981	42.20202436234655	21.754678387459748	33.56140267134441	22.355502552773526	16.989018350776476	43.02344938991547	72.58759373327386	100.13089947758678	-13.403086318328644	15.254535213824681	8.085127898596564	-0.9309202189884545	7.521327940147433	8.2462895408879	-18.10755064036674	20.4473459748868	-9.4669289493646	1.738971169206284	7.105455371203334	18.734	12.428883687859534	12.090269817604536	10.457817435365522	10.065987436681267	68.13455001244736	0.038262372949435096
 archi-vowels-JSP.wav	í	33	27.497	112.7545912942082	294.054	2222.978	2670.675	26.116856597537186	24.138001140482565	15.764939932526783	12.399695509014734	16.26475860441528	15.67863043841841	11.508520672913573	6.072572643107889	27.483292188643766	31.418276050846355	13.457976995027956	27.763680441007278	11.508520672913573	13.575953643613287	51.39080953391845	69.96493258296219	97.59098252152576	1.978855457054621	8.373061207955782	13.717161088522452	9.852097993121905	10.438226159118777	5.435948029805684	-3.9349838622025892	17.9602990558184	-0.2803882523635117	15.974771515730193	13.907338545030479	10.086	0.5671367241842546	0.5892038009935547	0.5018083143251563	0.4359609773792488	60.68317270913532	0.022462709064970818
 archi-vowels-JSP.wav	í	33	27.539	--undefined--	275.104	2063.552	2504.329	--undefined--	--undefined--	--undefined--	--undefined--	--undefined--	--undefined--	0	0	0	0	0	0	0	0	--undefined--	--undefined--	--undefined--	--undefined--	--undefined--	--undefined--	--undefined--	--undefined--	0	0	0	0	0	0	11.078	3.927413828233374	3.929528976638382	3.250409749422695	3.1035301939671074	50.33585009736822	0.0050468323050223765
archi-vowels-JSP.wav	íˤ	34	28.101	373.53162119353885	387.194	1850.752	2761.613	31.25420646301247	25.0568263593969	18.381165843748906	30.74199958872655	24.63394775584299	33.98073352588712	23.710477245826876	10.29238740890019	46.21962413146723	17.93638484543177	4.733660057352464	46.21962413146723	23.710477245826876	22.049867890674875	68.64396096808095	95.90914260253497	185.7181696881899	6.1973801036155685	6.675660515647994	0.5122068742859192	6.62025870716948	-2.7265270628746485	13.418089836926686	28.283239286035457	13.202724788079308	0	22.50914688564035	24.169756240792353	21.666	24.419303770335045	23.88726455827037	22.57538531731232	21.969702169199913	74.70731839033454	0.05322042432947524
 archi-vowels-JSP.wav	íˤ	34	28.133	347.17848901755497	363.179	1979.674	2755.788	36.23421485806148	31.388465854038753	14.39525432816222	35.57232432035175	30.639688054637286	30.556308308359387	27.595325589151145	11.308603838193571	50.26811748297105	24.08296078621586	-2.3102788849345783	50.26811748297105	27.595325589151145	20.276503022671374	69.7949788219519	99.92860818836571	176.74559322976629	4.845749004022725	16.993211525876532	0.6618905377097306	5.594526803424191	5.67790654970209	16.286721750957575	26.18515669675519	26.39323967115044	0	22.672791893819905	29.991614460299676	16.669	24.43961226919406	22.707237451533977	20.03925614128712	19.215878382303703	77.58205605991992	0.09532558221280936
 archi-vowels-JSP.wav	íˤ	34	28.164	323.8394209153562	346.963	1999.852	2495.412	28.363787278517673	28.66113530253207	18.28168986852718	27.05717649674461	33.41390444295787	24.202177264803307	29.708814018541684	15.821519624360027	41.280468659515755	21.75120428773887	0.8745852797838418	41.280468659515755	29.708814018541684	20.472308244667715	70.20773269539644	97.1781870107789	140.26672807300446	-0.2973480240143971	10.37944543400489	1.3066107817730632	-5.0501171644401985	4.161610013714366	13.887294394181657	19.529264371776886	20.87661900795503	0	11.57165464097407	20.80816041484804	3.859	9.300217158758343	8.151097286194716	7.403308379225685	7.031990460125494	74.75152861390144	0.03716068937736082
 archi-vowels-JSP.wav	íˤ	34	28.195	--undefined--	338.607	1969.147	2257.895	--undefined--	--undefined--	--undefined--	--undefined--	--undefined--	--undefined--	0	0	0	0	0	0	0	0	--undefined--	--undefined--	--undefined--	--undefined--	--undefined--	--undefined--	--undefined--	--undefined--	0	0	0	0	0	0	17.224	4.241948942101409	3.889850464547258	2.891687822458229	2.826307661322014	67.56224597219237	0.028336693413633953
 archi-vowels-JSP.wav	íˤ	34	28.226	--undefined--	338.392	1928.682	2365.427	--undefined--	--undefined--	--undefined--	--undefined--	--undefined--	--undefined--	0	0	0	0	0	0	0	0	--undefined--	--undefined--	--undefined--	--undefined--	--undefined--	--undefined--	--undefined--	--undefined--	0	0	0	0	0	0	10.332	5.602497453700144	5.59582810498875	5.098777486226519	5.066844620656509	59.89501447492549	0.009554014459027803
archi-vowels-JSP.wav	íˤ	35	28.824	144.56819228240073	428.135	1756.533	2972.272	22.35174477406328	33.19120623203703	21.701205509293363	15.483813214092613	11.399564158959578	26.735956460696187	17.49859692856118	5.735917336340838	23.455216770134953	38.65074938243177	24.326384539388233	36.818534020699715	17.49859692856118	15.273357311908299	39.12391290045309	55.580514817647355	131.70519968417423	-10.839461457973751	11.49000072274367	6.867931559970668	10.952180615103703	-4.384211686632906	11.762679592220344	-15.195532612296816	14.324364843043536	-13.363317250564762	5.956619841573772	8.181859458226654	19.848	15.112442306575215	14.858558768255731	13.752416035214521	13.159887066573061	64.87565772140499	0.01745373157198621
 archi-vowels-JSP.wav	íˤ	35	28.854	129.57641458740127	387.907	1859.331	2741.772	21.93701226824698	31.002025938986492	19.48648204073153	18.254684031066464	16.098648620591845	17.136673652437537	18.915065638053896	5.347125551914839	22.997799828357486	36.222806494763724	22.21280015243293	38.320135825060255	19.66997773555867	10.350827674726448	40.362797291460964	56.80143120464725	107.86298105188705	-9.06501367073951	11.515543898254961	3.682328237180517	5.838363647655136	4.800338615809444	13.567940086139057	-13.225006666406237	14.010006342330794	-15.322335996702769	3.327822092798815	12.646972153631038	17.314	8.070175251734327	7.602176069512865	7.0992074183557685	7.059587202420619	66.36667575351298	0.03712250399266977
 archi-vowels-JSP.wav	íˤ	35	28.885	123.68944857064783	309.167	1947.731	2741.832	19.388621515310955	28.95425779837188	13.165154295605618	21.31215617523391	16.544921805868487	16.055241777845332	15.284298428586848	-4.5292141198222975	20.90262922276765	37.3592681361603	9.856460389988069	37.3592681361603	15.284298428586848	7.000089850586919	50.29630915330865	59.23254121990367	106.05103956866174	-9.565636283060925	15.789103502766263	-1.9235346599229537	2.8436997094424683	3.3333797374656235	19.813512548409143	-16.456638913392652	27.502807746172234	-16.456638913392652	5.618330794180803	13.902539372180732	17.676	5.140918903392665	5.115314625134798	5.022556398169396	5.00029708695707	65.1226382633285	0.040810128585738605
 archi-vowels-JSP.wav	íˤ	35	28.915	--undefined--	305.507	1995.724	2566.559	--undefined--	--undefined--	--undefined--	--undefined--	--undefined--	--undefined--	0	0	0	0	0	0	0	0	--undefined--	--undefined--	--undefined--	--undefined--	--undefined--	--undefined--	--undefined--	--undefined--	0	0	0	0	0	0	12.646	5.318933538543361	5.400073960535643	5.174065695242661	5.143368997694363	58.778898135296004	0.009636778525763473
 archi-vowels-JSP.wav	íˤ	35	28.946	--undefined--	312.659	1905.01	2315.217	--undefined--	--undefined--	--undefined--	--undefined--	--undefined--	--undefined--	0	0	0	0	0	0	0	0	--undefined--	--undefined--	--undefined--	--undefined--	--undefined--	--undefined--	--undefined--	--undefined--	0	0	0	0	0	0	10.085	1.1868587396647787	1.1244897074594233	1.0371889232019864	1.0160233221324975	52.16029436564887	0.008619798049095418
archi-vowels-JSP.wav	ú	36	29.213	145.98281673586467	644.141	2019.317	3093.122	21.42759530362014	32.2362642294771	15.62553128023448	6.088488584823104	-25.67139656953304	-20.256121986160696	-17.726767019177274	-26.612856029921936	21.93009169485179	34.41119002698562	30.89791617132807	30.89791617132807	-14.803494586868855	-22.638166397199843	41.302626456172426	66.30155810267524	142.9556038587549	-10.80866892585696	16.61073294924262	15.339106718797037	47.09899187315318	41.68371728978084	8.886089010744662	-12.481098332133833	3.513273855657552	-8.967824476476281	36.73358628172065	44.568258092051636	20.106	5.017843185465925	5.362491623974979	5.363383860008354	5.363728690713957	62.24802061915625	0.014548684299176738
 archi-vowels-JSP.wav	ú	36	29.248	150.17004431374775	713.134	1949.228	3162.779	25.134410297398848	38.68067350932485	26.400486606704035	12.08396191213997	-19.318843650564027	-9.604383271117499	-5.74329811381722	-20.796969720181963	25.579494346636782	40.58170345879671	37.86692914936737	37.86692914936737	-5.74329811381722	-12.480127353512563	42.397229552611044	63.86171747509694	151.0238139161548	-13.546263211926	12.280186902620812	13.050448385258878	44.45325394796288	34.73879356851634	15.053671606364743	-15.002209112159928	2.7147743094293375	-12.28743480273059	31.322792460454004	38.05962170014934	14.27	17.871844014241937	12.557237554219034	12.556429913716713	12.557104470934773	67.28737647596779	0.023555963397200792
 archi-vowels-JSP.wav	ú	36	29.283	167.89616498914225	357.194	878.76	1932.566	20.631276116500956	35.07444353139444	36.337189981404435	32.64420961381029	19.2671183038239	10.503471910838737	-0.7087091177763691	-10.09131369437177	23.082774538877764	51.579544644648735	35.85289739194474	51.579544644648735	30.973862336309036	-0.7087091177763691	48.56026125927572	45.466387492393885	66.16390502808676	-14.44316741489348	-1.262746450009999	-12.012933497309334	1.3641578126770568	10.127804205662219	9.382604576595401	-28.49677010577097	15.726647252703998	-28.49677010577097	-7.891087797431272	23.791483656654133	18.157	21.24629977615346	19.39518582861116	19.38883097322152	19.387434158347194	76.9187071616108	0.06308400677582122
 archi-vowels-JSP.wav	ú	36	29.318	179.60342302212896	375.648	955.257	2207.035	21.460388696862505	31.47755083347664	23.8478944158269	29.836963253811142	19.07251464394694	13.485278934868756	1.6073347894370202	-1.6107105747299832	23.990917103520285	49.28020211530605	22.586656223058554	49.28020211530605	30.48946255356352	-1.052933073137804	47.54532942269184	47.230111378771134	83.02651381319689	-10.017162136614136	7.629656417649741	-8.376574556948636	2.387874052915567	7.97510976199375	3.2180453641670033	-25.28928501178576	26.693545892247492	-25.28928501178576	-6.498545450043235	25.04385017665809	21.038	19.772098418652806	13.927752434029191	13.923279815880376	13.925280144398487	76.5693858391017	0.05834174453754972
 archi-vowels-JSP.wav	ú	36	29.353	184.69864715791255	397.935	957.283	2142.677	26.090839886483575	29.066143897987402	20.585515974242945	25.0547572395241	23.106723029364993	20.453341341157877	5.067380652410302	-8.638981203242516	28.500226697785035	45.52397242020466	20.651201188479448	45.52397242020466	35.577454414151276	8.193793100429026	45.70830540516354	47.84289149144982	80.16584293880038	-2.9753040115038267	8.480627923744457	1.0360826469594748	2.9841168571185825	5.637498545325698	13.706361855652817	-17.023745722419623	24.87277123172521	-17.023745722419623	-7.077227716366242	20.30643359735601	17.326	20.70029223876419	16.647934024617577	16.624451320553163	16.62483822148777	72.7655237537567	0.05346444366780758
archi-vowels-JSP.wav	ú	37	30.059	338.48646267961703	340.786	771.414	2316.119	17.846313468448486	-1.471916558333163	1.6321159110063803	17.83053585862934	2.458893266413373	9.66856454053443	-17.729712301977823	-13.556278618534993	33.11753424897465	1.500858208417562	-27.98867049358371	33.11753424897465	11.788176280521544	-15.900626885812528	73.50504112771476	64.58242649099603	125.92679065606484	19.31823002678165	-3.1040324693395434	0.01577760981914622	15.387420202035113	8.177748927914056	-4.1734336834428305	31.61667604055709	29.489528702001273	0	21.329357968453106	49.01816113478718	15.132	16.99262794427781	13.605978035418149	13.600478124431925	13.599817018836724	61.98386432304365	0.02084018436360006
 archi-vowels-JSP.wav	ú	37	30.088	326.592882979216	331.865	817.968	2384.908	24.745380126450165	15.794195414595496	9.624675939896676	24.673736027346067	15.774285086681544	8.353680257156277	-17.5974191269168	-11.52951354084447	39.353514252266386	15.349644534681051	-17.27562446750343	39.353514252266386	23.955695387797	-17.620649831489942	74.04194739960165	63.609235248471755	129.7885040033385	8.951184711854669	6.16951947469882	0.0716440991040983	8.97109503976862	16.391699869293888	-6.067905586072332	24.003869717585335	32.62526900218448	0	15.397818864469386	56.97416408375633	21	22.30344016791587	22.010154778194668	22.004279468066443	22.003545847419232	68.14900092680178	0.044568509152728794
 archi-vowels-JSP.wav	ú	37	30.116	332.28452021479745	336.139	856.225	2358.03	31.769630904565567	20.784772351701378	18.93207530518362	31.736413104885052	21.43346723977971	19.998470993391383	-9.169981417999416	-4.755096947689073	46.44823983291925	19.465650542487637	-7.22754570357115	46.44823983291925	29.202793495299865	-4.438296703141263	73.77831049420595	64.56939433010027	128.51670100984887	10.984858552864189	1.8526970465177577	0.033217799680514304	10.336163664785857	11.771159911174184	-4.414884470310343	26.982589290431612	26.693196246058786	0	17.245446337619384	50.88653653606051	20.925	27.687507658126236	21.83063454024207	21.8259426799723	21.82405029517783	74.70278444596889	0.08764695347527626
 archi-vowels-JSP.wav	ú	37	30.145	336.91846764512206	339.774	920.828	2287.606	33.96180193702729	20.932274163549007	28.694768192239195	33.949342972038146	19.469458421859585	21.11002808932202	-0.39320234091159506	-5.678906890824308	48.600092773086345	18.233696048004187	4.299264985295215	48.600092773086345	26.48020889393115	-0.39320234091159506	73.53475671360796	65.57888641896275	122.91013862481498	13.029527773478282	-7.762494028690188	0.01245896498914334	14.492343515167704	12.851773847705267	5.285704549912713	30.366396725082158	13.934431062708972	0	22.119883879155196	48.99329511399794	21.94	31.396588436777535	29.13729191423263	29.105435123340424	29.103033925177108	76.52210356257002	0.11800285745349703
 archi-vowels-JSP.wav	ú	37	30.174	334.42030960944396	338.235	951.724	2239.178	28.30393797713665	16.185525243671762	26.841188519353786	28.278404893360594	2.501355959535978	13.099602792995011	-6.803655440969054	-9.697519376515306	42.789314824956165	12.826467750514714	3.861696579028391	42.789314824956165	9.061906381115042	-6.803655440969054	73.56570135239895	65.50312021000296	117.99344052438119	12.118412733464886	-10.655663275682024	0.0255330837760539	25.80258201760067	15.204335184141637	2.8938639355462517	29.96284707444145	8.964771171486323	0	33.72740844384112	49.59297026592522	15.566	23.087900783007992	18.303055202498484	18.291084318336484	18.28887559279277	71.70142381925493	0.05992148881987045
archi-vowels-JSP.wav	úˤ	38	30.88	--undefined--	413.596	980.856	1723.162	--undefined--	--undefined--	--undefined--	--undefined--	--undefined--	--undefined--	0	0	0	0	0	0	0	0	--undefined--	--undefined--	--undefined--	--undefined--	--undefined--	--undefined--	--undefined--	--undefined--	0	0	0	0	0	0	17.042	14.693290192035187	13.623632386973181	13.593525682819854	13.59363171164011	66.94680193296277	0.02317753296978432
 archi-vowels-JSP.wav	úˤ	38	30.931	--undefined--	451.415	942.359	1728.094	--undefined--	--undefined--	--undefined--	--undefined--	--undefined--	--undefined--	0	0	0	0	0	0	0	0	--undefined--	--undefined--	--undefined--	--undefined--	--undefined--	--undefined--	--undefined--	--undefined--	0	0	0	0	0	0	16.5	1.1445882007387698	1.207957171821291	1.1804720677164124	1.1803345831189858	66.62907056966615	0.02392262403594612
 archi-vowels-JSP.wav	úˤ	38	30.982	170.91041323547788	412.563	875.344	1893.837	21.264500908045243	38.479270566405695	32.756580425079754	26.366454870464295	1.2832363709727943	22.05244872001841	3.8300819707618903	6.9054511213497864	23.22093060463194	49.62714107160102	36.0439428289177	48.21914610954571	16.06066134391306	14.135990462342951	42.942718624141705	45.802194800140455	64.96857269412692	-17.214769658360453	5.722690141325941	-5.101953962419053	19.981264537072448	-0.7879478119731687	-3.075369150587896	-26.40621046696908	13.583198242683316	-24.998215504913773	7.160269260718877	9.084940142288987	22.326	21.828563287119714	18.84378786578869	18.791824661793328	18.7886392587532	75.01233746665255	0.06704033547910919
 archi-vowels-JSP.wav	úˤ	38	31.032	178.86897243753	389.08	970.946	1793.318	21.806944149688032	32.895089033079365	34.44891403321296	28.431111830865213	17.159996792339875	24.583453969801774	17.742386751527025	11.739016457212532	24.140926651083202	48.537216662195235	33.700429439464166	48.537216662195235	29.104814858918935	20.16564943608312	45.93004120625157	47.224446475750725	62.171379145500026	-11.088144883391333	-1.5538250001335925	-6.62416768117718	4.646947357348157	-2.7765098201137413	6.003370294314493	-24.396290011112033	14.836787222731068	-24.396290011112033	-4.963888207835733	3.97527721500008	24.942	28.0574435295031	23.484739961556038	23.307626358532648	23.29911166240724	74.44919133684971	0.04498183104048842
 archi-vowels-JSP.wav	úˤ	38	31.083	171.54280548537247	495.9	1195.354	1811.252	19.47687196379021	35.94984565788683	31.234799482023696	17.939911537310145	20.28689876927134	16.345543517014736	19.351845648209373	2.709729865127979	20.758562759401087	42.29065094823969	35.450689303187126	41.24825391931286	34.64026508727537	21.75432061871476	41.00461034976878	47.87379939642257	61.70881759831273	-16.472973694096623	4.715046175863137	1.5369604264800643	-0.8100268054811295	3.1313284467754734	16.642115783081394	-21.5320881888386	6.839961645052561	-20.48969115991177	-13.88170232787428	-0.9957578593136738	21.098	13.9567763454316	11.322073710325814	11.21184415992795	11.199311631794469	70.61312886546716	0.04244890562508911
archi-vowels-JSP.wav	úˤ	39	32.02	--undefined--	415.874	914.339	1644.478	--undefined--	--undefined--	--undefined--	--undefined--	--undefined--	--undefined--	0	0	0	0	0	0	0	0	--undefined--	--undefined--	--undefined--	--undefined--	--undefined--	--undefined--	--undefined--	--undefined--	0	0	0	0	0	0	14.455	4.678533628784312	6.143156789212904	6.1476253232292315	6.147246261480102	63.010496736883994	0.003593800572408392
 archi-vowels-JSP.wav	úˤ	39	32.052	--undefined--	452.031	935.55	1666.95	--undefined--	--undefined--	--undefined--	--undefined--	--undefined--	--undefined--	0	0	0	0	0	0	0	0	--undefined--	--undefined--	--undefined--	--undefined--	--undefined--	--undefined--	--undefined--	--undefined--	0	0	0	0	0	0	21.697	1.411873124301649	3.6989418279989468	3.698198800068617	3.6987490466789312	65.03407253211235	0.030826067612955203
 archi-vowels-JSP.wav	úˤ	39	32.084	169.67763833674647	385.673	841.831	1728.021	17.357627170407202	35.58337684525546	29.6456822957225	28.46001331214631	12.03814726818068	17.26545433997739	3.0731497928006353	-9.355129286374815	19.561557084613927	49.14616723692488	32.26814936954491	49.14616723692488	25.912760937862473	11.079346154578783	45.22879836274394	45.48151637748922	58.42972325477079	-18.225749674848256	5.9376945495329565	-11.102386141739107	5.319479902226522	0.0921728304298135	12.42827907917545	-29.584610152310955	16.878017867379974	-29.584610152310955	-6.3512038532485455	8.482210930035144	22.713	25.47390543548439	20.525140146322496	20.413892166251486	20.411746188132195	74.13420242469351	0.09235270902281152
 archi-vowels-JSP.wav	úˤ	39	32.117	182.34166873842926	374.082	779.719	1760.842	14.397298550729445	23.16140910342167	19.469712338140972	22.525564833092368	14.867986363174417	29.378817565985	16.96708176433536	3.554410936283516	17.201503770408493	42.64674293997872	27.776415611414752	42.64674293997872	28.89620138644385	19.908449499932274	48.06603726420133	46.58214639572053	61.49611938482384	-8.764110552692223	3.691696765280696	-8.128266282362922	-0.4706878124449716	-14.981519015255554	13.412670828051846	-25.44523916957023	14.87032732856397	-25.44523916957023	-11.694697616035356	-2.706945729523781	21.826	11.59263816193339	9.930407126983296	9.913278137204825	9.913791194481792	71.03975669709796	0.04056147650700194
 archi-vowels-JSP.wav	úˤ	39	32.149	181.81714543813194	379.018	1026.178	1797.103	20.005397458751002	29.023197039607908	27.189358163525796	27.56569753188448	18.94219940218631	18.656766294598192	14.999642513901657	1.3555933116184358	22.518170927222148	46.92790291311588	24.681940885759175	46.92790291311588	29.592725786104637	14.999642513901657	47.40058161469821	47.87658199595007	62.77649233363727	-9.017799580856906	1.8338388760821118	-7.5603000731334795	1.0631980565646906	1.3486311641528097	13.64404920228322	-24.409731985893732	22.245962027356704	-24.409731985893732	-7.07455485888249	7.518528413320491	20.154	27.8354156352505	21.20467805161042	21.080374278884037	21.076087495445233	72.62945831964242	0.06458332662413989
archi-vowels-JSP.wav	úˤ	40	33.598	195.00493568312237	464.192	938.393	1704.406	27.164627916897263	34.758166535043166	24.679320559567998	23.638862267827157	16.434511321499656	18.353420270226863	12.787239745344404	-7.10348866869753	29.22089094562789	46.696727554655354	29.574320641662204	46.696727554655354	32.33111820214795	18.19417813872595	43.293869880048774	48.960862431880486	61.40036509076864	-7.593538618145903	10.078845975475168	3.525765649070106	10.730116595397607	8.8112076466704	19.890728414041934	-17.475836609027464	17.12240691299315	-17.475836609027464	-3.1102272565200586	11.02671280690194	18.838	15.568570937142688	10.906186848216015	10.836675348099423	10.83601771423563	74.2213726895721	0.03643087755199058
 archi-vowels-JSP.wav	úˤ	40	33.628	206.3776896720197	405.271	1003.604	1847.457	30.850197818256568	27.16654579988662	29.982939548427424	26.738191363071365	11.17842456640085	22.281088622916297	10.314549346583588	0.3976451496589729	33.794976901446915	46.93932383628055	29.77282336246222	46.93932383628055	22.960075890313686	17.538173817806022	47.45914537581025	50.667682040850096	68.75314815866331	3.6836520183699477	-2.816393748540804	4.1120064551852025	19.67177325185572	8.569109195340271	9.916904196924616	-13.144346934833635	17.16650047381833	-13.144346934833635	10.83490101113323	16.256803083640893	18.323	21.110480603411705	14.163503483206961	14.063807623309131	14.061028754542892	74.32172766775068	0.050055459138639
 archi-vowels-JSP.wav	úˤ	40	33.658	218.70321058068544	456.764	1098.594	1846.404	32.76967478847622	25.072227874157768	18.846772218756755	22.774984894188975	15.670185509643659	18.00068011501991	17.063465256539537	-5.949462100430702	35.36001148121024	44.402275733127546	19.026070818697036	44.402275733127546	28.490949173225538	17.548183337988174	45.897548314213985	52.773972510210704	70.69293937796714	7.697446914318455	6.225455655401014	9.994689894287248	17.099489278832564	14.768994673456312	23.012927356970238	-9.042264251917302	25.37620491443051	-9.042264251917302	6.869062307984706	17.81182814322207	20.146	20.682727923599668	15.098361416082879	15.053459661380892	15.052889285630718	72.54652075187408	0.059100396321332974
 archi-vowels-JSP.wav	úˤ	40	33.687	227.394153950346	455.537	1101.995	1889.455	33.71658516363469	24.696640791290257	16.0699339553507	24.693461730075427	14.696014682765934	12.456007096636988	10.791302674929128	-12.065744687019752	36.55667413209657	46.101576353381795	16.448021162078305	46.101576353381795	27.248838200282222	10.791302674929128	46.83582348640815	53.84618051439011	74.14087094760777	9.019944372344433	8.626706835939558	9.023123433559263	19.020570480868756	21.260578066997702	22.85704736194888	-9.544902221285227	29.65355519130349	-9.544902221285227	9.307835931814346	25.76537145716744	18.767	18.07118156172278	16.589039556342893	16.51269371747659	16.511432896832765	74.24369091026068	0.05018444404110997
 archi-vowels-JSP.wav	úˤ	40	33.717	235.12924049803868	457.872	1142.346	1901.097	32.99905647954137	20.186030000080464	17.6735218983473	19.119783929758313	16.940189605446157	13.688813931422107	12.641624908052272	-9.456241037568569	36.00378601978216	40.327763450311814	17.314828858478105	40.327763450311814	28.962662190719044	12.641624908052272	47.59111483843475	55.12240507651394	76.007121270746	12.813026479460909	2.5125081017331645	13.87927254978306	16.058866874095216	19.310242548119266	22.09786594562084	-4.323977430529652	23.01293459183371	-4.323977430529652	7.0411238290631175	23.36216111172989	18.154	17.486012909593985	14.72215007836662	14.642881367226368	14.617065957294162	71.04116353985856	0.04224345805010295
archi-vowels-JSP.wav	úˤ	41	34.238	146.11694010191258	432.863	1061.767	1613.549	28.90274234608233	33.56591715685346	28.279087865260117	18.978497962157483	12.76439663086142	18.163124091424354	0.8426735868845363	-11.44021124129833	30.11255250714319	39.46745345681801	33.051963904563905	41.46647028562816	26.48739680659757	23.622596222695922	39.06361666598918	43.81875004734361	51.627161827443814	-4.663174810771128	5.286829291593342	9.924244383924847	16.13834571522091	10.739618254657977	12.282884828182867	-9.354900949674825	6.415489552254108	-11.353917778484973	3.625155700545619	6.489956284447267	24.689	21.789217836635114	19.109172988796338	18.852959131937332	18.83673844426915	68.16466215042973	0.0143555469665079
 archi-vowels-JSP.wav	úˤ	41	34.278	142.757128519654	438.836	1006.373	1639.717	28.465617175988104	34.3101551129914	25.562818722130665	19.222378174010174	13.56788191840348	5.670776221517727	-5.179552107168751	-8.682533371195639	29.607629729231558	39.76680035189163	32.04514360472984	42.216722270426345	28.382352023083904	9.161838822095818	38.457741526287755	43.12130846144362	51.835753581158556	-5.844537937003299	8.747336390860738	9.24323900197793	14.897735257584625	22.794840954470377	3.5029812640268876	-10.159170622660074	7.721656747161795	-12.609092541194787	1.2252777061476543	20.445790907135738	25.651	23.617822157996763	23.098309297659377	22.812165717900804	22.80076324880278	68.09799535286014	0.019053488449728775
 archi-vowels-JSP.wav	úˤ	41	34.318	142.15292027850816	468.539	979.828	1769.173	29.905611859342496	34.22209433150199	27.52703315165892	17.19577437804297	17.850527505090653	13.895962131909677	2.4771759565548446	-4.055921654174364	30.92480675093528	38.94117987393748	37.46084182416657	41.34235770717587	34.49422292893303	14.545211043837284	37.7431331178179	42.919702668320674	55.629103132272306	-4.316482472159496	6.695061179843073	12.709837481299527	12.055084354251843	16.00964972743282	6.533097610729209	-8.0163731230022	1.480338049770907	-10.417550956240593	-3.5694161779977485	16.379595707097995	25.787	20.881523664963794	21.813305958055214	21.11830031167315	21.108151481482764	68.34271456232217	0.01699551045899303
 archi-vowels-JSP.wav	úˤ	41	34.358	141.36223272123672	467.585	1009.003	1870.053	30.53527823216561	34.16148171420185	29.265741656977568	16.063868539961156	17.16148222463994	17.288774666489584	13.431201565101818	-6.652553883790411	31.53574013504773	38.79184838895345	39.09518468961404	40.055595043891955	33.35171525590858	16.1876226626416	37.6672259383545	42.96865803338827	59.12650565740177	-3.6262034820362388	4.89574005722428	14.471409692204453	13.37379600752567	13.246503565676026	20.083755448892227	-7.256108253905715	-0.3033363006605896	-8.519854908844223	-1.8159751208608483	15.34811747240613	24.123	22.129967521535228	22.50432696956778	22.298744707246545	22.29204679604235	67.92690075081057	0.021123130537767865
 archi-vowels-JSP.wav	úˤ	41	34.398	136.7465465456391	473.943	1022.011	1909.471	24.467485259226663	30.675316516956492	15.119321771066073	12.145486858251594	3.8247263964529665	16.48764010882867	15.125277437640287	-14.486464484612437	25.375782133328137	34.81261164177504	27.36962680013448	36.37521240281173	20.239983819849343	15.125277437640287	37.160231508311526	42.485111198492916	59.9109598686476	-6.207831257729829	15.55599474589042	12.321998400975069	20.642758862773697	7.979845150397992	29.611741922252726	-9.436829508446905	7.442984841640563	-10.99943026948359	5.135798313478794	10.25050469568785	23.881	19.677492554806648	14.593751799705315	14.354795925844261	14.349863472544964	65.9969677607556	0.016275728225784495
archi-vowels-JSP.wav	úˤ	42	35.096	166.48013369504923	365.056	1024.977	2568.559	22.829804661827247	33.28445411446816	36.29959939061454	28.930046329535678	24.05602882253777	27.79091048812552	21.168146349705026	-8.779691787010144	25.05415402063266	47.88954460428279	33.72865690610885	47.88954460428279	34.310640545164645	7.662193411949031	47.30950014015851	46.04250148986866	105.22497320173939	-10.454649452640915	-3.0151452761463773	-6.100241667708431	-1.2262241607105224	-4.961105826298272	29.94783813671517	-22.83539058365013	14.160887698173937	-22.83539058365013	-9.256486524531987	17.39196060868363	21.848	21.25289025299042	16.171400461069826	15.79791183465458	15.785240917737228	73.2924286988809	0.08539123055125394
 archi-vowels-JSP.wav	úˤ	42	35.11	167.39796398859548	362.081	1051.856	2512.623	19.19541936025373	35.14190099946659	33.0316515450928	31.685754026683398	22.218900991526148	30.533775367537956	13.177084159378168	-2.8659365239100265	21.471226165344554	50.399634621203816	29.876866395059718	50.399634621203816	31.9772087651484	11.787117397402314	47.82006709590706	46.306177098922184	101.20360616017268	-15.946481639212863	2.1102494543737933	-12.490334666429668	-3.0234816312724178	-11.338356007284226	16.043020683288194	-28.928408455859262	20.5227682261441	-28.928408455859262	-10.505982599803847	9.68410876794224	20.495	24.510443299682933	18.030103109844504	17.90638953768712	17.885587215047025	74.74891779642402	0.049211610725701384
 archi-vowels-JSP.wav	úˤ	42	35.125	167.61478589786606	364.159	1112.797	2489.77	16.307102941955694	32.05507113555233	30.45388025808996	28.305311077505785	21.145618314152003	31.069205645524015	15.445950937354924	-11.567716875324896	18.539920542170574	47.00294513510868	26.814969609682745	47.00294513510868	30.327064719072997	14.04308190859707	47.567376114415374	46.72657804474824	99.55443891119711	-15.747968193596638	1.601190877462372	-11.99820813555009	-4.838515372196309	-14.76210270356832	27.01366781267982	-28.46302459293811	20.187975525425937	-28.46302459293811	-11.787144176902423	4.496838633573503	21.091	18.270999272349027	14.99138150649437	14.792533481857637	14.773295074005366	73.21499738603458	0.04617396958896887
 archi-vowels-JSP.wav	úˤ	42	35.139	167.48680522181022	349.226	1151.899	2251.377	17.402786230144123	30.94872209215491	28.138220558339718	29.82136630652471	5.691650959242693	30.407026516095144	9.897553617901638	-9.400731742428764	19.812582074359362	47.638008381572504	23.180236364512275	47.638008381572504	13.656760608011588	18.11968606147636	49.677250481832715	47.005194639933315	83.2231635119911	-13.545935862010786	2.8105015338151915	-12.418580076380586	11.71113527090143	-13.00424028595102	19.298285360330404	-27.825426307213142	24.45777201706023	-27.825426307213142	6.155821466347774	1.6928960128830006	16.928	26.671808731377347	21.4413164781379	20.805949537976783	20.751855276516487	72.52681684703361	0.03401866572724298
 archi-vowels-JSP.wav	úˤ	42	35.154	166.7678809775062	362.82	1130.544	2493.506	20.587978575708753	32.614838088728675	28.99409602933263	28.81993082780663	14.77077645649829	29.99689820364092	14.688352164663293	-9.089333373822015	22.805898114413573	47.43251993736692	25.18983055178741	47.43251993736692	23.70758074881468	13.199639669892251	47.642514719469844	46.7532347196082	99.61355682175149	-12.026859513019922	3.6207420593960435	-8.231952252097877	5.817202119210464	-9.408919627932168	23.777685538485308	-24.626621822953346	22.24268938557951	-24.626621822953346	-0.9016826344011086	9.606258444521321	20.437	22.810967248193048	19.35944390593124	18.782075609318976	18.606343989591135	71.93201583015299	0.03695533563186487
archi-vowels-JSP.wav	á	43	35.776	164.47430113795866	552.786	1770.971	2762.77	7.555659785462712	35.25789217007251	37.82145029290349	28.835430296539524	23.635237710147653	15.203489572853425	26.065525273652476	-1.9536183375621983	8.432733131807819	39.33389291749607	46.569284140917084	52.08907490356691	33.91981115943946	11.991255313928457	42.19728121922396	59.12147853139093	120.40136329327612	-27.702232384609797	-2.563558122830983	-21.279770511076812	-16.07957792468494	-7.647829787390712	28.019143611214673	-30.901159785688254	-7.235391223421011	-43.65634177175909	-25.487078027631643	-3.5585221821206385	24.892	14.640315727842433	10.240226470607706	9.369146599804168	9.333010861301801	78.86536560157357	0.04694251594036069
 archi-vowels-JSP.wav	á	43	35.803	165.3065014199564	665.485	1657.484	2643.087	22.91385661765294	41.086968601588566	32.05643390920598	31.900957990083363	27.127275331654303	24.59336845717318	23.690224505048	17.12238936818165	23.552555185415013	43.89275026033608	57.09787730091115	57.09787730091115	42.371053208293254	25.26196599634327	43.70353354138948	55.570698991115655	110.77353219893973	-18.173111983935627	9.030534692382588	-8.987101372430423	-4.213418714001364	-1.6795118395202415	6.56783513686635	-20.340195074921066	-13.205127040575071	-33.545322115496134	-18.81849802287824	-1.709410810928258	25.361	22.667703382418605	19.854571783033578	15.681657985087629	15.627272723242156	82.40753323267627	0.07301502978902376
 archi-vowels-JSP.wav	á	43	35.829	166.57321895706698	658.909	1603.372	2784.652	17.342188395163177	41.377369667454076	32.140368737811826	31.663929417646028	23.283535489141276	29.33639966596192	24.303000687453906	21.53098734121054	18.008638420282214	44.315278200504494	56.83887116338389	56.83887116338389	38.92931524766666	26.112584423319017	43.78122155613602	54.2386967595023	122.9309733836287	-24.0351812722909	9.23700092964225	-14.32174102248285	-5.941347093978099	-11.994211270798743	2.772013346243366	-26.30663978022228	-12.523592962879398	-38.830232743101675	-20.920676827384444	-8.103946003036803	28.157	23.337980230743618	22.526848852958285	21.32286274975135	21.19719204715528	82.51927377642767	0.04364702845728909
 archi-vowels-JSP.wav	á	43	35.856	165.60880274144262	644.495	1735.067	2730.003	18.377082768587577	39.62961131564478	36.35505048268682	34.062057121908104	19.922718564962153	27.418322579265574	27.53198163033599	11.090829024901325	19.048318643104178	42.605086281640325	58.779717849949606	58.779717849949606	33.60277846568626	27.034832343708516	43.521312369129916	58.054833799214244	117.99278439699256	-21.252528547057203	3.2745608329579596	-15.684974353320527	-1.545635796374576	-9.041239810677997	16.441152605434667	-23.556767638536147	-16.17463156830928	-39.731399206845424	-14.554459822582078	-7.986513700604338	19.806	20.118922895119795	19.664578987499926	18.24537631136631	18.099973472834645	83.07785170166164	0.08419854726495626
 archi-vowels-JSP.wav	á	43	35.882	162.04076107335217	595.655	1780.314	2657.064	21.669633922050032	32.97437751086895	32.466180846682434	27.554919600196726	21.221044960143317	25.59489473107525	32.90363331393185	12.501131946095454	22.407515739859555	36.30039990626128	47.760541180939235	51.52730440998906	32.90363331393185	26.146457466350785	42.54128696146203	59.078851301784134	110.95108228549229	-11.304743588818916	0.5081966641865137	-5.885285678146694	0.44858896190671516	-3.925260809025218	20.402501367836393	-13.892884166401728	-11.460141274677952	-29.119788670129502	-10.496117574072294	-3.7389417264912304	0	10.129013771744994	13.643659646111836	10.703138592198936	10.584918907968941	77.64693314836383	0.06214123712896514
archi-vowels-JSP.wav	úˤ	44	36.283	162.97784532210432	447.504	1606.069	2907.616	17.83851727855795	37.34224482513848	33.77203169456237	17.729626561568164	7.690030099807945	16.569605994807468	1.6110597964978355	-15.099190092942303	19.15612221465943	44.1749690952832	34.317566083482646	39.361765105865004	15.774135452049398	4.281681204303912	40.29707488524288	53.805410480468886	132.51813868661262	-19.503727546580528	3.570213130576107	0.10889071698978725	10.148487178750006	1.2689112837504837	16.71024988944014	-25.018846880623773	9.857403011800557	-20.205642891205574	3.3819867626100315	14.874441010355518	19.614	6.617348868196972	6.684337021292558	6.645997129513166	6.641386843483206	71.22509712646197	0.012253791489556728
 archi-vowels-JSP.wav	úˤ	44	36.305	167.412645012133	377.363	1599.274	3248.451	20.58412762634395	38.02873632128419	39.46957741495751	31.952793583229884	17.63510624256385	24.628939656751598	8.663198856850187	-12.988202652926965	22.556920395654934	50.78179045887538	34.51167522935255	50.78179045887538	22.532628274117986	3.688635880956597	45.892828024022656	54.24781310031181	166.5038314248649	-17.444608694940243	-1.4408410936733205	-11.368665956885934	2.9490213837800994	-4.044812030407648	21.651401509777152	-28.224870063220443	16.27011522952283	-28.224870063220443	0.024292121536948486	18.86828451469834	22.627	23.762317910511985	20.286352132108835	20.150711570251055	20.140045485365867	75.83218916819825	0.054726008958577974
 archi-vowels-JSP.wav	úˤ	44	36.326	168.09589640306223	365.068	1704.748	3194.65	19.76077732097606	37.155351281249025	39.0450347973782	33.50095763597082	10.838219561123793	21.300675690103034	7.385272258036739	-9.20411700315515	21.881294109257297	51.65631235031084	32.95587040336393	51.65631235031084	14.034045438951399	2.0837135793172203	47.50570065532622	57.43012942172118	161.46390464317435	-17.394573960272965	-1.8896835161291747	-13.74018031499476	8.922557759852268	-1.5398983691269734	16.58938926119189	-29.775018241053544	18.70044194694691	-29.775018241053544	7.847248670305898	19.797580529940078	22.66	28.653423263936695	24.05141597092987	23.910727124091412	23.896668297403572	76.61817781836821	0.046132629862921354
 archi-vowels-JSP.wav	úˤ	44	36.348	167.67374507109653	382.698	1765.742	3039.105	16.58286656228318	38.65774896831182	40.49979750285449	31.81520436140081	19.067449899322632	20.352862313027124	14.789082103039098	-2.917218407276527	18.48863163745783	50.79460614667716	35.539187000758155	50.79460614667716	22.489722588339582	5.37061017539787	45.318353055615596	59.42727911279564	146.29258805872698	-22.074882406028642	-1.8420485345426698	-15.23233779911763	-2.484583337039453	-3.769995750743945	17.706300510315625	-32.30597450921933	15.255419145919006	-32.30597450921933	-4.001090950881753	13.118021462059959	22.668	21.080618108196752	18.623415379224202	18.412168354361985	18.40659137632969	75.86313125235951	0.06661056293212246
 archi-vowels-JSP.wav	úˤ	44	36.369	166.1764564667668	438.918	1836.208	3096.708	20.28308316319853	38.914772629175324	37.79730493714096	21.56616461078611	20.744235706466995	21.22545718372071	19.13246410140758	-3.1026715764813924	21.688497401843524	46.463952545775754	36.773829779588254	42.703328592783095	25.952362536461145	8.754106565648023	40.93722541077145	61.825469865149785	151.18579632841704	-18.631689465976795	1.1174676920343671	-1.2830814475875805	-0.4611525432684651	-0.9423740205221804	22.235135677888973	-24.77545514393223	9.6901227661875	-21.01483119093957	-4.263865134617621	12.934390836195501	15.665	15.178518268769663	11.840589115225693	11.341620372884812	11.325681895190531	73.49869699264966	0.014936411865074046
archi-vowels-JSP.wav	úˤ	45	36.936	140.59523542435937	436.963	1705.896	2989.18	21.432967261929257	32.71576498432864	24.72139808404261	15.423034292057714	0.3689365335295136	11.500937944766275	-7.1019222801139446	-23.906202457418342	22.435666519815204	37.54886705672638	29.2990258274745	37.17595328811132	7.476637376602923	-0.5652688788452443	38.30137398439604	53.39489687474554	131.7268822798853	-11.282797722399387	7.994366900286032	6.009932969871542	21.064030728399743	9.932029317162982	16.8042801773044	-15.113200536911176	8.249841229251878	-14.74028676829612	14.95902914321228	23.00093539866045	23.042	6.80102322541091	6.990415309480951	6.991634705528203	6.991045700542241	66.95222947956839	0.033955884589801456
 archi-vowels-JSP.wav	úˤ	45	36.949	148.43846174854045	468.772	1761.127	3048.496	23.253237376486915	33.332812121206686	29.87153145754498	17.85229142113364	6.116744557698059	11.386836345756741	6.358333958516365	-21.1822208999223	24.22820069597689	37.995793532821416	35.21400799738555	40.24158780264006	13.756158724421264	0.19754031604342132	38.39672813149964	56.32369916402246	139.87702929948196	-10.079574744719771	3.4612806636617073	5.400945955353276	17.136492818788856	11.866401030730174	27.540554858438664	-13.767592836844525	2.7817855354358656	-16.01338710666317	10.472041971555628	24.03066037993347	24.583	11.230466400250208	11.666294211112135	11.642689689113084	11.632424536240254	67.8382210621221	0.008189593048545551
 archi-vowels-JSP.wav	úˤ	45	36.962	149.77559635217816	460.041	1763.911	3029.499	19.97569431675085	35.23369576157593	32.8856783483339	19.363409150925232	6.882032355184737	20.52189178330489	9.09460878142793	-18.357962574301244	21.006408162620104	40.231241859202996	37.03779784028228	41.510810743307125	14.109858095263196	9.331289790761065	38.63015982846166	56.62179523868707	138.6754858214296	-15.25800144482508	2.348017413242033	0.6122851658256181	13.093661961566113	-0.546197466554041	27.452571355729173	-19.22483369658289	3.193444018920715	-20.50440258068702	6.896550067356909	11.675118371859039	23.09	15.065921572875984	15.831411535492263	15.79659099494927	15.787822547725117	68.73018513386506	0.03630228507496729
 archi-vowels-JSP.wav	úˤ	45	36.975	151.9619602249844	489.302	1940.747	3020.389	19.89484521332046	34.69547751437666	31.259436993272836	19.248522063462364	4.015967211340104	17.183001638339608	5.537094656104358	-14.084467416420637	20.825098016827226	39.110895019284236	37.36190242717519	41.84137238005796	10.422009679616258	9.854263981956631	38.84431025878855	63.80001474667455	138.67441619205886	-14.800632301056204	3.436040521103827	0.6463231498580946	15.878878001980354	2.7118435749808505	19.621562072524995	-18.28579700245701	1.7489925921090475	-21.016274363230735	10.403088337210969	10.970834034870595	21.286	16.429450569017135	16.437660133204844	16.419435056023534	16.407154272705252	68.87360756763752	0.03545023658267941
 archi-vowels-JSP.wav	úˤ	45	36.987	152.95971189477353	541.176	1924.732	3089.594	20.91263981058307	31.628306256431365	26.529443638044597	18.04432973518549	3.892513085886897	10.139348457272845	12.333922541974417	-16.9121763371945	21.688001191204073	35.17408364356293	38.24024361979217	41.240557176672766	12.333922541974417	3.114060990037218	40.7534461752014	63.279673861207435	145.3558127562909	-10.715666445848296	5.098862618386768	2.8683100753975808	17.020126724696173	10.773291353310224	29.246098879168915	-13.486082452358858	-3.066159976229237	-19.552555985468693	9.354078649229656	18.573940201166856	20.165	16.674401217229686	14.067368563684095	14.040651524252903	14.022899732132263	67.62897931172658	0.0400548338148754
