file	label	intervaldID	t	f0	F1	F2	F3	H1c	H2c	H4c	A1c	A2c	A3c	H2Ku	H5Ku	H1u	H2u	H4u	A1u	A2u	A3u	B1	B2	B3	H1H2c	H2H4c	H1A1c	H1A2c	H1A3c	H2KH5Ku	H1H2u	H2H4u	H1A1u	H1A2u	H1A3u	CPP	HNR05	HNR15	HNR25	HNR35	intensity	soe
archi-vowels-HDK.wav	á	1	0.42	284.9284200669117	885.313	1628.313	3117.755	36.58500556840093	35.336844696917105	40.84689087742217	31.1921880693563	37.72992231378514	55.07231044103882	46.012774454134096	34.73198757513478	37.80288151001655	41.09444824811746	50.30158861514258	57.748623612870716	57.380369843937935	49.63928811476131	59.22716882442706	71.7314132816273	200.3130417421758	1.248160871483826	-5.510046180505064	5.392817499044632	-1.144916745384208	-18.487304872637893	11.280786878999315	-3.2915667381009115	-9.207140367025119	-19.94574210285417	-19.577488333921387	-11.83640660474476	25.902	11.56588155794161	13.285444989626708	13.153597313086552	12.696613214980426	88.81836061821932	0.03424522392347466
 archi-vowels-HDK.wav	á	1	0.468	258.533299592598	962.447	1820.437	3056.972	35.45320393000038	38.47458014327543	36.52142194422419	28.041265512007016	36.434515694240964	40.48780858411418	55.902151208682646	31.814063436267666	36.28027578395258	42.15728684139009	55.52349853789879	55.52349853789879	55.902151208682646	40.95196933472863	56.60345386859279	75.85277888973293	182.66524819814538	-3.0213762132750546	1.953158199051245	7.411938417993362	-0.9813117642405871	-5.034604654113799	24.08808777241498	-5.877011057437507	-13.3662116965087	-19.243222753946206	-19.621875424730064	-4.671693550776048	23.151	20.931934361440252	17.91748872573516	18.61333710078194	18.058146410277995	88.52295140905007	0.031286487567587624
 archi-vowels-HDK.wav	á	1	0.515	261.26538309303896	985.358	1807.501	3102.566	32.4972624446162	37.10944505112883	37.53074989742135	30.438454397988586	34.49070860145323	42.02639312145993	54.663452307782805	26.2334989961768	33.313552188612064	40.730416689858316	58.269506313633684	58.269506313633684	54.663452307782805	41.91375925877361	57.07136464622993	75.6729696832115	189.11053541372087	-4.612182606512633	-0.4213048462925215	2.058808046627611	-1.993446156837031	-9.529130676843735	28.429953311606006	-7.416864501246252	-17.539089623775368	-24.95595412502162	-21.34990011917074	-8.600207070161545	24.275	18.13685817685646	20.47608145990901	19.327765488409312	18.63057666947166	89.50662063491365	0.030246395355425105
 archi-vowels-HDK.wav	á	1	0.563	235.59543602501898	767.486	1920.464	3266.617	39.57843639059041	38.49783366845661	36.96682953990207	28.26029755165603	32.979270105889384	28.437908677141767	46.58903741971986	10.333379159835465	40.567611461035156	43.125190884669244	45.17751505960092	53.06587238806395	46.58903741971986	22.992782988549298	52.653641224484474	77.0781590281929	197.93980724626775	1.0806027221338041	1.5310041285545353	11.31813883893438	6.5991662847010275	11.140527713448645	36.25565825988439	-2.5575794236340883	-2.0523241749316767	-12.498260927028795	-6.021425958684702	17.57482847248586	12.625	21.32651178028796	8.453190402574487	6.431569128539304	6.3446678492072195	83.6637401511461	0.07330410696910783
 archi-vowels-HDK.wav	á	1	0.61	233.48681905053908	964.701	1893.399	3185.697	28.039360005714272	26.783629725177185	14.865928440245789	13.294749313135249	7.587058085250845	14.582467713155257	26.140379116395902	-3.0681573929261945	28.696669104839387	29.645029766571504	38.902496764533	41.0257461538739	26.582137000114056	14.401465564847216	53.65408006123926	75.34679360389973	187.63998638368582	1.2557302805370867	11.917701284931397	14.744610692579023	20.452301920463427	13.456892292559015	29.208536509322098	-0.9483606617321172	-9.257466997961494	-12.32907704903451	2.114532104725331	14.29520353999217	0	13.46333441910243	6.229846431575852	5.721339460168774	5.684806855202601	69.39966108872511	0.01523297374434898
archi-vowels-HDK.wav	á	2	1.347	242.5459822791924	784.224	1545.184	3130.631	36.4790365369624	32.96752477930926	35.88322782739169	29.789826933572183	28.523212499542762	39.805874844679934	36.61673055456006	20.86696545895689	37.56679463229255	38.03577565870548	45.67678575141579	55.70405381568064	47.16704340845281	31.434323995314468	53.58666704400979	63.15316349464839	184.98364332978736	3.511511757653139	-2.9157030480824346	6.689209603390214	7.955824037419635	-3.326838307717537	15.749765095603166	-0.4689810264129335	-7.64101009271031	-18.13725918338809	-9.600248776160264	6.132470636978081	23.632	20.052737612442222	15.35447368294993	13.879976644357816	13.203685431424464	83.89047906539557	0.09697156857839163
 archi-vowels-HDK.wav	á	2	1.39	243.55337408475665	937.21	1748.203	3108.295	36.49532910035859	33.17743271578273	31.090006419565295	26.68744888040624	29.268144153980426	41.83422170625424	42.50237716338036	21.074877916055975	37.27248164113158	36.60924348713276	54.33340124152189	54.33340124152189	49.37167632886984	40.125877183565414	54.68145295438401	70.32559415080382	182.80924260578328	3.3178963845758602	2.0874262962174335	9.807880219952349	7.227184946378163	-5.338892605895651	21.427499247324384	0.6632381539988188	-17.724157754389132	-17.060919600390314	-12.099194687738262	-2.8533955424338373	27.494	29.69122926261597	26.89887181862939	21.731627356743545	20.869540082034057	84.92883398099195	0.07846836377215903
 archi-vowels-HDK.wav	á	2	1.432	237.005567367622	957.727	1822.295	3066.338	34.84118073720114	35.00574514259647	29.117963514839253	28.56805032432373	29.560856613166834	40.76217742300818	49.28403859657698	22.650567413362577	35.53807569980528	38.051497562516246	56.37202802285482	56.37202802285482	49.28403859657698	41.3933809043305	54.02915710026219	72.5248993598008	175.4961124058084	-0.1645644053953248	5.887781627757214	6.273130412877414	5.280324124034308	-5.92099668580704	26.6334711832144	-2.5134218627109632	-18.320530460338574	-20.833952323049537	-13.745962896771694	-5.855305204525216	28.582	31.074038210168023	25.760286350339385	20.891016999726713	20.289990696341057	85.90843651513468	0.07113731324832362
 archi-vowels-HDK.wav	á	2	1.474	225.48617786258936	882.834	1814.266	3195.829	34.30134031827437	39.12092034197316	25.949747355024908	24.11364854377347	34.73720667538699	35.765874788530546	52.889535091761026	23.023513734317383	35.02195408862681	42.29576379832869	51.04053827385936	51.04053827385936	52.889535091761026	32.77254271204031	52.24035014597255	70.34246688282968	185.4739432366271	-4.819580023698791	13.171172986948253	10.187691774500902	-0.4358663571126229	-1.4645344702561758	29.866021357443643	-7.2738097097018795	-8.744774475530669	-16.018584185232548	-17.867581003134212	2.249411376586501	25.906	24.151263534104807	17.104787523705927	14.60120939648425	13.932416221526529	83.33948563198972	0.06932749236224255
 archi-vowels-HDK.wav	á	2	1.516	209.37588246355386	921.488	1941.292	3075.209	31.457127573067936	28.19390957732248	18.402811568960306	14.359423840063425	9.26765196707331	14.960326436551554	27.056518746395195	3.4717903321984127	32.01904463049441	30.614808307932027	35.025798178585504	41.81350889691393	27.056518746395195	16.994147207988018	50.56395251659504	73.67519418089125	165.8213663408505	3.263217995745457	9.791098008362173	17.09770373300451	22.189475605994627	16.496801136516382	23.584728414196782	1.4042363225623866	-4.410989870653477	-9.794464266419517	4.962525884099218	15.024897422506395	13.821	10.372361112469973	0.6485899709302477	0.25655330843408547	0.24885192839032552	70.95710788834359	0.05317530183852487
archi-vowels-HDK.wav	á	3	2.171	273.8682549749697	842.162	1586.267	3164.622	42.25920881060179	36.97220766484264	29.93619655270453	14.30360988836301	11.529748078894059	33.98462361108099	21.949668832706223	7.871584649626286	43.490497982360864	42.8241570996841	38.72751750785351	40.492696801059644	30.741114085896612	26.445848995789554	57.64447752031673	68.72209266621459	201.72003263688873	5.287001145759149	7.036011112138112	27.95559892223878	30.729460731707732	8.2745851995208	14.078084183079937	0.6663408826767636	4.096639591830588	2.99780118130122	12.749383896464252	17.04464898657131	27.871	11.232181574270196	4.54190901276809	4.434211290458227	4.359421430495143	79.65604736019499	0.11937830247544133
 archi-vowels-HDK.wav	á	3	2.214	263.45862539510847	1025.304	1821.906	3153.296	38.093005813878676	38.44468886762073	28.34055789179365	25.481684133424245	31.141535984371174	42.40409182136903	47.33993678929891	22.471399089315852	38.86982774957042	41.86376582781001	53.82352251451411	53.82352251451411	52.06319624499359	42.36824290608005	57.59810157761347	76.70415466044223	196.09101368986583	-0.35168305374205033	10.104130975827076	12.61132168045443	6.951469829507502	-4.311086007490353	24.868537699983058	-2.9939380782395943	-11.959756686704097	-14.953694764943691	-13.193368495423172	-3.4984151565096298	25.334	20.13672029519464	16.864399735590137	14.38432238568735	13.641002408273895	87.31885709463184	0.06138421736081414
 archi-vowels-HDK.wav	á	3	2.256	256.14722655695033	1026.394	1820.523	3160.04	35.76370942426292	36.312387633098574	30.75933942207818	30.735168723351123	32.679157546777056	40.617671622804814	53.78018070188925	30.001454869176744	36.495946622934326	39.51501142675135	59.23219410424208	59.23219410424208	53.78018070188925	40.60152358171131	56.734504858227645	75.47862998213748	193.93268561884366	-0.5486782088356534	5.553048211020393	5.0285407009117975	3.0845518774858647	-4.853962198541893	23.778725832712507	-3.019064803817024	-19.717182677490733	-22.736247481307757	-17.284234078954924	-4.105576958776986	24.761	19.594751689898125	25.17126609637272	23.93154518553194	23.381243537923183	89.20939771086297	0.05778146257679296
 archi-vowels-HDK.wav	á	3	2.298	260.818046180922	990.755	1802.094	3104.366	35.04457463979331	33.10433247991364	34.24543150748677	28.015135056405196	34.33462879666946	39.60241908153614	54.727588397260256	27.93040607873838	35.85202760637492	36.67940195203738	55.95933012292417	55.95933012292417	54.727588397260256	39.49395341646314	57.053045239488945	75.35015987146626	189.14925544053304	1.9402421598796735	-1.1410990275731336	7.029439583388115	0.7099458431238475	-4.55784444174283	26.797182318521877	-0.8273743456624629	-19.27992817088679	-20.107302516549254	-18.875560790885338	-3.6419258100882246	24.791	19.393222770780543	22.579489573637183	21.591301051147667	20.939313691532142	88.09747214920347	0.051612317007375244
 archi-vowels-HDK.wav	á	3	2.341	246.92152458160248	779.116	1988.194	3330.21	35.869893688421385	23.468796047644936	47.62759033028658	25.004166554791283	34.78466318478562	40.99824011841979	47.68124686908908	17.50887209844326	36.921906818408594	28.459481572244748	54.38136568872392	49.64963289344931	47.68124686908908	35.532919549373425	54.05438474704373	82.75502182709789	210.58064532698205	12.401097640776449	-24.158794282641644	10.865727133630102	1.0852305036357635	-5.128346429998402	30.17237477064582	8.462425246163846	-25.92188411647917	-12.727726075040714	-10.759340050680485	1.3889872690351694	0	16.098213774057555	13.528073685801399	11.841949760594552	11.579223299052266	85.2569463382762	0.06891335715210802
archi-vowels-HDK.wav	á	4	3.022	252.1770309578532	799.375	1594.408	3178.86	37.72305864507285	34.018628324134596	37.27029512272007	31.18382923883587	29.96551156467953	46.19758355994761	42.63497611979631	19.74181807627032	38.851286040048315	39.319553584440726	46.20973041789679	56.99545520921718	48.223254719603005	37.974862031199315	54.81628372767382	65.96115776499907	194.5566934653635	3.7044303209382505	-3.2516667985854752	6.539229406236977	7.757547080393316	-8.474524914874763	22.893158043525993	-0.46826754439241114	-6.890176833456067	-18.144169169168862	-9.37196867955469	0.8764240088489998	25.778	25.21167762727437	18.685639015742773	17.582711736690833	16.425396504886585	85.95689906083264	0.058922971765318605
 archi-vowels-HDK.wav	á	4	3.076	250.10914109234488	958.388	1774.607	3186.463	30.854128704397056	30.59437216198869	33.67858120115716	29.15071390115632	32.2800749381819	41.204116473933894	52.43762982094249	27.033725531032736	31.640708500741198	34.07082829778343	56.397892375322925	56.90150782158476	52.43762982094249	38.89061964940531	55.58232709207867	72.44782591097281	194.60902666573728	0.25975654240836477	-3.084209039168467	1.7034148032407366	-1.4259462337848419	-10.349987769536838	25.403904289909754	-2.430119797042231	-22.327064077539497	-25.26079932084356	-20.796921320201292	-7.249911148664111	26.049	20.220341396016156	25.092923535655387	22.416650791566113	21.487954983279003	87.8624496468148	0.025512318887676785
 archi-vowels-HDK.wav	á	4	3.13	248.82695447786918	971.025	1754.973	3246.187	32.043131526682856	21.47395608818235	32.75576894733907	30.376037287103465	33.6299525588178	43.661711581845665	52.207278059766864	22.332399938772266	32.809218466724	24.84451850233615	58.43163571322265	58.43163571322265	54.414112050719865	40.3915185204064	55.507668166192126	71.4095140513565	201.221624226959	10.569175438500505	-11.28181285915672	1.6670942395793915	-1.5868210321349423	-11.61858005516281	29.874878120994598	7.964699964387847	-33.5871172108865	-25.62241724649865	-21.604893583995867	-7.582300053682403	26.792	21.502403263528663	25.35036088914774	22.071868727641757	21.445646164302087	88.86133566035173	0.036435405083631606
 archi-vowels-HDK.wav	á	4	3.185	238.58269670372647	929.176	1869.603	3230.808	38.906624455260086	34.70693515765289	29.972180905173346	27.303865908322063	30.856414939247163	36.78957314035814	49.20017456428219	14.939738697971212	39.64125843428262	37.946262561277834	54.4979975087064	54.4979975087064	49.20017456428219	34.719226974671614	54.04821542356892	75.0118363280032	195.01596995888386	4.199689297607193	4.734754252479547	11.602758546938023	8.050209516012924	2.11705131490195	34.260435866310985	1.6949958730047854	-16.551734947428564	-14.856739074423778	-9.558916129999574	4.922031459611006	16.152	19.67672090724438	16.830125095360412	14.458705688959018	14.067067639544174	84.66603528604335	0.05214689325761452
 archi-vowels-HDK.wav	á	4	3.239	228.082480123569	830.078	1878.635	3305.776	25.42419914362673	27.591716904330994	13.227782552405529	6.283341261501377	4.260894214962512	20.075296930130143	20.17889845030874	-1.2021836495519058	26.233967815065846	31.23263063240751	28.810499176942713	32.216732261092865	20.17889845030874	15.027828629889786	52.22397458605921	73.72815149756553	199.2253840971271	-2.167517760704264	14.363934351925465	19.140857882125353	21.163304928664218	5.3489022134965865	21.381082099860645	-4.998662817341664	2.422131455464797	-5.982764446027019	6.055069364757106	11.20613918517606	0	7.825093659465122	3.997809428144275	2.933384095824029	2.864853030304742	66.98281691361446	0.012903585498073458
archi-vowels-HDK.wav	á	5	4.123	232.65658635746584	765.498	1429.735	3011.3	33.01955863796842	39.85785420412623	22.63817410795504	17.36755006234147	0.14373142402295613	21.739667354204684	12.203721233037728	-15.993728120596195	34.092249220792596	44.81578877580353	33.748017996051836	43.628578533131794	19.970945365585152	13.243579107626097	52.298429090050846	58.99555047722761	167.76483065448912	-6.838295566157804	17.219680096171185	15.652008575626954	32.87582721394547	11.279891283763739	28.19744935363392	-10.723539555010937	11.067770779751697	-9.536329312339198	14.121303855207444	20.8486701131665	25.328	20.581384053239226	6.175196713247507	6.151645634932836	6.13558647745418	76.66945038140072	0.10966577156149222
 archi-vowels-HDK.wav	á	5	4.164	227.26758755087596	893.621	1682.088	3099.24	33.396506144154145	36.89903543783889	21.808648547627953	20.5630409595729	26.430280660161745	38.08308580258989	31.11677787164522	7.126883156700284	34.13679728286836	40.1526285963195	48.08285288476144	48.08285288476144	46.60846966051142	34.96572358930882	52.511695109153514	65.36371347574794	175.38286233250048	-3.502529293684745	15.090386890210937	12.833465184581247	6.9662254839924	-4.686579658435747	23.989894714944935	-6.0158313134511445	-7.930224288441934	-13.946055601893079	-12.47167237764306	-0.828926306440465	29.881	20.006994701993793	16.155500589891474	15.341870256425825	14.715627838801646	79.60150091641003	0.06640125690216962
 archi-vowels-HDK.wav	á	5	4.204	221.10859011232876	942.058	1742.662	3108.022	32.769557626169345	34.97386216321337	29.85686329155689	22.00086161328076	26.524063326750607	42.64889162635944	47.26195699100036	14.261996021370555	33.40255020524769	37.71152790495213	50.17717284460373	50.17717284460373	47.26195699100036	41.39299950831316	52.061103171410046	66.7040587207473	173.92792071074496	-2.204304537044024	5.116998871656477	10.768696012888583	6.245494299418738	-9.879334000190099	32.999960969629804	-4.308977699704435	-12.465644939651604	-16.77462263935604	-13.859406785752668	-7.990449303065468	27.201	24.179882538753294	21.940234717591647	21.305038897342552	20.89656104610105	80.46039954962046	0.0953128855947716
 archi-vowels-HDK.wav	á	5	4.244	219.39960248671397	920.682	1725.796	3148.501	33.03841557731547	34.865746349837444	28.14306302584081	22.269727315428305	26.562009662163426	38.76686590005217	45.88245959173361	14.786900904208213	33.68750386513275	37.681218861913386	50.206780674514036	50.206780674514036	47.00974287716785	36.19488634807765	51.73985781683666	65.80123170199597	177.69183121043318	-1.8273307725219752	6.722683323996634	10.768688261887164	6.476405915152043	-5.728450322736698	31.095558687525394	-3.993714996780639	-12.52556181260065	-16.51927680938129	-13.322239012035105	-2.507382482944905	28.062	28.248121973103796	24.63568796297104	20.417898046823836	19.78425528436801	80.4750954981087	0.09583591881059822
 archi-vowels-HDK.wav	á	5	4.285	214.42084681520015	1001.812	1669.657	3299.608	33.01345247862686	33.15417848745389	26.459252780937607	15.030282814806771	16.976731210058848	27.79158507218868	31.219289322833944	4.807770190687305	33.56532977243808	35.50449889457508	40.47080781736138	44.69023714993628	40.5078288971736	23.763301110774936	51.6127928122704	63.06129371296402	192.45384080306258	-0.14072600882703057	6.694925706516283	17.98316966382009	16.036721268568012	5.221867406438179	26.41151913214664	-1.9391691221369953	-4.966308922786304	-11.124907377498197	-6.9424991247355194	9.802028661663147	19.458	26.568596474238532	12.9408589750086	11.903971448922325	11.746133405854213	76.35065681677231	0.09316777279568719
archi-vowels-HDK.wav	á	6	4.86	233.73542470161257	644.68	1193.412	3093.746	36.934673984712894	37.45508660369898	28.822990309389922	13.366392603627176	2.055444463922001	13.945798246308698	-2.6811221717282274	-14.40349591204116	38.49247386341965	45.30688155054604	36.187267962471935	38.37771175607528	21.054171910267627	-2.846572536739145	51.21269165838116	55.457243310507984	177.30240065834883	-0.5204126189860858	8.632096294309058	23.56828138108572	34.879229520790894	22.988875738404197	11.722373740312932	-6.814407687126391	9.119613588074102	0.11476210734436876	17.43830195315202	41.33904640015879	27.064	17.926082067441126	17.66365042853965	17.653310839110766	17.64693345464838	74.60318944571793	0.09403837208280617
 archi-vowels-HDK.wav	á	6	4.907	222.17017344851155	820.217	1541.688	3059.868	35.56659500995883	34.13858368363	26.955228222311668	22.335009170205062	19.382059031649575	30.246657235040395	25.9810496208164	2.395729489203404	36.409619394592106	37.899707402778986	45.10347931214889	49.2916663896968	39.53091377469185	24.175041702467706	51.47176323713215	60.27723472905826	169.09810697919454	1.4280113263288285	7.183355461318335	13.23158583975377	16.184535978309256	5.3199377749184364	23.585320131612995	-1.4900880081868806	-7.203771909369905	-12.882046995104695	-3.121294380099741	12.2345776921244	29.98	9.85887295742643	12.910179709398799	12.781819698807123	12.610362323944077	79.85945990828495	0.09036354920372225
 archi-vowels-HDK.wav	á	6	4.954	216.15375471151424	879.497	1649.226	3091.103	34.103267447671854	37.51122396877123	25.186995520473452	23.877829483478592	23.834519352406204	33.23322075045351	33.82302965243306	-3.479321361859909	34.794454050050966	40.527126688772405	51.51685444359667	51.51685444359667	44.301233195442755	29.68412104753859	51.126995582330885	62.63196917186267	170.14733028005085	-3.407956521099379	12.32422844829778	10.225437964193262	10.26874809526565	0.870046697218342	37.30235101429297	-5.732672638721439	-10.989727754824266	-16.722400393545705	-9.50677914539179	5.110333002512377	27.578	33.90613815106958	19.881815698539874	18.458146840432953	18.10665341979963	80.90357273550708	0.0897271023339036
 archi-vowels-HDK.wav	á	6	5	205.86131304899084	892.934	1636.094	3062.524	30.516431911378838	30.230576585683856	29.309850008452944	19.709359803646606	23.74846978031612	37.819102977694	34.27047088420731	12.053690910638476	31.12915030661586	32.872038415978295	47.83975915999807	47.83975915999807	44.97785322584578	35.041807566530736	49.99471098456386	60.739659039732224	163.1381565651851	0.28585532569498184	0.9207265772309121	10.807072107732232	6.767962131062717	-7.302671066315163	22.216779973568837	-1.7428881093624362	-14.967720744019772	-16.710608853382208	-13.848702919229918	-3.9126572599148766	22.138	17.024724086865383	13.745319956419877	13.485398104300009	13.405516725005015	78.7796207619233	0.05333004372222237
 archi-vowels-HDK.wav	á	6	5.047	202.39692929089009	976.49	1632.678	3247.897	31.49751467143044	32.76924173109859	31.608353616432268	14.405907391888146	19.68794113496861	30.00760309300209	33.53164691414566	4.9331598067807425	32.01352621194312	34.957463742328166	44.08013611951874	44.08013611951874	43.34656579775411	25.997539501095286	50.04077863721284	60.14028890778747	181.47937084611462	-1.271727059668148	1.1608881146663208	17.091607279542295	11.80957353646183	1.4899115784283516	28.598487107364917	-2.9439375303850426	-9.122672377190575	-12.066609907575618	-11.333039585810987	6.015986710847837	0	28.195343967140232	14.21129647794552	13.11326696813845	12.716635383605164	75.90511589955817	0.05991946938868459
archi-vowels-HDK.wav	áˤ	7	5.518	250.68113015914514	824.187	1478.352	2766.86	34.23969061660038	27.56890749453281	40.2683631761624	25.11659661276906	16.844906688534365	35.81018680759321	41.211357104102206	-0.6809589825864126	35.33434795555613	32.625099512057965	51.91034985157629	51.91034985157629	37.46791690308698	33.35614673662648	54.81789850303981	62.47947761080853	147.82224604888447	6.670783122067569	-12.699455681629594	9.123094003831316	17.394783928066012	-1.5704961909928343	41.892316086688616	2.7092484434981685	-19.285250339518328	-16.57600189602016	-2.133568947530847	1.9782012189296552	25.004	26.091966000596685	25.69681626730491	23.056126686072083	22.510975355133084	83.41545245953489	0.07659234713972986
 archi-vowels-HDK.wav	áˤ	7	5.574	250.32471608971366	910.874	1730.577	2994.301	32.90693505134267	27.87002192199372	32.75674628551342	22.384392795889525	29.6851050821462	25.968358277697643	48.95541359184843	-5.692254410644732	33.77195104781172	31.745147195791887	49.55556909717988	49.55556909717988	49.218184236362646	25.28936676900464	55.32261797136086	70.62593140362729	172.38908767052718	5.0369131293489495	-4.886724363519701	10.522542255453146	3.2218299691964702	6.938576773645028	54.64766800249316	2.0268038520198317	-17.81042190138799	-15.783618049368158	-15.446233188550927	8.482584278807078	27.796	37.36228130557685	30.349460780686627	28.112780357780785	27.529780585358527	82.86415458155605	0.05970705926624185
 archi-vowels-HDK.wav	áˤ	7	5.63	238.10283122385005	936.447	1722.211	2948.507	34.72653779814559	33.85299011198049	18.96644278145348	17.718796959873558	27.437569969716563	34.95624216865987	47.9889556297949	-0.0195999358257313	35.47431771590281	37.138188887574344	45.56206427970878	45.56206427970878	47.9889556297949	35.72881037903122	54.03404605712628	68.46168195630389	162.91145156326226	0.8735476861651037	14.886547330527009	17.007740838272035	7.28896782842903	-0.22970437051427695	48.00855556562063	-1.6638711716715378	-8.423875392134434	-10.087746563805972	-12.514637913892095	-0.254492663128417	25.729	27.276407717740916	10.692128167927251	11.09667522600449	10.699104683405665	82.32650481016849	0.05619560216069086
 archi-vowels-HDK.wav	áˤ	7	5.686	196.315364461008	989.681	1759.212	2781.351	30.060408353326768	32.63894462967521	33.28214519441727	20.384929272697633	27.392093464513948	23.86944706163794	46.9821801753885	-2.5231890633510994	30.518094422061974	34.570189403927564	43.79234477151239	49.75045158892353	49.62548735157334	30.339596551447187	49.393263533317196	63.57042319592137	132.08365507326732	-2.5785362763484407	-0.6432005647420596	9.675479080629135	2.6683148888128194	6.190961291688829	49.5053692387396	-4.05209498186559	-9.222155367584826	-19.232357166861558	-19.107392929511366	0.1784978706147875	21.985	5.912953650653434	10.401456823360073	8.171468913009258	8.042035742758046	80.16927183171298	0.05381736515534102
 archi-vowels-HDK.wav	áˤ	7	5.742	--undefined--	839.645	1838.758	3123.138	--undefined--	--undefined--	--undefined--	--undefined--	--undefined--	--undefined--	0	0	0	0	0	0	0	0	--undefined--	--undefined--	--undefined--	--undefined--	--undefined--	--undefined--	--undefined--	--undefined--	0	0	0	0	0	0	0	0.02250469621226226	-0.8456983924554409	-0.6397313807281031	-1.232494627294494	64.09971113483147	0.012005056671680355
archi-vowels-HDK.wav	áˤ	8	6.443	239.3261910527531	887.977	1639.424	2830.164	32.03886112981859	33.267713820588845	29.957257782154365	21.412883044015253	25.746551362180895	33.76346461955221	35.505774460730365	8.367723833250242	32.88021719157526	37.015478667312294	48.78737455000446	48.78737455000446	46.135372393255444	34.375371722762	53.89397270428394	65.62496322283494	150.75859519374967	-1.2288526907702533	3.3104560384344808	10.62597808580334	6.292309767637697	-1.7246034897336173	27.138050627480123	-4.135261475737032	-11.771895882692164	-15.907157358429195	-13.255155201680182	-1.495154531186735	26.03	26.94603303233012	24.84996715401099	23.381065319290467	22.030909129883792	80.60052795603488	0.06148217228640333
 archi-vowels-HDK.wav	áˤ	8	6.49	235.18775166700584	928.566	1744.3	2918.311	32.09835617025276	32.03274949567981	24.809606846132763	24.029539711900874	26.147130043482345	32.78639191754269	45.36897466378713	8.272813246253214	32.83322901851194	35.25956962010123	51.71230596731214	51.71230596731214	46.23801099866328	34.343580615955666	53.64455885143468	68.89891443661375	158.64138357227216	0.06560667457294755	7.2231426495470465	8.068816458351883	5.951226126770411	-0.6880357472899306	37.096161417533914	-2.4263406015892883	-16.45273634721091	-18.879076948800197	-13.404781980151334	-1.510351597443723	27.193	27.777351526990692	26.88140704770315	23.451068040334754	22.772692970051175	81.87485058430327	0.06090231025878999
 archi-vowels-HDK.wav	áˤ	8	6.537	225.4234322413038	890.145	1797.268	2823.754	32.854154510199635	35.928343809054994	21.532547610769726	20.776297471175425	32.702343483465015	27.643832608073346	51.26792474231819	9.391252718380454	33.56709171278753	39.062444245327505	47.86647998605002	47.86647998605002	51.26792474231819	31.224884415517288	52.27521192353692	69.59622380980323	145.54958980568895	-3.0741892988553587	14.395796198285268	12.07785703902421	0.1518110267346202	5.210321902126289	41.87667202393774	-5.495352532539975	-8.804035740722512	-14.299388273262487	-17.700833029530664	2.3422072972702423	28.175	23.51076908315725	18.448774382731678	17.729266459694987	17.54882702643649	81.77510905686965	0.05180663118068837
 archi-vowels-HDK.wav	áˤ	8	6.583	213.13609627970226	914.484	1772.338	2626.836	32.67612345653744	37.17976920536428	29.505601573619987	21.00676595959404	24.244768839076702	15.220462775766265	44.01581976625838	3.128960331265971	33.28755918348432	39.822506492435316	48.79565760714741	48.79565760714741	44.01581976625838	23.302358347398386	50.968169465022335	66.65897526358721	123.06379484903695	-4.503645748826841	7.674167631744293	11.669357496943398	8.431354617460737	17.455660680771174	40.88685943499241	-6.534947308950997	-8.973151114712095	-15.508098423663093	-10.728260582774062	9.985200836085934	24.053	24.649361838971352	14.15219392060169	11.288727898117106	11.137933990997343	78.20201316975431	0.08409025533092201
 archi-vowels-HDK.wav	áˤ	8	6.63	191.00957688758314	804.834	1877.064	3010.848	34.61453955821578	15.26868821520819	-6.838147313313129	-0.22340321571394384	12.37676613375541	18.790257239375368	28.401592246698417	5.981998702440699	35.20789507014525	17.848740226652748	13.579540477481508	26.096450775383296	28.401592246698417	18.851235227768097	47.74978987470416	67.55854752869068	152.2846803761026	19.345851343007592	22.10683552852132	34.837942773929726	22.23777342446037	15.824282318840414	22.41959354425772	17.3591548434925	4.269199749171239	9.111444294761952	6.806302823446831	16.35665984237715	0	9.056927953771462	2.2263019417981624	0.9874531284250527	0.7311911946342429	65.38056806182223	0.0712782711252976
archi-vowels-HDK.wav	áˤ	9	7.391	246.8618921448756	810.38	1714.051	2883.336	33.95494577050786	25.78541059266753	35.413251882993855	26.804416714551675	30.07917216894056	35.0220627321127	44.58839652380826	17.015326676180727	34.981009652342514	30.54838691347154	45.131036207207025	52.50438387888533	47.19195907949951	33.9403845592437	54.27782872045609	69.44817281840277	158.91238797299374	8.16953517784033	-9.627841290326323	7.150529055956188	3.875773601567303	-1.0671169616048388	27.57306984762753	4.432622738870975	-14.582649293735486	-17.523374226542813	-12.210949427156997	1.040625093098818	24.764	22.315307666851982	18.251804214775476	15.923290412689878	15.413104012431758	82.47232083536011	0.12215875330526671
 archi-vowels-HDK.wav	áˤ	9	7.441	248.23000200330307	904.046	1749.649	2994.723	33.44678602093704	26.298352262357515	33.9288107946758	23.612015321142504	28.52573446572374	35.2202192143173	46.108988348098414	5.187797635396523	34.30348754729765	30.136722965019274	50.643151841166514	50.643151841166514	47.65740769228246	34.71589430416144	55.035417945169414	71.09537957675943	171.66873387392874	7.148433758579525	-7.630458532318283	9.834770699794536	4.9210515552133	-1.7734331933802565	40.92119071270189	4.166764582278375	-20.50642887614724	-16.339664293868864	-13.353920144984812	-0.41240675686378836	25.68	26.66896530851526	28.215469961927894	22.868853460390177	21.942696072969422	82.70960908540665	0.07373462147084839
 archi-vowels-HDK.wav	áˤ	9	7.49	249.04373512786262	913.959	1742.581	3011.427	31.30883621040234	25.869629834304313	33.50031201042364	23.817180012868945	30.450540738624824	33.343740850812594	48.40547436487413	-2.7263937114288934	32.15752091384134	29.663173247717104	51.01526780217577	51.01526780217577	49.92328061012397	32.63178185136377	55.190372944206	70.92503804873512	173.85265382763737	5.439206376098028	-7.630682176119329	7.491656197533395	0.8582954717775166	-2.0349046404102538	51.13186807630302	2.4943476661242343	-21.352094554458667	-18.857746888334432	-17.76575969628263	-0.4742609375224305	27.814	29.217216387972318	26.892399253009774	24.245147943856832	23.52423895349345	83.3603766591157	0.0691056149943599
 archi-vowels-HDK.wav	áˤ	9	7.54	251.30472692872723	863.273	1725.16	3157.599	28.47370863303222	27.344468705086335	35.16440720531507	22.983185930874424	27.269621452856814	34.4093396520652	45.21095066227991	-7.118668328659613	29.4278681829907	31.697498946226013	47.60548073028629	49.401047438731325	45.59310133313858	29.858882653708253	55.14646311522242	70.55341719922703	191.67100864029598	1.1292399279458856	-7.819938500228737	5.490522702157797	1.2040871801754065	-5.935631019032979	52.32961899093952	-2.2696307632353125	-15.907981784060276	-19.973179255740625	-16.165233150147877	-0.43101447071755317	26.985	31.58125845337894	28.474623344700476	24.08090134877762	23.448473050121382	81.23538394700596	0.06457241377580424
 archi-vowels-HDK.wav	áˤ	9	7.589	247.93428761650705	768.031	1721.141	3384.732	28.53933862245583	27.14143934284638	33.06398205262386	23.68499826135294	28.203785337033207	28.801065998929673	43.04473617794058	5.601459695510076	29.674624030711296	32.54961544785745	40.0452301115233	48.68084978344308	44.02672457709143	18.62405520400201	54.08404728646242	69.88831459548597	217.7558890289116	1.397899279609451	-5.922542709777478	4.854340361102889	0.3355532854226233	-0.2617273764738428	37.443276482430505	-2.874991417146152	-7.4956146636658545	-19.006225752731783	-14.352100546380132	11.050568826709288	0	24.67276540836883	20.71873933851043	14.883894549373352	14.85066096098029	78.38401440605269	0.07372136700854348
archi-vowels-HDK.wav	áˤ	10	8.462	235.88695982567708	837.396	1694.961	2564.144	31.06051932988758	31.76717551507397	27.05627151450228	21.103603608253948	23.951328699589492	26.05027669129333	36.01288096518236	-3.8054798071290468	31.947295239859045	35.77293445029698	41.423249982803725	47.49873738566711	42.260514225245586	31.971435208724223	53.180895239344274	67.09562007736935	123.71941630953934	-0.7066561851863895	4.710904000571688	9.956915721633631	7.109190630298087	5.010242638594249	39.81836077231141	-3.8256392104379344	-5.650315532506745	-15.551442145808068	-10.313218985386541	-0.02413996886517822	29.104	19.248537269525304	18.093877254238926	13.573751470819877	13.36520303303055	78.60380513372364	0.09208681234930569
 archi-vowels-HDK.wav	áˤ	10	8.508	234.88468683153926	855.419	1839.765	2749.916	29.202591198071346	31.760291016422574	29.49337266546167	19.725123746346615	28.412856173998854	28.884304595097596	45.347161585708875	-0.9076930606904228	30.025265687567313	35.45443879784611	45.43757682159611	45.992158488470366	45.347161585708875	33.73809092953218	53.177094589929325	72.99034672320326	141.16637069591437	-2.557699818351228	2.2669183509609034	9.477467451724731	0.7897350240724919	0.31828660297374967	46.254854646399295	-5.429173110278796	-9.983138023750001	-15.966892800903054	-15.321895898141562	-3.7128252419648646	27.242	25.667626174300114	26.182380634850006	23.41729322038329	22.642152324929455	79.11627807257756	0.07342594292731319
 archi-vowels-HDK.wav	áˤ	10	8.554	237.77868850583948	899.009	1837.592	2826.994	27.358567948991983	28.878886358603115	25.497827267975115	18.811973900226135	26.724806331197886	30.836200775483896	44.749046434285866	-0.7334186960013513	28.13453940671228	32.32565358910604	45.674465012906765	45.674465012906765	44.749046434285866	34.96325788320976	53.77745327371395	73.35321405731379	149.92219269842312	-1.5203184096111322	3.381059090628	8.546594048765847	0.6337616177940966	-3.477632826491913	45.48246513028722	-4.191114182393761	-13.348811423800726	-17.539925606194487	-16.614507027573588	-6.828718476497478	29.256	28.789949055497914	29.42491359911928	24.264412009934922	22.953939667314454	78.9211609695405	0.043823462347681585
 archi-vowels-HDK.wav	áˤ	10	8.6	235.328245417663	856.883	1834.407	2744.092	27.77149319807506	29.282371906962446	26.282776023538	17.695974919054606	25.27676824554399	25.282834819048993	42.30897263198547	-0.964036986134818	28.595812223237292	32.98371387030889	42.24068340224698	43.990228487416594	42.30897263198547	30.192944070121833	53.237970873077494	72.81315172944909	140.7237879718282	-1.510878708887386	2.9995958834244476	10.075518279020454	2.494724952531069	2.4886583790260666	43.273009618120284	-4.3879016470715975	-9.25696953193809	-15.394416264179302	-13.713160408748177	-1.5971318468845404	26.698	31.281091468484206	25.646822240740935	21.10977846125868	20.67101533986137	76.59359834661966	0.05920049602626475
 archi-vowels-HDK.wav	áˤ	10	8.646	226.82613865385704	680.784	1841.569	2777.008	25.422066991065513	31.129179120618858	23.32838028516232	20.544131030261696	24.2408403205916	30.70449900347614	36.51055250242722	2.557651840926218	26.573147320314355	36.73244488730794	27.91736523860465	44.37505572912947	36.51055250242722	30.88485513869665	50.851101199022615	71.77976266476728	141.33323373143702	-5.7071121295533445	7.800798835456536	4.877935960803818	1.1812266704739116	-5.282432012410627	33.952900661501	-10.159297566993587	8.815079648703293	-17.801908408815116	-9.937405182112862	-4.311707818382295	25.529	26.964193712251348	15.340300828424969	10.685695824489658	10.563725552963207	72.88383139932589	0.06243121014202256
archi-vowels-HDK.wav	é	11	9.432	270.2877299554364	542.127	2689.817	2747.162	28.086325747324775	24.024999960149994	17.853868830236078	24.020756981798684	32.007747891124986	9.316815166806517	16.51713139853253	22.128178428551056	30.632815196484646	44.50572564742777	9.942658104857733	44.50572564742777	30.069370846661407	30.069370846661407	53.593726188240495	145.78408491349688	151.85751185328488	4.0613257871747805	6.171131129913917	4.065568765526091	-3.9214221438002106	18.769510580518258	-5.611047030018526	-13.87291045094312	34.56306754257003	-13.87291045094312	0.5634443498232393	0.5634443498232393	19.152	9.628728387178855	14.396560423853915	14.232049575876731	11.630074370945245	74.45642277611447	0.0234059371099572
 archi-vowels-HDK.wav	é	11	9.47	270.3944904013386	545.488	2466.547	2687.753	36.46991453854041	35.30978606350668	25.286759450486766	35.20834327315186	40.92847178446593	28.8128165587279	26.776052303509836	16.921002019364153	39.00096092790447	55.80910068549223	17.83363724449645	55.80910068549223	41.31598075821959	41.31598075821959	53.67480578871257	123.79013664043411	145.60017466098373	1.16012847503373	10.023026613019912	1.2615712653885467	-4.458557245925519	7.657097979812509	9.855050284145683	-16.80813975758776	37.97546344099578	-16.80813975758776	-2.3150198303151157	-2.3150198303151157	22.827	21.09000282178329	23.385878958299678	22.564768856914853	15.22976341508781	84.94483237444734	0.06977653364400774
 archi-vowels-HDK.wav	é	11	9.509	266.6341698614487	539.198	2085.367	2734.498	36.96466121392052	36.90469975040547	36.10930310212281	36.72768891425595	21.479456705862678	43.215212212603	27.098189744405502	15.893514074524514	39.52033663428059	57.48097960289793	29.489312957755125	57.48097960289793	25.780982965881613	43.753290846628374	53.13357471904489	92.43776020412184	149.38112287241688	0.059961463515051605	0.7953966482826615	0.236972299664572	15.485204508057844	-6.250550998682478	11.204675669880988	-17.960642968617343	27.991666645142807	-17.960642968617343	13.739353668398977	-4.232954212347785	24.878	32.43489857786641	36.79629163461716	33.69495261584435	22.118148296570737	86.87623462921253	0.08488112850298267
 archi-vowels-HDK.wav	é	11	9.548	258.772708772995	522.174	2173.64	2831.171	37.63892604884265	37.46353625465154	38.84593400130244	37.35666183031961	25.880088673732008	40.83183273725255	28.175866578184497	17.033276686585324	40.18688194464608	57.94835517949714	31.775372123442178	57.94835517949714	28.767937305593904	40.321840971187996	51.913646919620184	97.03532166102563	157.25049388364005	0.175389794191112	-1.382397746650902	0.2822642185230393	11.758837375110641	-3.1929066884098987	11.142589891599172	-17.76147323485106	26.172983056054964	-17.76147323485106	11.418944639052178	-0.13495902654191383	23.537	30.581200245207295	30.921834187300515	29.12057018711023	18.83626615536616	86.65762387980936	0.09013411619831324
 archi-vowels-HDK.wav	é	11	9.587	252.2381671674708	498.834	2643.311	3416.156	42.596016001857706	16.699735157023937	34.139251421218205	16.714477982124446	33.54851001989849	40.4835151568068	15.303462855871157	14.558197780324349	45.21486724478133	36.838939432321474	25.737074404654436	37.114968156989285	30.881117687145924	34.83837465459046	49.5328127896852	135.7879556420892	223.7016803084953	25.89628084483377	-17.439516264194268	25.88153801973326	9.047505981959219	2.112500845050903	0.7452650755468078	8.375927812459857	11.101865027667039	8.099899087792046	14.333749557635407	10.376492590190871	19.654	13.877260286949099	11.91812433133406	11.56982596740982	6.309601774263368	77.5755701492439	0.082519414158788
archi-vowels-HDK.wav	é	12	10.379	204.2277562043144	460.818	2674.028	3273.683	28.66689978348339	31.18728548994242	27.50386262384319	23.450253033035967	38.52672379185711	38.76731198348494	17.04261776506523	11.928080620663899	30.600994685462126	44.0759531732451	21.75302248327833	44.0759531732451	35.06942572236316	36.26040691916737	44.30540027924661	124.71911256416996	185.0861332172564	-2.5203857064590274	3.683422866099228	5.216646750447424	-9.859824008373717	-10.100412200001546	5.114537144401332	-13.47495848778297	22.322930689966768	-13.47495848778297	-4.4684310369010305	-5.659412233705247	17.621	8.948600368769005	5.49356431639911	5.30293910978766	4.175199261970505	74.29382383713867	0.03193118934779087
 archi-vowels-HDK.wav	é	12	10.421	218.88405380866226	445.056	2513.045	3229.174	33.89678000273918	35.58351108209973	31.975688375966985	35.23465534937904	34.9430686075556	45.80439116427206	22.664648732591502	9.877954482114097	36.34221333015251	55.199123316984696	23.96842131756841	55.199123316984696	32.14576603182401	40.43690834085293	46.26789270402843	114.6897178948174	186.4554056247883	-1.6867310793605554	3.6078227061327475	-1.337875346639862	-1.046288604816425	-11.907611161532884	12.786694250477405	-18.856909986832186	31.230701999416286	-18.856909986832186	4.196447298328501	-4.09469501070042	23.509	30.806947760839705	30.501604328198795	28.972723997130593	18.763011487942073	82.72498398517571	0.0035233263150071794
 archi-vowels-HDK.wav	é	12	10.463	224.06877645979776	455.201	2686.118	3400.654	36.41408086925935	35.94994073083868	33.662116877012906	35.62602960491195	39.82984189676027	43.19203140603929	20.096033020972772	14.473705919493922	38.85976982011004	55.719368788872636	25.536249033606225	55.719368788872636	35.643635322660344	37.4902325751868	46.49593294304715	131.69131903955417	208.52560829692715	0.4641401384206745	2.2878238538257705	0.788051264347402	-3.4157610275009205	-6.77795053677994	5.6223271014788505	-16.859598968762597	30.18311975526641	-16.859598968762597	3.216134497449694	1.3695372449232366	30.436	32.0789010029244	30.42785847486401	29.954180091859534	24.6836568683341	83.56294616487021	0.09893274458610939
 archi-vowels-HDK.wav	é	12	10.505	222.90351002750032	453.535	2649.284	3423.493	37.17748376989738	34.42687232912252	35.46141414494355	34.0354691265364	39.62407850474011	42.757314102472705	23.800673667279895	14.246725766973569	39.615660706005286	54.1170646993892	27.390445827039414	54.1170646993892	35.74777363056946	35.93796094704073	46.41679260989998	127.90509526623667	210.6725507365154	2.750611440774861	-1.0345418158210293	3.14201464336098	-2.4465947348427335	-5.579830332575327	9.553947900306326	-14.501403993383917	26.72661887234979	-14.501403993383917	3.8678870754358243	3.6776997589645575	29.395	29.7307160972191	29.195069322195195	28.473822908102445	23.51446164484605	82.26714919667089	0.09478091444647353
 archi-vowels-HDK.wav	é	12	10.547	224.95647435263365	441.157	2686.41	3264.848	38.640719032182986	33.37797449090422	22.86692418307676	33.19615268965796	35.146385452964836	29.750817259221044	11.6967483101568	8.03451294100072	41.286725810134996	52.4399384601871	13.935772057661884	52.89705488212482	30.38212733424593	26.509305068389644	47.06742451110947	131.98222054959865	193.11440526752824	5.262744541278764	10.511050307827464	5.444566342525029	3.49433357921815	8.889901772961942	3.662235369156079	-11.153212650052104	38.504166402525215	-11.610329071989824	10.904598475889067	14.777420741745352	20.473	25.444252122152196	25.06294562835429	24.765146953911618	18.4954416492782	80.89573961899933	0.08305676466399907
archi-vowels-HDK.wav	é	13	11.392	238.18044491983508	476.223	2706.87	3203.475	37.264268297567796	30.69247169174164	27.89688568648434	30.691233688212563	39.65244970327777	36.684726916820125	17.867603770536032	29.75590965894858	39.80702353051571	50.96951702220515	19.52614418042416	50.96951702220515	35.80523618877207	36.509429544218094	47.72636112087742	137.9094168004141	191.64924103123795	6.5717966058261545	2.7955860052573023	6.573034609355233	-2.3881814057099717	0.5795413807476706	-11.888305888412546	-11.162493491689446	31.44337284178099	-11.162493491689446	4.001787341743636	3.2975939862976134	24.234	21.780614288073586	24.27813790049944	23.257516941357338	13.401622474803876	79.6445133659581	0.048201799273467474
 archi-vowels-HDK.wav	é	13	11.431	235.22236838566783	482.702	2625.826	3088.977	37.16693854076772	31.526038823018993	25.100102937216494	30.594127445028693	39.9460349057164	37.47375898718981	20.88842415217847	24.141873447639135	39.56945326555641	51.064545683465205	17.379896389797697	51.064545683465205	37.17476861718713	38.88389667701681	47.45331601003636	129.24402929734757	177.3471899055568	5.640899717748724	6.425935885802499	6.572811095739024	-2.7790963649486855	-0.30682044642209405	-3.2534492954606655	-11.495092417908793	33.684649293667505	-11.495092417908793	2.394684648369285	0.6855565885396047	29.267	32.429795870296935	30.48635689534677	30.027504772670305	22.941641300267563	79.97018819844848	0.053506328566024906
 archi-vowels-HDK.wav	é	13	11.471	234.88999776545364	491.34	2630.128	3199.952	37.28880391876605	30.81054061959603	24.74393463910811	28.36867139434454	35.963816944886915	40.024177323731486	21.75594625269804	23.89753495646261	39.5918532276603	48.986686495117986	17.469369839013705	48.986686495117986	33.475490690622664	38.9445902993911	47.54095329372618	129.55425654042094	189.86548817284472	6.47826329917002	6.0666059804879175	8.920132524421511	1.3249869738791347	-2.7353734049654364	-2.1415887037645724	-9.394833267457685	31.51731665610428	-9.394833267457685	6.116362537037638	0.6472629282691997	26.004	31.779320551696564	31.110956964451436	30.544468181263206	22.504542368593945	78.24985358049183	0.05083638328192422
 archi-vowels-HDK.wav	é	13	11.511	233.7357099266934	498.393	2570.907	3168.511	37.47165573360161	30.848142355562185	30.685330506174363	26.783820788608146	40.87079094248146	41.699865620695135	25.88470398548361	21.820001113567614	39.68266667972623	47.54229309399574	23.917596662060596	47.54229309399574	39.24169606891851	40.48133148269277	47.580367277399716	123.74980883563825	185.77261575016922	6.623513378039423	0.1628118493878219	10.687834944993462	-3.399135208879855	-4.228209887093527	4.064702871915998	-7.859626414269506	23.624696431935142	-7.859626414269506	0.4409706108077245	-0.7986648029665346	26.677	27.604515813305962	23.349845132469706	22.21424810104487	17.74504285265349	77.48618670508235	0.049598319608422
 archi-vowels-HDK.wav	é	13	11.55	229.43268653373192	537.072	2221.45	3155.402	41.54628125754694	30.074392512947888	25.77020782962497	20.10132292625342	17.474377449695847	22.427404544955813	20.910601369964184	12.646471808664382	43.37692592485554	41.438008863517894	21.74722496250597	41.438008863517894	20.910601369964184	16.91377153381749	49.03054571538916	94.38982406118295	182.52785858302246	11.471888744599049	4.304184683322919	21.444958331293517	24.07190380785109	19.118876712591124	8.264129561299802	1.9389170613376479	19.690783901011923	1.9389170613376479	22.466324554891358	26.463154391038053	0	15.257546654755622	14.70456925155895	13.89968860377197	12.869051637528097	74.4344103938424	0.06237395539123629
archi-vowels-HDK.wav	é	14	12.439	216.67005151558212	439.78	2637.149	3188.962	36.23017953874255	32.43572768411735	27.999487435072535	32.16779526546428	38.55890833563273	37.06759371849274	16.67230130864468	18.764389331707555	38.67727472324884	52.00043432245863	19.819894369609347	52.00043432245863	34.37308983683333	34.796619611070085	46.25097036855006	125.0008546776399	181.0428567203024	3.794451854625194	4.436240249044818	4.062384273278269	-2.328728796890182	-0.8374141797501906	-2.0920880230628747	-13.323159599209788	32.18053995284929	-13.323159599209788	4.304184886415513	3.880655112178758	30.642	17.29331805156217	17.014089308487485	16.72191435518118	13.842366181634443	79.84852384850655	0.07610064970202284
 archi-vowels-HDK.wav	é	14	12.472	215.75589143484657	439.364	2671.822	3200.741	35.816531062024886	37.41701861652676	34.524025481197874	37.0108156018119	44.565965438595526	42.14244518605402	21.480652396111225	24.456481606681027	38.24373877076702	56.84303748885825	26.385317944770478	56.84303748885825	40.0485713661852	40.29849049868703	46.1727570936388	127.9050222859813	181.96652351374044	-1.6004875545018749	2.8929931353288865	-1.194284539787013	-8.74943437657064	-6.325914124029133	-2.9758292105698025	-18.599298718091234	30.457719544087773	-18.599298718091234	-1.8048325954181834	-2.0547517279200136	27.437	34.09087218136664	32.605241945677164	30.927166160096622	21.212093405680314	84.02439507566568	0.10945325995358973
 archi-vowels-HDK.wav	é	14	12.505	216.96670726595192	441.145	2744.792	3279.73	35.57726905474668	37.339549324075264	33.51616112128718	36.99966288907725	44.94773971268448	44.19823439874239	23.968824983159173	18.95347983976872	38.01071488661652	56.846730123032444	25.29914543981585	56.846730123032444	39.78944527371144	41.93240440317368	46.222781206542166	135.1158213392669	191.32769031851277	-1.7622802693285848	3.823388202788081	-1.4223938343305704	-9.370470657937801	-8.620965343995714	5.015345143390455	-18.836015236415925	31.547584683216595	-18.836015236415925	-1.7787303870949245	-3.9216895165571586	26.885	46.99353517215986	42.21308683002131	37.87367414432976	23.088470709473242	84.19478744943795	0.006327373542404004
 archi-vowels-HDK.wav	é	14	12.538	216.56558251885136	444.513	2361.032	3196.252	35.59101595928742	36.46479092177613	34.32132121525021	35.61061733504522	31.840669977812027	46.87221009867605	26.243130098444396	20.81358137471389	37.99301826883791	55.643119616303984	26.666455267656485	55.643119616303984	30.615555886961616	39.661941985924145	46.044040938302	101.81849669332546	181.80681960017571	-0.8737749624887101	2.14346970652592	-0.01960137575780152	3.750345981475391	-11.281194139388631	5.429548723730505	-17.650101347466077	28.9766643486475	-17.650101347466077	7.377462381876292	-1.668923717086237	25.473	36.40950191907961	30.191555790634762	29.595465071063774	23.072174901595425	83.12230832328154	0.09942906674432787
 archi-vowels-HDK.wav	é	14	12.571	214.72900210721346	448.337	2269.276	3276.793	35.89912501987372	35.33706501782541	34.02145926349951	33.23358345926793	36.20057768807716	43.1192976641148	28.497400364916384	23.92163244678845	38.217594084123306	53.43470500085856	26.857560484332303	53.43470500085856	36.125103218862776	33.17787760409764	45.71436499808911	94.6316467362768	190.01742300900057	0.5620600020483124	1.315605754325901	2.6655415606057886	-0.30145266820343863	-7.2201726442410745	4.575767918127934	-15.217110916735251	26.577144516526253	-15.217110916735251	2.0924908652605296	5.0397164800256675	0	28.303803788275825	23.6592236706143	22.297671178346256	18.63353372560989	80.45582859828997	0.08784632871373202
archi-vowels-HDK.wav	éˤ	15	13.384	267.4961672988865	535.092	2463.487	3149.385	25.39484911650939	25.059387924464858	3.0926995715393772	25.059972751080128	23.713376371610348	29.3443631663961	12.836634101727945	17.87262521021084	27.971175858231703	45.5647147744994	-4.595946619218967	45.5647147744994	23.832927155698872	27.193884626851542	53.14114326364309	122.77764608956319	197.25004254955005	0.3354611920445336	21.96668835292548	0.33487636542926325	1.6814727448990432	-3.9495140498867087	-5.035991108482893	-17.593538916267697	50.16066139371837	-17.593538916267697	4.138248702532831	0.7772912313801612	18.179	12.391413375190874	16.149821663359013	15.420756184802311	11.034901044349024	74.98503769203364	0.03307471578682011
 archi-vowels-HDK.wav	éˤ	15	13.432	253.1019272007549	521.047	2456.361	3042.459	36.87201745074009	33.4835316269162	35.980271112352774	32.329288038898625	38.81128522692889	37.75578154683002	30.94476410746426	32.496323487691875	39.280493918586934	52.893122394458054	28.76099468247005	52.893122394458054	38.77914130714818	37.75252336692664	51.27425478758892	118.51970930551256	178.91606412850413	3.388485823823885	-2.4967394854365708	4.542729411841464	-1.9392677761887995	-0.8837640960899336	-1.5515593802276157	-13.61262847587112	24.132127711988005	-13.61262847587112	0.5013526114387545	1.527970551660296	25.391	30.560442173728216	29.077197363033896	25.295542520560517	20.063228734810295	81.5800285997854	0.09087059020564194
 archi-vowels-HDK.wav	éˤ	15	13.48	243.8316847450796	550.449	2383.427	2980.965	36.88120130293143	37.833302092973895	37.18343894563132	29.72740886693974	37.208736078558815	43.81406295228085	31.462203679277877	27.14045031603236	38.8554832527027	50.91277522106331	32.191148765930095	50.91277522106331	39.10328383792181	45.01774864150715	50.862757599441245	110.0143531224357	168.52774517882568	-0.952100790042465	0.6498631473425718	7.15379243599169	-0.32753477562738453	-6.9328616493494195	4.3217533632455165	-12.057291968360616	18.72162645513322	-12.057291968360616	-0.2478005852191103	-6.16226538880445	27.691	27.66581785993965	26.122478750721605	23.68582419044357	17.290830234278634	81.43746843645411	0.083586119822918
 archi-vowels-HDK.wav	éˤ	15	13.528	228.25500274697552	556.109	2298.601	3036.427	36.56234992608204	40.85288679564579	29.279072377834694	29.096744589294282	36.93341179457313	39.01043119252178	34.70247568790593	29.535704366655416	38.24033273559642	50.69616384845105	26.197807260064245	50.69616384845105	40.20710614214494	37.82317008741383	49.257538668052185	99.74932249773785	168.86156135861978	-4.290536869563745	11.573814417811093	7.46560533678776	-0.3710618684910898	-2.4480812664397362	5.166771321250515	-12.455831112854632	24.498356588386805	-12.455831112854632	-1.9667734065485192	0.41716264818258963	25.25	19.874469364292597	16.341765926972965	15.23385889583134	12.899395998511112	81.59365355376835	0.08637485667442654
 archi-vowels-HDK.wav	éˤ	15	13.576	203.3782281719867	571.191	2082.741	3107.001	38.0464505026316	17.11113346145472	26.34730638906805	21.55621304321906	20.441405026210447	28.345752376501956	27.052035079042174	17.58102314954061	39.301188330746555	23.52280871967546	27.52900091302875	43.99123722007599	27.052035079042174	23.234584082594132	46.772309411807605	80.2690166026501	166.82963485137637	20.93531704117688	-9.236172927613328	16.49023745941254	17.605045476421154	9.700698126129645	9.471011929501564	15.778379611071095	-4.006192193353289	-4.690048889329432	12.249153251704382	16.066604248152423	15.143	5.247041560862714	5.002061222729584	4.938820260391057	4.840777687494509	75.75894742272177	0.05681256297924016
archi-vowels-HDK.wav	éˤ	16	14.1	225.35122226718997	568.907	2218.388	2976.495	30.769003764852574	25.827786669104142	21.16485615108035	25.834130065652932	22.93898949440132	30.752677298857357	27.13762010732698	30.019496514448214	32.33258100255347	34.60857225356718	19.158861752237105	47.71477323639024	27.55208201399434	29.92372802827802	49.161196838763274	93.3189456569382	161.33767594475015	4.941217095748431	4.662930518023792	4.934873699199642	7.8300142704512545	0.01632646599521692	-2.881876407121233	-2.275991251013714	15.449710501330078	-15.382192233836776	4.780498988559128	2.4088529742754474	13.59	1.4752715529888574	5.378363809687912	4.7243693382685	3.6735188164658976	76.63803061670244	0.034969417459391326
 archi-vowels-HDK.wav	éˤ	16	14.154	246.4156429504784	576.985	2219.999	2996.45	39.62424690511772	38.47380743389823	38.31848401428425	28.30571639726348	35.99177240961399	42.7416016947961	40.449755962858205	34.11543198294937	41.46908189050609	49.90136523769411	34.586750486009294	49.90136523769411	40.449755962858205	41.36398144262316	51.62760824864091	97.85045766023998	171.19693004631037	1.1504394712194923	0.15532341961397833	11.318530507854241	3.632474495503729	-3.11735478967838	6.334323979908838	-8.432283347188019	15.314614751684815	-8.432283347188019	1.019325927647884	0.10510044788293271	27.11	25.585370434754378	19.7276945255825	17.5212759734185	14.223166691215878	81.26938493257188	0.07581833845090706
 archi-vowels-HDK.wav	éˤ	16	14.207	244.40971998350835	593.937	2257.949	3038.708	39.81909094547456	42.805943976726056	36.53603546804264	30.837205968398077	37.15764502423404	44.854657947086395	36.77441180260206	33.14496727787454	41.52294203787886	52.81274819546109	33.69821459140382	52.689500737236585	41.78082419282035	43.78964082361749	51.685949664647154	100.23708401207222	175.20482143192828	-2.986853031251499	6.2699085086834145	8.98188497707648	2.6614459212405137	-5.035567001611838	3.6294445247275178	-11.289806157582227	19.11453360405727	-11.166558699357722	-0.25788215494148403	-2.266698785738626	27.559	27.2669641988027	24.925737355007556	18.97449905377308	18.332962353000937	83.25934228222084	0.08313816625232269
 archi-vowels-HDK.wav	éˤ	16	14.261	226.1127006795471	533.33	2356.216	3044.504	36.615629023288804	43.43681941185635	35.80158622803945	33.14789124540782	36.65551115362402	40.10566431270953	35.23125670532223	34.30884787407811	38.40465471938019	54.43481650512343	31.737925336263682	54.43481650512343	38.59367143892012	39.065173147753654	48.59561690812783	103.66896965750317	168.93164243234315	-6.821190388567544	7.635233183816901	3.467737777880984	-0.03988213033521504	-3.4900352894207245	0.9224088312441197	-16.03016178574324	22.696891168859747	-16.03016178574324	-0.1890167195399286	-0.6605184283734644	25.023	24.430425699539896	21.264099214881682	14.232168767107593	12.766239346355434	82.82454290598093	0.07663763868489784
 archi-vowels-HDK.wav	éˤ	16	14.314	205.60613639865718	505.667	2203.97	3192.449	17.720088686456165	28.050334449773672	22.612401345939247	16.184666378682916	22.158296159314702	27.39405483087569	19.464487484515455	20.297727356819678	19.354705551112225	37.53265142654512	19.599106468251833	37.53265142654512	25.146997604915676	20.32154633382424	45.816005687037624	88.22731992368588	176.83204228537204	-10.330245763317507	5.437933103834425	1.5354223077732492	-4.438207472858537	-9.673966144419524	-0.8332398723042225	-18.177945875432897	17.93354495829329	-18.177945875432897	-5.79229205380345	-0.9668407827120156	0	8.811818488209548	7.971788089334052	7.839128029646787	7.3309575346339875	70.81634528065557	0.006310771033876073
archi-vowels-HDK.wav	éˤ	17	15.07	276.56338371221756	561.726	2351.746	3148.321	37.8983075506773	40.01834469090798	40.18250645952075	39.65914306223881	39.44568668466545	38.90903671976792	37.49784842124528	23.016588578265033	40.4083991513416	60.42869149008104	33.20520296250776	60.42869149008104	41.456066031074556	35.55918164860642	54.676597845817106	115.00554360561225	200.78626661791168	-2.1200371402306786	-0.16416176861277165	-1.7608355115615097	-1.5473791339881515	-1.0107291690906166	14.481259842980247	-20.020292338739445	27.22348852757328	-20.020292338739445	-1.047666879732958	4.849217502735179	27.442	25.761877056843282	32.43364476774782	29.775803672783738	25.749238605496238	89.30968626987246	0.10512184620572058
 archi-vowels-HDK.wav	éˤ	17	15.119	269.31848042199357	560.607	2372.434	3121.877	37.19057229211029	38.41420737769221	44.53729496500121	36.330308480201154	44.33230979643362	49.71169374524494	33.03252420046818	18.64180723412013	39.562415724011075	57.20203592545331	37.97068834814297	57.20203592545331	46.215241494380955	47.35585836490217	53.857348959787046	115.1044555018201	194.6224444128409	-1.2236350855819182	-6.123087587309001	0.8602638119091353	-7.141737504323331	-12.521121453134654	14.390716966348052	-17.639620201442234	19.231347577310338	-17.639620201442234	-6.65282577036988	-7.793442640891094	29.811	28.671744860315243	30.704348645649375	25.523957974057527	20.873675968553815	87.36922419459079	0.07712638803341854
 archi-vowels-HDK.wav	éˤ	17	15.169	255.4711219528577	590.085	2430.356	3084.009	39.23512790781133	44.018932928422345	40.31465651676494	34.498095065501545	41.46359839547907	43.727505041085045	35.4846286765707	24.652568063871566	41.1221055087234	56.005567342545895	36.0105604166226	56.005567342545895	43.93196992529845	44.418006526307856	52.85351991844508	116.81757881732541	184.6530901730226	-4.7838050206110125	3.7042764116574034	4.737032842309787	-2.2284704876677353	-4.492377133273713	10.832060612699134	-14.883461833822494	19.995006925923292	-14.883461833822494	-2.809864416575053	-3.2959010175844554	25.774	26.11349029014122	22.954112767003586	18.195830015259265	14.582866127439353	85.15303530469872	0.08265787445533958
 archi-vowels-HDK.wav	éˤ	17	15.218	234.19414376875665	648.327	2368.895	3065.306	40.90689728612532	44.67955018594864	30.502168683991247	22.50976171366054	29.54771146262484	33.18059017129825	34.39355501459459	22.42864123879958	42.20119672849133	51.36516899008836	31.24575933604332	45.23901682607209	34.80890557380104	35.26547403146893	51.310342230658016	106.55811196987094	174.30154174076296	-3.7726528998233206	14.177381501957395	18.39713557246478	11.359185823500482	7.7263071148270726	11.964913775795008	-9.163972261597024	20.119409654045036	-3.037820097580756	7.392291154690291	6.935722697022399	21.74	17.699385878445135	14.027893713103852	12.97069962134163	12.217432509581432	81.0980480202832	0.08495126753645221
 archi-vowels-HDK.wav	éˤ	17	15.267	231.42907358991295	520.584	2417.085	3547.188	27.85687578403108	23.64689140994949	22.659751286382754	15.876658168833856	21.804002176930393	22.856453926308614	6.436665912668803	4.770094520181997	29.83418988207191	36.85288105310716	17.36089426798821	36.85288105310716	22.564762523440983	12.73005782894053	48.91573915227681	109.81283882577718	229.81947261128877	4.209984374081589	0.9871401235667356	11.980217615197223	6.052873607100686	5.000421857722465	1.666571392486806	-7.01869117103525	19.49198678511895	-7.01869117103525	7.269427358630928	17.10413205313138	0	17.481466174920378	8.88928226393699	6.943926366054082	6.70885135745305	67.65654597659649	0.010466021371839149
archi-vowels-HDK.wav	éˤ	18	15.935	245.4149844945609	520.902	2350.588	3176.754	30.43527122472561	27.56312894014698	22.152406653935692	23.9250019893099	27.845635674687717	37.4949540502483	23.679825970331542	12.270610403134727	32.69125870545917	44.66614989384128	15.708041066786304	44.66614989384128	29.046274285629302	32.763375009837084	50.438043221384476	107.69763617603088	191.52273755829552	2.8721422845786293	5.410722286211289	6.510269235415709	2.589635550037894	-7.059682825522692	11.409215567196815	-11.97489118838211	28.958108827054975	-11.97489118838211	3.6449844198298678	-0.07211630437791428	23.058	17.97635463712902	12.304038522483975	11.45563185236859	10.19448286296349	74.5261989828991	0.032279431531094464
 archi-vowels-HDK.wav	éˤ	18	15.987	243.9167089153326	561.553	2405.215	3128.002	37.794132835358596	38.147660674289554	36.456840501308086	28.9136356955601	40.75975985244983	43.509339325794826	33.28303189372499	23.917020653319128	39.6868969157523	50.24621080677491	31.93774126848	50.24621080677491	42.79135072485942	42.08499774126122	51.078725004378995	111.84993409846108	185.2274382764858	-0.3535278389309582	1.6908201729814678	8.880497139798496	-2.9656270170912364	-5.7152064904362305	9.36601124040586	-10.559313891022612	18.30846953829491	-10.559313891022612	-3.1044538091071203	-2.3981008255089193	27.296	32.38831612147578	28.4272308831722	23.490180747163706	16.12792490347283	81.07478762650983	0.07209992376224222
 archi-vowels-HDK.wav	éˤ	18	16.039	238.55961219970732	543.346	2432.84	3097.057	39.8000741375579	39.58961613275855	39.28249874821761	31.01241655802867	40.11177383283249	43.66363682295691	29.753733763170445	30.08767880785349	41.7300554855801	52.17585475816762	34.37509476351795	52.17585475816762	41.35405744372875	42.93514508560659	50.149141513610424	112.87247065709947	179.56296498089938	0.2104580047993494	0.3071173845409376	8.787657579529231	-0.31169969527459074	-3.8635626853990104	-0.33394504468304476	-10.445799272587514	17.800759994649667	-10.445799272587514	0.37599804185135355	-1.20508960002649	26.302	27.87209752466371	23.989538378538313	22.035010798863826	16.425394175280456	82.26582755835227	0.08937729816453899
 archi-vowels-HDK.wav	éˤ	18	16.091	226.97995957544703	522.738	2417.417	3192.499	37.12766061156208	43.443239665981466	35.30080005555093	34.36119430369656	40.41389967163476	45.534782297592734	31.47940389702359	23.71864377494825	39.005457524299906	55.454398370508116	30.547184040760136	55.454398370508116	41.33193742145808	41.999240900374126	48.47788599539764	108.75764195878432	185.71816760983822	-6.315579054419388	8.142439610430536	2.766466307865521	-3.286239060072681	-8.407121686030656	7.7607601220753395	-16.44894084620821	24.90721432974798	-16.44894084620821	-2.3264798971581726	-2.9937833760742194	27.831	30.27192951832486	27.179910152994545	21.389276915573646	17.02380309724843	83.7772843455778	0.08525283756397864
 archi-vowels-HDK.wav	éˤ	18	16.143	215.87118810693082	497.317	2129.661	3255.166	40.58074430202693	39.514286636519586	27.94473637758459	30.324445230840336	27.11597585987565	34.783572640519445	27.837220369428422	22.898025532503105	42.47019443883613	51.571113793859325	23.436960964198622	51.571113793859325	30.39402780816667	25.015355873247223	45.68033341998973	85.51770269863351	188.08355139197758	1.0664576655073432	11.569550258934996	10.256299071186593	13.464768442151279	5.797171661507484	4.939194836925317	-9.100919355023194	28.134152829660703	-9.100919355023194	12.076166630669462	17.454838565588908	17.888	17.312761894389592	16.47304316851191	14.671485138622526	13.062633540204029	78.70426164412179	0.09579892541741099
archi-vowels-HDK.wav	éˤ	19	16.789	239.64070227587905	569.535	2378.545	3141.472	22.921949370247734	28.383490036800154	16.314299856691825	17.59357746758024	25.126785836441137	29.854456832729717	16.626131226719238	9.45778106891526	24.69165732372954	39.13046925079027	12.609344606911348	39.13046925079027	27.77676507919539	28.01501482073251	50.749555116755786	108.6210471295088	185.06759902219514	-5.46154066655242	12.069190180108329	5.328371902667495	-2.2048364661934023	-6.932507462481983	7.168350157803978	-14.43881192706073	26.52112464387892	-14.43881192706073	-3.085107755465849	-3.32335749700297	19.152	14.909715048038546	7.920982609848956	7.411142111780328	5.832035660817975	68.29740407424933	0.045584274611885224
 archi-vowels-HDK.wav	éˤ	19	16.833	261.36490313805	550.889	2317.617	2910.074	29.713008019152745	30.28427357579231	30.017539107042122	27.15669361958293	28.181933036237787	29.131963126137954	24.4953530674133	24.35483244583957	32.02011173296418	48.05551090944146	23.71838229492731	48.05551090944146	30.46386063082945	30.459920188694202	52.79409042490685	108.65987718768608	166.83804148923028	-0.5712655566395632	0.2667344687501867	2.556314399569814	1.5310749829149586	0.5810448930147913	0.14052062157373157	-16.035399176477277	24.33712861451415	-16.035399176477277	1.5562511021347305	1.5601915442699799	24.714	24.390936713841764	27.546363464635398	26.569179654890487	22.2601138407649	77.12956202595291	0.08846712205410376
 archi-vowels-HDK.wav	éˤ	19	16.877	269.5844834245231	583.044	2206.996	3157.733	31.92914176589161	33.05900493208509	37.98564709338069	27.720113691737154	25.29716674348523	44.42545194742157	29.413185586489682	24.573846047228315	34.13249309074578	48.990329335095666	32.704572500905186	48.990329335095666	29.6719269267375	39.37544267424261	54.300167173983375	101.71912551024701	199.12154622134983	-1.129863166193477	-4.926642161295604	4.209028074154457	6.63197502240638	-12.49631018152996	4.839339539261367	-14.857836244349883	16.28575683419048	-14.857836244349883	4.460566164008284	-5.242949583496831	29.961	30.715816176920995	32.71930196979702	28.4482582115073	21.43647855023365	79.35710858976596	0.09882198229739247
 archi-vowels-HDK.wav	éˤ	19	16.921	273.613082090112	565.782	2216.065	3216.044	31.427758577879274	32.11700579823269	37.46188564053411	30.563056927188946	29.72364570272017	46.96149834651989	32.07104262391641	22.447561981247432	33.85477745014225	51.509295105765915	31.160951193412178	51.509295105765915	33.37019450097418	40.36207040200061	54.42958620470768	103.2524787928296	208.05047411270445	-0.6892472203534155	-5.344879842301424	0.8647016506903284	1.7041128751591046	-15.533739768640615	9.62348064266898	-17.654517655623664	20.348343912353737	-17.654517655623664	0.48458294916807176	-6.507292951858361	25.755	31.0329500248574	36.36481154513797	29.180139813151612	26.30775356914956	81.14999332259912	0.12243283407119114
 archi-vowels-HDK.wav	éˤ	19	16.965	274.41302717681924	571.99	2082.566	2952.906	31.661815268458533	32.180554512191364	39.16967790645036	29.94869361648506	23.13700929720196	37.78136515336517	28.434368973822885	18.69600068368396	34.06641351565716	51.05266495809532	33.45595973162781	51.05266495809532	28.434368973822885	34.32976969234862	54.63469318817044	93.72473309369524	176.33880393616303	-0.5187392437328313	-6.989123394258996	1.7131216519734735	8.524805971256573	-6.11954988490664	9.738368290138926	-16.98625144243816	17.596705226467513	-16.98625144243816	5.632044541834276	-0.2633561766914596	35.446	34.62307568850633	36.88932269720783	31.593514405674682	24.00488460159078	80.34823589922114	0.1212663344826721
archi-vowels-HDK.wav	éˤ	20	17.865	245.91610572129602	553.601	2343.174	2967.273	23.979831965910986	26.32796921641339	20.32834096473823	18.37128415803189	19.215724933364214	32.32211955107638	21.569022801980786	19.876496954136186	25.970753354971553	39.579991895200926	15.357209505419062	39.579991895200926	21.599284497580147	33.126535880097386	51.15118260899899	107.21401087085489	167.76389338719528	-2.348137250502404	5.9996282516751585	5.608547807879095	4.764107032546772	-8.342287585165398	1.6925258478445997	-13.609238540229374	24.222782389781862	-13.609238540229374	4.371468857391406	-7.155782525125833	22.414	13.547844366924224	10.828147169240872	10.110034110640054	7.188251361417935	70.12029500537727	0.04532866819956771
 archi-vowels-HDK.wav	éˤ	20	17.915	262.1311385081484	537.986	2500.999	3127.04	29.67781713126994	29.376913880700386	31.601372872651723	28.421557101652983	38.03591501691268	39.13531932437887	23.73193177350863	22.998719730636203	32.10617501950023	49.05053456478056	24.373189018741535	49.05053456478056	37.96702318281251	38.3816322815938	52.616785435806776	124.86874353274779	192.38418975902786	0.30090325056955436	-2.2244589919513373	1.256260029616957	-8.358097885642742	-9.45750219310893	0.7332120428724274	-16.944359545280335	24.677345546039028	-16.944359545280335	-5.8608481633122835	-6.275457262093575	27.687	24.42816448732449	28.225665666362826	26.219869380706502	19.62595424400397	78.5988679719708	0.09713292488887594
 archi-vowels-HDK.wav	éˤ	20	17.964	269.41587944633204	560.677	2452.903	2906.296	30.064889503539323	30.943330532039685	36.50324033349612	28.881778501085343	36.65808252072161	33.117384337643216	26.767356401672366	26.09515828954563	32.43071357561795	49.71970018050284	29.788326085839007	49.71970018050284	37.704558063173074	37.704558063173074	53.86941812736336	122.29008632571818	169.19728427807067	-0.8784410285003617	-5.559909801456438	1.1831110024539804	-6.5931930171822835	-3.052494834103893	0.6721981121267362	-17.28898660488489	19.931374094663834	-17.28898660488489	-5.273844487555124	-5.273844487555124	27.864	27.985860987067653	34.689790432589305	28.733593552868367	23.663974233761643	79.59786306611076	0.09344148305838092
 archi-vowels-HDK.wav	éˤ	20	18.013	265.5857685915262	592.59	2599.65	3001.644	29.910184097788537	33.21431674868322	35.686719711625024	25.678373254706848	37.87217426079201	29.467317457977614	24.561962146465575	26.254426464083238	31.934661344544594	46.96932906685616	30.397542646103005	46.96932906685616	38.51468429027336	35.91802211320407	54.02015376540362	135.25749637213363	178.8395099456694	-3.3041326508946796	-2.472402962941807	4.231810843081689	-7.96199016300347	0.4428666398109229	-1.692464317617663	-15.034667722311568	16.571786420753156	-15.034667722311568	-6.580022945728764	-3.983360768659473	28.879	36.24787521853633	30.056060312024698	26.549378956606752	23.6140141116081	77.37787148423251	0.08226776377955244
 archi-vowels-HDK.wav	éˤ	20	18.063	261.72541298274786	574.536	2201.487	3096.475	30.428795170629655	31.412747648938204	32.0785404985422	24.999039588793377	26.60217707402196	39.581790508184426	29.472347097645198	25.152640510242872	32.55703096276291	46.29053466491693	27.02070915367992	46.29053466491693	30.902969685531115	35.49669983111034	53.27855038477524	99.6761216533046	188.56488171216435	-0.9839524783085487	-0.6657928496039993	5.429755581836279	3.826618096607696	-9.15299533755477	4.319706587402326	-13.733503702154024	19.269825511237013	-13.733503702154024	1.6540612772317935	-2.9396688683474324	27.806	32.71319205693204	28.88812908182792	24.32312919683479	17.650467956707075	76.36601096490381	0.07708885057542089
archi-vowels-HDK.wav	éˤ	21	19.21	276.25128397377426	575.222	1775.053	3224.543	36.212051541634736	33.30586823333016	37.36721204662527	31.133734873848837	33.36978108639283	51.12672380076303	42.91826734191296	20.499119396751947	38.68282638529938	52.52700557381865	33.05605084330898	52.52700557381865	42.16848135776125	38.35973550377298	54.89775799099689	76.497087507833	210.23949222810714	2.906183308304577	-4.06134381329511	5.078316667785899	2.842270455241909	-14.914672259128295	22.41914794516101	-13.84417918851927	19.470954730509668	-13.84417918851927	-3.485654972461873	0.3230908815263973	25.314	22.069358156506937	22.02545855225067	18.90731505414535	17.40511534875398	82.39172172003467	0.05347555830338622
 archi-vowels-HDK.wav	éˤ	21	19.256	258.59918211960183	594.93	1892.519	3007.17	38.59350116894617	37.061507621123766	39.40740017377212	27.633303344081636	39.24382251276444	43.475343828738595	47.688513594806885	12.308624105311303	40.563592628427976	49.51754824526988	36.39039689805092	49.51754824526988	47.688513594806885	36.97776159016899	53.28146319834308	79.47290009440255	176.9031343232894	1.5319935478224025	-2.345892552648351	10.960197824864533	-0.6503213438182698	-4.881842659792426	35.37988948949558	-8.953955616841903	13.127151347218955	-8.953955616841903	-7.124920966378909	3.5858310382589877	25.493	27.925176515909552	21.750049847140414	15.638161313640492	14.976345934693121	82.55575471852515	0.058704087866803166
 archi-vowels-HDK.wav	éˤ	21	19.301	245.59955069240215	710.946	2001.439	2917.475	40.773399396236144	40.15703428759676	32.428001670221754	26.323095204558843	34.04180223126705	37.05049181007999	44.96090295420181	21.52295870679491	42.00494061187513	46.284381524716984	35.63616588517145	50.01737876455691	44.96090295420181	37.46367406838654	53.30558993196834	83.2904238152523	162.17901062912023	0.6163651086393855	7.729032617375005	14.4503041916773	6.731597164969095	3.722907586156154	23.437944247406904	-4.2794409128418565	10.648215639545533	-8.012438152681781	-2.9559623423266856	4.5412665434885895	22.914	17.042010996555767	17.389137128416714	15.569737921577705	14.883384992698549	82.27370041017856	0.07102542610364204
 archi-vowels-HDK.wav	éˤ	21	19.347	240.32132897849422	705.888	2089.696	2841.49	43.16866623212118	38.588475271924125	33.18103365167433	24.482748322882145	33.97940492688284	33.755960399235484	43.840141272535995	17.07764717004561	44.35048807585012	44.42741118351063	36.596148386819905	48.10300131315295	43.840141272535995	37.26510283580397	52.65119790361644	87.71489496500246	152.2687279053159	4.580190960197058	5.4074416202497915	18.685917909239038	9.18926130523834	9.412705832885699	26.762494102490386	-0.07692310766050525	7.831262796690723	-3.7525132373028285	0.5103468033141283	7.085385240046151	24.251	25.07192195209234	19.280045552488797	17.227688690477947	16.95516155893432	80.29069216603885	0.08349039121448054
 archi-vowels-HDK.wav	éˤ	21	19.392	226.1358179853736	704.922	2047.945	3317.062	38.9926694521988	38.37435085416922	31.408820750256165	10.470788114007721	29.829050482915793	31.396727011960714	42.37601726286079	17.777466991631076	40.039439699856054	43.38550425696347	37.038979742137826	34.39503091694944	40.41268665423492	25.521857747866928	51.019285288478045	82.4879963735344	199.67275805461964	0.6183185980295747	6.965530103913057	28.521881338191076	9.163618969283004	7.595942440238083	24.598550271229715	-3.346064557107418	6.346524514825646	5.644408782906616	-0.3732469543788639	14.517581951989126	0	23.77480144975491	14.407430667852587	12.677782883130934	12.06107147075228	75.74015998993488	0.05386467300547355
archi-vowels-HDK.wav	éˤ	22	20.116	248.5657773463828	556.085	1795.891	3162.818	32.559701825456685	28.286634664236374	30.2965783182556	20.627343990000696	27.867138332251756	47.04547089008224	33.997298991260465	17.968438999201375	34.648906385477034	42.18737634040884	26.660625842013324	42.19407420939413	36.2778509026892	35.44214315456842	51.48898424553684	73.15026335792838	191.17239472135978	4.273067161220311	-2.009943654019228	11.932357835455988	4.692563493204929	-14.485769064625558	16.02885999205909	-7.538469954931806	15.526750498395515	-7.545167823917097	-1.6289445172121688	-0.7932367690913864	19.063	15.187757459993378	16.379608531761633	13.090244810053504	12.48089310474289	74.5076823749131	0.028572704354496638
 archi-vowels-HDK.wav	éˤ	22	20.157	248.39323183991038	650.58	2039.026	2999.829	36.38672543972716	36.3359285061881	33.130483351249836	18.510783743510935	28.145974674023414	42.48872839705908	36.84599054482153	18.44895482891288	37.87831543143195	44.35731394248944	33.000116910848874	41.254815838269614	36.84599054482153	40.20027640697333	52.94328618024312	86.05242487753236	172.3031121848621	0.05079693353906123	3.2054451549382605	17.875941696216223	8.240750765703744	-6.102002957331919	18.397035715908654	-6.47899851105749	11.357197031640567	-3.376500406837664	1.032324886610418	-2.32196097554138	31.725	29.710988359385205	28.013354109011793	23.015875062741266	18.966512317252068	77.09779469128415	0.040242413730917914
 archi-vowels-HDK.wav	éˤ	22	20.198	248.73775305553332	725.762	2171.346	3032.81	36.96522727400408	37.26104774028502	31.247417072242225	21.030879157512835	34.04138095978856	40.47478206282014	41.94386406637585	19.529635674539744	38.161487624539845	43.196691785142114	34.39936574767649	44.68057194877261	43.3587030840296	41.653129399491405	53.80859164617672	94.84002234202471	176.16560986565264	-0.2958204662809436	6.013630668042797	15.934348116491243	2.923846314215517	-3.509554788816061	22.414228391836108	-5.0352041606022695	8.797326037465623	-6.5190843242327645	-5.197215459489755	-3.4916417749515603	25.004	27.68273388652775	20.96697171711549	17.57012248254918	15.755582395369323	78.95142200289071	0.04102228231762057
 archi-vowels-HDK.wav	éˤ	22	20.239	242.52727501270851	668.613	2209.684	3034.798	40.470943444834276	37.241860978085725	21.20990354386313	21.573229906397682	35.229362739151924	39.99887272194101	42.64897570162596	25.327815981428824	41.79619450070685	44.089125380484326	22.200378418514006	44.52921404187119	42.64897570162596	40.383038187905086	52.49914195582021	96.29040219189251	174.05490883336074	3.229082466748551	16.031957434222594	18.897713538436594	5.2415807056823525	0.4720707228932639	17.321159720197134	-2.2929308797774794	21.88874696197032	-2.733019541164346	-0.8527812009191109	1.4131563128017604	21.907	14.515126008392876	15.730650211843047	12.047591561682125	10.152089167578719	79.2327611258942	0.05959913211721477
 archi-vowels-HDK.wav	éˤ	22	20.279	226.2905355213924	693.465	2176.646	3280.148	38.88795648506243	38.313827345770164	30.663769745704	20.544575569389085	31.87695898127441	40.12306208341829	37.99386868399911	23.601469587124623	39.95694126601218	43.48436173772094	35.33059995776669	44.17729570088532	40.675346879175734	36.35633305350336	50.922818577408954	90.65393283044911	195.45847089020447	0.5741291392922676	7.650057600066166	18.343380915673347	7.0109975037880226	-1.235105598355858	14.392399096874488	-3.5274204717087585	8.153761779954252	-4.220354434873137	-0.7184056131635543	3.600608212508817	24.193	17.345425785974413	16.061871518275765	11.924676847309028	8.266624153179874	76.34969839469179	0.05208521170494551
archi-vowels-HDK.wav	éˤ	23	20.999	281.61325109289925	577.932	1933.698	3213.452	36.768028998618334	30.274744786364792	36.821223132830774	29.269371542002716	33.67744608217606	48.349545585583385	40.69968079327918	25.455769745961515	39.28795868391041	50.45184548808205	31.512160602508466	50.45184548808205	40.69968079327918	37.97605384451328	55.541110457937	85.62653098562565	211.09084014491938	6.493284212253542	-6.546478346465982	7.498657456615618	3.0905829164422727	-11.581516586965051	15.243911047317663	-11.16388680417164	18.939684885573584	-11.16388680417164	-1.4117221093687675	1.3119048393971298	24.185	14.112196298675272	18.085115090677334	15.048102380983545	13.09897787947043	77.74323675420692	0.041806013585452315
 archi-vowels-HDK.wav	éˤ	23	21.053	264.7070801417803	653.673	1979.454	3103.262	34.83723275420564	36.86654693802698	36.971056058823265	23.3050283513208	28.591964235195817	41.57090258963864	37.76466227341427	20.453522087667878	36.5411042525857	46.59126547251168	35.704052391897406	45.85753239797097	37.76466227341427	36.24856768829702	54.82783514412797	85.3852713030018	190.5465286039435	-2.0293141838213415	-0.10450912079628694	11.532204402884837	6.245268519009819	-6.733669835433005	17.31114018574639	-10.050161219925982	10.887213080614274	-9.316428145385274	-1.2235580208285697	0.2925365642886746	25.63	29.026600114632195	25.688920418069397	21.063889861325322	18.163524953049958	78.09993577850204	0.040728989019889
 archi-vowels-HDK.wav	éˤ	23	21.106	265.78541241074277	673.249	2057.576	3034.14	36.03239707104955	37.94657732830278	37.72198310971549	23.526181772450627	30.834857585384036	39.03223284519481	39.672311291327304	17.584543016589016	37.642670456803884	46.885734294566774	36.94897538170902	46.25761143341304	39.672311291327304	36.683397369880495	55.195454655547515	90.44213269385507	182.72957286152348	-1.9141802572532285	0.224594218587292	12.506215298598924	5.197539485665516	-2.999835774145261	22.087768274738288	-9.24306383776289	9.936758912857755	-8.614940976609155	-2.02964083452342	0.959273086923389	27.675	30.220318427123964	27.252653268676703	25.01283947615765	21.81934082318726	78.62384570845775	0.04154041959196245
 archi-vowels-HDK.wav	éˤ	23	21.16	260.1607826090925	697.491	2277.656	3324.929	39.8826488461426	36.82399222539052	32.577052982410066	21.04740000486233	30.80527387177367	33.12481491068307	34.408314630128395	7.802316418716005	41.292236101204914	44.2660851244494	32.848251983869964	44.015203692343235	37.95850339503406	29.495623212423105	54.83130102395161	105.18087806174185	215.88800720746613	3.058656620752082	4.246939242980453	18.835248841280272	9.07737497436893	6.75783393545953	26.60599821141239	-2.973849023244483	11.417833140579432	-2.722967591138321	3.3337327061708564	11.796612888781809	23.668	19.213297637925898	15.620788816691569	14.847676870783289	13.357202216781342	77.92939248796806	0.06530080955388033
 archi-vowels-HDK.wav	éˤ	23	21.214	250.10959970581456	762.568	2195.433	3369.255	40.35222911617528	27.138290576565936	29.426667135191163	21.143094533389142	31.32387478868096	36.06826464964122	41.31338894635355	10.207488210432306	41.45134094848525	32.45653590488774	34.26239516703293	45.233054515719466	41.31338894635355	32.342289548695035	54.290859677584095	96.8350418952252	216.8442800937605	13.213938539609345	-2.2883765586252274	19.209134582786138	9.02835432749432	4.283964466534059	31.105900735921242	8.994805043597516	-1.8058592621451908	-3.7817135672342133	0.1379520021317049	9.109051399790218	0	23.34434120753484	20.28149816088178	15.058170778659523	14.024354793647124	76.77813076632563	0.0631056528190789
archi-vowels-HDK.wav	éˤ	24	21.92	247.8762497386869	576.34	1849.149	3114.96	31.01382563569599	26.307741638194397	21.43517886137215	16.405825954745865	19.752786264596814	38.54658603169611	26.40106674975833	10.529478072392624	32.93555529397241	38.24641602324498	18.554560697043883	38.24641602324498	28.26950110825694	29.15094151973296	51.778145794073396	75.52665331666475	185.28862010646222	4.706083997501594	4.872562776822246	14.607999680950126	11.261039371099177	-7.532760396000118	15.871588677365704	-5.310860729272569	19.6918553262011	-5.310860729272569	4.666054185715474	3.784613774239453	27.002	0.7314932297883524	2.3099885911639113	2.3380945333970047	3.628553730362876	69.13149466591958	0.029294533125808365
 archi-vowels-HDK.wav	éˤ	24	21.967	245.41009359390463	633.048	1938.673	3081.223	34.2375215125994	35.16651774121168	28.31678779643299	20.876833541303675	28.59001847261722	39.792132941517565	37.955154119668904	8.714763648296111	35.78488567434556	43.59826289320952	27.947731740904228	43.52384982378827	37.955154119668904	34.02641132316318	52.375644832190574	79.71578584307619	180.42630798901473	-0.9289962286122773	6.849729944778687	13.360687971295725	5.64750303998218	-5.5546114289181645	29.24039047137279	-7.8133772188639625	15.650531152305295	-7.738964149442708	-2.1702684453233445	1.7584743511823788	28.339	32.79763471316054	30.864504723688263	25.4228645982832	23.077296236367033	75.2462670304823	0.04302770640648547
 archi-vowels-HDK.wav	éˤ	24	22.014	247.0654844810933	652.492	2141.093	3027.176	36.833054777272025	35.03098064041659	35.54443079928848	18.097041180170827	28.874167625436307	35.96569587036301	36.46621906743523	20.659053457535745	38.28711344229192	42.80615620281131	35.39346174786311	40.80131336653402	36.506546238107646	34.848977222939666	52.81743202015871	92.41202481891735	174.89857758575585	1.8020741368554383	-0.5134501588718905	18.7360135971012	7.958887151835718	0.8673589069090184	15.807165609899489	-4.51904276051939	7.412694454948202	-2.5141999242420994	1.7805672041842726	3.438136219352252	26.534	34.38520006613588	30.796733866730307	24.622334234479283	21.141676005547115	76.47987860864481	0.05221261306064334
 archi-vowels-HDK.wav	éˤ	24	22.062	243.95066901280217	652.502	2131.072	3151.276	37.23688202199939	37.58817864175167	31.315046648693524	19.096331932424384	35.56794078451175	41.713470172748195	43.37059775708453	20.385557807871834	38.65301130255015	45.07733646927968	31.519620599431523	41.867094985497424	43.37059775708453	38.12743673803757	52.4653229173921	91.12131647741886	187.94326730527965	-0.3512966197522758	6.2731319930581435	18.140550089575008	1.668941237487644	-4.476588150748803	22.985039949212698	-6.424325166729531	13.557715869848156	-3.214083682947276	-4.717586454534384	0.5255745645125813	29.292	34.64812473435824	28.675674610748693	22.059255409558215	19.759640614659425	78.56494591427756	0.0597327056837047
 archi-vowels-HDK.wav	éˤ	24	22.109	236.24591342737918	681.784	2139.8	3368.392	38.45522097756419	29.747738366705182	28.784391069672974	17.890812856913012	31.587089181236053	44.18318737980302	37.471286905047734	16.963751856161196	39.66841986500293	35.81552104758501	31.37082132263639	41.205690594475456	40.28071536874579	37.93385327731565	51.93407127644859	90.1853631918196	210.34553492906403	8.707482610859007	0.9633472970322075	20.564408120651176	6.868131796328136	-5.727966402238835	20.507535048886538	3.8528988174179233	4.444699724948617	-1.5372707294725245	-0.6122955037428568	1.734566587687283	22.972	24.097842605917176	17.802738390190992	14.279204276751523	12.058355133822298	76.31249139253781	0.05660977170801462
archi-vowels-HDK.wav	ó	25	22.886	309.4393784228642	616.758	1178.559	3100.638	42.668348653508346	33.7724993846124	29.59900063959651	33.757996604846824	21.836178482629343	50.458383977706184	16.866636895993366	11.066036288931812	45.78371386351159	56.893641511057865	38.64518089967424	56.893641511057865	38.64518089967424	31.175721203052177	59.320067389642915	64.52911960380568	207.78738168094839	8.895849268895944	4.173498745015891	8.910352048661522	20.832170170879003	-7.790035324197838	5.800600607061554	-11.109927647546272	18.248460611383628	-11.109927647546272	7.138532963837356	14.607992660459416	22.876	25.938411515641153	25.54523901192792	25.53147974119387	25.30605675761074	84.76065310506259	0.1233063993838253
 archi-vowels-HDK.wav	ó	25	22.944	316.0394452113944	628.562	1232.74	3149.886	39.13585016901395	35.09400720858966	23.117364086873696	35.045246038285	19.625422492657602	53.27107077017491	20.896471894067954	11.616744948603142	42.23414252480388	58.04701939794879	36.01142458286879	58.04701939794879	36.01142458286879	34.415257489105755	60.252964547763696	66.04585564542761	216.95894215541423	4.04184296042429	11.976643121715963	4.0906041307289485	19.510427676356347	-14.13522060116096	9.279726945464812	-15.812876873144909	22.035594815079996	-15.812876873144909	6.2227179419350875	7.818885035698123	26.345	40.94863249744091	33.09719785729553	33.0059651176522	32.93136062271866	85.78313676069554	0.09899401350556442
 archi-vowels-HDK.wav	ó	25	23.002	311.6047584160206	632.86	1247.953	3143.724	38.348056897648185	34.6984228641587	30.283851253500863	34.24432227513435	30.308364033870383	45.15200196098355	14.892826690038456	17.86218821771135	41.29749395463936	57.334669878057824	46.716850528044944	57.334669878057824	46.716850528044944	26.833471274776628	59.82203649112408	65.72052518800068	214.34270760985814	3.649634033489484	4.414571610657838	4.103734622513834	8.039692863777802	-6.803945063335362	-2.969361527672893	-16.037175923418467	10.61781935001288	-16.037175923418467	-5.419356573405587	14.46402267986273	28.362	42.26434315065202	31.030482171821934	30.98407189139637	30.598790749152624	85.34834326064896	0.08647256286807505
 archi-vowels-HDK.wav	ó	25	23.059	265.82212667205846	628.917	1200.33	3248.813	30.092820315898784	37.40639158965977	37.424336486446315	26.44127885304016	27.686732262163588	51.9587293105748	16.813804882649798	24.640211312645505	32.22773346628139	49.880707859065005	45.2117237214759	50.471297645217284	45.39358726148764	32.00359722833363	54.61347873511074	59.45906853989227	208.84388373476637	-7.313571273760985	-0.017944896786545428	3.6515414628586242	2.4060880537351963	-21.86590899467602	-7.826406429995707	-17.652974392783612	4.668984137589106	-18.24356417893589	-13.165853795206246	0.22413623794776072	17.552	15.416175180184833	8.03698213847347	8.059825632106678	7.877706367642424	80.85154553425869	0.05269709567801961
 archi-vowels-HDK.wav	ó	25	23.117	369.21015823785154	641.296	1527.004	3398.18	26.0366215221508	-6.352397697186287	8.042231564538454	10.770882543288238	13.779198143887697	40.19541682398246	16.427486902720307	13.056347464540703	30.01384835704442	5.248439997847594	17.103889633028327	32.174114664553294	26.108669487633264	21.873980138396213	66.44756863362126	79.80630865544013	276.2937912264669	32.38901921933709	-14.394629261724742	15.265738978862561	12.257423378263102	-14.158795301831663	3.371139438179604	24.765408359196826	-11.855449635180733	-2.1602663075088735	3.9051788694111558	8.139868218648207	0	4.638349315655155	-0.10289099742898453	-0.21364628445623485	-0.4937200635868141	69.81666896801612	0.011806013080354557
archi-vowels-HDK.wav	ó	26	23.953	288.7981434050473	585.222	1165.887	3069.775	36.13164189786855	29.436377387986497	18.000854097751855	29.112026567010943	17.764160413443214	26.875336712050302	9.12580496296025	-6.750288134610136	39.0830413676193	51.962055548566674	33.86345135590412	51.962055548566674	33.86345135590412	7.229768792370896	56.470841428342325	61.8713697754462	195.81426106833783	6.695264509882051	11.435523290234642	7.019615330857604	18.367481484425333	9.256305185818245	15.876093097570386	-12.879014180947372	18.098604192662556	-12.879014180947372	5.219590011715184	31.853272575248404	26.763	30.857888679453836	25.66183814371241	25.656642927489017	25.627853474281657	79.00222321194632	0.10749593641163331
 archi-vowels-HDK.wav	ó	26	24.003	283.24354612884076	576.572	1143.942	3113.715	34.24924028766927	33.39279640839199	35.08241491258593	32.8320280195003	34.81949550388931	47.10241407952428	10.802445746048054	-0.6982967003719264	37.17517226705663	55.696464666992405	50.97603198769059	55.696464666992405	50.97603198769059	26.24988251751903	55.696426928815804	60.96582361734528	199.13905505413175	0.856443879277279	-1.6896185041939447	1.4172122681689672	-0.5702552162200405	-12.853173791855014	11.50074244641998	-18.521292399935774	4.720432679301815	-18.521292399935774	-13.800859720633959	10.925289749537601	28.484	29.86913987071197	33.10034578026605	33.08245966293327	32.92802303738581	83.25671915084769	0.12008425963440636
 archi-vowels-HDK.wav	ó	26	24.054	292.13121442825457	592.08	1170.59	3110.974	34.524312241200036	31.07670339742547	33.68659449315896	30.74087460927688	33.71627584896177	43.76211456917058	7.712096606289958	9.87776347475117	37.483427107085845	53.66147301590455	49.9639770776568	53.66147301590455	49.9639770776568	23.739904475036347	56.96422268552949	62.329034974465294	202.30725436258237	3.4476088437745673	-2.609891095733488	3.7834376319231566	0.8080363922382645	-9.237802327970542	-2.165666868461212	-16.178045908818703	3.697495938247748	-16.178045908818703	-12.480549970570955	13.743522632049498	26.031	32.577295763607	28.727274006912985	28.721889240061877	28.664102894879527	82.5726708415936	0.11654570580095071
 archi-vowels-HDK.wav	ó	26	24.105	272.20625236828533	580.844	1117.372	3228.133	30.67140446596919	32.14981733998744	32.649209151772595	27.59801437312342	30.536708797563186	47.61659560296937	13.860905886499326	23.559632385832803	33.338263942457445	50.89586157187704	47.44222982279888	50.89586157187704	47.44222982279888	24.98327077738347	54.55183507574462	59.376354666927426	208.97768779906946	-1.4784128740182538	-0.49939181178515213	3.07339009284577	0.13469566840600322	-16.94519113700018	-9.698726499333477	-17.557597629419597	3.4536317490781627	-17.557597629419597	-14.103965880341434	8.354993165073974	20.412	20.44949217713271	17.938286269086966	17.881201938171664	17.767191488543684	81.45978393794181	0.10323604726690866
 archi-vowels-HDK.wav	ó	26	24.155	218.90753683973946	653.681	1456.496	3368.577	28.026122771665943	34.74902632678806	12.003944404395604	18.29625782376511	16.980456255753225	44.19899121569015	23.091443696326742	31.066534661088134	29.253583587634466	40.699009706827844	17.867854800505	42.65789391528784	33.11189438558219	28.1528965683674	49.64729589826756	57.77064180575525	202.37336128470562	-6.7229035551221195	22.74508192239246	9.729864947900833	11.045666515912718	-16.172868444024207	-7.975090964761392	-11.445426119193378	22.831154906322844	-13.404310327653377	-3.8583107979477234	1.1006870192670668	0	12.587402767547179	6.0468194442291034	5.739004456032499	5.607648499789405	73.1887775479656	0.07170489765039832
archi-vowels-HDK.wav	óːˤ	27	24.823	261.4925074581595	548.88	1212.879	2871.864	29.440597192649278	29.201245727936502	33.65714217617936	26.274908633087932	17.79789775190082	46.0323615712564	11.53712591948054	4.314202486197671	32.069977844400704	48.62777244875708	36.982777010322806	48.62777244875708	32.31585212717129	29.617542396332794	52.76832384840454	59.077662697656876	162.61849402736087	0.2393514647127759	-4.455896448242861	3.165688559561346	11.642699440748459	-16.591764378607124	7.222923433282868	-16.557794604356374	11.644995438434272	-16.557794604356374	-0.2458742827705862	2.4524354480679094	23.26	24.05398517882823	18.074719197326033	17.971149757281818	17.662924565884847	78.02122122578513	0.07322902176755706
 archi-vowels-HDK.wav	óːˤ	27	24.889	276.16106544656355	557.47	1119.883	2556.222	29.493575400715486	30.989307092829968	29.250758608060686	30.825086112632874	28.62591952446715	15.467000983355941	13.569305384574779	-1.498499518337655	32.4603463822396	53.50553618059057	44.46547778140734	53.50553618059057	44.46547778140734	2.8405546744051593	54.54880840094072	59.876581320589395	133.8655728743154	-1.4957316921144823	1.7385484847692823	-1.3315107119173888	0.8676558762483353	14.026574417359544	15.067804902912433	-21.045189798350968	9.04005839918323	-21.045189798350968	-12.005131399167738	29.61979170783444	24.971	28.220932805550287	26.46943960256187	26.43611252988695	26.32846659354343	82.94123999527758	0.10569494029580971
 archi-vowels-HDK.wav	óːˤ	27	24.956	286.6879515876416	582.953	1175.799	3326.238	34.95308568806833	33.78410771403802	29.401759798081912	33.28668655960268	27.332948268606124	35.41398244934969	15.926899724987596	7.507095949110609	37.8679773064742	56.074686425954724	43.24168263206641	56.074686425954724	43.24168263206641	12.254688391185066	56.19546675176796	61.72484992612865	227.98852607196778	1.1689779740303052	4.38234791595611	1.666399128465649	7.620137419462203	-0.4608967612813615	8.419803775876986	-18.20670911948052	12.833003793888317	-18.20670911948052	-5.373705325592205	25.613288915289136	25.223	27.161680391150142	28.159775919521245	28.129308215218146	28.117022327804328	82.76168637680709	0.12053986253420587
 archi-vowels-HDK.wav	óːˤ	27	25.022	287.1238784445119	579.527	1152.033	3824.423	34.55581812352592	31.721584528705698	29.554442006371197	31.557327986799557	29.58198517125708	41.60143924043804	21.027694503032745	-1.022793444914497	37.53595532364952	54.37974760445979	45.67678510756341	54.37974760445979	45.67678510756341	11.765579100410772	56.18087617774711	61.51951405544285	297.7219713194233	2.834233594820219	2.167142522334501	2.9984901367263603	4.973832952268836	-7.045621116912123	22.050487947947243	-16.84379228081027	8.702962496896376	-16.84379228081027	-8.140829783913894	25.770376223238745	24.168	39.65759034072346	35.859605161374134	35.69679890879155	35.68752704054263	81.54088193919378	0.10785272612985985
 archi-vowels-HDK.wav	óːˤ	27	25.088	285.92540191856887	615.974	1412.876	3162.98	36.19644042081102	36.00397107981584	40.18699003834317	30.69679260073377	22.743226896491556	43.77383726969046	27.329568064646047	3.8558466587232876	38.651024707765394	53.2732606598215	41.64020953645911	53.2732606598215	36.88918133762291	27.730679437011688	56.67304509642781	65.5482439223878	206.43556188839196	0.19246934099518143	-4.183018958527327	5.499647820077254	13.453213524319466	-7.577396848879438	23.47372140592276	-14.622235952056108	11.633051123362392	-14.622235952056108	1.7618433701424863	10.920345270753707	25.7	35.78082558473977	24.93401439836946	24.573039694526088	24.457685092729623	80.15593831999487	0.10804000020556997
archi-vowels-HDK.wav	óːˤ	28	25.766	245.25553485883222	550.139	1188.127	2961.14	28.552154119016013	25.629843722158732	34.79875755168457	17.575334585331326	13.543035752460924	34.44004743900459	8.413391207423615	8.411664721468407	30.839653087049438	40.30546762515997	37.9244037069932	40.34614446015808	28.722622931019405	16.504562887180366	51.01297499869835	56.80782746837681	166.84781575873572	2.922310396857281	-9.168913829525835	10.976819533684687	15.00911836655509	-5.887893319988574	0.0017264859552081901	-9.465814538110532	2.3810639181667668	-9.506491373108641	2.117030156030033	14.335090199869072	23.861	20.932083306295826	18.855069940084896	18.852218766770005	18.7685635030892	72.30109277820884	0.07982378048096285
 archi-vowels-HDK.wav	óːˤ	28	25.836	247.30181328619094	920.38	967.589	2902.545	30.97622227863379	36.505064303696926	8.858590558879598	3.4789146524500794	3.9442516470527806	28.02465687038458	17.132661151570506	9.625777667994566	32.21194801477757	42.08049585459129	47.12737723837819	47.12737723837819	47.12737723837819	16.37692440740755	55.02358384733137	55.30614399244627	161.14396613245984	-5.528842025063135	27.646473744817328	27.497307626183712	27.03197063158101	2.9515654082492127	7.50688348357594	-9.868547839813722	-5.046881383786896	-14.915429223600619	-14.915429223600619	15.835023607370019	24.749	36.02245709343309	30.149615339491376	30.09571281520185	30.00189967831176	76.90419907426198	0.09749101558823312
 archi-vowels-HDK.wav	óːˤ	28	25.907	246.32121875640888	876.899	969.89	2644.92	31.401904775399373	36.863174154594994	11.432047644550181	7.9252250894442895	8.87719004689459	20.50485318374691	16.463981766471804	5.290235347138897	32.692638736267284	42.7309463934856	46.47037386518492	46.47037386518492	46.47037386518492	12.33372873454368	54.64744359900795	55.20408118841901	134.2429944224099	-5.46126937919562	25.431126510044813	23.476679685955084	22.524714728504783	10.897051591652463	11.173746419332907	-10.038307657218319	-3.739427471699315	-13.777735128917634	-13.777735128917634	20.358910001723604	27.396	37.81082280056554	31.31770387710922	31.26457344838565	31.22986085435744	76.60742083639802	0.1011452381282793
 archi-vowels-HDK.wav	óːˤ	28	25.978	239.67241939587774	963.807	1021.259	2668.702	31.974516542280156	37.93304278793306	-1.6749797082171867	-2.3941320070390972	-1.847753475112789	14.058813692612425	14.816433615759177	0.7695976883706281	33.01989463901211	42.55385568612223	40.94692841375999	40.94692841375999	40.94692841375999	8.493936487736082	54.380593165034234	54.737674471280556	134.62225096892374	-5.958526245652905	39.60802249615025	34.36864854931925	33.822270017392945	17.91570284966773	14.04683592738855	-9.533961047110125	1.6069272723622419	-7.927033774747883	-7.927033774747883	24.525958151276026	27.38	34.02252858065137	20.138371090163222	20.107213073075986	20.097079955937684	73.63439008346431	0.1042093588997823
 archi-vowels-HDK.wav	óːˤ	28	26.049	230.832965205451	579.673	1193.454	2844.85	31.18201330205322	33.20921666076386	18.765458670787023	19.532492346551237	-4.233884006964971	21.738485009695154	-2.8207495799287114	3.0955895602492625	33.00340939936167	43.18036692172857	22.930652483410366	43.18036692172857	12.318466620047154	6.978945562408336	49.94718123850883	55.10293999641057	149.47494026734984	-2.0272033587106364	14.443757989976834	11.649520955501984	35.41589730901819	9.443528292358067	-5.916339140177974	-10.176957522366898	20.249714438318204	-10.176957522366898	20.684942779314518	26.024463836953338	26.224	24.070555720465737	20.653581519735546	20.48407531639785	19.72071511231908	70.7440906413847	0.0849575370010503
archi-vowels-HDK.wav	óːˤ	29	26.779	234.09583852317593	499.705	1122.808	2889.543	27.720843553251353	27.064118933966135	33.430926176780154	22.691883933081648	11.368997667295638	33.63766304351637	5.816881575237179	2.4934081180825727	30.239956251187596	45.04048922511882	35.699727141089156	45.04048922511882	25.497384218412776	14.155668548068244	47.65364598760041	54.82504598449121	155.21918170543967	0.6567246192852174	-6.366807242814019	5.028959620169704	16.351845885955715	-5.916819490265016	3.3234734571546065	-14.800532973931222	9.340762084029663	-14.800532973931222	4.74257203277482	16.08428770311935	26.702	31.960454822123282	26.92175240036315	26.92737229872622	26.82618833813414	73.23895673912232	0.09168610702171937
 archi-vowels-HDK.wav	óːˤ	29	26.849	235.3444171556115	538.798	1033.774	2752.779	26.597183220216134	31.267605070357114	30.6399020832028	21.80141045535983	22.35057495345314	26.485962397750598	12.994757981390858	3.105374413757151	28.883517469371025	45.26930326341035	39.41371316699035	45.26930326341035	39.41371316699035	8.882883241464652	49.70935804793542	54.30459083468969	141.59482974152525	-4.670421850140979	0.6277029871543149	4.795772764856306	4.246608266762994	0.11122082246553688	9.889383567633708	-16.385785794039325	5.855590096420002	-16.385785794039325	-10.530195697619323	20.000634227906374	27.697	43.301617017789404	31.631921230933916	31.584797697483374	31.532389442218953	74.21176188225996	0.087494540144382
 archi-vowels-HDK.wav	óːˤ	29	26.919	231.20215415415433	543.61	1030.725	2249.335	26.844154094753012	33.810043285157974	27.433755560140987	22.87582483784395	18.436916273610855	24.3448456399517	16.22728777769436	0.4671664091142673	29.012515014849388	46.5614523251634	35.83981102621694	46.5614523251634	35.83981102621694	16.22728777769436	49.34953565792719	53.79050112609944	96.75955158621332	-6.965889190404962	6.3762877250169865	3.968329256909062	8.407237821142157	2.4993084548013123	15.760121368580094	-17.548937310314013	10.721641298946459	-17.548937310314013	-6.8272960113675545	12.785227237155027	27.356	37.85994191825089	31.2858004676537	31.168664911358725	31.15304691975121	74.69219104643568	0.09404173312736872
 archi-vowels-HDK.wav	óːˤ	29	26.988	226.52862698778702	593.449	1418.666	2728.191	29.21933378816897	31.972371334851623	26.655947033153087	13.346942715686573	-2.385174474820957	21.787365365225284	10.591497448264297	2.880954825424987	30.803872014207524	40.383003280034586	28.719360039995845	36.57972085699574	11.983161408872068	13.403233401530244	49.68839122462642	57.969271135570736	136.45806298577608	-2.753037546682652	5.316424301698536	15.872391072482397	31.604508262989928	7.431968422943687	7.71054262283931	-9.579131265827062	11.663643240038741	-5.775848842788218	18.820710605335456	17.40063861267728	36.083	31.986997349588115	22.281126712466968	22.2448855492932	22.217957419889665	70.77256877863897	0.08229027650984448
 archi-vowels-HDK.wav	óːˤ	29	27.058	210.67598492655335	546.016	1172.982	2929.332	29.386941302264425	24.628369394512447	10.929900190041344	8.21189681347623	3.257635811988731	31.99595805891969	-1.72462795523863	6.8237198589573245	31.06309221087841	33.55321314742534	14.406967991070873	31.625302292422347	19.135521703735964	14.827524959776932	47.14798022115382	52.43815776676092	151.21149389276982	4.758571907751978	13.698469204471103	21.175044488788195	26.129305490275694	-2.609016756655265	-8.548347814195955	-2.49012093654693	19.146245156354468	-0.5622100815439381	11.927570507142445	16.23556725110148	0	15.441299235117192	13.727980952205678	13.710947059617805	13.291134579788427	66.71134094159564	0.06413481711364004
archi-vowels-HDK.wav	óˤ	30	27.607	287.8101497528951	604.414	1165.38	2800.258	21.947699030899958	15.419387965025955	3.4402928470377603	13.533458615727021	2.956168144980154	8.643098237655913	-0.9518341231097445	-8.721492100902903	24.70874046169349	35.552775328982385	19.83553001833168	36.82813327248994	19.83553001833168	-6.1458655308088765	56.69527641677439	61.74567702875255	163.25245527793473	6.528311065874004	11.979095117988194	8.414240415172937	18.991530885919804	13.304600793244045	7.769657977793159	-10.844034867288894	15.717245310650704	-12.119392810796452	4.87321044336181	30.854605992502368	24.973	9.236964036414468	7.674602704380359	7.6717554713653	7.668851986436756	68.42833043395305	0.018471272307006483
 archi-vowels-HDK.wav	óˤ	30	27.659	278.0542861286499	567.187	1114.505	2439.08	26.91720776897719	26.769076368785747	28.705731148769658	26.083474712703193	28.73749830666842	27.414807127935294	17.17033623990679	4.919624820552193	29.840243761995918	48.98046064337891	45.02202699437302	48.98046064337891	45.02202699437302	17.17033623990679	54.94621816354218	60.05551296679957	123.16813027284556	0.148131400191442	-1.9366547799839111	0.8337330562739957	-1.820290537691232	-0.49759935895810514	12.250711419354595	-19.140216881382994	3.9584336490058902	-19.140216881382994	-15.181783232377104	12.66990752208913	27.102	30.913727625378165	25.935320251917776	25.919333229156614	25.917653301715088	79.89880450925604	0.0805264623868879
 archi-vowels-HDK.wav	óˤ	30	27.71	277.3264223135099	580.679	1112.986	2549.303	30.039306247914304	30.389309666494313	33.230123730435125	27.5374245659497	33.258308322922325	24.35912609785898	18.056541996438426	13.373396219166526	32.82472166956425	50.76698877286332	50.132432660520124	50.76698877286332	50.132432660520124	12.451285677351432	55.11633154169669	59.95392258380138	133.49695176701007	-0.35000341858000894	-2.8408140639408117	2.501881681964605	-3.219002075008021	5.680180150055325	4.6831457772719	-17.942267103299073	0.6345561123431978	-17.942267103299073	-17.307710990955876	20.373435992212816	28.972	38.49589059530497	32.299171975474295	32.25526143051503	32.219442936960895	82.73181185289282	0.1122235367147648
 archi-vowels-HDK.wav	óˤ	30	27.762	275.44170684553586	582.105	1120.609	2271.079	30.34954837260225	30.925265703979846	34.863108602808126	27.230579437584716	33.88807010489398	27.458085000689795	21.389832219434787	11.820490043554859	33.07330141272201	50.48227218651967	50.74056688178895	50.48227218651967	50.74056688178895	21.22550182716629	54.93303467220217	59.796485201541834	107.99361871447888	-0.5757173313775965	-3.937842898828279	3.1189689350175342	-3.538521732291727	2.8914633719124545	9.569342175879928	-17.408970773797662	-0.25829469526927795	-17.408970773797662	-17.66726546906694	11.84779958555572	23.904	38.91722422662417	29.20818427203832	29.03512643000471	29.025131393136398	82.64102596110664	0.11550456207669361
 archi-vowels-HDK.wav	óˤ	30	27.813	256.58558119748693	656.246	1351.453	2510.939	32.17013689236482	34.30673161410455	24.99112995568666	17.787647509910684	12.750258227266137	24.476607731905553	20.26315882581544	4.0838812960757025	33.92231550852151	43.73594455718055	29.238734894924132	41.84489203000766	29.568698065742772	20.348547201436208	53.94196390260163	60.53761826214517	124.34738174579824	-2.1365947217397263	9.31560165841789	14.382489382454139	19.419878665098686	7.693529160459271	16.17927752973974	-9.813629048659045	14.49720966225642	-7.92257652148615	4.353617442778734	13.573768307085299	0	23.421274275012195	7.269687664124742	7.1845541909762165	7.143271710209181	73.7878249271145	0.09975717873684266
archi-vowels-HDK.wav	óˤ	31	28.476	268.8971730407859	579.934	1078.246	2635.436	2.935375519816504	-7.988004338336653	-8.528795604741806	-12.554845911120035	-8.493521396329772	7.241506988340717	-7.973177378339381	-5.969394049978609	5.577740799057268	10.085170008553346	9.028378695220095	11.018734327201598	9.028378695220095	-6.765106460108047	54.16891338957228	58.64334455758418	139.7774668870103	10.923379858153158	0.5407912664051526	15.49022143093654	11.428896916146275	-4.306131468524213	-2.0037833283607718	-4.507429209496078	1.0567913133332514	-5.44099352814433	-3.450637896162827	12.342847259165314	26.531	2.088970898446375	-5.000990845516946	5.31178599346596	5.184065804219816	58.48803057770715	0.006232731855350456
 archi-vowels-HDK.wav	óˤ	31	28.529	251.7977695880445	672.405	1011.242	2456.363	27.87325496351889	30.760005985701262	19.614729664814448	10.490183654498018	19.667068329692576	19.220393166357507	13.285793692253826	0.07175523117762242	29.734291050000948	40.286496845167285	42.77983498536112	37.52856308194217	42.77983498536112	10.186827175720898	53.59626930474847	56.11496469733491	118.19317334184304	-2.8867510221823736	11.145276320886815	17.38307130902087	8.206186633826313	8.652861797161382	13.214038461076203	-10.552205795166337	-2.493338140193835	-7.794272031941219	-13.045543935360172	19.547463874280048	30.276	27.958955906610427	21.34271856411576	21.324333360835826	21.312926758489496	73.67662247309924	0.056022195150490506
 archi-vowels-HDK.wav	óˤ	31	28.581	254.02792947258828	690.295	1010.921	2579.557	29.812803501816028	33.125425782121035	24.462538546150654	13.015449742739307	24.130737771045887	20.56550155519772	16.39157082717951	7.946363446763883	31.63656163172081	42.34558730942606	48.041835489924935	40.588832178090904	48.041835489924935	9.7009100887219	54.05317183706277	56.37809533950646	130.10844123552678	-3.312622280305007	8.66288723597038	16.79735375907672	5.682065730770141	9.247301946618308	8.445207380415628	-10.709025677705249	-5.696248180498877	-8.952270546370094	-16.405273858204126	21.93565154299891	27.249	35.06523648349573	32.32590036957003	32.295820685265454	32.288325059776874	78.3227311137276	0.0739417840874653
 archi-vowels-HDK.wav	óˤ	31	28.634	248.0488375639589	798.151	1259.977	2873.889	30.38918777993852	33.74136696909979	31.706904766662255	14.415743526766178	6.44908869436243	15.163757461143472	15.277156002812262	7.474373884688504	31.612273148343505	39.422321444392225	45.28282159583901	42.22369453489434	29.746358893234365	6.641748731508251	54.32810869325265	58.023795608508635	158.29626005681905	-3.352179189161273	2.0344622024375383	15.973444253172342	23.94009908557609	15.225430318795048	7.802782118123758	-7.81004829604872	-5.860500151446786	-10.611421386550838	1.8659142551091392	24.970524416835254	22.149	28.519570881801393	20.64146604425611	20.630415245447207	20.612973457044564	76.5637192789939	0.06806896720090613
 archi-vowels-HDK.wav	óˤ	31	28.687	240.08325743231555	582.8	1256.064	3103.683	31.980089965045067	32.8401367361834	21.500885976419635	20.554610280264306	17.44355788088162	31.653581537031528	15.080115455604693	14.66309312401699	33.90804163589773	43.83389586094044	24.42626122466518	43.83389586094044	33.12741287772394	13.82392490190287	51.02412608328109	56.98432702814402	180.91449401199733	-0.8600467711383359	11.339250759763768	11.425479684780761	14.536532084163447	0.32650842801353974	0.4170223315877024	-9.925854225042706	19.407634636275258	-9.925854225042706	0.7806287581737905	20.08411673399486	14.527	26.946897640370384	12.72780884584703	12.687390115418747	12.584141158525007	73.0283701174423	0.09015318954662113
archi-vowels-HDK.wav	í	32	29.333	300.38034878587655	366.103	2858.331	3973.851	36.62632066836414	34.18269527856877	13.747794368145712	29.365889179325425	17.905803059885866	29.246028432654267	-10.369096523223888	-0.10698146216899534	45.58270161596504	29.992700240652788	-4.275062939404482	44.783900209838244	6.92826007232849	10.806366798517494	63.5156309514526	174.13578040431474	328.4301602312368	2.443625389795365	20.43490091042306	7.260431489038712	18.72051760847827	7.38029223570987	-10.262115061054892	15.590001375312255	34.26776318005727	0.798801406126799	38.65444154363655	34.77633481744755	19.871	12.978442144994746	11.373101126768825	11.37408717763227	11.346333966274251	71.01263787007444	0.04740029252392044
 archi-vowels-HDK.wav	í	32	29.376	251.31094897154045	422.996	2956.245	4026.45	39.24294486314858	26.441773984126954	32.40938172978099	14.985998117130048	33.70652565539514	36.16912398884642	1.6838610866973445	8.567172826247733	43.01972428127306	34.01111054349372	20.175859795864973	33.58381072868082	25.249087343766753	21.525960330648175	50.93361320436074	168.47201258859846	304.9638571902523	12.801170879021626	-5.9676077456540355	24.25694674601853	5.53641920775344	3.0738208743021573	-6.883311739550388	9.008613737779335	13.835250747628749	9.43591355259224	17.770636937506303	21.49376395062488	25.967	19.082254503445498	18.782160890800338	18.766313365503574	16.611121004538106	72.29787375593628	0.07184665183057116
 archi-vowels-HDK.wav	í	32	29.419	239.79016427180136	519.683	2950.025	3147.071	41.1827804982217	24.561184306839433	29.483252615059104	19.30537872932829	27.876365267146276	12.902649110419457	0.5156130448126998	11.037661491100026	43.30212726596354	39.97243200569989	22.85120647527416	39.97243200569989	23.345546343441512	23.345546343441512	49.802576101801634	163.6765819092975	185.77281548206338	16.62159619138227	-4.9220683082196715	21.877401768893414	13.306415231075427	28.280131387802246	-10.522048446287327	3.329695260263648	17.121225530425733	3.329695260263648	19.95658092252203	19.95658092252203	22.533	25.18477979803581	23.966311486501766	23.905996559074907	17.164006845881556	73.70265573280267	0.07652536431199379
 archi-vowels-HDK.wav	í	32	29.462	231.09763613222066	486.645	3008.138	3227.908	38.7765673782816	23.259584962031703	23.428510363797535	20.277862650874024	38.574843129411946	24.433675804991267	7.327253096620544	10.89158474631324	41.027826638879205	40.82098421562952	15.988977162979687	40.82098421562952	32.5327755440253	32.5327755440253	47.06833344385659	166.84306202591682	191.49809531171962	15.516982416249895	-0.16892540176583282	18.498704727407574	0.20172424886965246	14.34289157329033	-3.5643316496926962	0.20684242324968238	24.832007052649836	0.20684242324968238	8.495051094853906	8.495051094853906	23.968	20.384030832968236	19.86404234263177	19.843055602913733	16.449374645185493	72.46399361260399	0.053808105520829326
 archi-vowels-HDK.wav	í	32	29.505	223.2335040847387	470.961	2831.824	3264.682	40.79055673391794	19.301656100374647	26.170365870106046	17.846478865859265	36.689880232545185	28.840040205680538	7.330208259064551	-5.360342403793785	43.034609732374776	36.668341152389175	18.822511333650716	38.28436251030277	31.7708673373048	29.947902369465883	46.17803536996142	145.64341170924214	192.34763758064796	21.48890063354329	-6.8687097697313995	22.944077868058674	4.100676501372753	11.9505165282374	12.690550662858335	6.366268579985601	17.84582981873846	4.750247222072005	11.263742395069976	13.086707362908893	0	19.485261748243875	18.344517972022285	18.2873556432312	13.742302021257466	72.68556057318001	0.07588305484788291
archi-vowels-HDK.wav	í	33	31.428	219.6864224284097	426.689	2932.027	3771.519	35.88251606056605	25.481289195882404	17.913934863883867	24.26586783173051	31.04919033235397	34.358751411151175	9.136271899255382	5.04155861812209	38.57231012874304	43.58887904441489	8.547578929918929	43.58887904441489	23.55462986070176	24.353922032073893	47.274637796891575	154.65357981296765	251.43419940616423	10.401226864683643	7.567354331998537	11.616648228835537	4.833325728212078	1.523764649414872	4.094713281133292	-5.016568915671847	35.04130011449596	-5.016568915671847	15.017680268041282	14.218388096669148	29.628	22.517205985784038	22.556198714203322	22.503535479458407	20.63714353593394	72.7560945411555	0.0524399294580287
 archi-vowels-HDK.wav	í	33	31.473	214.8855703674769	435.072	2842.903	3700.408	35.64452453453388	26.38903855546019	24.98299027913984	26.214858124357818	30.552172022007458	34.84634114532727	11.969539077117874	8.663846495712066	38.09560481652447	45.90876259250456	16.585221837684326	45.90876259250456	24.288517495999823	25.234210976302816	46.28573678139075	143.99472520431857	239.90334365164446	9.25548597907369	1.4060482763203481	9.429666410176061	5.092352512526421	0.7981833892066064	3.3056925814058076	-7.813157775980088	29.323540754820232	-7.813157775980088	13.807087320524648	12.861393840221655	23.644	26.250352476956813	25.675770298546254	25.500278786506293	19.871781431821184	73.70309656107577	0.05529106367888139
 archi-vowels-HDK.wav	í	33	31.518	214.8156666201354	432.365	2922.23	3560.429	34.49644472568002	23.009819200457876	25.08181139032039	22.974967590103763	33.469008330736045	32.247106449306116	7.492398814415498	10.752267783669598	36.97717499621357	42.5761669073978	16.499462739204564	42.5761669073978	26.389959165525557	26.562471153537818	46.420472596303924	151.94039183058334	222.9387768090038	11.486625525222145	-2.071992189862513	11.521477135576259	1.027436394943976	2.249338276373905	-3.2598689692541	-5.598991911184228	26.076704168193235	-5.598991911184228	10.587215830688013	10.414703842675753	26.918	28.670087159271826	28.48076890531351	28.401583898083164	22.796428088063525	71.14399289439157	0.05256221888024734
 archi-vowels-HDK.wav	í	33	31.564	215.83314523134453	434.244	2882.316	3573.53	35.10338795065514	17.51679119279154	13.945196474817422	17.486933902964594	26.829261994446256	21.573291713558465	2.8191607623721597	-0.39132694073285723	37.58832773228227	37.13119875491004	5.3848738052875085	37.13119875491004	20.1597175684607	14.969901244288844	46.42912332768095	148.24797085922165	225.0285406360096	17.5865967578636	3.5715947179741185	17.616454047690546	8.274125956208884	13.530096237096675	3.210487703105017	0.45712897737223557	31.74632494962253	0.45712897737223557	17.428610163821574	22.618426487993432	28.88	24.263155055088156	23.001916617314254	22.932108707416326	18.422972171656514	67.63500101612522	0.04927369817813509
 archi-vowels-HDK.wav	í	33	31.609	193.57850445547518	388.731	2925.424	3574.65	28.060970439795312	7.367106967607533	5.5911801243570665	8.293593954315213	9.033302965200306	12.681436921613077	-13.740540842774141	-18.580756631651802	30.536387010110783	25.780757543470884	-3.198391122924445	26.709852363893063	0.4830910659245339	5.321973903895207	47.6619696886131	144.82908713603234	213.66545329662506	20.69386347218778	1.775926843250467	19.7673764854801	19.027667474595006	15.379533518182235	4.840215788877661	4.755629466639899	28.97914866639533	3.82653464621772	30.05329594418625	25.214413106215574	19.449	9.17461423077837	8.946572610072348	8.937227312691014	8.842142116310475	58.443218256401124	0.02010128124441865
archi-vowels-HDK.wav	í	34	32.339	209.38741454319134	424.925	1991.961	2928.625	32.52717403526966	22.738016674736464	15.284697917282998	22.492586940920066	6.021420118156442	34.87979762968911	8.047760990007905	7.1730393422632215	35.01080765978064	42.1824655823241	7.797139001974847	42.1824655823241	8.047760990007905	26.34806350819318	46.277584876521125	76.3034201068215	150.68776611770502	9.789157360533196	7.4533187574534665	10.034587094349593	26.505753917113218	-2.3526235944194482	0.8747216477446838	-7.17165792254346	34.38532658034925	-7.17165792254346	26.963046669772734	8.662744151587457	21.429	13.829080659542756	13.326178339343898	13.27427886065865	12.374347341320298	70.11404873212254	0.045951317400886184
 archi-vowels-HDK.wav	í	34	32.378	212.32577763944968	416.186	2332.964	3062.907	33.09290936413113	21.75084313300805	16.14310985939549	21.14939357041442	10.739414707438538	29.651909828627396	11.547659077758878	10.107443997409707	35.74869653017253	40.36419453675609	7.401708462417441	40.36419453675609	8.711036431033834	23.65546724936646	47.207297083707594	98.72323967778297	165.65512096606366	11.34206623112308	5.60773327361256	11.94351579371671	22.353494656692593	3.4409995355037353	1.4402150803491711	-4.615498006583557	32.96248607433865	-4.615498006583557	27.037660099138698	12.09322928080607	22.025	24.729862548058755	24.868173478596425	24.75943748403393	18.78372214983203	69.020243527005	0.04773271632723681
 archi-vowels-HDK.wav	í	34	32.416	214.4220474285969	421.972	2422.54	3030.898	33.42899410495165	23.031817270345847	15.714957620240458	22.614373079369148	9.592323368479846	24.934550513676502	9.102662869313825	11.939523192803655	36.05835660629711	41.97022360035943	6.992792323876888	41.97022360035943	6.846567964253422	21.537866397634602	47.01655476820873	106.10892093094712	163.06707648295742	10.397176834605801	7.316859650105389	10.8146210255825	23.836670736471802	8.494443591275147	-2.83686032348983	-5.911866994062322	34.97743127648255	-5.911866994062322	29.211788642043686	14.520490208662508	20.461	28.830809067710582	28.86367259847793	28.735504281033645	21.9438240528152	69.90463725036848	0.04782515068289998
 archi-vowels-HDK.wav	í	34	32.455	209.75363092811398	443.027	2930.05	3518.349	33.61542397103682	18.94361545215777	21.067718287125345	15.986907656080874	30.92050720610631	22.908203987759595	3.6517483009732215	-2.579621280091311	35.842227841149864	36.00292076903313	13.579409735980645	36.00292076903313	24.305116340242563	18.83437618163345	45.3829631461863	150.96014916226844	215.40367949195587	14.67180851887905	-2.1241028349675766	17.628516314955945	2.6949167649305075	10.707219983277223	6.231369581064532	-0.16069292788326806	22.423511033052485	-0.16069292788326806	11.5371115009073	17.007851659516415	24.543	19.2693080575333	18.747717476059574	18.71236448447007	15.732918629138915	67.06750869580107	0.05093340991929043
 archi-vowels-HDK.wav	í	34	32.493	211.56243425991732	481.409	2990.086	3532.78	33.427674695754774	20.611420604108126	18.183722331499013	12.22527553316413	22.974291747298732	19.517273623709528	-1.9329148549092192	-6.135147397174108	35.320518249847666	33.06580292753668	12.52306386179117	33.06580292753668	17.276811225349128	17.704929309294386	44.97655542372652	157.7451854767117	218.00686111642827	12.816254091646648	2.4276982726091134	21.202399162590645	10.453382948456042	13.910401072045246	4.2022325422648885	2.254715322310986	20.542739065745508	2.254715322310986	18.043707024498538	17.61558894055328	0	23.558456594070694	23.57622458953481	23.524622352337676	19.27607278927797	64.62803918892638	0.04159407215052136
archi-vowels-HDK.wav	íˤ	35	33.269	212.36290819604366	450.644	2153.909	3023.809	25.221793860128596	21.550792770819598	19.334666057000014	18.134369453101492	28.490349994986964	27.395645303525665	29.781174647610676	10.031115456351596	27.46654279285717	38.483823716035324	12.683993100069069	38.483823716035324	29.781174647610676	20.58516910965021	45.39316446003115	86.35858556526773	161.5509844187586	3.671001089308998	2.216126713819584	7.087424407027104	-3.2685561348583683	-2.1738514433970693	19.75005919125908	-11.017280923178156	25.799830615966258	-11.017280923178156	-2.3146318547535074	6.881373683206959	24.315	22.302451310569072	15.73440045498897	9.68146848741138	8.394862106220373	67.38999069478204	0.04050903736215354
 archi-vowels-HDK.wav	íˤ	35	33.316	213.7011342632211	433.401	2385.817	3305.21	32.32807231484894	26.39988952401207	26.900665274269524	26.169031203248487	29.756747512343583	34.96690133656373	15.304695040326234	9.607685802930044	34.78992572126749	45.92264944652192	18.90238171758019	45.92264944652192	27.878875695636808	25.670004499169327	46.24604424501815	103.05271634669349	192.7672596259358	5.928182790836868	-0.5007757502574535	6.159041111600452	2.5713248025053552	-2.638829021714791	5.697009237396189	-11.132723725254436	27.020267728941732	-11.132723725254436	6.911050025630679	9.11992122209816	25.033	26.22020144356849	25.884876900329076	22.740506017419424	19.007537479281318	73.11427427107864	0.08668819256352223
 archi-vowels-HDK.wav	íˤ	35	33.363	213.824285044727	423.565	2649.369	3456.887	33.25440348528166	22.834292186608067	21.353711372167304	22.667005351134033	29.423885566038187	32.474283856201495	13.289257841305472	7.359987218906301	35.83409463875368	42.044389200062355	12.574399046152145	42.044389200062355	24.509209896591315	23.981179926684696	46.844591563301016	125.29083348763436	210.2343500695703	10.42011129867359	1.4805808144407635	10.587398134147623	3.8305179192434693	0.7801196290801613	5.929270622399171	-6.210294561308672	29.46999015391021	-6.210294561308672	11.324884742162368	11.852914712068987	28.206	33.1137852540139	31.92815360910647	31.32678256463929	27.105024153328717	70.19996823805353	0.07219710137428523
 archi-vowels-HDK.wav	íˤ	35	33.409	210.74391411497314	417.98	2731.264	3296.451	32.94921647006483	21.27108471838438	18.8276163016038	21.14221471198272	30.288460894634937	28.20096004336876	4.781050797519686	0.5961144051025936	35.515813471722474	40.37545045538639	9.990226812770736	40.37545045538639	24.423814854750077	24.424165760016457	46.90063955957601	131.9217045295718	190.47137647530434	11.678131751680453	2.443468416780579	11.807001758082112	2.6607555754298957	4.748256426696074	4.184936392417093	-4.859636983663918	30.385223642615657	-4.859636983663918	11.091998616972397	11.091647711706017	22.791	24.77631379139344	24.893494789085754	24.688157596543725	17.563459288074082	68.91894617315673	0.06960777067245191
 archi-vowels-HDK.wav	íˤ	35	33.456	199.59469157528312	436.632	2957.307	3131.001	33.28098324265956	22.506280193334234	13.236634728320128	17.03216900473615	33.522025885235124	17.248004774879128	0.8119355424777518	-8.030000908323418	35.3366463519343	37.06657120858881	6.516278473314911	37.06657120858881	26.618061706979237	26.618061706979237	44.5835725563777	150.09148336488934	167.8451160387465	10.774703049325325	9.269645465014106	16.24881423792341	-0.24104264257556451	16.03297846778043	8.84193645080117	-1.7299248566545131	30.5502927352739	-1.7299248566545131	8.718584644955062	8.718584644955062	0	23.052119219120986	22.658135795982943	22.543840393890147	19.023548952229298	66.44544703273176	0.057500924737329824
archi-vowels-HDK.wav	íˤ	36	34.084	--undefined--	458.289	2304.403	3171.52	--undefined--	--undefined--	--undefined--	--undefined--	--undefined--	--undefined--	0	0	0	0	0	0	0	0	--undefined--	--undefined--	--undefined--	--undefined--	--undefined--	--undefined--	--undefined--	--undefined--	0	0	0	0	0	0	22.584	6.605619430699377	8.603003747428652	7.057115555645677	6.6512922249757676	58.673517424227754	0.014256472039480573
 archi-vowels-HDK.wav	íˤ	36	34.131	210.9279263776617	422.578	2535.954	3291.004	28.737552808387086	23.74932337659097	26.273493524166057	23.75171146244413	26.72708672110015	33.36366749632212	15.963427558824673	10.445602736597667	31.255940679473046	43.17432019577791	17.81717785620945	43.17432019577791	22.935672884628193	26.339582024223294	46.59745082109897	114.53839886486361	189.94308390060394	4.9882294317961176	-2.524170147575088	4.985841345942955	2.010466087286936	-4.626114687935036	5.517824822227006	-11.918379516304864	25.35714233956846	-11.918379516304864	8.320267794844852	4.916358655249752	22.884	21.82870970212403	19.794831744594237	17.625508472990465	14.752847651373129	70.35300325780916	0.060574134099630604
 archi-vowels-HDK.wav	íˤ	36	34.178	208.6997118602132	412.804	2774.483	3299.455	32.733322223644805	22.59852496423291	24.66150948481346	22.392371625005996	33.0662172577114	26.46366810401731	11.126059995763796	8.770831694790996	35.31203605667468	41.47450293754393	15.716701558127044	41.47450293754393	26.62081849864496	23.321113578491524	47.074629599415466	135.35995690486808	189.90224872335116	10.134797259411894	-2.0629845205805495	10.340950598638809	-0.3328950340665955	6.269654119627496	2.355228300972801	-6.162466880869253	25.75780137941689	-6.162466880869253	8.691217558029717	11.990922478183155	23.618	31.492301551305147	27.418015493423766	25.12384163913108	16.1401449511327	69.8793735296758	0.06794923238709608
 archi-vowels-HDK.wav	íˤ	36	34.225	202.59170396723596	418.976	2872.958	3424.914	32.741359096605926	24.746314264320823	22.026711548635653	23.540829991265152	35.1792086649731	25.995288776978015	5.249383524405179	5.03777699244217	35.070355073052966	42.9539728332722	14.01321202580002	42.9539728332722	28.22630876418206	22.165358475077777	45.941929497283546	142.8318519598249	201.17131883198962	7.995044832285103	2.71960271568517	9.200529105340774	-2.4378495683671773	6.746070319627911	0.2116065319630085	-7.883617760219238	28.940760807472184	-7.883617760219238	6.8440463088709045	12.904996597975188	27.839	32.635818916390775	31.74340918488246	30.76837672194059	20.17322190628684	70.34448056735805	0.06711314828220553
 archi-vowels-HDK.wav	íˤ	36	34.272	195.32269618516366	373.538	2864.501	3225.316	32.70867699351277	24.597256236799627	26.564687796940383	22.729727095890066	33.09874977033692	24.701417525087386	-0.23816300708640395	-5.949409242191852	35.47088078564365	40.43719532051523	16.70537301624701	40.43719532051523	24.3511091646671	24.3511091646671	49.68748305880179	139.5675995035898	176.0357419826962	8.111420756713141	-1.9674315601407564	9.978949897622702	-0.3900727768241552	8.007259468425381	5.711246235105448	-4.966314534871579	23.73182230426822	-4.966314534871579	11.11977162097655	11.11977162097655	0	28.44833348433415	25.42259430947381	25.271857511390557	18.966811986894015	67.90319839968076	0.056329044169444197
archi-vowels-HDK.wav	íˤ	37	34.606	320.97343833787886	500.244	2516.103	3681.226	45.289766476001475	37.483670157897336	25.160674432934833	20.818499937862935	39.723474675677934	44.39343434093317	26.25415735430559	21.57756499787591	49.95370144010181	41.70968059184257	12.890900400198433	39.901312344730485	37.191341855644254	31.18836655980253	58.09021411545137	141.68898954421792	295.50582167975995	7.806096318104139	12.322995724962503	24.47126653813854	5.56629180032354	0.896332135068306	4.67659235642968	8.24402084825924	28.818780191644137	10.052389095371325	12.762359584457556	18.765334880299278	23.145	36.092369195370935	32.004695449149004	31.12133532434313	26.718150504878423	78.81060133260786	0.11621728473706641
 archi-vowels-HDK.wav	íˤ	37	34.655	337.9788714089524	457.818	2630.104	3413.778	42.847985053924816	42.32798138300066	33.46332357573824	31.41811537612447	45.73115113647222	43.61766806085662	26.476191071513234	33.12961980447239	49.61408023131786	41.448957779045756	18.440379885775588	49.61408023131786	40.216794501500786	34.842644675382246	58.3471492828261	158.91155528667133	263.96389404565053	0.5200036709241544	8.864657807262425	11.429869677800347	-2.8831660825474046	-0.7696830069318068	-6.653428732959156	8.1651224522721	23.008577893270168	0	9.39728572981707	14.77143555593561	25.355	37.09082644154422	34.2117958946102	31.011186743990464	23.457304298756654	79.58209294578965	0.10633447724940075
 archi-vowels-HDK.wav	íˤ	37	34.705	339.267976434351	446.37	2560.565	2922.518	41.70902856106399	41.10003924332875	29.24850453120688	31.17055090103373	37.77986214025171	32.14258036497486	23.224488480069905	29.21473569902606	49.06782626567518	39.35704162049842	13.85748866086779	49.06782626567518	32.474238302023714	33.764461636362036	58.897281198144036	151.37566121810232	195.4662978390282	0.6089893177352366	11.851534712121872	10.538477660030257	3.9291664208122796	9.566448196089127	-5.990247218956156	9.710784645176759	25.49955295963063	0	16.593587963651466	15.303364629313144	25.916	43.325662952386644	37.241455815577424	32.41013099194437	25.615644588902235	78.51908686569585	0.09775892744722468
 archi-vowels-HDK.wav	íˤ	37	34.754	325.75915467505376	481.261	2369.486	2904.133	36.88355257399408	42.44403736845804	31.2835838627671	21.02365245524626	35.73873409389961	36.89781605004035	33.930155482696094	13.445548239889359	42.25640377166323	44.63403212619838	18.43806592719036	39.9699235944056	33.930155482696094	35.952231926233075	56.8765486410136	128.0970104763534	188.40088207124606	-5.56048479446396	11.160453505690942	15.85990011874782	1.1448184800944716	-0.014263476046266987	20.484607242806735	-2.3776283545351475	26.195966199008016	2.28648017725763	8.326248288967136	6.3041718454301545	26.688	29.40545330597981	23.441814122186464	21.408906623522697	15.044064888363206	75.75825508029838	0.05157007533465436
 archi-vowels-HDK.wav	íˤ	37	34.804	--undefined--	599.935	2174.316	2529.285	--undefined--	--undefined--	--undefined--	--undefined--	--undefined--	--undefined--	0	0	0	0	0	0	0	0	--undefined--	--undefined--	--undefined--	--undefined--	--undefined--	--undefined--	--undefined--	--undefined--	0	0	0	0	0	0	17.196	-0.23960086369110997	6.216592034622974	5.283915929880417	5.130578968905359	69.78252777465022	0.010973584571060149
archi-vowels-HDK.wav	íˤ	38	35.71	282.6699220945639	467.618	2691.648	3737.65	39.63030899315048	32.62558827030509	22.09759445864135	18.542733503656628	30.866060079991556	38.60441405138293	12.41570102714881	25.351912773196776	43.61413989481925	39.46163180914666	10.121477464045459	37.84934810643362	26.037967458422237	26.254260836269886	52.396346812450645	149.66213482668073	282.5957976162101	7.004720722845391	10.527993811663737	21.08757548949385	8.764248913158923	1.0258949417675467	-12.936211746047967	4.1525080856725936	29.3401543451012	5.7647917883856366	17.576172436397016	17.359879058549367	26.526	30.45293787091509	27.987888783427447	27.868896639252636	26.62411611872473	72.06602471998235	0.05900880368726554
 archi-vowels-HDK.wav	íˤ	38	35.757	292.6652714847383	433.56	2757.715	3515.295	43.913510033840645	37.40339095217831	32.59040052710161	26.915967583222223	43.159550831211256	43.18097221406668	18.92256244585183	28.692102826494036	49.16432702494933	39.39966083262454	18.398240057122212	45.15579977121427	36.19626720522967	34.24352564285553	54.65617348162536	159.97512738440832	256.5353627257498	6.5101190816623316	4.8129904250767055	16.997542450618422	0.7539592026293889	0.7325378197739667	-9.769540380642205	9.764666192324789	21.00142077550233	4.0085272537350605	12.968059819719663	14.9208013820938	29.769	38.38205728398207	31.946734174857106	31.609302286126372	24.563578901796284	76.97350597659587	0.10540877083893434
 archi-vowels-HDK.wav	íˤ	38	35.803	292.7164472060554	387.374	2670.775	3306.565	41.11209605001761	40.22201864348237	35.05996507796079	27.525213056016305	47.11047382671719	45.84715664391524	20.53304867545838	25.70192216056664	48.206052536788924	38.43646896908806	18.777014927205794	44.063050219461616	38.97698482559731	37.82709477731417	59.27255560920685	150.3814124086108	228.0681475859285	0.8900774065352408	5.162053565521582	13.586882994001307	-5.998377776699577	-4.735060593897629	-5.168873485108257	9.769583567700863	19.659454041882267	4.1430023173273085	9.229067711191611	10.378957759474751	26.574	42.809053254986196	39.62995195511422	38.531036523083046	28.206657517411	76.51526289610689	0.09457628851889023
 archi-vowels-HDK.wav	íˤ	38	35.849	292.5109417569063	446.461	2604.865	3185.04	38.80866538142658	39.23166025569019	30.233581464763798	21.203475801758227	43.30557491328531	42.213493851550325	28.09206324567465	23.888955726300644	43.68641325675044	42.44496257961353	16.873624583491704	39.84723353890708	38.32049874314821	38.2553756027473	53.96941762768313	143.30255926863992	211.9772368409921	-0.42299487426360827	8.998078790926389	17.60518957966835	-4.4969095318587335	-3.4048284701237463	4.203107519374008	1.2414506771369105	25.571337996121827	3.8391797178433578	5.365914513602235	5.431037654003141	25.111	33.65052535904472	27.044181283921493	23.576008698766422	14.845696623759359	74.63521789758586	0.058395517701574626
 archi-vowels-HDK.wav	íˤ	38	35.896	--undefined--	576.097	2125.639	2737.09	--undefined--	--undefined--	--undefined--	--undefined--	--undefined--	--undefined--	0	0	0	0	0	0	0	0	--undefined--	--undefined--	--undefined--	--undefined--	--undefined--	--undefined--	--undefined--	--undefined--	0	0	0	0	0	0	17.335	6.508341437262267	6.999124944473174	4.317976343609252	4.268686040942782	68.51323075229625	0.007853903011397685
archi-vowels-HDK.wav	ú	39	36.73	289.07451466338983	557.355	2514.425	4284.546	40.828224350179624	21.881203431007577	9.611618076672825	19.846016981405302	-5.355951457758486	15.575478850143732	-4.850560098544003	5.062767331140277	43.63743299312933	40.273640336700815	1.3331727784160539	40.273640336700815	-5.38648408908081	-3.3279458941156954	55.96620036936195	133.16828744695772	371.2162210529847	18.947020919172047	12.269585354334753	20.982207368774322	46.18417580793811	25.252745500035893	-9.91332742968428	3.363792656428515	38.94046755828476	3.363792656428515	49.02391708221014	46.96537888724502	15.248	14.9835365953132	13.21472781910263	13.21394891815837	13.210496418316083	71.9715921081249	0.039756946693349136
 archi-vowels-HDK.wav	ú	39	36.767	287.62114460947845	547.14	1411.535	2972.671	46.64031341914891	29.00774254814299	14.418561939706965	25.893469130859106	-0.12190117827086411	14.763185278331044	5.387323138126323	12.381665397128675	49.7874286184154	47.19308894264125	13.196461016754647	47.19308894264125	11.536740996494457	-0.5034065946818475	55.595266989951895	65.73754132140128	183.43328902451887	17.63257087100592	14.589180608436024	20.746844288289804	46.76221459741977	31.877128140817867	-6.994342259002352	2.594339675774144	33.99662792588661	2.594339675774144	38.25068762192094	50.290835213097246	22.238	31.372255965187282	28.51025646290342	28.47993891207898	28.463683582291445	77.99498768672854	0.07591919572009796
 archi-vowels-HDK.wav	ú	39	36.803	297.22764246161125	455.519	1216.426	3120.273	48.06728765848586	37.33809370682048	9.788027295398969	30.16180498371692	7.9162821212193535	35.67201127401019	8.068035592669489	24.965277751422867	53.320950834235575	42.63663302599417	17.876457049050426	50.0015573115613	17.876457049050426	11.532805778971838	54.14690857941214	63.508505980105014	205.5164851005753	10.72919395166538	27.55006641142151	17.90548267476894	40.15100553726651	12.395276384475672	-16.89724215875338	10.684317808241403	24.760175976943746	3.3193935226742752	35.444493785185145	41.78814505526374	27.256	32.4055379787028	27.031647241713827	27.04409249903973	27.040294281638694	80.38519094490424	0.10805920206987941
 archi-vowels-HDK.wav	ú	39	36.84	298.2936810676699	377.751	927.022	3389.789	44.09242881486241	42.04692339651687	39.405398986997405	32.32874615737565	35.550735165216	51.955744872590344	8.730619376017403	17.63900812144604	52.97158087974783	43.15085195353628	24.032634926831452	49.74274050618366	45.22827083255204	15.533053694607533	61.336503567016145	61.07151213979174	241.885450284518	2.0455054183455417	2.6415244095194623	11.763682657486761	8.541693649646412	-7.8633160577279355	-8.908388745428637	9.820728926211551	19.11821702670483	3.228840373564175	7.743310047195791	37.4385271851403	26.61	42.5865810129679	23.34304001302761	23.34003580900827	23.300327454366823	80.57332851199527	0.10145463464004006
 archi-vowels-HDK.wav	ú	39	36.877	278.9688800897137	419.064	1183.073	3356.692	41.34737283080729	36.04673219302233	34.36325569404144	21.996833539942884	29.88498570634968	43.492105558564575	9.689055878113685	-9.579953700264822	46.80037103426691	40.34487638281127	37.06715483375471	40.954287420295145	38.8622947636238	14.330480977713261	54.23791242084681	60.86628613245613	228.50331765207375	5.300640637784959	1.6834764989808875	19.350539290864404	11.462387124457607	-2.1447327277572867	19.26900957837851	6.455494651455638	3.277721549056565	5.846083613971764	7.9380762706431085	32.46989005655365	16.651	28.799243452233533	15.888154602640085	15.894757024450918	15.817348893054934	76.50882512683847	0.0713601299467701
archi-vowels-HDK.wav	ú	40	37.651	226.53500950371244	442.422	1029.474	2679.235	31.933021722551715	18.440430303207556	11.973362466468686	17.62758195058548	1.7644700704287075	18.077363874163105	-9.571927167563137	2.1660752829198766	34.973178742760894	38.86455270853249	14.670741992276817	38.86455270853249	14.644618550995547	-1.7328417932736562	47.1802446624018	53.22598938279745	131.7697578516642	13.492591419344159	6.46706783673887	14.305439771966235	30.168551652123007	13.85565784838861	-11.738002450483014	-3.8913739657715993	24.193810716255676	-3.8913739657715993	20.328560191765348	36.70602053603455	16.758	4.48498674519734	4.2238925085867365	4.222744725029503	4.222097018797258	68.08512382167781	0.04418527451512356
 archi-vowels-HDK.wav	ú	40	37.686	240.591043959299	513.794	790.82	2715.501	35.03433454731958	21.468960599176718	14.790632409967866	16.66679244410333	12.046430204107374	18.583138873289734	-8.987064521649513	6.94124723764864	38.00588625469144	41.699884415406444	13.09561917658591	41.699884415406444	32.73522946161854	-4.589001276880385	49.762267478075394	53.40917763422216	139.4909097558777	13.565373948142863	6.678328189208852	18.367542103216252	22.987904343212207	16.451195674029847	-15.928311759298154	-3.6939981607150045	28.604265238820535	-3.6939981607150045	5.270656793072902	42.59488753157183	22.706	22.696546702594873	22.962196585847423	22.926846158935067	22.911432527434403	70.8475641828922	0.06153013505244766
 archi-vowels-HDK.wav	ú	40	37.722	247.55065068123787	453.421	742.347	2504.522	36.7496440666255	21.168674285050116	26.826097260545655	16.320619966282358	18.419971918371267	15.364784755676194	-4.083842513408725	9.112433480365263	40.803597433816485	39.29801433302741	17.466548732955328	39.70074347803226	36.72012867144318	-7.79823735721455	49.003077441886056	53.823355696464866	121.40999537908219	15.580969781575384	-5.657422975495539	20.429024100343142	18.329672148254232	21.384859310949306	-13.196275993773988	1.5055831007890745	21.831465600072082	1.1028539557842265	4.0834687623733075	48.60183479103104	20.75	22.38845924567628	20.689186921872352	20.684044741655335	20.68054329030271	72.04427343186909	0.07899645526513205
 archi-vowels-HDK.wav	ú	40	37.757	247.16463169353423	435.858	743.367	3504.718	36.52024283759608	21.510542353327402	29.328445973575622	14.186314143342301	17.60631654542108	36.54761711903566	-0.594397760848382	10.319080067193099	40.85254524900744	36.71418050391814	19.261682504455596	36.71418050391814	34.82304824738086	-1.993694158173941	49.678902346816336	53.78789444891078	232.4250927968472	15.009700484268677	-7.81790362024822	22.33392869425378	18.913926292175	-0.02737428143957743	-10.913477828041481	4.138364745089298	17.452497999462548	4.138364745089298	6.029497001626581	42.84623940718138	27.072	30.170949520686705	25.798353724086837	25.771246105578115	25.759970054801954	71.36643228993651	0.0808245841339344
 archi-vowels-HDK.wav	ú	40	37.792	243.04075005181778	460.477	1126.88	3443.387	37.316668498698576	23.709122805737906	23.56052626386792	20.40692019344204	9.9404584903278	32.75024137915469	-0.2264376984754982	-11.011362904872751	40.532641435441334	41.58983911078944	24.531317255922758	41.58983911078944	22.116942622212772	3.7997769795254217	48.36523049151595	55.9407182625487	222.71514307091664	13.60754569296067	0.14859654186998483	16.909748305256535	27.376210008370776	4.566427119543889	10.784925206397252	-1.0571976753481067	17.058521854866683	-1.0571976753481067	18.415698813228563	36.732864455915916	22.273	30.23766502392668	15.855532510736836	15.851113556445593	15.825524697999658	72.17244023566823	0.07567777780262083
archi-vowels-HDK.wav	úˤ	41	38.602	291.7686040043828	568.631	2134.35	3691.374	32.54035685949482	21.81279707730379	13.161884518772762	20.668286626747737	-6.034848771004523	2.356973149086457	2.7835746071455403	-5.607395457001399	35.3317449793503	41.390943192445036	6.147232859866586	41.390943192445036	-1.7157651617353078	-12.999241709534617	56.487461852825724	100.75545681419112	281.0130742333929	10.72755978219103	8.65091255853103	11.872070232747085	38.57520563049934	30.183383710408364	8.39097006414694	-6.059198213094739	35.24371033257845	-6.059198213094739	37.0475101410856	48.33098668888491	22.275	23.991392426441436	23.3621484562569	23.330411088286006	23.326526712914315	69.64829594605511	0.0324538292496389
 archi-vowels-HDK.wav	úˤ	41	38.653	308.20006211786847	629.852	1896.088	3975.78	42.9316940637668	22.724450102765825	18.104120273404227	21.961343636299045	3.518071555669927	28.04964372126919	13.471495050459026	13.020701547970756	45.5215969892421	43.51198532760893	13.8681325381319	43.51198532760893	12.174335890676435	7.7914333212406275	59.39205619464697	87.91693780384534	333.67167306302713	20.207243961000973	4.620329829361598	20.970350427467753	39.41362250809687	14.882050342497607	0.45079350248827055	2.0096116616331656	29.643852789477034	2.0096116616331656	33.34726109856567	37.730163668001474	22.571	36.23549939603196	25.393115561993376	25.354077439226323	25.354082679482516	75.31250458162143	0.0993092422475341
 archi-vowels-HDK.wav	úˤ	41	38.705	319.5276290436112	627.377	2204.282	3883.46	44.786246220605385	25.517680803484982	23.36110340126637	24.86536034611205	13.132211505671709	23.086752132589872	18.071495200747066	10.480785004434985	47.55503252602221	45.92246173353572	16.99238732412492	45.92246173353572	18.071495200747066	7.306760526313719	60.62593382700106	111.86903611049681	326.0326285230664	19.268565417120403	2.1565774022186126	19.920885874493337	31.654034714933676	21.699494088015513	7.590710196312081	1.63257079248649	28.9300744094108	1.63257079248649	29.483537325275144	40.24827199970849	25.365	35.70153561040848	28.984517439019953	28.894580846653753	28.875330170266494	77.48606935805998	0.12682782878805937
 archi-vowels-HDK.wav	úˤ	41	38.756	324.85535337366343	690.268	1572.492	3059.71	43.819698104936336	25.29484718464615	20.956698743053238	20.998767252965603	2.237512900494295	24.225205076694422	15.129282447322032	14.296291272270656	46.35736865850845	43.79547139907467	22.791359265238405	43.79547139907467	16.263987153075327	13.6278665183022	62.12924774182805	75.32536855918127	208.34668599062337	18.524850920290184	4.338148441592914	22.820930851970733	41.58218520444204	19.594493028241914	0.8329911750513759	2.5618972594337777	21.004112133836266	2.5618972594337777	30.093381505433122	32.72950214020625	23.699	57.53813761459115	30.61030239853185	30.543375970447244	30.50381347828474	76.46083071010354	0.10946529979169907
 archi-vowels-HDK.wav	úˤ	41	38.808	324.224130339237	587.949	1347.178	2888.683	41.75360077702806	30.59007240583007	21.75173328568222	23.61402805048057	17.791090247338545	42.317875102681434	18.405067298588904	13.67323934162431	45.383873871909	45.23147629100399	31.094379015816354	45.23147629100399	31.094379015816354	28.082513799904948	60.455329393852054	69.04148360777914	185.91846470195873	11.163528371197991	8.83833912014785	18.13957272654749	23.962510529689517	-0.564274325653372	4.731827956964594	0.15239758090501	14.137097275187639	0.15239758090501	14.289494856092649	17.301360072004055	21.545	34.3177584331952	29.28023772522101	29.22270466063596	27.605772908041303	76.37258687950944	0.10066541122595948
archi-vowels-HDK.wav	úˤ	42	39.77	261.0471640141996	490.717	1007.061	2376.852	30.090054744946954	22.394541371647435	1.8593826951844363	18.404450466840608	-3.0692895466663686	13.126210741536585	-3.9048460522038813	4.384017359310225	33.55007232230939	40.56871088934044	11.420376413435399	40.56871088934044	11.753922041438443	-0.44251768573064115	50.262383625737954	57.18714020252905	113.53519616821389	7.695513373299519	20.535158676463	11.685604278106346	33.15934429161332	16.96384400341037	-8.288863411514107	-7.018638567031047	29.14833447590504	-7.018638567031047	21.796150280870947	33.99259000804003	20.661	11.859510678859342	15.087813563921483	15.074008925244701	15.072513796242875	70.23541643593624	0.057474583536532765
 archi-vowels-HDK.wav	úˤ	42	39.817	286.8375851948425	536.348	925.862	2424.761	38.21555630348505	27.676617227449114	22.94153735085825	23.522605083705173	12.873158027048134	21.35377895883555	6.302290137648622	15.799339177808548	41.98227520314599	46.82087849860012	17.27079847307841	46.82087849860012	30.778596482696805	6.302290137648622	55.2771994544033	59.71414417024304	124.00292298737521	10.538939076035938	4.735079876590863	14.692951219779879	25.342398276436917	16.8617773446495	-9.497049040159926	-4.838603295454135	29.550080025521712	-4.838603295454135	11.203678720449183	35.67998506549737	22.718	22.7473094042063	21.82245141874757	21.815965309781227	21.807091499570568	74.39002173591885	0.07948684165639919
 archi-vowels-HDK.wav	úˤ	42	39.863	292.87320519704804	539.03	865.199	2259.746	40.83791361110435	25.28354783040676	31.709380602219127	20.182226932357025	17.5248429474017	28.002504849734436	9.949072880974478	11.42536356362051	44.89419527573604	44.11808931367797	21.889795115649115	44.11808931367797	36.76515292210947	14.724242694163891	55.99480996281816	60.02349873662435	110.84661471036715	15.554365780697587	-6.425832771812367	20.655686678747323	23.313070663702646	12.835408761369912	-1.476290682646031	0.7761059620580681	22.228294198028856	0.7761059620580681	8.129042353626566	30.169952581572147	22.801	34.31372377028906	27.08407178469774	27.049802359918292	27.046306842796078	74.81055342301619	0.10593721012369715
 archi-vowels-HDK.wav	úˤ	42	39.91	297.46523097343817	525.344	916.11	2347.684	40.829316173445925	28.709716874273084	36.109026727272244	20.901930547803687	17.798807018449416	30.75801605277363	13.995611710644662	9.470342823872125	45.10753401077794	43.79203540049268	27.058381950574194	43.79203540049268	35.17850255691437	16.391530619710878	56.183864796528184	60.9020911676423	119.48085834218703	12.11959929917284	-7.39930985299916	19.927385625642238	23.03050915499651	10.071300120672294	4.525268886772537	1.3154986102852604	16.733653449918485	1.3154986102852604	9.929031453863573	28.716003391067062	25.349	43.341183528634346	27.357338909695308	27.304451744312107	27.28526786225997	74.81578802051956	0.10917279679342635
 archi-vowels-HDK.wav	úˤ	42	39.957	296.18776542415713	552.016	1178.177	2427.334	40.453961730844675	30.132340409636917	26.879623751597165	25.382626703879332	26.546669901536433	28.70038408919154	18.219041112088725	6.362734798706208	43.93608162538935	47.333798220194794	41.03167363860883	47.333798220194794	41.03167363860883	19.119291576863635	56.637079749065244	62.909559350694906	126.53431707797796	10.321621321207758	3.252716658039752	15.071335026965343	13.907291829308242	11.753577641653134	11.856306313382516	-3.397716594805445	6.302124581585964	-3.397716594805445	2.9044079867805195	24.816790048525714	23.583	40.63621910046145	26.27134058107685	26.216507161594315	26.017110835347324	76.74105451673574	0.1033175279065631
archi-vowels-HDK.wav	úˤ	43	41.124	277.6028084583943	552.34	1136.604	2525.711	37.47305632270249	27.27695157994355	22.839516692475158	27.234831820891294	21.024224042972975	32.926883480738105	14.788849455999049	10.089414703661975	40.51076366375013	49.693591837899206	36.39481732561988	49.693591837899206	36.39481732561988	20.991965350208392	54.60447043769015	60.20987168674848	131.26120919252347	10.19610474275894	4.437434887468392	10.238224501811196	16.448832279729515	4.546172841964385	4.6994347523370745	-9.182828174149073	13.298774512279323	-9.182828174149073	4.11594633813025	19.51879831354174	24.17	20.45046771768305	25.85369415625296	25.7397779088012	25.610100621055686	79.0483245943278	0.11727294216548645
 archi-vowels-HDK.wav	úˤ	43	41.158	269.6790591441571	541.055	1169.517	2680.289	34.61404559970593	25.993996361262255	25.539709631421253	25.97538571594564	17.580950146336797	29.910065054360103	9.926469846009436	9.458897157973285	37.54458603962171	48.18458974094473	32.19076392264897	48.18458974094473	32.19076392264897	15.558636450984443	53.50489061165442	59.5850033351886	144.61079609557703	8.620049238443677	0.4542867298410016	8.63865988376029	17.033095453369135	4.7039805453458285	0.46757268803615126	-10.640003701323018	15.993825818295761	-10.640003701323018	5.353822116972744	21.98594958863727	25.398	33.29087692668476	30.97606874103162	30.68876748399511	30.524660957645278	77.90132352518108	0.09393957167841982
 archi-vowels-HDK.wav	úˤ	43	41.191	264.27835521251046	535.474	1119.598	2779.325	32.34102789401538	23.109565778920377	25.592623465799463	22.811610301590754	19.688898858961863	31.777261443384248	9.390109397248448	4.678634779351946	35.23981218020081	45.209275100470556	34.826446330615106	45.209275100470556	34.826446330615106	14.720125902599197	52.79843286640799	58.44000615339336	153.42837802619363	9.231462115095006	-2.4830576868790857	9.529417592424629	12.65212903505352	0.5637664506311353	4.711474617896502	-9.969462920269748	10.38282876985545	-9.969462920269748	0.413365849585702	20.51968627760161	29.127	23.98654814022247	25.137396878091103	25.083011467036794	24.961154718422684	75.20409217956322	0.07445019126743112
 archi-vowels-HDK.wav	úˤ	43	41.224	258.67236677642813	610.169	1070.681	2944.712	35.52578242473559	30.421386773494604	25.795066894778316	18.86061320894764	22.724878025140704	37.36071966285052	17.790511466672065	10.166083871230763	37.756860575236665	43.42038293484783	41.823683608789935	43.42038293484783	41.823683608789935	19.1879157566573	53.531844512343184	57.357889890818974	169.7971721063731	5.104395651240985	4.626319878716288	16.665169215787948	12.800904399594884	-1.8349372381149323	7.624427595441302	-5.663522359611164	1.5966993260578946	-5.663522359611164	-4.06682303355327	18.568944818579364	26.721	28.47321849217996	25.37661009096434	25.16827307389822	24.712724626802537	74.74163156668436	0.09028805611412691
 archi-vowels-HDK.wav	úˤ	43	41.258	254.00650529768976	710.139	1331.366	3346.653	37.48735985378929	28.920647090760724	21.10205326842024	10.875593901120812	4.551414391610777	36.02800726341842	16.181209512085996	13.912305391978002	38.99346812105479	36.45154249622591	28.255462780098327	36.13775286332463	23.536064703314015	19.233964826995518	54.259924300331086	59.85842580226351	215.82017946648486	8.566712763028569	7.818593822340485	26.61176595266848	32.935945462178516	1.4593525903708766	2.268904120107994	2.5419256248288775	8.196079716127585	2.8557152577301608	15.457403417740775	19.75950329405927	25.604	27.485170251420023	16.640459412190374	16.496948568680363	16.01612476347368	71.62724126565212	0.09352484620397723
archi-vowels-HDK.wav	úˤ	44	41.893	250.45368331190383	533.18	1038.585	2514.672	33.52923824923681	25.267206891362868	25.354511962043063	21.05006143788981	22.02834487500173	34.354026635071655	14.634788158219196	2.23652969614423	36.195204182376195	44.06798108345791	38.4862270062965	44.06798108345791	38.4862270062965	20.541547480545155	51.24401225323691	56.13987590653324	123.08806120859809	8.262031357873944	-0.08730507068019477	12.479176811347003	11.500893374235083	-0.824788385834843	12.398258462074967	-7.872776901081714	5.581754077161406	-7.872776901081714	-2.291022823920308	15.65365670183104	23.064	17.494777593798453	15.79616427091407	15.741501638575208	15.622883338848322	73.93815249281721	0.09054285960815672
 archi-vowels-HDK.wav	úˤ	44	41.928	243.29064609442244	510.855	989.941	2595.655	32.81943856911394	23.52973490386003	26.55055300740566	20.566410537370984	25.65434563773769	28.8652248344775	5.852873675644784	1.1157282622534859	35.573199258984346	43.46014900931307	41.99944242508967	43.46014900931307	41.99944242508967	11.966711648149044	49.98904931817234	54.968208916687466	128.6706906406098	9.28970366525391	-3.020818103545629	12.253028031742957	7.16509293137625	3.95421373463644	4.737145413391298	-7.886949750328725	1.4607065842234022	-7.886949750328725	-6.426243166105323	23.606487610835302	23.489	26.126473845108173	23.257156109367394	23.114192282745826	23.07177413089498	74.16704566099489	0.08054390311001211
 archi-vowels-HDK.wav	úˤ	44	41.963	241.79904034876267	571.315	1248.223	2584.189	36.135873620452216	29.625894284624493	28.567439973455485	18.609119225461328	7.322228932269475	24.88568650810152	15.158837628115624	6.449700003962863	38.17053836573043	41.652863860608306	31.097341763874667	41.652863860608306	22.634391382554742	15.199772470455645	51.018972428623435	57.094168019992274	127.18347809435788	6.5099793358277225	1.0584543111690081	17.52675439499089	28.81364468818274	11.250187112350694	8.70913762415276	-3.482325494877877	10.55552209673364	-3.482325494877877	15.536146983175687	22.970765895274784	26.183	28.761003551357824	25.10619045077585	24.619888287310445	24.15809994720082	71.97629105860695	0.10263063303455841
 archi-vowels-HDK.wav	úˤ	44	41.997	240.0013394329383	758.783	1012.9	2922.34	36.09734349578984	29.656537789516825	13.206945636898837	4.273498739754828	9.64887212129198	35.48789641596275	11.90862267323337	5.938073062287189	37.511251349156595	36.2738291573803	36.41926836560886	34.5082416824492	37.12670918628632	20.90597555191508	53.092762397782536	54.722568222531464	160.75303897940154	6.440805706273018	16.44959215261799	31.823844756035015	26.448471374497863	0.6094470798270919	5.970549610946182	1.2374221917762966	-0.14543920822855938	3.003009666707392	0.3845421628702752	16.605275797241514	26.444	29.91094422882484	17.179129264253184	17.090216150276856	16.87844346086492	70.94710287146798	0.0909911877253071
 archi-vowels-HDK.wav	úˤ	44	42.032	234.14175995262224	1178.185	1235.51	3424.6	33.539907898057095	32.705530403191375	11.96131154490607	-10.932066807950317	-10.441967269197423	29.588303421732945	15.592219313071457	12.316082476185263	34.20783611660008	35.54600278136758	28.001707967159383	35.59715508710318	35.59715508710318	20.098361315397394	55.34788307338171	55.98889772835516	216.15238677045136	0.8343774948657199	20.744218858285304	44.471974706007416	43.981875167254515	3.9516044763241496	3.2761368368861934	-1.338166664767499	7.544294814208193	-1.3893189705031048	-1.3893189705031048	14.109474801202683	0	25.769130313746423	14.871974352470028	14.812442868067476	14.487434621907022	68.59562395394542	0.06269393139849683
archi-vowels-HDK.wav	úˤ	45	42.651	254.9250963691245	507.375	1039.799	2731.349	34.00767540691917	17.832891560652882	16.673251038702126	17.7978190133025	15.434170968060066	23.598536188315517	1.4990475581049911	-12.185679877916762	37.046366700316156	40.10542691720134	30.64481452035142	40.10542691720134	30.64481452035142	5.027168806631389	51.1646654024404	56.68201210224906	145.46161758581988	16.174783846266287	1.159640521950756	16.20985639361667	18.573504438859104	10.409139218603652	13.684727436021753	-3.059060216885186	9.460612396849921	-3.059060216885186	6.401552179964735	32.01919789368477	22.154	22.813344296379526	22.198504120303113	22.154917643427865	22.050226657893216	70.48489729341844	0.0489155334347819
 archi-vowels-HDK.wav	úˤ	45	42.687	260.26058070756216	504.669	1023.528	2649.722	33.51880004618729	22.93510448042874	14.602805261973991	21.59182925411242	12.760209807032851	30.843001894550515	-0.8154610766459953	3.115046692737434	36.75462719601258	43.82389301657607	27.991913634086952	43.82389301657607	27.991913634086952	13.150189118640833	51.67601308902134	57.204863703535615	138.73732660318925	10.583695565758546	8.33229921845475	11.926970792074869	20.758590239154437	2.675798151636773	-3.9305077693834294	-7.069265820563494	15.83197938248912	-7.069265820563494	8.762713561925626	23.604438077371746	23.486	25.708246306879676	25.592319165910222	25.573963413185755	25.396263046721543	73.54406872340383	0.04909158603563011
 archi-vowels-HDK.wav	úˤ	45	42.723	258.2855345694356	519.842	1096.814	2786.108	36.1896893253477	22.718467314913283	15.494478969708439	22.64564469807184	9.399758565890274	23.160533531207143	-0.01406712226411035	6.847661344749354	39.12266156052474	44.904139425723514	24.29211152543052	44.904139425723514	24.29211152543052	5.1408303373908515	51.809438879076346	57.52070492633205	152.25055076648692	13.471222010434417	7.223988345204845	13.54404462727586	26.789930759457427	13.029155794140557	-6.861728467013465	-5.781477865198774	20.612027900292993	-5.781477865198774	14.83055003509422	33.98183122313389	25.334	35.96527295918848	34.97909121690831	34.877472333206654	34.537856300533825	74.55000303099241	0.06277260907397146
 archi-vowels-HDK.wav	úˤ	45	42.758	258.0530461582166	560.266	1076.253	2833.765	36.79439096106658	27.43186948198546	15.330371299352542	21.48748714829098	11.252823528974439	29.25141258728006	8.719577059738683	6.2877855672843115	39.36206617079206	44.79519366462041	28.169384928567464	44.79519366462041	28.169384928567464	11.41582340768367	52.610983649226434	57.32694638348772	157.2952571592455	9.362521479081124	12.101498182632916	15.306903812775602	25.541567432092144	7.5429783737865215	2.431791492454371	-5.433127493828351	16.62580873605295	-5.433127493828351	11.192681242224598	27.946242763108394	27.595	29.5909971792282	26.000732949439623	25.83911823457576	25.638928067619865	74.60684959175312	0.06511635744399254
 archi-vowels-HDK.wav	úˤ	45	42.794	255.88756927668112	647.378	1461.756	3202.196	38.50253464893772	33.49193902101459	39.8460272383378	17.703185559313408	6.191853227620502	38.70975685836695	9.590957216420943	6.150286746324902	40.24039012516123	42.995862654946436	42.17812473861156	41.23547995896527	21.348991997568255	24.251056329115347	53.748612011972185	62.76372290673859	198.90105745566999	5.010595627923131	-6.354088217323209	20.79934908962431	32.31068142131721	-0.20722220942923286	3.440670470096041	-2.7554725297852087	0.8177379163348775	-0.9950898338040446	18.89139812759297	15.98933379604588	26.42	34.23331127501792	22.208067927246184	22.079999082440537	21.703767692561414	74.91486002338678	0.07249635356393531
archi-vowels-HDK.wav	úˤ	46	43.804	276.2602520430336	547.943	1108.168	2736.915	32.626473283559754	24.588663928388577	22.973703020783887	24.47826443125502	23.00343597864822	32.52069402372624	5.887201508970119	13.127336287519338	35.70522403891271	47.00005329176223	38.61048951112579	47.00005329176223	38.61048951112579	16.168922170435245	54.36754256219538	59.78206171883352	152.59716101066184	8.037809355171177	1.61496090760469	8.148208852304734	9.623037304911534	0.10577925983351122	-7.240134778549219	-11.294829252849517	8.389563780636436	-11.294829252849517	-2.905265472213081	19.536301868477466	23.738	23.732224609059088	28.62482755134598	28.590262411418237	28.381714951091052	76.99040698326839	0.054492685588025565
 archi-vowels-HDK.wav	úˤ	46	43.83	275.06645069059437	546.224	1123.422	2730.182	34.504761899870665	24.924231783691923	21.766095778833808	24.842468557965965	20.289050894551572	36.67650438427947	5.008010128305851	7.934672156252335	37.55632096525946	47.27162355316837	35.63238186995524	47.27162355316837	35.63238186995524	20.688116420144137	54.20138231891717	59.777339829023845	151.50507320485482	9.580530116178743	3.1581360048581146	9.6622933419047	14.215711005319093	-2.171742484408803	-2.9266620279464837	-9.715302587908909	11.639241683213129	-9.715302587908909	1.9239390953042204	16.868204545115322	32.775	27.488649432397295	29.929798231786656	29.910394824574308	29.71130587364279	77.08588807501434	0.06423590794077687
 archi-vowels-HDK.wav	úˤ	46	43.856	274.27425586677083	557.394	1146.828	2809.654	35.376653011261155	23.320594789304664	31.295529411897462	22.868127567144562	27.057328987308466	37.699117832949874	12.325965407937405	9.61099205872743	38.27323427441777	45.4488335078304	42.25204938107932	45.4488335078304	42.5529822221194	21.183835003455012	54.33987110376821	59.90805737278448	159.9422684938248	12.05605822195649	-7.974934622592798	12.508525444116593	8.319324023952689	-2.322464821688719	2.7149733492099752	-7.175599233412633	3.1967841267510835	-7.175599233412633	-4.27974794770163	17.089399270962755	22.22	27.87936750932616	23.63415755252022	23.397940760089774	22.951377592890122	76.9540157423911	0.07135447123142519
 archi-vowels-HDK.wav	úˤ	46	43.882	276.97453436714903	601.321	1133.949	3049.231	36.7306300573582	24.91895838654918	23.078498982253812	18.834847451298565	21.309348123070045	43.86120604055549	17.434558348882945	10.435722197439556	39.319409099937374	42.42538090197509	38.71384540344652	42.42538090197509	38.71384540344652	24.65394311067296	55.4345455960336	60.10802738373837	188.76466529017176	11.81167167080902	1.8404594042953661	17.895782606059633	15.421281934288153	-7.130575983197289	6.998836151443388	-3.1059718020377147	3.711535498528569	-3.1059718020377147	0.6055636964908544	14.665465989264415	24.283	34.106086759356515	18.539782672193503	18.478118293861627	18.235831571555334	75.29312059639966	0.0732606691960533
 archi-vowels-HDK.wav	úˤ	46	43.909	270.4094689754146	637.364	1486.212	3137.785	37.008881210829195	26.568788610870712	26.01767080040061	15.509092899694334	9.630078938685543	21.40730421574183	15.789182882171339	12.253977025496832	39.014107395398604	38.536504084296624	27.089278239890845	38.536504084296624	23.90013310775233	7.745233504588525	55.25041098917375	65.30263067848004	197.00369199404935	10.440092599958483	0.5511178104701031	21.49978831113486	27.378802272143652	15.601576995087363	3.535205856674507	0.47760331110197995	11.447225844405779	0.47760331110197995	15.113974287646275	31.268873890810077	26.254	13.841283747563368	14.637767620451868	14.103181268495938	13.921566402117557	72.92338149221715	0.07439939268829497
archi-vowels-HDK.wav	úˤ	47	44.927	277.4409836189319	555.506	1147.779	2545.012	35.791091347621155	26.13075294102002	23.633815137026986	26.127407029499707	20.60073702713955	29.281887995651164	15.309362198025973	8.13694251409508	38.78163338662763	48.6068749707248	35.76565974942194	48.6068749707248	35.95129474190375	17.30808605463421	54.650412867017394	60.30149554192861	133.10535467913786	9.660338406601134	2.4969378039930348	9.663684318121447	15.190354320481603	6.50920335196999	7.172419683930892	-9.82524158409717	12.84121522130286	-9.82524158409717	2.8303386447238807	21.473547331993423	22.588	14.797034871279052	20.316869384817036	20.25292009431285	20.192494262856854	78.0676137421422	0.08996348818806965
 archi-vowels-HDK.wav	úˤ	47	44.969	265.2772150256023	544.935	1183.469	2541.52	30.52100678169704	26.06108721896387	28.88183011402169	24.93839675572653	19.24347466583923	21.69350861461064	11.495371021912186	5.206333326114786	33.29585887145948	47.252749519070754	33.908902654728394	47.252749519070754	33.908902654728394	10.32185323027962	53.10347009611202	59.20050339140331	129.51601806872088	4.45991956273317	-2.820742895057819	5.58261002597051	11.27753211585781	8.8274981670864	6.289037695797401	-13.956890647611274	13.34384686434236	-13.956890647611274	-0.613043783268914	22.974005641179858	26.045	26.062745855915797	28.35154321015444	28.166017998974844	28.043851222788057	76.29472358901333	0.061147248191775805
 archi-vowels-HDK.wav	úˤ	47	45.01	259.22872120035953	557.806	1196.242	2412.553	31.852885418875935	26.980292219452224	27.495248124840266	21.876819844156536	16.07065852996827	13.941409537593323	14.99903603455981	2.5912525710264136	34.366075149189456	44.520420293427314	31.67252603474632	44.520420293427314	31.19553775804341	5.832587719936675	52.693653699859965	58.60522836245393	116.17964132489493	4.8725931994237115	-0.5149559053880424	9.9760655747194	15.782226888907665	17.911475881282612	12.407783463533395	-10.154345144237858	12.847894258680995	-10.154345144237858	3.170537391146045	28.53348742925278	25.716	16.233119947617197	19.38015634579028	19.20682076723722	19.17499694020517	73.92263125777313	0.06295567654352728
 archi-vowels-HDK.wav	úˤ	47	45.052	254.81213753800967	663.765	1044.616	2842.531	34.28946504803797	29.322020348205776	13.597382912203457	13.181727407837307	11.87347603135538	35.297421047834966	11.404568968356292	0.1852436636510455	36.19921603599517	39.297112660905896	33.81854823088981	39.4968527672397	33.81854823088981	19.859596475482103	53.83475526695553	56.70272561651923	157.17458586318816	4.967444699832193	15.724637436002318	21.10773764020066	22.415989016682587	-1.007955999796998	11.219325304705247	-3.0978966249107245	5.478564430016085	-3.2976367312445305	2.380667805105361	16.339619560513068	24.067	27.731607089693227	23.185180708999397	23.099880741752663	22.895765912343048	72.24458688726179	0.06868257554018276
 archi-vowels-HDK.wav	úˤ	47	45.094	243.46231493126012	708.506	1446.147	3284.384	32.35320881523337	24.99656927761991	15.390845309868102	10.023233890245404	3.102498535165523	33.72127484699591	13.857050978852484	14.88759192670183	33.69018342653176	31.546865374471036	21.634643048664316	34.94133820393711	20.683965336171557	19.696152796631154	53.03669572743562	60.766406497266836	203.4876726605724	7.356639537613464	9.605723967751807	22.32997492498797	29.25071028006785	-1.3680660317625382	-1.030540947849346	2.1433180520607245	9.91222232580672	-1.2511547774053469	13.006218090360203	13.994030629900607	18.657	16.822969972626634	11.881440562769392	11.810521762402981	11.479798591899115	67.72024443786755	0.04400896612888316
archi-vowels-HDK.wav	úˤ	48	45.806	234.43226416816643	485.618	1144.445	2743.563	29.305699803444256	25.399740670604672	31.1954752027178	23.662465211222752	18.29089880728648	31.42219898212147	1.3696589672589135	13.123145187165248	31.960822764831377	45.61671412889644	32.09941644930028	45.61671412889644	31.52984203199736	14.218372196414936	47.40275733935342	55.05714511883318	140.3943498461264	3.905959132839584	-5.79573453211313	5.6432345922215035	11.014800996157774	-2.1164991786772127	-11.753486219906334	-13.655891364065063	13.517297679596162	-13.655891364065063	0.4309807328340156	17.74245056841644	25.801	31.327775151530318	26.21359074611735	26.16789219378642	26.000171573411155	74.10384748369223	0.0970566656245104
 archi-vowels-HDK.wav	úˤ	48	45.835	229.66749376926558	472.61	1113.448	2668.093	29.18421985701496	28.194528877820765	30.85031174179678	27.00231348036752	14.594330607023949	28.053606682800233	4.8510403949193455	11.856512582059826	31.87863700281588	48.82541472356178	31.841429267028943	48.82541472356178	27.734381039940857	11.174604088308225	46.84198891162482	54.21231714341789	131.63437583605582	0.9896909791941937	-2.6557828639760146	2.18190637664744	14.58988924999101	1.1306131742147265	-7.005472187140481	-16.9467777207459	16.983985456532835	-16.9467777207459	4.144255962875022	20.704032914507653	26.031	35.689438099304105	29.42077877343934	29.348505736651088	29.226500139553274	76.257144499358	0.11571512672811514
 archi-vowels-HDK.wav	úˤ	48	45.864	228.53269522703178	472.184	1010.108	2724.137	30.71341948864221	27.478339133197807	28.732050636496318	25.947778489415143	19.589973744322812	32.01296101261355	2.8826981143006853	8.48450979379036	33.46498313780269	48.198716589646615	34.50884139034041	48.198716589646615	34.110099442782015	12.181420768342209	46.725098929888944	53.340763757039575	136.67631414721643	3.2350803554444028	-1.2537115032985113	4.765640999227067	11.123445744319397	-1.2995415239713424	-5.601811679489675	-14.733733451843925	13.689875199306208	-14.733733451843925	-0.6451163049793252	21.283562369460483	24.715	31.608516178011357	28.087440851622937	28.071019620146384	27.93770986711619	75.85016435568664	0.12545808372618247
 archi-vowels-HDK.wav	úˤ	48	45.894	228.59465718531624	631.115	1169.534	2747.202	31.96628215985752	30.656026574284347	25.010803044629313	10.725526302374512	5.6216528481987496	26.587375028465324	9.849884341624954	2.105623537095132	33.51999040582896	38.48194990961327	32.35054194880923	35.67326347647435	24.55523434143268	14.632485747192332	50.457803047759164	54.58594798354927	138.94778397189305	1.3102555855731737	5.645223529655034	21.24075585748301	26.34462931165877	5.378907131392197	7.744260804529821	-4.961959503784307	6.13140796080404	-2.1532730706453833	8.964756064396283	18.88750465863663	25.4	24.401810792780637	20.650618239576648	20.401968184519838	20.303693510392176	69.7794962121477	0.09381854912750338
 archi-vowels-HDK.wav	úˤ	48	45.923	223.85783535726293	678.912	1164.389	2906.966	31.369421213709614	18.982419874838772	11.640276793630775	9.670339724248507	12.816318485437023	30.539059542598356	12.793520725163841	5.813334798454628	32.692238411974024	25.28997910859376	21.967128937384402	35.86285562163112	33.77126450315002	17.267861502002336	50.49323126864028	53.960125085916964	153.51659948474583	12.387001338870842	7.342143081207997	21.699081489461108	18.55310272827259	0.8303616711112589	6.980185926709213	7.402259303380266	3.3228501712093568	-3.1706172096570953	-1.0790260911759972	15.424376909971688	23.758	17.558170855915428	15.202913038148832	15.140070962202987	14.822952840214402	67.41937820675632	0.07785999962692833
