file	label	intervaldID	t	f0	F1	F2	F3	H1c	H2c	H4c	A1c	A2c	A3c	H2Ku	H5Ku	H1u	H2u	H4u	A1u	A2u	A3u	B1	B2	B3	H1H2c	H2H4c	H1A1c	H1A2c	H1A3c	H2KH5Ku	H1H2u	H2H4u	H1A1u	H1A2u	H1A3u	CPP	HNR05	HNR15	HNR25	HNR35	intensity	soe
archi-vowels-JSP.wav	á	1	0.251	127.82247595764673	588.159	1350.967	2406.596	25.5092330814812	25.353147552958415	20.15073412943918	7.9926330107361	-2.659611167532926	14.136407420695349	-0.36227487490807403	-0.8812836164707072	26.006490972247846	27.48245112234898	33.481928422951434	33.481928422951434	14.48257634639777	12.82788315173189	38.64055589665619	44.175249562538745	83.94667875242268	0.1560855285227838	5.202413423519236	17.5166000707451	28.168844249014125	11.37282566078585	0.5190087415626332	-1.475960150101134	-5.999477300602454	-7.475437450703588	11.523914625850075	13.178607820515957	21.995	3.8117165536439446	2.8535040391183215	2.8291240072796766	2.821869239948711	66.29738022938956	0.030366259013290358
 archi-vowels-JSP.wav	á	1	0.302	144.60312945349105	638.787	1324.982	2430.714	31.75745282429977	32.666915699372645	34.36403263773586	24.483594741833315	9.86057193920815	29.912390696666993	14.051244015561206	6.548802368242198	32.31735638279881	35.07686144677606	50.62840892978433	50.62840892978433	28.731156214313284	28.740626704826923	41.09172138443721	45.95998371032304	89.60266650078232	-0.9094628750728759	-1.6971169383632159	7.273858082466454	21.89688088509162	1.8450621276327759	7.502441647319008	-2.759505063977244	-15.551547483008271	-18.311052546985515	3.5862001684855294	3.5767296779718905	23.419	14.037087451477081	14.519851162718954	14.09933702989197	14.007034854308177	76.53719727678302	0.03032245804872166
 archi-vowels-JSP.wav	á	1	0.353	152.9440822447305	666.6	1342.962	2591.125	23.157914620490345	28.60209681603682	32.50975464574233	25.987426718374785	15.27970939889051	29.364284583299174	16.989274233336538	15.386313074028013	23.739991367843615	31.11218842095601	49.98355525616308	52.407885590782335	34.692398145343915	25.93028218721255	42.31194619205717	47.25386011106927	103.23556821359873	-5.444182195546475	-3.9076578297055136	-2.8295120978844395	7.878205221599835	-6.206369962808829	1.6029611593085242	-7.372197053112394	-18.87136683520707	-28.66789422293872	-10.9524067775003	-2.1902908193689363	24.077	7.7544387405272355	8.68352224700126	8.620163810657953	8.576006864186084	78.4794378994461	0.014570364344285958
 archi-vowels-JSP.wav	á	1	0.404	174.59962606935858	606.301	1488.103	2444.95	17.21811670533087	40.74405546146522	44.63448007405607	31.922705113031004	26.447692787938777	22.08963914908285	20.797178808438716	23.581289099824406	18.087817709207883	44.71673475324354	56.28563143035919	56.28563143035919	41.52772899458205	21.987248666167535	44.08014604937779	52.58466017810611	98.01361401478954	-23.52593875613435	-3.8904246125908486	-14.704588407700133	-9.229576082607906	-4.871522443751978	-2.7841102913856908	-26.62891704403566	-11.568896677115646	-38.197813721151306	-23.439911285374166	-3.8994309569596517	23.439	15.944788495728694	15.899150193839866	15.520700356328799	15.479332115685198	81.53486038806801	0.04823741194597394
 archi-vowels-JSP.wav	á	1	0.455	189.30003458415604	631.031	1453.939	2328.508	27.075030975535345	35.14946878976149	27.07746257045866	13.409945374161524	13.56678584429103	16.278042941112	18.91052126798152	17.03791104297859	28.039709478716993	39.61147564526924	36.83756905322783	37.97925954484398	29.57432582546291	18.54221684311184	46.036939854113704	53.82155833540645	93.15245606442411	-8.074437814226147	8.072006219302832	13.665085601373821	13.508245131244315	10.796988034423347	1.87261022500293	-11.571766166552244	2.7739065920414063	-9.939550066126984	-1.534616346745917	9.497492635605152	18.572	3.8717706442393265	4.6533951252222865	4.125828146170348	4.088195014274351	74.10935275320307	0.015170310916662749
archi-vowels-JSP.wav	á	2	0.996	--undefined--	602.826	1333.765	2451.141	--undefined--	--undefined--	--undefined--	--undefined--	--undefined--	--undefined--	0	0	0	0	0	0	0	0	--undefined--	--undefined--	--undefined--	--undefined--	--undefined--	--undefined--	--undefined--	--undefined--	0	0	0	0	0	0	24.407	6.30279066107207	4.092942529801849	4.083394855290447	4.079806690694939	70.10290097534858	0.006568211202418622
 archi-vowels-JSP.wav	á	2	1.041	134.52886793329014	672.961	1306.215	2437.114	24.63894970290505	21.16218125151653	23.17892609100972	18.35642222394135	11.860348021635595	23.237168833339823	8.09120244811273	8.778351074756719	25.085180880067625	23.048078354016198	33.570022715387225	45.5085640411766	32.42674807638517	22.802271308417893	40.27941240128933	44.46184994835087	87.54553228586414	3.476768451388523	-2.0167448394931924	6.282527478963701	12.778601681269457	1.4017808695652292	-0.6871486266439888	2.0371025260514273	-10.521944361371027	-20.423383161108973	-7.341567196317541	2.282909571649732	23.481	10.235670461250328	13.082828559945739	12.849823090964223	12.794767834233841	72.42130731115311	0.03803214951982039
 archi-vowels-JSP.wav	á	2	1.086	132.1183420340751	678.307	1372.689	2436.591	23.43500364423841	23.62231282668322	25.774869867200177	18.10423895648008	13.341919542120458	25.838628075613506	16.747498542886415	15.407181562644945	23.851229560058087	25.376738013203557	35.215656727020395	45.127245510634765	33.26347048158946	26.857748597072856	40.051784322044725	45.01976354776121	86.91624384141022	-0.18730918244481032	-2.1525570405169567	5.330764687758329	10.093084102117952	-2.4036244313750963	1.3403169802414698	-1.52550845314547	-9.838918713816838	-21.276015950576678	-9.412240921531371	-3.006519037014769	23.96	16.307727898690775	18.555241616420666	17.99870056370008	16.85643378410951	72.52999578990529	0.03820209115923884
 archi-vowels-JSP.wav	á	2	1.131	133.5878924385563	630.123	1442.393	2415.465	24.189855610102764	25.572318734058893	24.29844863683026	18.97316008663038	16.081680762646556	18.384819005417363	10.671641963089671	11.156394091257733	24.663243716210385	27.591999035654936	36.440427401574176	44.827468744212325	33.46479270091812	19.73458139535167	39.76109483264946	46.29607244841898	85.90793532639523	-1.3824631239561285	1.2738700972286345	5.216695523472385	8.108174847456208	5.805036604685402	-0.48475212816806135	-2.9287553194445515	-8.84842836591924	-20.16422502800194	-8.801548984707733	4.928662320858713	24.734	16.111978707367022	18.622805156386192	18.49179208794855	17.647633617619157	72.12679505493638	0.03542414878632495
 archi-vowels-JSP.wav	á	2	1.176	130.07421780078553	409.32	1458.251	2392.711	23.49980384734115	27.813870889633304	32.6118644863111	17.324461268754547	19.74858380471869	22.59440828061171	11.614685947802704	6.8320911486799325	24.48722634901094	32.533822163190756	37.89964264620871	38.55025373679433	28.463734509606923	16.9763520292204	38.675823902605835	46.108775319801225	83.61386520855457	-4.314067042292155	-4.797993596677795	6.175342578586601	3.7512200426224567	0.9053955667294389	4.782594799122771	-8.046595814179817	-5.365820483017956	-14.063027387783393	-3.9765081605959836	7.510874319790538	17.104	3.4120461352616447	3.267150831494199	2.5507041309481226	2.546093308347003	67.11742727333309	0.04680910779351663
archi-vowels-JSP.wav	á	3	2.038	155.37970784796343	533.296	1012.169	2425.719	20.108985142174916	33.99873970500088	12.400781428885914	24.119707079461776	7.70129922837959	24.20387943171231	1.8710699597944094	-13.723839422768007	21.083178226175136	38.4366789596789	25.211672991470444	49.26336645643035	26.535900128708608	13.464561626938655	40.89002288147279	44.65199325541512	91.90639883288202	-13.889754562825964	21.597958276114966	-4.01072193728686	12.407685913795326	-4.094894289537393	15.594909382562417	-17.353500733503765	13.225005968208457	-28.18018823025521	-5.452721902533472	7.61861659923648	18.592	7.397595143749731	8.384958350569365	8.371876999083609	8.372224917508333	75.77671138441406	0.014156947206886155
 archi-vowels-JSP.wav	á	3	2.092	188.0546293011929	598.366	1235.319	2413.213	26.613916950354582	35.97317835465988	29.528936897676505	26.888323271105566	12.328734023211116	29.088991536865052	11.920602760365446	12.745687448817662	27.717089832638933	41.1515865938296	38.2018566675734	51.610490335817055	29.909513325279487	24.396718014569533	45.4755770549476	50.304944949408494	98.97386747574704	-9.359261404305297	6.444241456983374	-0.2744063207509839	14.285182927143467	-2.4750745865104697	-0.8250846884522165	-13.434496761190665	2.9497299262561967	-23.89340050317812	-2.192423492640554	3.3203718180694004	20.991	8.049679289666727	6.042514762828965	6.039458875384437	6.040447670313327	78.54234279539695	0.008408294580224754
 archi-vowels-JSP.wav	á	3	2.147	211.9442502333102	643.524	1389.817	2542.907	30.201431850352755	34.648176061174766	27.447306643937594	24.442112386788917	7.365714637025093	17.317481981734545	15.280286267115955	24.160921997414032	31.39906755640542	40.39850705533376	34.116439826354934	48.969579603619465	24.11262576267584	13.728937308702251	48.73917549677964	55.530564475607484	115.40014772606027	-4.446744210822011	7.200869417237172	5.759319463563838	22.835717213327662	12.88394986861821	-8.880635730298078	-8.99943949892834	6.282067228978825	-17.570512047214045	7.28644179372958	17.67013024770317	27.552	13.91516426309974	10.187335466237208	10.165087937180052	10.157734367439042	78.33194331065825	0.008648376355533897
 archi-vowels-JSP.wav	á	3	2.202	217.06396729423173	651.929	1330.219	2419.996	30.22479394753914	32.054885213187944	23.85866626094839	23.960418724711776	12.315030028979141	22.395295835312407	17.869679630132293	24.830294061979743	31.47562671172381	38.08076938344979	30.87022823077653	48.76977798526213	30.008829443636596	20.35365901341786	49.418097399063385	55.17529095254258	106.55078835844712	-1.8300912656488038	8.196218952239555	6.264375222827365	17.90976391856	7.829498112226734	-6.96061443184745	-6.605142671725982	7.210541152673262	-17.294151273538322	1.4667972680872126	11.121967698305948	15.391	23.23857286471341	21.714643383083718	21.58198389962765	21.509127915656503	76.36543862703408	0.010917398789636957
 archi-vowels-JSP.wav	á	3	2.257	207.00778563495115	695.92	1344.918	2486.364	20.96128944644546	31.720835997229194	19.800868721330776	17.988505708359313	11.667315591044002	20.657969246641393	14.731983997290236	19.641641092609923	21.97174591605812	36.359261025276965	31.436116538062894	43.804176013784655	30.884902795436954	18.95450094648211	48.74644119704835	54.135058250886324	109.39425473690686	-10.759546550783735	11.919967275898419	2.9727837380861466	9.293973855401457	0.303320199804066	-4.909657095319687	-14.387515109218846	4.923144487214071	-21.832430097726537	-8.913156879378835	3.0172449695760086	0	18.25263605316954	10.087557539472993	9.825002418724454	9.698697058521823	72.53125597859945	0.003377441870562408
archi-vowels-JSP.wav	á	4	2.905	144.03591397231023	550.296	1035.209	2546.868	32.183341103250996	31.629857470654194	19.935276417613714	21.263831387295824	2.8362994848571645	23.15745617995607	5.949157118662592	7.640413834653162	32.967217604463464	35.09655496225666	41.4770295312548	46.94888840346452	22.323060381071066	11.480406839230286	39.91708891001655	43.4227611362602	97.54239537192674	0.5534836325968016	11.69458105304048	10.919509715955172	29.34704161839383	9.025884923294925	-1.69125671599057	-2.1293373577931973	-6.380474568998139	-13.981670799001058	10.644157223392398	21.48681076523318	26.698	15.085009468387556	11.390546631506464	11.36499078643678	11.352602026927078	73.06683734617775	0.06047249305360309
 archi-vowels-JSP.wav	á	4	2.95	149.903388124902	611.214	1157.449	2470.223	29.05451978656049	36.725876287342714	29.73311126405651	28.50333964206139	14.0431079475796	32.074083256416436	12.265189715190454	14.2560367176525	29.738677127338207	39.70977566069025	54.74415069914269	54.74415069914269	34.0518212576966	26.012672536375486	41.38018670949069	44.914918654075365	93.63117154894907	-7.671356500782224	6.9927650232862035	0.5511801444990994	15.01141183898089	-3.019563469855946	-1.9908470024620453	-9.971098533352041	-15.034375038452445	-25.005473571804487	-4.3131441303583955	3.72600459096272	26.18	21.252700019787913	18.48539916180808	18.344986728804862	18.286627379358077	79.35111864194901	0.014117599224764424
 archi-vowels-JSP.wav	á	4	2.995	154.56521105747444	639.573	1222.601	2522.404	23.85782225421363	31.024984287901994	26.83154810355498	23.713782717962346	10.66820852894515	31.808457024609087	13.218907222752518	4.307345326572946	24.519088854316863	33.90123683436239	50.11190428453084	50.11190428453084	30.71360741236203	26.706095019275544	42.22287812165	46.05071881615741	98.56365183656453	-7.1671620336883635	4.193436184347014	0.14403953625128452	13.18961372526848	-7.950634770395457	8.911561896179572	-9.38214798004553	-16.210667450168444	-25.592815430213975	-6.194518558045168	-2.1870061649586816	23.154	16.733644777079366	17.648143555028078	17.526031835416514	17.361864467434096	75.81264406056846	0.01663830861011327
 archi-vowels-JSP.wav	á	4	3.04	142.91926000182838	648.567	1250.05	2493.16	29.505535205356132	32.57829242331686	29.852940424158568	20.200080110774564	15.268680578663805	30.191028447949368	11.097363148203886	6.089824788882874	30.051210065684764	34.914882645270694	44.63756515425949	46.92126598248787	35.534005797299216	26.697418321380386	41.00140555858969	44.88786859547297	93.44718744217747	-3.072757217960728	2.725351999158292	9.305455094581568	14.236854626692327	-0.6854932425932354	5.007538359321012	-4.863672579585931	-9.722682508988797	-16.870055916803103	-5.482795731614452	3.3537917443043774	10.047	3.451274654663736	2.376917485868645	2.4005991587776925	2.380088177318002	74.10107559336443	0.03827559114266828
 archi-vowels-JSP.wav	á	4	3.085	124.42329660479459	621.404	1286.662	2470.002	22.386691484200714	31.37994782749034	15.159999485896382	14.020963593086059	11.252856161024084	17.89680017016833	6.3267238527516625	4.8517032191207905	22.822940144471083	33.22512719163191	25.38437807235047	40.468903086976226	30.488411065607657	15.19771011415456	38.63991436695066	42.976108875806474	87.16718829828685	-8.993256343289627	16.21994834159396	8.365727891114656	11.13383532317663	4.489891314032384	1.475020633630872	-10.40218704716083	7.840749119281444	-17.645962942505143	-7.665470921136574	7.625230030316523	11.541	4.803929023334876	4.3525933930188	4.293169229877492	4.2316178967648685	69.1244545016875	0.01625553058151499
archi-vowels-JSP.wav	áːˤ	5	3.528	136.6179548824286	589.48	1359.194	2078.412	25.585161088519598	13.684235868529598	24.35293396218945	16.885848359245372	15.381580907515826	17.7029918702886	23.961084825244747	-18.16090800306138	26.15155915495828	16.13553884179306	42.10313071389632	42.15897989797539	32.25703860980021	23.961084825244747	39.63421614421754	45.40486152495282	67.40003959883433	11.90092521999	-10.668698093659852	8.699312729274226	10.203580181003773	7.882169218230999	42.12199282830613	10.016020313165221	-25.96759187210326	-16.00742074301711	-6.10547945484193	2.1904743297135347	11.425	11.970076130645902	16.73723587099837	16.613128639381674	16.5775856123042	70.85752640016574	0.022143296718095975
 archi-vowels-JSP.wav	áːˤ	5	3.614	149.23415031764569	673.329	1665.823	2514.491	26.123726961023216	35.76289135997523	32.5584993246092	21.165995584886744	6.987688523786645	19.41168838255527	28.51839786652092	-1.0437223547465773	26.630377295518905	37.941294750786916	46.841756801569225	46.841756801569225	22.745413995424393	23.589772576607775	41.95350902978176	53.488877590165814	96.59231848007593	-9.639164398952012	3.204392035366027	4.957731376136472	19.13603843723657	6.712038578467947	29.5621202212675	-11.310917455268012	-8.90046205078231	-20.21137950605032	3.884963300094512	3.04060471891113	25.334	20.277288650922536	19.252532504871375	18.709423280869753	18.53422252245418	74.16896014927856	0.011737185848891062
 archi-vowels-JSP.wav	áːˤ	5	3.7	--undefined--	633.79	1477.463	2496.584	--undefined--	--undefined--	--undefined--	--undefined--	--undefined--	--undefined--	0	0	0	0	0	0	0	0	--undefined--	--undefined--	--undefined--	--undefined--	--undefined--	--undefined--	--undefined--	--undefined--	0	0	0	0	0	0	26.828	18.82264851785854	15.424145383551515	14.76336856068147	14.671324312991628	73.77431500253462	0.009995583411361272
 archi-vowels-JSP.wav	áːˤ	5	3.787	--undefined--	619.386	1555.56	2712.686	--undefined--	--undefined--	--undefined--	--undefined--	--undefined--	--undefined--	0	0	0	0	0	0	0	0	--undefined--	--undefined--	--undefined--	--undefined--	--undefined--	--undefined--	--undefined--	--undefined--	0	0	0	0	0	0	23.676	17.382915814594146	22.538817354212014	21.517998713827488	21.45344878481168	70.66944416739378	0.008474376372917269
 archi-vowels-JSP.wav	áːˤ	5	3.873	--undefined--	518.901	1557.359	2785.675	--undefined--	--undefined--	--undefined--	--undefined--	--undefined--	--undefined--	0	0	0	0	0	0	0	0	--undefined--	--undefined--	--undefined--	--undefined--	--undefined--	--undefined--	--undefined--	--undefined--	0	0	0	0	0	0	22.647	16.970394995177482	17.281605863426627	14.580268281428824	14.53987178791493	70.57205059267349	0.02195359474096259
archi-vowels-JSP.wav	áˤ	6	4.532	--undefined--	582.363	1617.55	2689.185	--undefined--	--undefined--	--undefined--	--undefined--	--undefined--	--undefined--	0	0	0	0	0	0	0	0	--undefined--	--undefined--	--undefined--	--undefined--	--undefined--	--undefined--	--undefined--	--undefined--	0	0	0	0	0	0	21.291	13.251112300275608	14.204764087957443	13.757703845989152	13.737908042016823	65.58447257742098	0.021980467055588076
 archi-vowels-JSP.wav	áˤ	6	4.58	--undefined--	629.474	1359.665	2798.969	--undefined--	--undefined--	--undefined--	--undefined--	--undefined--	--undefined--	0	0	0	0	0	0	0	0	--undefined--	--undefined--	--undefined--	--undefined--	--undefined--	--undefined--	--undefined--	--undefined--	0	0	0	0	0	0	23.961	11.445222643024263	15.101676938266404	14.729143028478806	14.653366730276439	66.07386634695669	0.04099088021227522
 archi-vowels-JSP.wav	áˤ	6	4.628	--undefined--	651.84	1371.272	2653.471	--undefined--	--undefined--	--undefined--	--undefined--	--undefined--	--undefined--	0	0	0	0	0	0	0	0	--undefined--	--undefined--	--undefined--	--undefined--	--undefined--	--undefined--	--undefined--	--undefined--	0	0	0	0	0	0	25	12.406707204138936	17.627947748136744	17.21669807077265	17.190199916539804	68.72914062406242	0.027640551345401367
 archi-vowels-JSP.wav	áˤ	6	4.676	--undefined--	629.47	1481.675	2638.61	--undefined--	--undefined--	--undefined--	--undefined--	--undefined--	--undefined--	0	0	0	0	0	0	0	0	--undefined--	--undefined--	--undefined--	--undefined--	--undefined--	--undefined--	--undefined--	--undefined--	0	0	0	0	0	0	23.043	14.119612602262539	12.458948474492646	12.220827848148524	12.14122274541638	65.95715580495751	0.032744255457602074
 archi-vowels-JSP.wav	áˤ	6	4.724	--undefined--	498.501	1576.919	2743.503	--undefined--	--undefined--	--undefined--	--undefined--	--undefined--	--undefined--	0	0	0	0	0	0	0	0	--undefined--	--undefined--	--undefined--	--undefined--	--undefined--	--undefined--	--undefined--	--undefined--	0	0	0	0	0	0	0	3.8440729357233714	2.5940371522347094	2.2900584461675386	2.056580053521598	58.22721656896878	0.03637318631895153
archi-vowels-JSP.wav	áˤ	7	5.262	134.06208639822856	537.162	1351.996	2026.481	20.49267941107629	30.405014764763095	18.07748054955455	19.102376457329925	18.5332955888895	22.153344613827144	27.916358189669644	-13.205772830363857	21.135155138529917	33.23034923604807	42.44150704800775	43.47427289833518	33.60540386005687	27.916358189669644	38.6275345308467	44.98154870515323	64.46890821341233	-9.912335353686807	12.327534215208544	1.3903029537463638	1.959383822186787	-1.660665202750856	41.1221310200335	-12.095194097518153	-9.21115781195968	-22.339117759805262	-12.47024872152695	-6.781203051139727	25.193	12.272577767413427	8.53767619371079	7.727975230909201	7.721569996316298	72.09148053248522	0.046662053331334455
 archi-vowels-JSP.wav	áˤ	7	5.309	146.27164707251674	603.954	1377.291	2090.084	30.979501235989726	30.590891145680885	26.439776564821376	23.774051054247668	14.236484206264723	24.061250646497676	30.650018728026108	-3.794761324302911	31.60156955061983	33.305150285259735	49.03289947541453	49.03289947541453	31.183767887311504	30.650018728026108	40.88742714427562	46.897589180335665	69.8132763955659	0.3886100903088412	4.15111458085951	7.205450181742059	16.743017029725003	6.91825058949205	34.44478005232902	-1.7035807346399068	-15.727749190154796	-17.431329924794703	0.4178016633083246	0.9515508225937204	26.677	14.882550023971497	12.823644850251892	12.444852830198357	12.432731290747212	74.9716720006807	0.05697452863844987
 archi-vowels-JSP.wav	áˤ	7	5.355	152.7979704939783	617.526	1380.371	2185.01	27.015675480752915	31.834145769267693	27.9075678009526	27.525838845428982	23.31666731580714	22.331229955245206	26.88624498805153	13.785661918190648	27.669982994073905	34.70071004254495	52.875432029529144	52.875432029529144	40.55344773094559	26.88624498805153	41.778419260663895	47.78020934028074	76.19738189323834	-4.818470288514778	3.926577968315094	-0.5101633646760675	3.6990081649457736	4.684445525507709	13.100583069860882	-7.030727048471043	-18.174721986984196	-25.20544903545524	-12.883464736871687	0.7837380060223751	21.899	21.92555571021451	21.874106224964724	20.856550887769437	20.766263550024053	78.15568346870235	0.035070484684476926
 archi-vowels-JSP.wav	áˤ	7	5.402	--undefined--	596.954	1532.172	2018.563	--undefined--	--undefined--	--undefined--	--undefined--	--undefined--	--undefined--	0	0	0	0	0	0	0	0	--undefined--	--undefined--	--undefined--	--undefined--	--undefined--	--undefined--	--undefined--	--undefined--	0	0	0	0	0	0	19.312	21.809943394808418	13.30123347781833	12.733760864311037	12.724403365159251	75.19696068161728	0.03052516213639145
 archi-vowels-JSP.wav	áˤ	7	5.448	--undefined--	528.44	1513.454	2004.31	--undefined--	--undefined--	--undefined--	--undefined--	--undefined--	--undefined--	0	0	0	0	0	0	0	0	--undefined--	--undefined--	--undefined--	--undefined--	--undefined--	--undefined--	--undefined--	--undefined--	0	0	0	0	0	0	0	6.174825505811831	5.656107401571472	5.6214494699120845	5.621437376499908	63.53732734251299	0.014492428161439162
archi-vowels-JSP.wav	áˤ	8	6.251	--undefined--	532.889	1463.603	2029.66	--undefined--	--undefined--	--undefined--	--undefined--	--undefined--	--undefined--	0	0	0	0	0	0	0	0	--undefined--	--undefined--	--undefined--	--undefined--	--undefined--	--undefined--	--undefined--	--undefined--	0	0	0	0	0	0	11.633	8.42157903661369	4.287837496819573	4.236261319106221	4.235286007837672	70.9830899717752	0.03560503981166761
 archi-vowels-JSP.wav	áˤ	8	6.285	140.5475034447293	591.865	1562.137	2127.084	26.28384318762424	30.218496178379404	30.41038045215147	25.450449472036116	16.23678865135129	16.859769884650163	26.459608471344595	8.163812202736871	26.857170459254863	32.71600042080461	50.19398250083222	50.19398250083222	30.756779871375546	26.459608471344595	40.10091784989075	49.606536072354665	70.6054645216304	-3.934652990755165	-0.19188427377206452	0.833393715588123	10.047054536272949	9.424073302974076	18.295796268607724	-5.858829961549748	-17.47798208002761	-23.336812041577357	-3.8996094121206824	0.39756198791026875	26.601	11.618870778908452	17.440071050476366	16.84432164830894	16.830021551380206	74.49833823936017	0.01652895425793533
 archi-vowels-JSP.wav	áˤ	8	6.32	145.19512645289313	598.45	1493.963	2201.648	28.435241069959137	29.352143017816744	26.506116237444278	24.09874416101235	21.73497487563776	25.445723417524913	31.58346582587312	9.75990978869227	29.043121927943947	32.00928038506617	48.982771250345905	48.982771250345905	37.14816588516976	31.58346582587312	40.70014322895475	48.78197348903219	75.57334518889388	-0.9169019478576068	2.8460267803724655	4.336496908946788	6.700266194321376	2.9895176524342233	21.82355603718085	-2.966158457122223	-16.973490865279736	-19.93964932240196	-8.105043957225814	-2.540343897929173	29.556	18.431877149074545	21.906565876887214	20.548026106605263	20.50850627568138	74.33813179464936	0.033507064428495714
 archi-vowels-JSP.wav	áˤ	8	6.355	145.3505348635984	565.637	1545.774	2027.008	28.268531509488415	32.90649227872715	29.64601065935144	27.527145535747177	15.901868398102906	21.345113852573043	32.565010106132235	-3.896753391560348	28.93706002764983	35.870431332045555	51.7402482354532	51.7402482354532	29.577936443057965	32.565010106132235	40.28432468114416	49.89585604974098	66.54927211386335	-4.637960769238735	3.2604816193757102	0.741385973741238	12.36666311138551	6.9234176569153725	36.46176349769258	-6.933371304395724	-15.869816903407646	-22.80318820780337	-0.6408764154081332	-3.627950078482403	29.467	16.216864315850156	17.656879791453385	15.129375220789836	15.124932730215141	75.28121323449908	0.027665604937321737
 archi-vowels-JSP.wav	áˤ	8	6.389	--undefined--	557.437	1444.491	2000.931	--undefined--	--undefined--	--undefined--	--undefined--	--undefined--	--undefined--	0	0	0	0	0	0	0	0	--undefined--	--undefined--	--undefined--	--undefined--	--undefined--	--undefined--	--undefined--	--undefined--	0	0	0	0	0	0	25.334	2.1017956436009406	6.427020735176635	5.66916661098904	5.665729814880368	65.0700823768257	0.021932421484562474
archi-vowels-JSP.wav	é	9	7.176	--undefined--	447.617	1817.865	2417.891	--undefined--	--undefined--	--undefined--	--undefined--	--undefined--	--undefined--	0	0	0	0	0	0	0	0	--undefined--	--undefined--	--undefined--	--undefined--	--undefined--	--undefined--	--undefined--	--undefined--	0	0	0	0	0	0	22.527	11.313563524010048	12.30467913002367	10.593325208243886	10.47567071059927	63.03151124680606	0.012281316962177862
 archi-vowels-JSP.wav	é	9	7.206	152.33063295143802	456.075	1843.05	2472.341	23.215646548820988	32.60688595173717	29.677804445058154	21.02510205394106	27.24947056578443	24.839601206619587	31.79195987427019	12.238835017284227	24.296689473220006	37.92477183865782	32.739582414323024	42.95931663968122	33.406088951490275	26.32325197302988	38.9669458263922	59.86909279054754	94.394634001177	-9.391239402916181	2.9290815066790152	2.19054449487993	-4.033824016963443	-1.623954657798599	19.553124856985963	-13.628082365437812	5.185189424334794	-18.662627166461213	-9.10939947827027	-2.0265624998098737	21.123	17.368745315409935	18.139191404823716	14.613519078561232	14.362117897681745	69.22033465756823	0.0162957932033301
 archi-vowels-JSP.wav	é	9	7.236	--undefined--	492.612	1854.179	2441.405	--undefined--	--undefined--	--undefined--	--undefined--	--undefined--	--undefined--	0	0	0	0	0	0	0	0	--undefined--	--undefined--	--undefined--	--undefined--	--undefined--	--undefined--	--undefined--	--undefined--	0	0	0	0	0	0	22.274	7.590715155973813	9.625094972350041	5.767083858221239	5.758242676498293	69.31447973627142	0.006109121461283502
 archi-vowels-JSP.wav	é	9	7.265	165.76208239927257	363.645	1811.65	2471.524	22.896717654285577	34.662883230611826	37.890432697652074	30.46553562177073	33.97152027710573	31.079737447758493	27.10305925196844	23.735623720849585	24.95976002491757	48.55439130273942	31.829775466491608	48.55439130273942	36.03330512373319	27.594681124084644	47.40831525143101	60.812809168926236	97.74022318848242	-11.766165576326248	-3.227549467040248	-7.568817967485153	-11.074802622820155	-8.183019793472916	3.367435531118854	-23.594631277821847	16.72461583624781	-23.594631277821847	-11.073545098815622	-2.634921099167073	13.4	19.621628272097567	18.29652553995092	15.708884073193296	15.631969207019312	73.43358170404359	0.018615426434623487
 archi-vowels-JSP.wav	é	9	7.295	156.0806289622386	369.318	1905.295	2710.077	27.47332722288517	37.30331056895613	31.71001965800015	29.264753377290262	27.678142887557854	29.51775150475158	29.24707684193397	25.956592703895375	29.216949987510308	47.81683683370914	27.322042777890722	47.81683683370914	29.24707684193397	22.72664618808665	45.50118820190853	62.98186977904257	113.45724474533318	-9.829983346070957	5.593290910955979	-1.791426154405091	-0.20481566467268308	-2.0444242818664087	3.2904841380385967	-18.59988684619883	20.494794055818417	-18.59988684619883	-0.030126854423663474	6.490303799423657	0	6.507036067190252	6.141548532186771	5.57696013711838	5.499048151168601	72.17203057412061	0.02379132385756826
archi-vowels-JSP.wav	é	10	7.891	--undefined--	440.452	1885.686	2376.296	--undefined--	--undefined--	--undefined--	--undefined--	--undefined--	--undefined--	0	0	0	0	0	0	0	0	--undefined--	--undefined--	--undefined--	--undefined--	--undefined--	--undefined--	--undefined--	--undefined--	0	0	0	0	0	0	17.792	12.180247647009999	13.112668630963725	11.965752889137992	11.927358459893187	64.78705671411012	0.020665621705684235
 archi-vowels-JSP.wav	é	10	7.917	--undefined--	443.831	1830.243	2349.088	--undefined--	--undefined--	--undefined--	--undefined--	--undefined--	--undefined--	0	0	0	0	0	0	0	0	--undefined--	--undefined--	--undefined--	--undefined--	--undefined--	--undefined--	--undefined--	--undefined--	0	0	0	0	0	0	23.165	18.201097863085415	19.106720183837513	15.47223865454301	15.391227916052781	68.3885751231245	0.00669308622660484
 archi-vowels-JSP.wav	é	10	7.944	--undefined--	471.201	1850.645	2355.718	--undefined--	--undefined--	--undefined--	--undefined--	--undefined--	--undefined--	0	0	0	0	0	0	0	0	--undefined--	--undefined--	--undefined--	--undefined--	--undefined--	--undefined--	--undefined--	--undefined--	0	0	0	0	0	0	27.442	20.019509790909332	21.62207741095505	17.3404134646254	17.29518176102957	67.63468006969048	0.005660424999194486
 archi-vowels-JSP.wav	é	10	7.97	147.25928272945268	444.253	1835.546	2369.558	21.887761019018274	38.79835894575684	26.462641870235192	15.780792056897361	24.741452803543275	17.800770489810336	21.85642936371743	17.65110901774143	22.948742941819216	43.996887952884684	29.75866593752936	37.51279522711701	30.613266331239966	21.55369663988747	38.74279002956569	58.772189432248375	86.20535733625327	-16.910597926738564	12.335717075521647	6.106968962120913	-2.853691784525001	4.086990529207938	4.205320345976002	-21.04814501106547	14.238222015355323	-14.564052285297794	-7.664523389420751	1.395046301931746	20.855	10.845720270808153	10.02512369321088	8.598294392600588	8.555636817842386	68.57833297908158	0.042515503956680224
 archi-vowels-JSP.wav	é	10	7.996	--undefined--	359.382	1829.148	2489.258	--undefined--	--undefined--	--undefined--	--undefined--	--undefined--	--undefined--	0	0	0	0	0	0	0	0	--undefined--	--undefined--	--undefined--	--undefined--	--undefined--	--undefined--	--undefined--	--undefined--	0	0	0	0	0	0	7.503	5.12538793540815	5.09598809194209	4.139708426054407	3.511873120987587	65.08258890886376	0.009251921663607847
archi-vowels-JSP.wav	é	11	8.593	143.77123529042365	353.29	2000.674	2447.666	27.15126883211113	26.925677947331835	22.451210248795388	15.576924292242303	23.718316347977048	16.308888461922823	23.768765008570764	1.428706773314162	28.744666948722557	36.07010224717712	18.84716825576711	33.58176719425101	23.768765008570764	17.823767929583617	46.06833876700836	65.03951952173887	90.54001896427725	0.2255908847792938	4.474467698536447	11.574344539868825	3.4329524841340806	10.842380370188305	22.340058235256603	-7.325435298454561	17.22293399141001	-4.83710024552845	4.975901940151793	10.92089901913894	17.076	8.124528638680928	7.650067560458313	6.680972409395499	6.594082115123173	63.944879166850974	0.03710297093509152
 archi-vowels-JSP.wav	é	11	8.632	150.27558127145733	394.633	1884.617	2341.002	29.759480417328923	38.69098668209415	33.56990108845888	26.129197978789076	31.533829956188328	21.97964423348145	34.65016049225957	11.8801119205363	31.162235840133704	46.260864948250955	32.07547006352133	45.97911067063032	34.65016049225957	25.612698805425698	42.11413589797736	61.165576694311234	85.06664788822258	-8.931506264765225	5.1210855936352715	3.6302824385398473	-1.7743495388594042	7.779836183847472	22.770048571723272	-15.098629108117251	14.185394884729625	-14.816874830496616	-3.4879246521258693	5.549537034708006	25.309	17.613610923101707	17.615279807791083	15.289556362574451	15.246723677423734	72.61489319647035	0.03755721708290668
 archi-vowels-JSP.wav	é	11	8.672	155.85514447057386	493.255	1853.125	2370.927	16.228004262281985	32.08571057253285	28.721826972959803	26.12662760907395	25.472941737092032	27.565956621682787	32.89397285358849	21.839350871274146	17.198896235270315	36.72544024782066	34.16266857596347	48.75323235990652	32.89397285358849	33.385299824782166	39.3126228590184	60.82739614028619	88.31388218256414	-15.857706310250862	3.363883599573043	-9.898623346791965	-9.244937474810047	-11.337952359400802	11.054621982314341	-19.526544012550342	2.5627716718571847	-31.554336124636205	-15.695076618318172	-16.18640358951185	25.139	15.785493167178679	18.830097139257425	14.706604329696937	14.676308056607573	73.83025890837467	0.020615327096153022
 archi-vowels-JSP.wav	é	11	8.711	164.90032740827107	492.474	1822.981	2475.544	23.713045654223766	38.38253559870003	33.606191428085005	22.42661304704255	33.69592265838786	31.196452292468802	36.17423373912965	20.959520210874885	24.811986258047654	43.78863086497084	36.78999553724346	44.85633684012178	41.20970847870004	33.271837227217446	40.245072022527644	61.108420737373244	97.81478662976687	-14.669489944476265	4.776344170615026	1.286432607181215	-9.982877004164092	-7.483406638245036	15.214713528254762	-18.976644606923188	6.998635327727378	-20.044350582074124	-16.397722220652383	-8.459850969169793	24.749	19.649663187046357	20.992748815613442	12.782136405442753	12.808586979623026	74.16807967624968	0.008206222827477409
 archi-vowels-JSP.wav	é	11	8.751	168.23691999324467	405.33	1906.574	2363.334	18.827818862664454	42.30472654375116	33.164488778110766	32.47130418372959	26.787638808892414	19.638900670025315	28.392311291910847	18.895354816739005	20.521221359094994	52.34300051536523	29.432378044923762	52.34300051536523	29.744532642601747	23.2110608307018	43.20894575528542	65.07321352131979	90.70387330331033	-23.476907681086704	9.140237765640393	-13.643485321065139	-7.9598199462279595	-0.8110818073608606	9.496956475171842	-31.82177915627024	22.91062247044147	-31.82177915627024	-9.223311283506753	-2.689839471606806	23.684	25.67982146275721	21.722429047485573	19.09469723501793	18.989875831759417	77.91627022548288	0.05055904653779331
archi-vowels-JSP.wav	é	12	9.563	142.17350865251166	323.392	1927.805	2498.034	27.15077978637095	27.824172509323528	32.918794800988934	22.99904218521363	32.045871101580474	20.51723251294639	26.269981190578505	9.535973500523568	29.02070809537275	39.43020278219017	27.307502353727937	39.43020278219017	31.338710050432418	17.314789966153732	50.46538411494546	61.57738405563011	93.59393892776947	-0.6733927229525776	-5.094622291665406	4.151737601157322	-4.895091315209523	6.633547273424561	16.734007690054938	-10.409494686817421	12.122700428462235	-10.409494686817421	-2.3180019550596676	11.705918129219018	22.626	6.678933242817254	6.715708817952332	4.910565969134461	4.883137773959209	67.21542818289751	0.018963321316559787
 archi-vowels-JSP.wav	é	12	9.592	147.4616961683213	382.54	1867.069	2310.671	28.595290596636602	32.2791169948603	31.103573837921832	23.06830537673585	24.874874475283058	17.67273692884256	24.480643491123956	9.980015652409055	30.03151473873033	40.10758071678468	29.221555171004738	42.457875535537895	27.68174309972109	21.31387247847678	42.9721116346915	60.007845246820644	82.51600016030524	-3.683826398223701	1.1755431569384704	5.526985219900752	3.7204161213535443	10.922553667794041	14.500627838714902	-10.076065978054352	10.886025545779944	-12.426360796807565	2.3497716390092407	8.717642260253548	26.953	15.55680401054964	15.569417751000953	13.48351719590627	13.438634291471326	70.27481000433355	0.018218912326625303
 archi-vowels-JSP.wav	é	12	9.62	146.19933467710234	440.14	1808.402	2313.389	28.37289493360465	38.30305737152092	33.16343211330981	25.17620978123095	23.792970637340698	17.56678871753775	23.797028363032755	16.263796268319734	29.43903677095346	43.531732373177505	36.39134398260307	46.82682535452295	29.809617518221614	22.15777227701741	38.77351448688902	57.612463725381836	82.40078569810272	-9.930162437916273	5.139625258211112	3.1966851523737	4.57992429626395	10.806106216066897	7.533232094713021	-14.092695602224044	7.1403883905744365	-17.387788583569492	-0.3705807472681535	7.28126449393605	27.84	22.354140439409047	21.903490757391534	17.389234442274123	17.378864032120134	72.67718693963583	0.03618256841221729
 archi-vowels-JSP.wav	é	12	9.649	143.67790967627806	442.485	1863.115	2355.009	31.578218803188197	35.259344739456964	32.86442871811906	18.624188998728993	23.581895958594973	18.29048476663865	25.45126484533499	19.242348828138496	32.59203876267734	40.17510789127261	36.92593452650754	40.37326927002116	29.16883752647007	23.14947551217548	38.423532885293895	59.23767432216296	84.43584716595414	-3.681125936268767	2.394916021337906	12.954029804459203	7.996322844593223	13.287734036549548	6.208916017196493	-7.58306912859527	3.2491733647650705	-7.781230507343821	3.4232012362072695	9.442563250501859	30.155	13.14510666263692	11.372541857076735	9.827272718390809	9.810617531857861	68.73463816848363	0.037288690074415404
 archi-vowels-JSP.wav	é	12	9.678	137.22889947498052	457.619	1806.174	2441.28	29.23285650073258	31.14761237861072	16.810651653092176	7.884786974868483	10.049655852475695	9.94307732350218	17.55216805629036	3.943884543544549	30.097477241120053	35.19130303124265	24.64856095610617	30.240778808308207	17.024235071772267	11.867164809014568	37.358409969109715	56.12360631158805	88.48781914074526	-1.9147558778781395	14.336960725518544	21.348069525864098	19.183200648256886	19.2897791772304	13.60828351274581	-5.093825790122594	10.542742075136477	-0.14330156718815346	13.073242169347786	18.230312432105485	0	4.7323630726551595	5.043964726374567	4.112192285206591	4.111078642059206	65.51547354879733	0.03452295212744063
archi-vowels-JSP.wav	éˤ	13	10.344	--undefined--	406.498	1615.272	2588.818	--undefined--	--undefined--	--undefined--	--undefined--	--undefined--	--undefined--	0	0	0	0	0	0	0	0	--undefined--	--undefined--	--undefined--	--undefined--	--undefined--	--undefined--	--undefined--	--undefined--	0	0	0	0	0	0	23.414	15.206291318593454	13.873261078032806	13.268094936130161	13.168762282248633	66.39408944639155	0.008991362992489734
 archi-vowels-JSP.wav	éˤ	13	10.396	--undefined--	483.742	1666.634	2631.675	--undefined--	--undefined--	--undefined--	--undefined--	--undefined--	--undefined--	0	0	0	0	0	0	0	0	--undefined--	--undefined--	--undefined--	--undefined--	--undefined--	--undefined--	--undefined--	--undefined--	0	0	0	0	0	0	22.839	4.615588485501783	6.480679051277449	5.900869054569219	5.872837918091349	70.8360517854325	0.02405041409949618
 archi-vowels-JSP.wav	éˤ	13	10.449	180.5651875726004	433.491	1667.519	2803.482	19.71421446650474	40.04146160123321	37.89036619952591	29.643160477249967	27.01334562613882	28.917736428621843	25.88058061192141	13.55880043747611	21.45751047162824	50.402763499259315	34.71264719490875	50.402763499259315	33.46903366553945	18.522340429002657	42.70833550928413	58.08022036312089	129.06421086926235	-20.32724713472847	2.151095401707302	-9.928946010745229	-7.299131159634079	-9.203521962117104	12.3217801744453	-28.945253027631075	15.690116304350568	-28.945253027631075	-12.01152319391121	2.9351700426255825	23.068	15.82870146808829	14.895172205179607	14.497722178764189	14.43906681013945	77.36663184109361	0.03844197658807151
 archi-vowels-JSP.wav	éˤ	13	10.501	200.11636587716725	478.471	1635.078	2439.454	31.62493621631517	40.2233489972468	28.862324284570242	29.328367284526653	30.619164732186018	31.519343011817924	27.744239091238832	21.782793814519337	33.41390485817698	50.90073346128306	26.15197474201212	50.90073346128306	38.85834886997534	29.444655061417684	43.76742277032997	59.88906388643528	103.92328532490772	-8.598412780931632	11.36102471267656	2.296568931788517	1.005771484129152	0.10559320449724652	5.961445276719495	-17.486828603106083	24.748758719270942	-17.486828603106083	-5.44444401179836	3.969249796759293	21.722	16.729760796123628	15.308938524548337	14.616836237521245	14.541995550303017	79.13328290086446	0.06874211534407304
 archi-vowels-JSP.wav	éˤ	13	10.553	201.15654020534308	457.448	1680.409	2713.644	31.15431463798695	36.65939666384534	26.730473678447236	28.42820832563076	26.974263030992674	30.755014987481015	23.007222951644273	21.305945080914277	33.13035501308944	49.447473847526894	22.587738975149524	49.447473847526894	33.86303059244439	22.818977005653295	44.047373919517106	61.49166140261231	127.37944156552591	-5.505082025858393	9.928922985398106	2.7261063123561904	4.180051606994276	0.3992996505059345	1.7012778707299958	-16.31711883443745	26.85973487237737	-16.31711883443745	-0.7326755793549466	10.311378007436147	0	22.287227460802825	20.545689270873737	18.46722002591599	18.233686801274533	76.92472557056637	0.042095080922939315
archi-vowels-JSP.wav	éˤ	14	11.126	--undefined--	416.047	1702.701	2498.022	--undefined--	--undefined--	--undefined--	--undefined--	--undefined--	--undefined--	0	0	0	0	0	0	0	0	--undefined--	--undefined--	--undefined--	--undefined--	--undefined--	--undefined--	--undefined--	--undefined--	0	0	0	0	0	0	16.199	10.508007002996306	9.673826781834112	9.55599653683096	9.539983270126362	67.51393709249582	0.011501642396659163
 archi-vowels-JSP.wav	éˤ	14	11.162	147.9093942213034	418.377	1700.061	2529.601	27.62928930374062	33.96442392349319	24.927999560519225	21.934318232440802	14.635609319122189	17.256110008437155	13.622090655953622	-0.2811928589520609	28.84617755558985	40.15507250614207	26.019745454953274	42.88096652707242	20.827719131806273	13.107920980785522	40.034232490082076	54.300804308507026	97.32975202251173	-6.335134619752573	9.036424362973968	5.694971071299818	12.993679984618431	10.373179295303466	13.903283514905683	-11.308894950552219	14.135327051188796	-14.034788971482566	8.018458423783578	15.738256574804328	23.717	16.98239242283813	17.49457527583139	17.251776012581487	17.204172268314874	69.17310456993695	0.029984624484986244
 archi-vowels-JSP.wav	éˤ	14	11.198	149.48772642662016	447.967	1672.782	2741.404	29.241907138081206	36.91892491093134	28.93740001936186	26.125419720761947	19.800396804289264	27.35007363651509	18.15447996509238	-0.9467172163535811	30.33087784647021	42.263912167550934	32.214178473374744	48.02442147280565	27.510560491483915	19.502521328295774	38.864323319286676	53.72560587294756	113.97700314255154	-7.677017772850132	7.981524891569478	3.1164874173192594	9.441510333791943	1.891833501566115	19.10119718144596	-11.933034321080726	10.04973369417619	-17.69354362633544	2.820317354986294	10.828356518174434	27.916	25.410594045357392	25.93234496807135	23.16940370400902	23.06799947127871	73.61320174089501	0.03389868575437944
 archi-vowels-JSP.wav	éˤ	14	11.234	147.31365169401565	436.933	1705.028	2836.793	31.081959214663467	37.813391999651486	26.52395069607373	27.405913635736038	23.610536756401476	31.598229247835164	20.18456704906335	11.950688006398531	32.18844687328337	43.27914598347973	29.318298574244352	48.99869226021082	30.566455391332966	22.073288815030836	39.0162051344837	54.363302879997896	121.11076220182845	-6.731432784988019	11.289441303577757	3.676045578927429	7.471422458261991	-0.516270033171697	8.23387904266482	-11.090699110196361	13.960847409235377	-16.81024538692745	1.6219914819504027	10.115158058252533	28.395	26.848160256507718	24.665547274522595	22.17141329809568	21.714573732177204	74.25898767473115	0.04430840304385904
 archi-vowels-JSP.wav	éˤ	14	11.271	135.09059544785174	420.489	1619.804	2665.015	28.288660873754875	24.244785481107606	11.908198809270509	21.24509011311895	19.022305621351627	24.09378206851427	11.000230354120903	9.611413668561822	29.28918027334636	29.060752810612506	16.567772875565446	42.633408433366455	26.453847991252537	16.072949122030685	38.51499284403437	50.22894545377334	103.71781833140727	4.043875392647269	12.336586671837097	7.043570760635927	9.266355252403248	4.194878805240606	1.3888166855590818	0.22842746273385472	12.49297993504706	-13.344228160020094	2.835332282093823	13.216231151315675	19.432	7.810553491973547	6.677546812022888	6.0002414882514135	5.848345759188989	68.91297274168478	0.027569293664058837
archi-vowels-JSP.wav	éˤ	15	11.833	--undefined--	489.763	1765.099	2517.589	--undefined--	--undefined--	--undefined--	--undefined--	--undefined--	--undefined--	0	0	0	0	0	0	0	0	--undefined--	--undefined--	--undefined--	--undefined--	--undefined--	--undefined--	--undefined--	--undefined--	0	0	0	0	0	0	21.316	7.184953507304028	6.669617726419864	6.675669842397516	6.688871901953668	64.0861081232977	0.011963721556409469
 archi-vowels-JSP.wav	éˤ	15	11.861	--undefined--	525.327	1765.247	2532.749	--undefined--	--undefined--	--undefined--	--undefined--	--undefined--	--undefined--	0	0	0	0	0	0	0	0	--undefined--	--undefined--	--undefined--	--undefined--	--undefined--	--undefined--	--undefined--	--undefined--	0	0	0	0	0	0	22.555	10.951345453924628	12.568039605138942	12.087269806833387	12.020095705620955	75.02842034761878	0.05363302455320372
 archi-vowels-JSP.wav	éˤ	15	11.888	--undefined--	546.758	1966.919	2573.405	--undefined--	--undefined--	--undefined--	--undefined--	--undefined--	--undefined--	0	0	0	0	0	0	0	0	--undefined--	--undefined--	--undefined--	--undefined--	--undefined--	--undefined--	--undefined--	--undefined--	0	0	0	0	0	0	22.889	9.46305290270044	11.447658527636385	9.251670521567581	9.08102108952454	71.43593184949383	0.03337321191835998
 archi-vowels-JSP.wav	éˤ	15	11.916	188.81896593770682	490.67	1676.836	2611.141	24.661162930962142	37.22171761393442	27.41569504415931	20.684545195099094	15.730405680065587	26.28770836983824	16.168039859313396	12.406854315356984	26.15532432716242	45.33244546921327	26.653468584965744	42.68581770508388	24.235308995257753	21.890546369659	42.71482301887798	59.574775186786525	114.8343350960731	-12.560554682972281	9.806022569775113	3.976617735863048	8.930757250896555	-1.6265454388760965	3.7611855439564117	-19.17712114205085	18.678976884247525	-16.53049337792146	1.920015331904665	4.264777957503419	12.733	12.741048089223675	10.005633272007994	9.805878755932513	9.4777471540749	72.55926741543882	0.04445578214063963
 archi-vowels-JSP.wav	éˤ	15	11.944	--undefined--	440.592	1834.718	2707.592	--undefined--	--undefined--	--undefined--	--undefined--	--undefined--	--undefined--	0	0	0	0	0	0	0	0	--undefined--	--undefined--	--undefined--	--undefined--	--undefined--	--undefined--	--undefined--	--undefined--	0	0	0	0	0	0	0	5.121948816479863	1.361125345386829	1.0364729977065121	-0.04564375229231271	66.25263218422471	0.048802177742400976
archi-vowels-JSP.wav	éˤ	16	12.523	195.08168313052522	476.373	1761.108	2915.573	26.2911262089957	33.99517424479599	17.581626042191775	21.102962193199097	19.665363183945956	19.85294445811068	21.740652673955772	18.871229462950648	27.98142337123739	43.836982640424196	14.96454595868163	42.62530430552674	26.574191202286674	10.244338162046734	43.23720190532653	63.45339704016504	144.39783516896614	-7.704048035800291	16.413548202604215	5.188164015796602	6.625763025049743	6.438181750885018	2.869423211005124	-15.855559269186806	28.872436681742567	-14.64388093428935	1.407232168950717	17.737085209190656	18.968	11.093404341914766	10.0705708588054	9.685320946289997	9.603340146702605	71.78507050623307	0.008231625716164048
 archi-vowels-JSP.wav	éˤ	16	12.551	194.60361126781723	485.269	1643.693	2834.778	34.940187417693025	40.356886922041	30.9936474264711	25.947907670992745	24.095373147955442	26.190439036309606	18.76334852956665	13.477629493215044	36.57537449393819	49.61458309641426	29.26887693052992	47.76117737810868	32.62446617246796	16.546869691628643	43.24420744716405	59.36620299196969	136.5135781801787	-5.416699504347974	9.3632394955699	8.99227974670028	10.844814269737583	8.74974838138342	5.285719036351605	-13.039208602476066	20.345706165884337	-11.185802884170485	3.95090832147023	20.02850480230955	27.013	27.331075145938406	23.04418457756551	21.40204504391709	21.180567190922545	77.88723276606245	0.04589160520439931
 archi-vowels-JSP.wav	éˤ	16	12.579	201.53827096366058	497.094	1639.627	2536.466	37.44711081792255	43.907551968041275	31.024489380265987	31.65727423349115	30.223504958096758	30.42793192400634	29.311688405693058	18.60361373581385	39.12860380204438	53.54055366660563	29.19078576707783	53.54055366660563	39.111411502930856	26.928379574668533	44.17299774445128	60.23242085832273	112.08511350582724	-6.460441150118726	12.883062587775289	5.789836584431399	7.223605859825792	7.019178893916209	10.70807466987921	-14.411949864561251	24.3497678995278	-14.411949864561251	0.01719229911352471	12.200224227375848	24.859	27.087169619129874	22.489872983409857	21.033097116382233	20.77919030508729	81.44801917545539	0.012585748747241363
 archi-vowels-JSP.wav	éˤ	16	12.606	211.8113105024092	471.678	1585.179	2901.68	36.25179081343941	38.6717473458764	34.222643492243776	31.50870724898785	26.912404241262127	35.47501536586881	23.22954733498313	22.648700684592576	38.348006271788776	52.74732921359504	30.208336789727163	52.74732921359504	35.17341273566633	22.86265527932113	44.984967711126885	60.05565745700146	148.81853748834203	-2.4199565324369843	4.4491038536326215	4.743083564451563	9.339386572177286	0.7767754475705999	0.5808466503905549	-14.399322941806261	22.538992423867874	-14.399322941806261	3.174593536122444	15.485350992467644	20.131	27.69128192370435	16.815777973234823	16.146747194913516	16.054769514905654	80.16431713612178	0.02098412183431869
 archi-vowels-JSP.wav	éˤ	16	12.634	198.0002731730586	447.114	1513.997	2733.205	37.276119123092485	37.74831051191276	32.405855334996886	30.020080368199444	29.389898853262267	26.308327553144544	19.290102798245613	21.44456111740279	39.30504158998448	50.97541232798952	28.597275374974448	50.97541232798952	37.664411457232376	14.895288909196973	43.99504666172902	56.30221912958197	128.1951410525402	-0.4721913888202778	5.342455176915877	7.256038754893041	7.886220269830218	10.967791569947941	-2.154458319157179	-11.67037073800504	22.37813695301507	-11.67037073800504	1.6406301327521007	24.409752680787506	0	17.431822989722352	14.209366436678447	11.869311178524375	11.771385739730276	77.72232171123012	0.03808900090497706
archi-vowels-JSP.wav	éˤ	17	13.474	--undefined--	527.656	1704.241	2858.923	--undefined--	--undefined--	--undefined--	--undefined--	--undefined--	--undefined--	0	0	0	0	0	0	0	0	--undefined--	--undefined--	--undefined--	--undefined--	--undefined--	--undefined--	--undefined--	--undefined--	0	0	0	0	0	0	16.127	4.878943484622752	5.0538324553140015	3.444277951853247	1.7763989644214615	60.51757221117129	0.00453769729953395
 archi-vowels-JSP.wav	éˤ	17	13.517	173.2788261907816	440.753	1664.688	2764.895	17.7378610038887	35.86339774767811	28.050800277795368	22.607768842197945	21.898876888867782	28.773056760108002	16.629183006470804	18.70642751041891	19.27965202625722	44.424550304622265	26.339087350313825	43.75876644086511	28.85206447214561	19.512825977765672	41.616610119677965	56.937627718681725	123.34277560871458	-18.125536743789407	7.812597469882739	-4.869907838309246	-4.161015884979083	-11.035195756219302	-2.077244503948105	-25.144898278365044	18.08546295430844	-24.47911441460789	-9.57241244588839	-0.23317395150845144	25.065	17.51233054771815	17.839286760354025	15.700374478575359	14.962451844992534	70.96643314337219	0.021818484578653277
 archi-vowels-JSP.wav	éˤ	17	13.56	195.2998009543211	533.454	1722.705	2758.26	27.01434367566911	34.55008218330232	27.607709129241005	18.697994748055258	19.71339196947882	22.769826538580176	19.572309134415764	21.684144103915017	28.369535213449737	41.58933348027084	28.425737984059527	41.02454892918377	29.179062776030058	17.536852861962192	45.24138892729637	62.08243065430106	129.6423873894688	-7.535738507633212	6.942373054061317	8.316348927613852	7.30095170619029	4.244517137088934	-2.1118349694992524	-13.219798266821101	13.163595496211311	-12.655013715734036	-0.8095275625803211	10.832682351487545	22.989	12.137240525645757	12.40114951126839	11.527627760683412	11.366362546455589	72.97387336754474	0.019623605619710965
 archi-vowels-JSP.wav	éˤ	17	13.602	204.0227130731844	500.92	1685.883	2433.075	30.915400868671686	38.263120267613246	23.80413556775459	26.364382828717307	26.481224578348563	22.13899042252124	27.891427936399108	21.207721692385903	32.60791253218056	48.01452203666962	21.75860512419877	48.01452203666962	34.96612161559445	21.9551513596292	45.54623185144029	62.09517490903634	104.38973603459266	-7.34771939894156	14.458984699858657	4.5510180399543785	4.434176290323123	8.776410446150447	6.683706244013205	-15.406609504489055	26.25591691247085	-15.406609504489055	-2.3582090834138896	10.652761172551365	25.077	27.26572170665454	21.13342231956657	19.46226564575749	19.40091055817979	76.15878530592902	0.016170521856496842
 archi-vowels-JSP.wav	éˤ	17	13.645	212.40939150961697	466.589	1719.429	2910.56	32.05825822405328	32.723182296101854	29.936339641478096	26.534809138843098	13.630478067658789	31.045612530141707	20.370788327918778	9.189878418844678	34.19144551212164	47.520128132742784	25.091886154625	47.520128132742784	20.245244551818885	20.158047007874934	45.08223872508943	64.51959619068505	149.91941215487304	-0.6649240720485707	2.786842654623758	5.523449085210185	18.427780156394494	1.0126456939115762	11.1809099090741	-13.328682620621144	22.428241978117782	-13.328682620621144	13.946200960302754	14.033398504246705	21.705	28.764303345624356	23.690294301265645	19.9184006679581	19.605602382125603	74.26891520490922	0.03270039552809218
archi-vowels-JSP.wav	éˤ	18	14.422	146.58713260361247	434.292	1492.329	2664.388	22.790755688404605	30.295854746283382	25.280172661695875	22.28651558720922	11.893567047712136	29.407958531126944	14.055961106099673	11.181408664206227	23.918725797776737	35.855007407281164	28.382381430761683	43.99765007469948	20.976708622222983	19.537376957524067	39.05027913646916	48.93534984385609	107.02741648815316	-7.505099057878777	5.015682084587507	0.5042401011953856	10.89718864069247	-6.617202842722339	2.874552441893446	-11.936281609504427	7.472625976519481	-20.07892427692274	2.9420171755537545	4.38134884025267	23.396	19.898909772992777	18.49587423528195	18.221557591048306	17.936364079169383	68.71903436948799	0.014471879923544055
 archi-vowels-JSP.wav	éˤ	18	14.472	144.67498273476212	461.669	1629.185	2749.194	29.730754711791075	33.41620225839259	30.007255158537347	20.30658679551802	15.53221449488333	31.959424253137467	23.71163583545947	16.979287572181505	30.692656976817602	37.98928574107713	35.94936800375431	42.72530825361009	24.3826716695379	23.89444245982532	38.0740142165911	51.8296042341163	113.11352055385197	-3.6854475466015124	3.40894709985524	9.424167916273056	14.198540216907745	-2.2286695413463917	6.7323482632779665	-7.29662876425953	2.039917737322824	-12.032651276792485	6.309985307279703	6.798214516992282	28.445	17.86874624100654	16.592354709266065	14.60428023879469	14.55613981103447	69.30571663879304	0.03570240200236593
 archi-vowels-JSP.wav	éˤ	18	14.522	142.99169014823883	494.403	1690.631	2849.814	29.089102371205154	33.4814876916638	27.286302037191433	21.1087499250785	27.2407533282379	27.75250643090487	26.43940444235636	20.747108119481634	29.906968856566433	37.24808868078823	37.51976092080101	44.19081474555923	36.76989675944072	20.062232393354314	37.98701477338313	53.296236328655	120.76178145136448	-4.392385320458647	6.195185654472368	7.9803524461266555	1.8483490429672536	1.3365959403002847	5.692296322874725	-7.341119824221796	-0.27167224001278356	-14.283845888992797	-6.8629279028742864	9.844736463212119	28.434	23.314837330309615	23.51128074203546	20.21398925115875	19.694011241633714	70.14068597992436	0.033084460021221285
 archi-vowels-JSP.wav	éˤ	18	14.572	136.7061933442928	493.964	1818.719	2775.819	26.858511832414226	24.272522614239023	19.872555303600194	19.89609781858381	20.867722993391304	19.38208473998341	20.957006521370207	17.35116504639103	27.597039430571595	27.629062879786275	33.14111848803644	43.01275090630127	29.14305103772012	15.32830781424321	37.321650209804574	56.48101832142123	112.7338824307959	2.5859892181752038	4.399967310638829	6.962414013830415	5.9907888390229225	7.476427092430818	3.605841474979176	-0.032023449214680255	-5.512055608250165	-15.415711475729676	-1.5460116071485253	12.268731616328385	23.91	21.422212431510196	17.664575602612338	14.592557443446243	14.542884366168924	70.15345208827922	0.04340290481948758
 archi-vowels-JSP.wav	éˤ	18	14.622	127.24227219075344	416.306	1741.657	2486.391	21.370163312928824	37.27143251001898	24.58538798314067	7.7776487049744425	11.280733403127137	14.270005320372388	15.733180327324822	-1.897858022023446	22.26296694350914	41.479748419471754	31.317709757927773	29.12164702844185	17.443162788419876	12.320918984194286	37.90937214964039	52.47893563448171	88.9610794460889	-15.901269197090159	12.686044526878312	13.592514607954381	10.089429909801687	7.100157992556436	17.63103834934827	-19.216781475962613	10.162038661543981	-6.858680084932708	4.819804155089265	9.942047959314856	0	14.506936811510194	11.848799375757732	10.6311482993656	10.511456990868757	67.81223795749129	0.036759443355021966
archi-vowels-JSP.wav	ó	19	15.233	164.5891743217414	827.577	2354.712	3215.251	27.77881853242277	38.80259070313348	24.76396187101303	13.22362135437234	-2.364003123041705	0.43364317568568467	6.739263565217746	14.352087715145892	28.171716881580945	40.46846041657233	34.11410153942608	39.71861628509873	9.18650742993542	5.059615409502599	44.810035885478854	89.27091485966793	162.0207447070111	-11.023772170710714	14.038628832120452	14.555197178050427	30.142821655464473	27.345175356737084	-7.612824149928146	-12.296743534991382	6.354358877146247	-11.546899403517788	18.985209451645524	23.112101472078347	15.346	7.63352789136524	7.6177897945303545	7.6106766584451435	7.604829182132753	75.314661212698	0.007765440657107411
 archi-vowels-JSP.wav	ó	19	15.286	184.37965225325382	572.692	2431.919	3474.946	32.77070795819135	48.59107913434235	36.2660621063079	27.705888772823243	16.025776520608918	23.01553582857163	9.799941808214221	15.784312184861928	33.76711601018765	53.40632023472689	40.678729338302404	50.373488896686915	19.328300961975707	16.932120302801984	44.69629277634002	99.46765856779835	197.93140354115155	-15.820371176151	12.325017028034452	5.064819185368108	16.744931437582434	9.755172129619723	-5.984370376647707	-19.63920422453924	12.727590896424488	-16.606372886499265	14.438815048211943	16.834995707385666	20.88	21.299224646797796	16.227054594579336	16.211489187848603	16.162479973797414	80.77538428399792	0.06637811337008892
 archi-vowels-JSP.wav	ó	19	15.339	207.36937561712415	610.586	1635.12	2681.462	38.95753531009235	47.764702436685596	26.041580068594268	28.20788340144683	3.463582468866832	22.495129600051413	20.184953835651505	12.636653804245359	40.15816527881888	53.66695528097388	30.057330019762162	51.65790633930758	16.310562010933666	19.520991261165474	47.8001556514545	60.924316988220866	126.31606185070753	-8.80716712659325	21.723122368091328	10.749651908645518	35.493952841225514	16.462405710040933	7.548300031406146	-13.508790002155003	23.60962526121172	-11.499741060488702	23.847603267885212	20.637174017653404	21.856	18.98673701460357	12.335137888856273	12.297759626059854	12.280854858988919	82.42111922927447	0.0483702456258874
 archi-vowels-JSP.wav	ó	19	15.392	216.6444673743336	492.344	1319.019	2306.66	37.80698236829271	40.30229053730804	27.02124751408144	31.665841195730813	27.133928971017966	30.923655596714895	22.037447192698206	5.814042538940121	39.899089927937645	53.64539013800148	25.499679860156572	53.64539013800148	38.98466055797226	25.906914362121377	45.65291202872713	54.95016887264209	97.75616576159693	-2.495308169015331	13.281043023226598	6.141141172561895	10.673053397274742	6.8833267715778135	16.223404653758084	-13.746300210063836	28.14571027784491	-13.746300210063836	0.9144293699653829	13.992175565816268	19.685	12.234591171776511	11.91520521960933	11.275284114240186	11.247404234589908	81.82883116386157	0.04213003893336862
 archi-vowels-JSP.wav	ó	19	15.445	238.73444153859435	460.734	1341.366	2391.628	21.564531046941614	14.022666289906347	12.386800244888725	12.744019505373416	11.38945262119514	11.442988700869236	7.995795120497541	-9.098255498235696	24.528814686276394	33.001714135132204	8.180928249190169	33.518802172197795	21.251606734437615	3.424292334888386	47.9107217495106	58.09683241023082	109.47784092480764	7.541864757035267	1.6358660450176217	8.820511541568198	10.175078425746474	10.121542346072378	17.094050618733238	-8.47289944885581	24.820785885942037	-8.9899874859214	3.277207951838779	21.10452235138801	18.875	9.563364337947762	8.447414122601863	8.202853577618338	8.197534613191426	63.72981413003248	0.007327461245605953
archi-vowels-JSP.wav	ó	20	16.026	--undefined--	486.604	820.185	2321.586	--undefined--	--undefined--	--undefined--	--undefined--	--undefined--	--undefined--	0	0	0	0	0	0	0	0	--undefined--	--undefined--	--undefined--	--undefined--	--undefined--	--undefined--	--undefined--	--undefined--	0	0	0	0	0	0	25.487	10.170289752672318	9.417447603591425	9.410871822031574	9.41127211828276	77.48725212542227	0.05376252053743646
 archi-vowels-JSP.wav	ó	20	16.066	164.60747868351444	491.259	967.009	2779.574	20.612368366804052	37.68763707056705	26.257115040343052	28.856179349901012	4.656785047925421	31.650010521244976	6.1262384928228215	12.385690779855668	21.89646117657988	43.882372052989396	33.58723175577049	53.204505901999354	22.06354984181854	12.069237094432763	40.19436887205445	45.51619271763683	121.87204178063153	-17.075268703762998	11.430522030223997	-8.24381098309696	15.955583318878631	-11.037642154440924	-6.259452287032847	-21.985910876409516	10.295140297218907	-31.308044725419474	-0.1670886652386585	9.827224082147117	23.974	17.126779804920297	19.291518340794397	19.243997513775028	19.232428654601613	78.61167754253815	0.03205878915616954
 archi-vowels-JSP.wav	ó	20	16.107	151.83872851749223	473.972	907.074	2525.459	26.464268063593657	33.36891248550777	36.350071407551745	33.79212241607059	22.080561073820945	36.221842653151526	5.742318110374346	11.739095896234106	27.646455549055794	38.948091107993065	45.278224659710524	58.32661678959873	39.9437386628504	19.356730169404948	38.732268076903566	43.720040542326764	98.06795552908724	-6.904644421914114	-2.9811589220439743	-7.327854352476933	4.383706989772712	-9.75757458955787	-5.99677778585976	-11.30163555893727	-6.330133551717459	-30.680161240542937	-12.297283113794606	8.289725379650847	19.87	19.946890610203983	16.692726383903228	16.678561094865422	16.66270295980068	82.46698182137547	0.07672848789907834
 archi-vowels-JSP.wav	ó	20	16.148	143.24602751574992	531.426	1278.867	2180.368	28.839083412576812	37.348579229009516	24.36385534677274	20.6302077542415	15.653136611142319	25.82142547157605	25.801672588583045	9.301635523111319	29.601383620769074	40.76120289005402	41.2225349778323	44.860771493037674	31.122484748564396	25.801672588583045	39.53837354892981	45.23660930918014	73.98944512151142	-8.509495816432704	12.984723882236775	8.208875658335312	13.185946801434493	3.0176579410007633	16.500037065471727	-11.159819269284949	-0.46133208777827406	-15.2593878722686	-1.5211011277953226	3.7997110321860283	18.003	6.875532856352299	4.945573212035052	4.914808543457546	4.907537444343848	76.0475199331245	0.043938796991835734
 archi-vowels-JSP.wav	ó	20	16.189	--undefined--	462.789	1279.538	2191.874	--undefined--	--undefined--	--undefined--	--undefined--	--undefined--	--undefined--	0	0	0	0	0	0	0	0	--undefined--	--undefined--	--undefined--	--undefined--	--undefined--	--undefined--	--undefined--	--undefined--	0	0	0	0	0	0	0	-1.7218095132959177	-3.3315426221108364	-3.4518327358954175	-3.4450726326406746	63.94130438793975	0.004115332475269763
archi-vowels-JSP.wav	ó	21	16.785	166.87623543738343	511.308	2544.697	3277.372	19.373775864684383	41.38830289559125	32.27386683062011	30.023851693345197	11.133110529031171	9.01759923932513	10.320079504345554	-3.4865307032801107	20.38457077368371	46.31665322791601	35.88449605758776	52.16053811808007	11.60533552607089	6.731243016260757	41.75232778496599	103.49633664424532	169.15923120074925	-22.01452703090687	9.114436064971144	-10.650075828660814	8.240665335653212	10.356176625359254	13.806610207625663	-25.932082454232297	10.432157170328246	-31.77596734439636	8.779235247612819	13.653327757422952	20.382	10.848784328456237	12.753190538885361	12.744716621650587	12.730289333928921	78.18359695931125	0.05626787053298763
 archi-vowels-JSP.wav	ó	21	16.828	175.60231112342703	555.711	2449.152	4040.251	20.740206057805153	45.46876157606831	38.346068730011126	27.878322803934953	16.722697031940747	26.387099815353963	9.152792334043681	9.21417894426917	21.694686818862138	50.04257158551901	43.4915880566451	50.490240269028	19.48524089874069	11.913584222469655	43.46535785066271	98.5720492857581	257.6444038942464	-24.728555518263157	7.122692846057184	-7.1381167461298	4.017509025864406	-5.64689375754881	-0.061386610225488525	-28.347884766656875	6.550983528873914	-28.795553450165862	2.2094459201214462	9.781102596392483	17.07	21.499887172073	20.618358114485872	20.412181618941524	20.312519645564564	79.54909327139744	0.05926128809804253
 archi-vowels-JSP.wav	ó	21	16.871	194.9931535587383	583.929	2552.536	4096.595	34.86087845373108	41.54006389055733	32.583095644551506	27.54383061891832	18.182005900390415	28.354666096620676	9.78412943599935	9.77719152941169	35.93405888081683	46.829516292320776	35.51274077018421	50.09471238323187	20.384262720608234	14.774451473405277	46.04037239153239	111.66233782937068	277.49355347699884	-6.679185436826245	8.956968246005822	7.317047834812762	16.678872553340668	6.506212357110407	0.006937906587660692	-10.895457411503948	11.316775522136567	-14.160653502415045	15.549796160208594	21.15960740741155	23.39	9.981812860141035	8.76134699948983	8.764272423080607	8.754000660829442	80.00735187325625	0.031759661983695266
 archi-vowels-JSP.wav	ó	21	16.915	212.49253872492565	533.188	2380.543	3476.486	33.21170432573359	40.216780947735714	31.953612348338996	25.40264373401065	22.50169015385509	18.931651361670404	12.771753867595008	3.2983570474705037	34.77375412542373	49.07699090848136	29.388476143429337	46.94639919142597	24.44840514370285	10.257693927727043	47.109259062449446	102.35906007599418	211.8714658187284	-7.005076622002122	8.263168599396717	7.809060591722943	10.710014171878502	14.280052964063188	9.473396820124504	-14.303236783057635	19.688514765052027	-12.17264506600224	10.325348981720879	24.516060197696685	24.51	20.293731323570412	9.411094436445005	9.404671664781208	9.399420376542958	78.86438720018413	0.014460866344480957
 archi-vowels-JSP.wav	ó	21	16.958	204.80396884967007	445.695	1421.848	2489.746	29.69820555672707	33.89845030986004	26.438436692508084	28.54775332021944	19.896057993901426	29.195518783857697	16.16438701762115	16.61578098008897	31.920720450533004	49.43189186296921	22.43157407467503	49.43189186296921	28.930460256404984	20.71277361532868	44.76048356967602	55.21056000150886	109.10410698203827	-4.200244753132967	7.4600136173519545	1.1504522365076326	9.802147562825645	0.5026867728693745	-0.45139396246782226	-17.511171412436205	27.00031778829418	-17.511171412436205	2.9902601941280196	11.207946835204325	0	14.59402044086254	11.447880636983465	10.722592081745718	10.682792980762564	75.37058504422568	0.03708863818959597
archi-vowels-JSP.wav	ó	22	17.538	142.8642268128142	460.709	2333.735	3332.539	26.5160099797208	18.050354884061584	22.66888777452584	10.31246679147571	-7.3169288027693895	-0.23699475734159137	-5.560337892030155	-12.319345097623467	27.422259735835283	22.36209931622374	28.476805781804355	32.371666093646965	-6.015734244576834	-8.181536926395438	37.898292041838936	82.90950162669749	163.87233755307557	8.465655095659216	-4.618532890464255	16.20354318824509	33.83293878249019	26.75300473706239	6.759007205593312	5.060160419611542	-6.114706465580614	-4.949406357811682	33.43799398041212	35.60379666223072	15.511	6.931026779875507	2.2750043406926173	2.2870256659132706	2.284737363200643	62.6223012219382	0.01685249092560811
 archi-vowels-JSP.wav	ó	22	17.573	148.6215415394385	475.63	2652.106	3996.631	26.824033765596596	30.595486233297088	28.600987184531967	25.253612806651372	1.8557328884924509	1.6081790854709652	2.8383391683593278	6.599595064516759	27.739358369846414	34.97014217976074	33.95958334392253	47.41467467375622	0.38962375841023406	-12.104987331094513	38.396892987178425	106.67093660387496	235.18079430584984	-3.7714524677004917	1.994499048765121	1.570420958945224	24.968300877104145	25.21585468012563	-3.761255896157431	-7.230783809914328	1.0105588358382107	-19.675316303909803	27.34973461143618	39.84434570094093	23.26	6.846700786597927	7.2385729047951415	7.2303102322071595	7.23042465735189	73.17800480249362	0.03144392447760695
 archi-vowels-JSP.wav	ó	22	17.609	146.63768856614297	539.451	2406.748	3234.985	28.83436994784706	37.44554350537454	23.4089673320365	25.991583818343884	16.845238752339128	10.778356762939797	2.925696899719741	4.206233965946488	29.530919373887187	40.60144459141948	38.02515728974528	49.046618477004024	20.161770193378985	8.48835322424564	40.035630962777184	88.49781066236538	156.30787659416515	-8.61117355752748	14.036576173338037	2.8427861295031747	11.98913119550793	18.05601318490726	-1.2805370662267475	-11.070525217532293	2.576287301674199	-19.515699103116837	9.369149180508202	21.042566149641544	21.746	27.419539466923723	20.935474045820328	20.69384534062983	20.63963959674849	75.1394594027062	0.049613531697438276
 archi-vowels-JSP.wav	ó	22	17.644	137.88977863211548	454.617	2143.973	3409.195	26.81030938937568	19.081963579621835	29.699200424243223	22.38779726044872	11.528477306452537	20.794788414090704	10.470904751008083	-6.25433204583042	27.680233911335385	23.178585126794935	36.67696615010216	44.480983058787515	14.719477245229164	8.820108212687662	37.48442676046649	70.96133492655137	168.87065229383114	7.7283458097538436	-10.617236844621388	4.422512128926957	15.281832082923142	6.015520975284975	16.7252367968385	4.50164878454045	-13.498381023307225	-16.80074914745213	12.96075666610622	18.86012569864772	19.925	13.06373258412529	9.908755436602698	9.80960826778633	9.788988910710808	71.08387031427162	0.05210110172276425
 archi-vowels-JSP.wav	ó	22	17.679	130.58329666662323	436.952	2213.831	4032.037	23.424990452645382	29.86984437083467	25.657322961242713	19.98384333178569	24.230575835322366	45.23844263762968	25.36968132881408	-6.38148388599296	24.26334060753531	33.79649465338632	33.32467944765596	41.73608055007419	26.137624648560514	25.043616778289348	37.23836210160521	73.2117476607147	227.4442335387432	-6.444853918189288	4.212521409591957	3.441147120859693	-0.8055853826769841	-21.8134521849843	31.751165214807042	-9.53315404585101	0.4718152057303584	-17.472739942538883	-1.8742840410252057	-0.7802761707540391	12.636	18.845148792892413	10.450386051932002	10.045830422831312	10.036530099787313	69.13483301965364	0.020841919241369366
archi-vowels-JSP.wav	ó	23	18.441	--undefined--	505.488	1211.615	2207.415	--undefined--	--undefined--	--undefined--	--undefined--	--undefined--	--undefined--	0	0	0	0	0	0	0	0	--undefined--	--undefined--	--undefined--	--undefined--	--undefined--	--undefined--	--undefined--	--undefined--	0	0	0	0	0	0	16.136	14.912587059594332	10.427171603889338	10.36762519459219	10.340556137726104	74.79540706309723	0.0287746658285889
 archi-vowels-JSP.wav	ó	23	18.47	184.78201610471345	546.594	1023.067	2329.601	21.01538038350148	38.850979374525906	29.460228316553746	22.376823754465747	8.860168409540655	19.04176788746139	10.139809041926096	-7.954127748460877	22.35194499508193	45.316919480711356	37.44650657509175	47.129408544232405	27.45911326228613	10.187796022272915	44.323009662979366	48.21178148360718	92.1999761313272	-17.835598991024426	9.39075105797216	-1.3614433709642668	12.155211973960824	1.97361249604009	18.093936790386973	-22.964974485629426	7.870412905619602	-24.777463549150475	-5.107168267204202	12.164148972809015	18.122	10.89430334790224	8.607167004551679	8.582464393452469	8.570036362575461	77.24321800450016	0.05472728253164176
 archi-vowels-JSP.wav	ó	23	18.499	199.70207343862504	555.114	949.999	2636.81	29.61758933120619	40.493092713081744	21.547626181749372	24.27657163429653	15.279797065263864	21.916443368224677	12.42408197203706	2.330405091303295	31.206808412581964	48.433713740536255	31.498409414752096	49.526127974640765	35.249846112987136	5.827941045102457	46.10315689599618	49.57726992497724	120.1140617859271	-10.875503381875554	18.94546653133237	5.34101769690966	14.337792265942326	7.7011459629815135	10.093676880733765	-17.22690532795429	16.93530432578416	-18.3193195620588	-4.043037700405172	25.378867367479508	22.024	13.653634782297189	12.089483789273018	12.077132690871649	12.058125790319036	78.57452119812534	0.06676510288970552
 archi-vowels-JSP.wav	ó	23	18.528	221.13779974731972	527.758	1177.751	2730.221	28.204418073587938	35.60641957032383	23.66890642187216	25.067804615684032	8.632152388196495	25.115798972191744	8.275562411105554	6.730622039385966	30.180811724200048	47.13973192894591	25.715144515135698	47.86719199430978	23.49591522769028	10.498843713026139	47.94460897157814	53.758750596542185	135.00503683717037	-7.402001496735892	11.937513148451671	3.1366134579039056	19.572265685391443	3.088619101396194	1.544940371719588	-16.958920204745866	21.424587413810215	-17.68638027010973	6.684896496509769	19.681968011173907	14.379	15.592234349584047	5.013778461457421	4.997653103535228	4.994980728890045	77.24369975261907	0.061610445026327086
 archi-vowels-JSP.wav	ó	23	18.556	244.42256355208232	483.703	1358.012	2789.981	26.07449032204252	31.029570460986978	28.113848559563472	30.819030844106457	13.179992052336935	24.75473649885911	10.682133899445866	8.565595356547112	28.89516734438682	52.01093734560005	24.683242441462635	52.01093734560005	23.717394384392367	10.23164894816527	48.42239248628384	59.10936161439138	148.23814452697596	-4.9550801389444565	2.915721901423506	-4.744540522063936	12.894498269705586	1.3197538231834116	2.1165385428987538	-23.115770001213228	27.327694904137413	-23.115770001213228	5.177772959994453	18.663518396221548	11.223	18.761355276201638	13.330061104997391	13.21154514528537	13.19748183304794	78.50737324263281	0.03566811149196292
archi-vowels-JSP.wav	óːˤ	24	19.236	163.12653345784622	458.989	2067.282	3321.465	18.881672649220842	39.75321098086145	27.976881480028318	26.10319508028442	6.51992086239002	21.687136242007615	10.121141147109359	-10.138833040979131	20.101582918258707	46.00296475390497	28.686478704637484	47.74720987086926	10.121141147109359	9.646053762425467	40.04228699264349	71.82985414015617	171.91290606365064	-20.87153833164061	11.776329500833135	-7.221522431063576	12.361751786830823	-2.805463592786772	20.259974188088492	-25.901381835646262	17.316486049267485	-27.645626952610556	9.980441771149348	10.45552915583324	19.581	11.676668005388741	13.07858206927191	13.064938381742744	13.047559502844413	74.92897381287393	0.019452157151697697
 archi-vowels-JSP.wav	óːˤ	24	19.297	184.57203285717887	468.596	2089.422	3094.884	26.463716836126366	40.67809814777784	40.02715262541405	27.812238911998378	7.3165119493539805	11.557792114294799	10.585436614615197	-22.393002156663933	27.986062424573056	49.19804138399282	37.76874489549152	49.19804138399282	10.585436614615197	3.630568388955517	42.16359876617802	77.07643682288928	158.20505119105752	-14.214381311651472	0.6509455223637914	-1.3485220758720118	19.147204886772386	14.905924721831568	32.97843877127913	-21.211978959419767	11.4292964885013	-21.211978959419767	17.40062580995786	24.35549403561754	25.035	17.734669997286215	12.943369099933594	12.940190839035	12.938236998877104	76.69138384150897	0.060097647141802324
 archi-vowels-JSP.wav	óːˤ	24	19.359	195.65719347914165	481.491	1824.788	2959.562	30.968694497998555	39.24745685162573	35.70086933299031	26.597003700057403	1.3836585960867573	12.822325407181012	7.791425924419522	-14.304794957883658	32.62581336438727	48.81433398043821	33.16581320393907	48.162363988295304	7.791425924419522	3.5782339782610633	43.319525913517076	66.06653432934391	148.90538103390043	-8.278762353627172	3.5465875186354197	4.371690797941152	29.585035901911798	18.146369090817544	22.09622088230318	-16.188520616050937	15.64852077649914	-15.536550623908035	24.83438743996775	29.047579386126205	23.564	25.911381371987353	19.762023234342998	19.74936740701233	19.744238797069933	77.21907768070633	0.04226836738545393
 archi-vowels-JSP.wav	óːˤ	24	19.42	188.452115884244	539.788	920.915	3006.027	29.88863660912068	37.951497316642346	30.80998178465233	23.48979985517194	19.595323786240016	27.788706081298997	3.7376745485662743	-4.821061434110332	31.38254803447515	45.28179464846504	40.780596750185154	48.80993360008186	39.638845068970234	4.89784368505039	44.607522746459736	48.09696232142758	150.86241116729096	-8.062860707521665	7.1415155319900165	6.398836753948743	10.293312822880665	2.0999305278216838	8.558735982676605	-13.899246613989888	4.501197898279884	-17.427385565606713	-8.256297034495084	26.48470434942476	24.406	20.908536457565408	18.250008290840917	18.236719782090972	18.228227855567546	76.98901490181035	0.04724443012655773
 archi-vowels-JSP.wav	óːˤ	24	19.481	188.1180113222326	466.468	1155.879	3171.693	30.20511389938725	38.129327092366374	33.33011449144634	25.65563433131272	19.59721775120839	37.97620834303896	3.2971472846300753	-1.1370660416779539	31.968709570464135	48.016537482693344	34.018089140260784	48.016537482693344	32.78631960753445	14.521704680297765	42.55080443812644	49.541645893814845	167.42295787456868	-7.924213192979124	4.799212600920036	4.549479568074531	10.60789614817886	-7.771094443651712	4.434213326308029	-16.04782791222921	13.99844834243256	-16.04782791222921	-0.8176100370703168	17.44700489016637	27.621	28.701342238134227	17.04161010416605	17.031731662142175	17.01481405794161	75.08992464243696	0.04718905477932423
archi-vowels-JSP.wav	óːˤ	25	20.293	173.30679946893574	487.023	1010.452	2263.457	25.709296395727705	45.52198053054198	34.59433897003514	29.716181426139833	14.75401071277276	28.855645775390936	19.192411603223167	-3.398195232590759	27.137651584894435	52.66580420322458	39.85992724639628	53.512988927080166	31.09901086973469	19.192411603223167	41.04290043967092	46.775028939376796	85.24184666025054	-19.812684134814276	10.927641560506842	-4.006885030412128	10.955285682954944	-3.1463493796632314	22.590606835813926	-25.528152618330147	12.8058769568283	-26.37533734218573	-3.961359284840256	7.945239981671268	16.863	16.046112197397186	14.0232584168006	13.995806452780666	13.986075506120025	80.92014250772917	0.0486283932130128
 archi-vowels-JSP.wav	óːˤ	25	20.335	188.5717073273411	516.55	701.338	2234.892	32.46126227256213	33.67029403691496	35.59227780067022	23.967649031348493	24.854249211744502	30.64074646939675	11.987995080416647	-5.599963995494135	34.3458284317546	43.144183686409306	49.840350149025845	52.0736417468155	49.840350149025845	14.878767974454059	44.195164407827455	46.691342903896626	86.67500002517697	-1.2090317643528294	-1.9219837637552573	8.493613241213637	7.6070130608176285	1.8205158031653816	17.58795907591078	-8.798355254654709	-6.696166462616539	-17.7278133150609	-15.494521717271247	19.46706045730054	19.936	12.639112765199565	14.080484448285546	14.053823554945188	14.045783976655564	80.53948998425015	0.04508817945742725
 archi-vowels-JSP.wav	óːˤ	25	20.377	200.7716930323867	538.186	750.444	2471.442	36.42022473709753	40.209464793879526	31.971486463316467	25.93802719123495	21.852080714766473	30.00005655667338	2.9639397316429394	1.3579391146058275	38.357271544677914	50.08720004051761	46.12656816786724	53.56097503747258	46.12656816786724	11.63410524241119	45.924023437466246	48.501616533619035	106.60405652532546	-3.789240056781999	8.23797833056306	10.482197545862576	14.568144022331055	6.420168180424149	1.606000617037112	-11.729928495839694	3.9606318726503673	-15.203703492794666	-7.769296623189327	26.723166302266726	18.607	17.28424907831075	10.840568558551169	10.837736930254353	10.833136548609614	82.08585221175852	0.040852381196104286
 archi-vowels-JSP.wav	óːˤ	25	20.418	205.05191671928952	582.812	876.18	2730.369	35.07266615394393	43.686716539403534	19.2514450517591	23.502158334336897	13.876170255587013	29.279344552669528	17.505902542942028	9.56871658445451	36.70292179784272	51.69999527266856	36.78433838504519	50.41490653457936	36.78433838504519	10.796811419355866	47.13926601338533	49.80715164289084	130.09580418041492	-8.614050385459606	24.435271487644435	11.57050781960703	21.196495898356915	5.7933216012744	7.937185958487518	-14.99707347482584	14.91565688762337	-13.711984736736639	-0.0814165872024688	25.906110378486854	21.777	25.626117728980304	18.42703231137594	18.390122954192595	18.37923019527708	81.08291887816895	0.02972362057201554
 archi-vowels-JSP.wav	óːˤ	25	20.46	187.9851645814722	478.722	1131.958	2372.298	34.564569222163065	41.2769543336093	31.277468183373713	24.40563474455704	15.137029936492212	34.89937568662551	11.324782207070816	5.253432932805703	36.252185676244856	50.457962405579266	32.99257580931993	47.167778748277925	29.160476499903652	24.940514371410103	42.504591687387666	49.32916828628976	95.96226374001401	-6.712385111446231	9.999486150235583	10.158934477606024	19.427539285670854	-0.3348064644624458	6.071349274265113	-14.20577672933441	17.465386596259336	-10.915593072033069	7.091709176341205	11.311671304834753	22.559	17.953419377116596	12.511201042262211	12.47843969442706	12.446640980906258	77.06964874943576	0.04670013267180146
archi-vowels-JSP.wav	óːˤ	26	20.991	145.7266456335172	451.124	1085.193	2112.173	29.658856901771525	35.83628888749875	19.922219850476402	23.641973258207358	15.757754040495513	26.77967608082679	21.13470243692676	-9.574151105057197	30.768565285441657	41.13080249689528	26.289045081966414	46.708826059739465	30.059262262122456	21.13470243692676	38.385108448600405	43.911259013985	70.84129324429567	-6.177431985727228	15.914069037022351	6.016883643564167	13.901102861276012	2.879180820944736	30.708853541983956	-10.362237211453621	14.841757414928864	-15.940260774297808	0.709303023319201	9.633862848514898	19.732	18.285776346073167	17.17068223789209	17.040604999598393	16.99540669208702	73.17557155736318	0.01891718394913527
 archi-vowels-JSP.wav	óːˤ	26	21.055	167.6119150366579	508.758	991.497	2078.872	23.76556891730433	36.028098426346446	31.756835724621034	28.747942127286947	20.44239998386479	17.955964311975496	12.656171098492393	-15.778731946817551	25.009876772561448	41.978863530867024	39.653869386977426	53.12506513535405	38.210650048744654	12.656171098492393	41.78420420726864	45.997233157738094	73.28224285325356	-12.262529509042118	4.271262701725412	-4.982373209982619	3.32316893343954	5.809604605328833	28.434903045309945	-16.968986758305576	2.3249941438895974	-28.1151883627926	-13.200773276183206	12.353705674069055	21.787	11.234396610942579	13.464258600782117	13.431992070602732	13.433003043574388	79.33070775868045	0.050733262975790325
 archi-vowels-JSP.wav	óːˤ	26	21.12	181.1449809255288	540.053	982.787	2021.173	21.46893768257272	34.37792831978966	21.549168537253014	24.018049192989906	14.800837792400458	19.17321319247376	15.750906271999217	-12.967797213782333	22.800245519605635	40.78663092104678	30.231405846771846	48.968190714382786	33.85852776594535	15.750906271999217	43.81404836242578	47.556482520280014	72.7672176195204	-12.908990637216942	12.828759782536647	-2.5491115104171875	6.668099890172261	2.2957244900989586	28.71870348578155	-17.986385401441144	10.555225074274933	-26.16794519477715	-11.058282246339711	7.049339247606419	20.715	7.313989058117243	12.289797010166417	12.250249616181046	12.249668555203744	76.31237119803106	0.013553186487941129
 archi-vowels-JSP.wav	óːˤ	26	21.184	181.02761556704982	542.465	957.987	2090.286	24.425667237756763	32.51892998632891	23.468099979359778	21.744389800358555	14.638466325865544	18.375868935788922	12.960497049291384	-10.774331430994648	25.761474922383627	38.92720383587874	32.8866377894723	46.96182799646361	34.254945939318205	12.960497049291384	43.842377403456105	47.412548761758224	76.44916821504737	-8.093262748572144	9.050830006969129	2.681277437398208	9.787200911891219	6.04979830196784	23.734828480286033	-13.165728913495116	6.04056604640644	-21.200353074079985	-8.493471016934578	12.800977873092243	25.521	21.400325434874368	24.738357709595483	24.544311135977786	24.526884975281384	74.07524217745657	0.02103210687455946
 archi-vowels-JSP.wav	óːˤ	26	21.248	172.75240945896127	522.579	1075.03	2474.188	17.36753368823852	30.46114634193202	28.05303013474053	29.28019719327942	13.854698836264106	21.377671159001498	14.378727839204174	-8.12868392237445	18.594640859750275	36.350710243321	35.142128274807426	53.412598040803026	30.87484669913031	10.241577138065638	42.593696829224584	47.09005349482088	99.70933640832851	-13.093612653693501	2.4081162071914903	-11.9126635050409	3.5128348519744144	-4.010137470762977	22.507411761578624	-17.756069383570722	1.2085819685135704	-34.81795718105275	-12.280205839380034	8.353063721684636	23.719	19.368652470238242	21.174140466957404	21.133253888153515	21.111040132717534	77.89097323515094	0.03034079780029484
archi-vowels-JSP.wav	óːˤ	27	22.004	141.00083742892826	439.01	2166.213	3236.203	28.762462927711468	27.004622808637738	24.877581978404876	26.296062516249698	14.024970450327473	18.501903934841707	16.270421267791953	-21.89551908412969	29.739361247613203	31.72602282144899	29.144072433480574	47.87269006686457	16.270421267791953	9.008478983747054	38.264973295913734	72.76425195604769	154.01742428682076	1.7578401190737303	2.127040830232861	2.4664004114617697	14.737492477383995	10.260558992869761	38.16594035192164	-1.9866615738357858	2.5819503879684156	-18.133328819251368	13.46893997982125	20.73088226386615	20.321	15.962455184841781	15.420503828562422	15.39509802273866	15.373369222519173	71.88170307681459	0.023247140707037504
 archi-vowels-JSP.wav	óːˤ	27	22.06	142.3361721734857	457.911	2132.321	3142.428	31.122722026042414	33.215661286565066	38.18535635336384	28.222770220617797	11.767906834435074	14.569787728152008	14.874346838858694	-25.335513577807525	32.03948319857298	37.57759618716816	43.982237380753816	50.296428288930635	15.108292302717565	6.964168292084485	37.88742514804906	71.22929005448782	145.97609497188517	-2.092939260522652	-4.969695066798771	2.8999518054246174	19.35481519160734	16.552934297890406	40.20986041666622	-5.538112988595181	-6.404641193585654	-18.256945090357654	16.931190895855416	25.075314906488494	26.159	26.579708134424394	24.72665092651459	24.49762020073444	24.48153381454464	75.20261073281372	0.03244847218906077
 archi-vowels-JSP.wav	óːˤ	27	22.117	142.82585142692244	484.231	2071.381	3310.577	32.93156272344102	34.65460984488625	36.7212813483775	26.57464973073217	11.026878797977758	14.106064889908435	16.034151377090968	-5.9395281566673885	33.75997620478256	38.50959796622249	45.36259760711878	49.22317870121815	16.034151377090968	3.715259788149085	37.83405352644226	68.22543874864209	161.77266430814623	-1.7230471214452336	-2.06667150349125	6.35691299270885	21.90468392546326	18.825497833532584	21.973679533758357	-4.749621761439933	-6.852999640896286	-15.463202496435592	17.725824827691593	30.044716416633477	24.406	20.984087558770685	18.121065487202927	18.10216246592323	18.09827510781876	74.58119866585706	0.03513242217855161
 archi-vowels-JSP.wav	óːˤ	27	22.173	135.02769994903431	503.185	2157.821	3525.038	24.924604447046317	28.941185890078444	24.054684598910775	19.578587263255976	8.907343989058575	17.127154778077852	13.228112558162948	1.4516039805146512	25.605186946886125	32.01170513012912	39.96036458432699	42.48000299236481	13.871862845765612	5.428749348978887	38.175028176810805	71.11726142630587	178.59553640454635	-4.016581443032127	4.886501291167669	5.346017183790341	16.017260457987742	7.797449668968465	11.776508577648297	-6.406518183242998	-7.948659454197866	-16.874816045478685	11.733324101120512	20.17643759790724	25.371	18.450589270244592	13.839289421514067	13.783261659823086	13.771053586673148	72.13794678485148	0.008442227568211105
 archi-vowels-JSP.wav	óːˤ	27	22.23	130.0414084258629	508.519	2334.646	3304.893	17.263133600856065	34.428922964847516	24.600591639867442	23.11968970509527	11.965996854560643	13.079462236535306	10.063006917167908	-8.240445114115222	17.875345298726085	37.15729911994737	46.15074463089648	46.15074463089648	15.359664170979793	7.705197533828077	37.73009469915638	80.03449189632539	155.5541057097535	-17.16578936399145	9.828331324980073	-5.856556104239203	5.297136746295422	4.183671364320759	18.30345203128313	-19.281953821221283	-8.993445510949115	-28.275399332170398	2.5156811277462925	10.170147764898008	24.862	17.790784273648242	15.633834544174546	15.549243511496673	15.513255137876431	72.94027706938296	0.019410456718651027
archi-vowels-JSP.wav	óˤ	28	22.941	--undefined--	447.709	1854.276	3393.968	--undefined--	--undefined--	--undefined--	--undefined--	--undefined--	--undefined--	0	0	0	0	0	0	0	0	--undefined--	--undefined--	--undefined--	--undefined--	--undefined--	--undefined--	--undefined--	--undefined--	0	0	0	0	0	0	24.093	10.259268709539487	8.436495895199338	8.418801526477315	8.418378791155055	64.40980826136267	0.019961678488233877
 archi-vowels-JSP.wav	óˤ	28	22.985	143.62069544940388	460.821	1845.249	3285.151	25.918345661121485	28.071825062497073	34.06756727808062	24.553562880730926	8.112598241884601	3.818617522302919	14.64164265459556	-20.26930682804874	26.854043250756938	32.519612738091844	39.981932530291736	46.81114819958752	14.64164265459556	-10.170433135551358	37.97569118558842	58.55079995625213	159.7235246842652	-2.153479401375588	-5.995742215583544	1.3647827803905592	17.805747419236884	22.099728138818566	34.9109494826443	-5.665569487334906	-7.462319792199892	-19.957104948830583	12.212400596161379	37.024476386308294	18.287	18.661654907744897	17.24371894215729	17.172903730481888	17.169058916020713	71.56737250782932	0.04811032608520772
 archi-vowels-JSP.wav	óˤ	28	23.029	168.05335351551145	508.544	1874.793	3843.458	18.750052351455537	37.03076018410944	32.053570567234416	27.96679675146533	12.010189696017822	32.31707786651756	19.489491516942607	-6.034077250304719	19.819374131511335	42.252634138480204	35.732389820190726	50.34653757413095	19.489491516942607	12.261709632980358	41.82777704503309	63.69047295804755	229.96181279699377	-18.280707832653903	4.977189616875023	-9.216744400009794	6.739862655437715	-13.56702551506202	25.523568767247326	-22.43326000696887	6.520244318289478	-30.527163442619614	0.3298826145687279	7.557664498530977	19.779	7.381449888482576	7.151114071518395	7.1017610244489155	7.10119595721512	76.89211798508283	0.00446443052203721
 archi-vowels-JSP.wav	óˤ	28	23.073	199.04507371590543	492.092	1966.814	3878.772	27.212993475452688	37.73612498425474	29.16922561966392	25.525738319775225	11.045220936872418	31.542660003095428	16.240863845834348	1.9415788827655656	28.84376312062793	47.11747731967212	26.55266021023113	47.11747731967212	16.240863845834348	10.91591741953454	43.80819858986035	73.17395444309462	252.64943744660604	-10.523131508802049	8.566899364590817	1.6872551556774624	16.16777253858027	-4.32966652764274	14.299284963068782	-18.27371419904419	20.564817109440988	-18.27371419904419	12.602899274793582	17.92784570109339	16.361	13.28552639194967	10.162529798193592	10.128128804008014	10.125803138460016	74.84742210755635	0.05113833788284244
 archi-vowels-JSP.wav	óˤ	28	23.117	201.00935018422376	443.877	1597.596	2855.506	28.153728785067624	33.487029190192104	31.612221547900052	27.19504842195631	18.782928935870846	23.194260199801846	23.477966398600664	11.75924928485814	30.26703623813811	47.90827539157434	27.00231379411079	47.90827539157434	25.98457570928118	10.726460248287994	44.427052547444035	58.90414638876503	140.61090318057873	-5.333300405124479	1.8748076422920512	0.9586803631113128	9.370799849196779	4.959468585265778	11.718717113742525	-17.64123915343623	20.905961597463552	-17.64123915343623	4.28246052885693	19.54057598985012	0	21.11574004150934	15.650270705882619	15.372889392460012	15.315797636073551	73.78462063559367	0.031051847958931355
archi-vowels-JSP.wav	óˤ	29	23.785	--undefined--	451.005	1813.246	3073.405	--undefined--	--undefined--	--undefined--	--undefined--	--undefined--	--undefined--	0	0	0	0	0	0	0	0	--undefined--	--undefined--	--undefined--	--undefined--	--undefined--	--undefined--	--undefined--	--undefined--	0	0	0	0	0	0	24.719	-1.6242129442492224	-3.3587511734077786	-3.412599018744168	-3.4142427296164857	62.9973769251043	0.011469266995628863
 archi-vowels-JSP.wav	óˤ	29	23.822	--undefined--	473.792	1866.689	3053.739	--undefined--	--undefined--	--undefined--	--undefined--	--undefined--	--undefined--	0	0	0	0	0	0	0	0	--undefined--	--undefined--	--undefined--	--undefined--	--undefined--	--undefined--	--undefined--	--undefined--	0	0	0	0	0	0	23.611	17.557624843223195	16.032642936199053	16.027632922442205	16.022309316172276	72.05062373233753	0.005351350148574449
 archi-vowels-JSP.wav	óˤ	29	23.859	148.29251915849594	507.055	1786.551	3149.714	26.827696981346087	32.92683598318941	28.365350976751536	25.755051778934824	10.798718439268804	14.472779288778813	13.416334274495341	-9.004088350673952	27.660926942968587	36.78096812920246	37.84605686235918	48.63350036416465	19.64007901114821	3.3811823144195188	39.67118873697255	57.16878932701936	149.04842490421788	-6.0991390018433265	4.561485006437877	1.0726452024112625	16.028978542077283	12.354917692567273	22.420422625169294	-9.120041186233877	-1.0650887331567134	-20.97257342119606	8.020847931820377	24.279744628549068	18.564	19.609424235192797	17.203084554978915	17.004227954799433	17.006696537540584	74.35893870379334	0.0395025312987624
 archi-vowels-JSP.wav	óˤ	29	23.896	152.59006809466325	490.081	1588.69	2925.061	23.81865175450389	30.993711708302726	31.510208922221057	30.264328340818178	6.83704628293523	16.74121134658784	22.368263715929956	-7.175593941767003	24.780651663642818	35.547312819090294	37.980941861223684	53.151764225618656	17.06782603465396	5.737702717880549	38.92085685743875	51.9062623241381	130.44381375201763	-7.175059953798836	-0.5164972139183313	-6.445676586314288	16.98160547156866	7.0774404079160504	29.54385765769696	-10.766661155447476	-2.43362904213339	-28.37111256197584	7.712825628988856	19.04294894576227	16.483	22.048108911608956	18.96258315148762	18.80869323636225	18.792930522933297	77.34234324223993	0.0356467940788208
 archi-vowels-JSP.wav	óˤ	29	23.933	143.2857358654534	547.605	1386.917	2455.506	27.24961830554221	35.83370687655005	14.946830746601023	17.181657054355185	8.276945585136254	15.032256347220734	6.005168345978435	-1.7091225190337318	27.956629134264833	38.977830949936745	34.93447126175682	41.44256564562965	23.12636521187589	11.68749664755202	39.79449630196741	46.65963423070458	90.95082884130795	-8.584088571007843	20.88687612994903	10.067961251187025	18.972672720405956	12.217361958321476	7.714290865012167	-11.021201815671912	4.043359688179926	-13.485936511364816	4.830263922388944	16.269132486712813	6.843	7.892187245530927	5.4691116399117625	5.405807783505442	5.374697283045078	71.4746494053239	0.04186707649150366
archi-vowels-JSP.wav	í	30	24.551	150.46096721500672	315.652	2569.317	2986.81	22.440872903459972	20.681401336918302	6.236638812506634	19.704603848051747	11.662904702750737	4.044934955961821	-7.814981110088053	-0.1185675064267147	24.646659103614198	35.39044923188057	-1.6613672846538354	35.39044923188057	3.7148187052933017	1.4145839691728819	53.00363026256727	100.91976657465115	135.12057350845532	1.75947156654167	14.444762524411669	2.7362690554082256	10.777968200709235	18.39593794749815	-7.696413603661338	-10.743790128266369	37.0518165165344	-10.743790128266369	20.931840398320897	23.232075134441317	16.037	8.372553603115563	8.11988619274936	8.102004447577114	8.057961298269007	60.33307454373208	0.007822844202547913
 archi-vowels-JSP.wav	í	30	24.598	158.1799965877274	346.208	2252.351	2798.521	23.046339002942315	20.218729489306295	20.970153045494992	16.60717468264114	10.281535187633331	12.02322115288483	3.5124283871385242	2.1744459016291917	25.083745730549566	33.84971407656838	14.317948192142477	33.84971407656838	6.980782072315193	8.7145632056308	48.935677318283055	81.28359634586928	121.43156944196521	2.8276095136360198	-0.7514235561886977	6.439164320301174	12.764803815308984	11.023117850057485	1.3379824855093325	-8.765968346018816	19.531765884425905	-8.765968346018816	18.102963658234373	16.369182524918767	17.878	7.775240660242575	7.496044505800228	7.363730188473814	7.217436489459141	60.78628179691803	0.008923134562580367
 archi-vowels-JSP.wav	í	30	24.645	164.98649086816198	362.257	2345.071	2994.079	22.574352560048627	34.691084344866	36.69543015217965	30.504761435147977	19.510406085796138	21.022155298271844	9.681463391375335	11.665029064969978	24.603242257725746	48.396868400274364	30.12410034703956	48.396868400274364	15.893424111617742	15.36640958275827	47.498683155403064	88.71744680259962	141.08938045825252	-12.116731784817372	-2.0043458073136478	-7.930408875099349	3.0639464742524893	1.552197261776783	-1.9835656735946436	-23.793626142548618	18.272768053234806	-23.793626142548618	8.709818146108004	9.236832674967477	22.807	26.06109851002248	24.506535177003208	23.695933437156917	22.86599238886251	73.63551079587411	0.020152027273066288
 archi-vowels-JSP.wav	í	30	24.692	172.41583062572025	354.676	2356.097	3045.162	22.889444359437327	38.95498087783447	31.875376573376098	38.426979074495804	21.129673618854167	16.141735146611552	14.930495231658476	7.261638907711373	25.2317696046033	55.77190232181461	23.796263937698072	55.77190232181461	16.862082691513844	8.987176301314324	49.49144578294095	91.18257325272289	148.66092526735963	-16.065536518397145	7.079604304458375	-15.537534715058477	1.7597707405831606	6.747709212825775	7.668856323947103	-30.540132717211307	31.975638384116536	-30.540132717211307	8.369686913089456	16.244593303288976	17.718	23.36798250845904	18.988697805654418	18.877287198666597	18.8114335792524	80.61092510225727	0.038991905442288095
 archi-vowels-JSP.wav	í	30	24.74	200.05967275415549	406.712	2025.645	2634.312	35.538616765266454	32.85209200637054	16.181576944569695	32.57680738434391	8.958568944252967	16.74559875503289	5.386729552055023	13.079731952366785	37.99798526468744	51.77539039751025	8.519276155948273	51.77539039751025	10.021642923760298	14.813767797426324	46.62945387209165	76.44056726666666	119.99861605813157	2.6865247588959136	16.670515061800845	2.9618093809225456	26.580047821013487	18.793018010233563	-7.693002400311762	-13.777405132822807	43.256114241561974	-13.777405132822807	27.976342340927147	23.18421746726112	16.239	13.214532710732453	13.332597344912562	13.314606072441237	13.273816283785786	77.23266123782662	0.06974916441766736
archi-vowels-JSP.wav	í	31	25.341	146.20899378198524	351.907	2316.237	2899.778	24.416751580347103	32.61724680514578	22.727903506799027	23.664721184738443	18.099306277755183	11.801979711146128	4.150829716902594	8.545102244782136	26.07100172231542	42.358284302462025	18.38032786332955	41.47013521801313	14.699061494235368	7.789350069725859	46.56967581768632	82.57964913363595	126.0474987617681	-8.20049522479868	9.889343298346756	0.75203039560866	6.317445302591921	12.614771869200975	-4.394272527879542	-16.287282580146606	23.977956439132473	-15.399133495697708	11.371940228080051	18.28165165258956	8.787	9.426347361543584	9.01879004610588	8.939410829765952	8.889597477163827	65.5631329291304	0.012596991380295314
 archi-vowels-JSP.wav	í	31	25.376	144.15509028306406	392.81	2351.794	3079.481	28.742158382550766	36.08209784853405	26.262324818543668	18.42237420807505	21.81547517945706	22.1072271891398	6.283241826908188	18.840461822474396	30.019314404621777	42.78773165628132	25.525196307574817	38.19832385998114	20.043273041151263	16.55182675665108	41.58297972795005	84.34243750285285	141.016401104712	-7.3399394659832815	9.81977302999038	10.319784174475718	6.926683203093706	6.634931193410967	-12.557219995566207	-12.768417251659546	17.262535348706507	-8.17900945535936	9.976041363470515	13.467487647970696	23.569	18.162999272952483	17.269019496905965	16.248468755560943	15.287724385648897	67.2676593012776	0.011980284777739903
 archi-vowels-JSP.wav	í	31	25.412	148.47759557872726	337.081	2375.944	2968.492	27.906263481318774	36.224130375594086	35.114154241040445	31.06431359081056	24.37995503290776	20.10110811674056	15.41843160184279	16.775823661802278	29.776245920729636	48.02126423563312	29.223736909120927	48.02126423563312	19.55601255619205	14.78847194201123	49.07465372982173	86.90755416909602	132.78579159256614	-8.317866894275312	1.1099761345536407	-3.1580501094917857	3.526308448411015	7.805155364578216	-1.357392059959487	-18.245018314903483	18.797527326512192	-18.245018314903483	10.220233364537584	14.987773978718407	25.06	28.201073435279845	26.794710940111198	25.785583535341765	25.043107595463393	72.41621633120266	0.012992373760249738
 archi-vowels-JSP.wav	í	31	25.448	148.75180628712934	381.696	2338.26	3232.544	30.901159556615674	41.35732542847389	32.12487909939412	28.709876065912866	22.022564023272515	26.745362031953672	14.423131434449832	19.137323792779725	32.3510971108034	49.370847338916796	29.589048740862406	47.894431074432816	19.77207481623809	17.252110768535616	43.211987459135145	84.54201735387151	156.97858245280185	-10.456165871858218	9.232446329079771	2.1912834907028085	8.878595533343159	4.1557975246620025	-4.714192358329893	-17.019750228113395	19.78179859805439	-15.543333963629415	12.579022294565313	15.098986342267786	28.641	28.678629328465654	28.0406372412242	27.59195232891266	26.92857155491129	73.78452316300383	0.0251702261404989
 archi-vowels-JSP.wav	í	31	25.484	145.33724985554105	333.281	2235.3	3370.758	34.78320251154012	33.15107263946961	34.44099540800144	27.663840889041584	27.21047960812315	16.56800856083381	20.017749115973047	9.542597912503066	36.61444106281149	44.5094194395205	28.85478296071441	44.5094194395205	23.715181148366238	0.8421331070244378	49.25987510190684	77.52684495636994	168.66162904055116	1.6321298720705073	-1.2899227685318309	7.119361622498534	7.572722903416967	18.215193950706308	10.47515120346998	-7.8949783767090125	15.65463647880609	-7.8949783767090125	12.899259914445249	35.77230795578705	21.516	14.4718722885037	13.522040101013019	12.848492159094206	12.812814342319038	70.01728740982219	0.025652590655572023
archi-vowels-JSP.wav	í	32	26.453	149.03501821240926	364.909	2109.044	2641.847	27.583017122372524	19.692456954814972	6.916203344094809	9.590360272410837	11.911229800787915	15.609704619098295	11.261762163489614	0.8843460823985493	29.189604210017826	28.984764411078686	3.1887281273644046	28.02887090195682	11.261762163489614	14.495969624020038	45.19252160301839	71.3187809976929	106.00025878984111	7.8905601675575525	12.776253610720163	17.992656849961687	15.67178732158461	11.97331250327423	10.377416081091065	0.2048397989391404	25.79603628371428	1.1607333080610047	17.927842046528212	14.693634585997788	18.002	3.3229920961686563	3.304125152938612	3.0541159517228134	10.160960104158052	59.75097536029453	0.012977279975177043
 archi-vowels-JSP.wav	í	32	26.507	161.65106373945937	342.834	2104.257	2473.651	16.94415946428111	32.658734139735195	12.950479905260288	30.807498646607815	19.73980945637441	20.210915846112233	17.746184169784197	-2.334875353945924	19.133891119881778	47.82243409346296	5.68008421308146	47.82243409346296	17.746184169784197	22.790627261853697	49.90720653427386	73.49951208844939	96.85219545316718	-15.714574675454084	19.708254234474907	-13.863339182326705	-2.795649992093299	-3.2667563818311223	20.081059523730122	-28.688542973581182	42.1423498803815	-28.688542973581182	1.3877069500975807	-3.656736141971919	14.973	19.940098192553506	17.37038783279888	16.353940702897752	15.793708983446477	72.80464426374888	0.02444218324664311
 archi-vowels-JSP.wav	í	32	26.561	173.7391876995633	389.456	2176.834	2397.354	23.808576292814497	31.70250562990971	13.23124565413836	25.655518520437546	26.37703288540459	15.304300758933167	20.527751514009765	1.5311473337851642	25.766946481911454	44.65434338132625	7.393716600575781	44.65434338132625	25.609396186587613	25.609396186587613	45.300421816941856	79.99046171067017	94.37158048998248	-7.893929337095212	18.471259975771346	-1.8469422276230496	-2.568456592590092	8.50427553388133	18.9966041802246	-18.887396899414796	37.26062678075047	-18.887396899414796	0.15755029532384057	0.15755029532384057	27.819	6.211071514758001	5.615272038086349	5.061304598327668	5.046262355288794	70.57990572278884	0.028239890211351298
 archi-vowels-JSP.wav	í	32	26.615	182.25940476031397	356.433	2253.011	2550.108	14.638682721187035	23.47123152899514	15.271215669524132	22.959315113474904	18.13095747079734	10.135555617730564	6.2135564654314726	2.8941698792676047	17.272812944601327	40.199140770248285	6.20690900911195	40.199140770248285	14.805798939371337	14.805798939371337	50.470721283193015	86.50185504434032	108.04235098109964	-8.832548807808106	8.200015859471009	-8.32063239228787	-3.4922747496103064	4.503127103456471	3.319386586163868	-22.926327825646958	33.99223176113634	-22.926327825646958	2.4670140052299896	2.4670140052299896	20.4	22.235529014414674	22.339272983338724	18.319325574477908	18.189007729388994	66.4244049417189	0.010949537122188605
 archi-vowels-JSP.wav	í	32	26.669	167.45454123144484	339.391	2210.299	2647.163	8.091316375024302	25.963016353176418	21.07541224654254	25.88389656248476	23.771286460889783	14.072321751525696	15.731122604431498	1.8715013051826164	10.508042239002599	42.56190231279934	12.709727441848926	42.56190231279934	20.352339890711185	13.548404048821892	51.22145315612595	80.69853689386224	111.72045394832068	-17.871699978152115	4.8876041066338765	-17.79258018746046	-15.679970085865481	-5.981005376501393	13.859621299248882	-32.05386007379674	29.852174870950414	-32.05386007379674	-9.844297651708587	-3.0403618098192933	6.087	17.677448117164836	17.491252463974746	16.788922472129258	16.494911637395774	68.09793635859879	0.01536377867596825
archi-vowels-JSP.wav	í	33	27.372	143.31023294095206	329.016	2082.802	2726.469	30.558666922376315	35.11577383634322	31.09128482555575	29.714154426303118	25.40360841728942	30.25279894591445	18.869063914478993	19.285078147190834	32.38805285854865	46.40016242518472	25.610698008646825	46.40016242518472	23.334492959411897	24.709387044108585	49.67934468447839	68.88366779061859	110.89102894626645	-4.5571069139669085	4.024489010787473	0.8445124960731967	5.155058505086895	0.30586797646186525	-0.41601423271184146	-14.01210956663607	20.789464416537893	-14.01210956663607	9.05355989913675	7.678665814440063	18.561	23.94962636105586	23.567724495658908	21.89002068392253	20.603137579334827	69.85824718654544	0.020050065753444313
 archi-vowels-JSP.wav	í	33	27.414	133.28691718268163	337.376	2203.256	2690.333	25.586694889807912	25.572447795247854	27.746938122664353	15.02779031266937	31.126823694013076	20.936758385474697	17.515328293486608	7.170918527279605	27.066945430461665	33.78729657911254	24.748338932478234	32.39237488691218	28.47019062656246	19.642524157081727	47.006882960562194	73.19672368458421	105.08658754399607	0.01424709456005857	-2.1744903274164997	10.558904577138541	-5.540128804205164	4.6499365043332155	10.344409766207002	-6.720351148650877	9.038957646634309	-5.3254294564505145	-1.4032451961007943	7.424421273379938	25.366	9.562782026070835	9.291556627378144	8.11701138315155	7.846673507271129	64.65888901310987	0.012907442302597742
 archi-vowels-JSP.wav	í	33	27.455	126.23251195445931	360.142	2226.889	2664.568	22.941666145053574	36.35938529860469	21.05346322124918	14.836181212899469	23.932797777876566	15.610884429825777	15.575404718072456	7.329115177184554	24.09447372197981	42.20202436234655	21.754678387459748	33.56140267134441	22.355502552773526	16.989018350776476	42.975856077296314	73.01191868605628	101.09788057742435	-13.417719153551118	15.305922077355511	8.105484932154106	-0.9911316328229915	7.330781715227797	8.2462895408879	-18.10755064036674	20.4473459748868	-9.4669289493646	1.738971169206284	7.105455371203334	18.734	12.428883687859534	12.090269817604536	10.457817435365522	10.065987436681267	68.13455001244736	0.038262372949435096
 archi-vowels-JSP.wav	í	33	27.497	112.7545912942082	293.756	2224.872	2674.953	26.114108433392445	24.118543402380144	15.79574186960527	12.418195688062507	16.302152799422984	15.7783833964411	11.508520672913573	6.072572643107889	27.483292188643766	31.418276050846355	13.457976995027956	27.763680441007278	11.508520672913573	13.575953643613287	51.44618486818713	70.06403713313308	97.89196353684817	1.9955650310123012	8.322801532774875	13.695912745329938	9.811955633969461	10.335725036951345	5.435948029805684	-3.9349838622025892	17.9602990558184	-0.2803882523635117	15.974771515730193	13.907338545030479	10.086	0.5671367241842546	0.5892038009935547	0.5018083143251563	0.4359609773792488	60.68317270913532	0.022462709064970818
 archi-vowels-JSP.wav	í	33	27.539	--undefined--	276.402	2097.218	2627.792	--undefined--	--undefined--	--undefined--	--undefined--	--undefined--	--undefined--	0	0	0	0	0	0	0	0	--undefined--	--undefined--	--undefined--	--undefined--	--undefined--	--undefined--	--undefined--	--undefined--	0	0	0	0	0	0	11.078	3.927413828233374	3.929528976638382	3.250409749422695	3.1035301939671074	50.33585009736822	0.0050468323050223765
archi-vowels-JSP.wav	íˤ	34	28.101	373.53162119353885	387.443	1864.341	2816.965	31.26884699392398	25.066180175684273	18.59800203199652	30.736779196892734	24.76663040199942	34.862739574933784	23.710477245826876	10.29238740890019	46.21962413146723	17.93638484543177	4.733660057352464	46.21962413146723	23.710477245826876	22.049867890674875	68.60417647132499	96.75430130797108	193.03727356954624	6.202666818239706	6.468178143687755	0.532067797031246	6.502216591924558	-3.593892581009804	13.418089836926686	28.283239286035457	13.202724788079308	0	22.50914688564035	24.169756240792353	21.666	24.419303770335045	23.88726455827037	22.57538531731232	21.969702169199913	74.70731839033454	0.05322042432947524
 archi-vowels-JSP.wav	íˤ	34	28.133	347.17848901755497	364.424	1997.665	2881.964	36.29179956391989	31.32937633530437	14.480991563853241	35.51656033432255	30.770619003275314	29.71259599933466	27.595325589151145	11.308603838193571	50.26811748297105	24.08296078621586	-2.3102788849345783	50.26811748297105	27.595325589151145	17.125944351914868	69.55151872509742	101.1930943708389	192.87876516244194	4.962423228615517	16.84838477145113	0.7752392295973394	5.521180560644574	6.579203564585228	16.286721750957575	26.18515669675519	26.39323967115044	0	22.672791893819905	33.14217313105618	16.669	24.43961226919406	22.707237451533977	20.03925614128712	19.215878382303703	77.58205605991992	0.09532558221280936
 archi-vowels-JSP.wav	íˤ	34	28.164	323.8394209153562	347.718	2019.363	2603.603	28.413563639211397	28.6284291560675	18.36108653437738	27.02281670115106	33.58281131215833	26.712830703426064	29.708814018541684	15.821519624360027	41.280468659515755	21.75120428773887	0.8745852797838418	41.280468659515755	29.708814018541684	20.472308244667715	70.0447866846897	98.5253258182339	151.9221321967438	-0.21486551685610422	10.26734262169012	1.3907469380603352	-5.1692476729469305	1.7007329357853322	13.887294394181657	19.529264371776886	20.87661900795503	0	11.57165464097407	20.80816041484804	3.859	9.300217158758343	8.151097286194716	7.403308379225685	7.031990460125494	74.75152861390144	0.03716068937736082
 archi-vowels-JSP.wav	íˤ	34	28.195	--undefined--	339.444	1986.799	2436.604	--undefined--	--undefined--	--undefined--	--undefined--	--undefined--	--undefined--	0	0	0	0	0	0	0	0	--undefined--	--undefined--	--undefined--	--undefined--	--undefined--	--undefined--	--undefined--	--undefined--	0	0	0	0	0	0	17.224	4.241948942101409	3.889850464547258	2.891687822458229	2.826307661322014	67.56224597219237	0.028336693413633953
 archi-vowels-JSP.wav	íˤ	34	28.226	--undefined--	339.298	1949.796	2416.276	--undefined--	--undefined--	--undefined--	--undefined--	--undefined--	--undefined--	0	0	0	0	0	0	0	0	--undefined--	--undefined--	--undefined--	--undefined--	--undefined--	--undefined--	--undefined--	--undefined--	0	0	0	0	0	0	10.332	5.602497453700144	5.59582810498875	5.098777486226519	5.066844620656509	59.89501447492549	0.009554014459027803
archi-vowels-JSP.wav	íˤ	35	28.824	144.56819228240073	428.365	1757.382	2958.348	22.352979520770646	33.19895322186834	21.681771015597665	15.476543147394274	11.39868842797889	26.46852510989475	17.49859692856118	5.735917336340838	23.455216770134953	38.65074938243177	24.326384539388233	36.818534020699715	17.49859692856118	15.273357311908299	39.11234951990558	55.608435407263315	130.49819868103398	-10.84597370109769	11.517182206270672	6.876436373376372	10.954291092791756	-4.115545589124103	11.762679592220344	-15.195532612296816	14.324364843043536	-13.363317250564762	5.956619841573772	8.181859458226654	19.848	15.112442306575215	14.858558768255731	13.752416035214521	13.159887066573061	64.87565772140499	0.01745373157198621
 archi-vowels-JSP.wav	íˤ	35	28.854	129.57641458740127	389.379	1873.943	2840.824	21.94567800253558	31.054635002250276	19.3494723339172	18.195843258409248	16.18546054180075	18.835874285735784	18.915065638053896	5.347125551914839	22.997799828357486	36.222806494763724	22.21280015243293	38.320135825060255	19.66997773555867	10.347878749543689	40.2264766282875	57.34345893635251	115.58268927719654	-9.108956999714696	11.705162668333077	3.749834744126332	5.760217460734829	3.109803716799796	13.567940086139057	-13.225006666406237	14.010006342330794	-15.322335996702769	3.327822092798815	12.649921078813797	17.314	8.070175251734327	7.602176069512865	7.0992074183557685	7.059587202420619	66.36667575351298	0.03712250399266977
 archi-vowels-JSP.wav	íˤ	35	28.885	123.68944857064783	308.804	1948.077	2751.602	19.385029644237118	28.926525109671886	13.198452938663547	21.33379563547168	16.569225763819755	16.28320898802019	15.284298428586848	-4.5292141198222975	20.90262922276765	37.3592681361603	9.856460389988069	37.3592681361603	15.284298428586848	7.000089850586919	50.36044431793879	59.246571209408756	106.78565986348413	-9.541495465434767	15.728072171008339	-1.9487659912345627	2.815803880417363	3.1018206562169297	19.813512548409143	-16.456638913392652	27.502807746172234	-16.456638913392652	5.618330794180803	13.902539372180732	17.676	5.140918903392665	5.115314625134798	5.022556398169396	5.00029708695707	65.1226382633285	0.040810128585738605
 archi-vowels-JSP.wav	íˤ	35	28.915	--undefined--	305.204	1994.784	2561.631	--undefined--	--undefined--	--undefined--	--undefined--	--undefined--	--undefined--	0	0	0	0	0	0	0	0	--undefined--	--undefined--	--undefined--	--undefined--	--undefined--	--undefined--	--undefined--	--undefined--	0	0	0	0	0	0	12.646	5.318933538543361	5.400073960535643	5.174065695242661	5.143368997694363	58.778898135296004	0.009636778525763473
 archi-vowels-JSP.wav	íˤ	35	28.946	--undefined--	314.267	1964.773	2468.752	--undefined--	--undefined--	--undefined--	--undefined--	--undefined--	--undefined--	0	0	0	0	0	0	0	0	--undefined--	--undefined--	--undefined--	--undefined--	--undefined--	--undefined--	--undefined--	--undefined--	0	0	0	0	0	0	10.085	1.1868587396647787	1.1244897074594233	1.0371889232019864	1.0160233221324975	52.16029436564887	0.008619798049095418
archi-vowels-JSP.wav	ú	36	29.213	145.98281673586467	352.008	642.453	2372.549	19.85798047930423	22.867540459525372	21.074280983030867	5.369495889934804	14.382138907515596	5.553696217498739	-17.726767019177274	-26.612856029921936	21.93009169485179	34.41119002698562	30.89791617132807	26.06850585677428	30.89791617132807	-20.37106159341389	46.52678079929131	41.28528887130769	86.09912908488816	-3.009559980221141	1.7932594764945051	14.488484589369428	5.475841571788635	14.304284261805492	8.886089010744662	-12.481098332133833	3.513273855657552	-4.138414161922491	-8.967824476476281	42.30115328826568	20.106	5.017843185465925	5.362491623974979	5.363383860008354	5.363728690713957	62.24802061915625	0.014548684299176738
 archi-vowels-JSP.wav	ú	36	29.248	150.17004431374775	425.993	709.482	2290.064	24.038162961277568	32.99213457442773	26.991069849648248	4.628767602159325	16.29973947983578	13.488442797629137	-5.74329811381722	-20.796969720181963	25.579494346636782	40.58170345879671	37.86692914936737	29.09752388400408	35.81504230513553	-5.74329811381722	39.837386138480554	42.36847301119855	81.84638248663657	-8.953971613150163	6.001064724779482	19.409395359118243	7.738423481441789	10.54972016364843	15.053671606364743	-15.002209112159928	2.7147743094293375	-3.5180295373672976	-10.235547958498746	31.322792460454004	14.27	17.871844014241937	12.557237554219034	12.556429913716713	12.557104470934773	67.28737647596779	0.023555963397200792
 archi-vowels-JSP.wav	ú	36	29.283	167.89616498914225	356.213	873.618	1895.911	20.614588777324528	34.93317106602276	36.26062929990784	32.681998547459564	19.248107450545	9.87411295577964	-0.7087091177763691	-10.09131369437177	23.082774538877764	51.579544644648735	35.85289739194474	51.579544644648735	30.973862336309036	-0.7087091177763691	48.70004349615878	45.44021720842871	64.55629553585047	-14.31858228869823	-1.327458233885082	-12.067409770135036	1.3664813267795282	10.740475821544887	9.382604576595401	-28.49677010577097	15.726647252703998	-28.49677010577097	-7.891087797431272	23.791483656654133	18.157	21.24629977615346	19.39518582861116	19.38883097322152	19.387434158347194	76.9187071616108	0.06308400677582122
 archi-vowels-JSP.wav	ú	36	29.318	179.60342302212896	376.821	964.121	2271.492	21.481397749590155	31.649632370110005	23.975382150025645	29.80327766006483	19.126112066938425	14.17861652940476	1.6073347894370202	-1.6107105747299832	23.990917103520285	49.28020211530605	22.586656223058554	49.28020211530605	30.48946255356352	-1.3929566599985364	47.40239320146739	47.27588295647829	87.13033255701511	-10.16823462051985	7.67425022008436	-8.321879910474674	2.355285682651729	7.302781220185395	3.2180453641670033	-25.28928501178576	26.693545892247492	-25.28928501178576	-6.498545450043235	25.38387376351882	21.038	19.772098418652806	13.927752434029191	13.923279815880376	13.925280144398487	76.5693858391017	0.05834174453754972
 archi-vowels-JSP.wav	ú	36	29.353	184.69864715791255	402.284	965.11	2260.784	26.14548917410016	29.718272968649913	20.520441895460593	24.874719056235918	22.986678597476292	22.478026007202985	5.067380652410302	-8.638981203242516	28.500226697785035	45.52397242020466	20.651201188479448	45.52397242020466	35.577454414151276	8.193793100429026	45.307248372032376	47.88387999695556	87.53511399228506	-3.5727837945497534	9.19783107318932	1.2707701178642417	3.1588105766238677	3.667463166897175	13.706361855652817	-17.023745722419623	24.87277123172521	-17.023745722419623	-7.077227716366242	20.30643359735601	17.326	20.70029223876419	16.647934024617577	16.624451320553163	16.62483822148777	72.7655237537567	0.05346444366780758
archi-vowels-JSP.wav	ú	37	30.059	338.48646267961703	343.728	789.368	2461.172	17.820676305350233	-0.5836053421471519	0.8789830544780841	17.73701395511317	2.591741181006963	11.722700451332024	-17.729712301977823	-13.556278618534993	33.11753424897465	1.500858208417562	-27.98867049358371	33.11753424897465	11.788176280521544	-15.900626885812528	72.82688722171743	64.74795572245601	140.41379281247126	18.404281647497385	-1.462588396625236	0.08366235023706281	15.22893512434327	6.097975854018209	-4.1734336834428305	31.61667604055709	29.489528702001273	0	21.329357968453106	49.01816113478718	15.132	16.99262794427781	13.605978035418149	13.600478124431925	13.599817018836724	61.98386432304365	0.02084018436360006
 archi-vowels-JSP.wav	ú	37	30.088	326.592882979216	332.493	820.189	2449.322	24.73466656290058	15.829000790921402	9.512998078372227	24.64289049417537	15.77073979140389	9.438723941737564	-17.5974191269168	-11.52951354084447	39.353514252266386	15.349644534681051	-17.27562446750343	39.353514252266386	23.955695387797	-17.620649831489942	73.88956336582056	63.62708732496435	136.2116204033689	8.905665771979177	6.3160027125491744	0.09177606872520983	8.963926771496688	15.295942621163015	-6.067905586072332	24.003869717585335	32.62526900218448	0	15.397818864469386	56.97416408375633	21	22.30344016791587	22.010154778194668	22.004279468066443	22.003545847419232	68.14900092680178	0.044568509152728794
 archi-vowels-JSP.wav	ú	37	30.116	332.28452021479745	336.258	856.886	2361.467	31.767154478546495	20.796138156195475	18.90280191904711	31.73143322096707	21.436075906693674	20.041056569403228	-9.169981417999416	-4.755096947689073	46.44823983291925	19.465650542487637	-7.22754570357115	46.44823983291925	29.202793495299865	-4.438296703141263	73.74994886128931	64.57433224301425	128.84931900176178	10.97101632235102	1.8933362371483646	0.035721257579425014	10.33107857185282	11.726097909143267	-4.414884470310343	26.982589290431612	26.693196246058786	0	17.245446337619384	50.88653653606051	20.925	27.687507658126236	21.83063454024207	21.8259426799723	21.82405029517783	74.70278444596889	0.08764695347527626
 archi-vowels-JSP.wav	ú	37	30.145	336.91846764512206	340.291	928.904	2340.654	33.96170506132524	21.064674833998726	28.381639117390847	33.94178823600968	19.545898554274245	21.921999865114667	-0.39320234091159506	-5.678906890824308	48.600092773086345	18.233696048004187	4.299264985295215	48.600092773086345	26.48020889393115	-0.39320234091159506	73.41392567815736	65.63606988723696	127.91226150065643	12.897030227326514	-7.316964283392121	0.019916825315561937	14.415806507050995	12.039705196210573	5.285704549912713	30.366396725082158	13.934431062708972	0	22.119883879155196	48.99329511399794	21.94	31.396588436777535	29.13729191423263	29.105435123340424	29.103033925177108	76.52210356257002	0.11800285745349703
 archi-vowels-JSP.wav	ú	37	30.174	334.42030960944396	339.041	966.095	2305.274	28.309147175539884	16.372610562557313	26.265203164058764	28.267127381343997	2.6347411815850137	14.039917125766173	-6.803655440969054	-9.697519376515306	42.789314824956165	12.826467750514714	3.861696579028391	42.789314824956165	9.061906381115042	-6.803655440969054	73.37623726171655	65.60602069888522	123.9945877762738	11.936536612982572	-9.892592601501452	0.04201979419588753	25.67440599395487	14.26923004977371	2.8938639355462517	29.96284707444145	8.964771171486323	0	33.72740844384112	49.59297026592522	15.566	23.087900783007992	18.303055202498484	18.291084318336484	18.28887559279277	71.70142381925493	0.05992148881987045
archi-vowels-JSP.wav	úˤ	38	30.88	--undefined--	413.394	1719.217	3408.056	--undefined--	--undefined--	--undefined--	--undefined--	--undefined--	--undefined--	0	0	0	0	0	0	0	0	--undefined--	--undefined--	--undefined--	--undefined--	--undefined--	--undefined--	--undefined--	--undefined--	0	0	0	0	0	0	17.042	14.693290192035187	13.623632386973181	13.593525682819854	13.59363171164011	66.94680193296277	0.02317753296978432
 archi-vowels-JSP.wav	úˤ	38	30.931	--undefined--	467.206	1743.553	4190.234	--undefined--	--undefined--	--undefined--	--undefined--	--undefined--	--undefined--	0	0	0	0	0	0	0	0	--undefined--	--undefined--	--undefined--	--undefined--	--undefined--	--undefined--	--undefined--	--undefined--	0	0	0	0	0	0	16.5	1.1445882007387698	1.207957171821291	1.1804720677164124	1.1803345831189858	66.62907056966615	0.02392262403594612
 archi-vowels-JSP.wav	úˤ	38	30.982	170.91041323547788	406.646	1876.442	4129.022	21.47771355597652	39.12124320215386	40.031863325701856	29.74927064268038	10.857689638535511	36.68487890639331	3.8300819707618903	6.9054511213497864	23.22093060463194	49.62714107160102	36.0439428289177	49.62714107160102	14.135990462342951	9.326979008762153	43.39902213146771	64.22864370675899	265.35995290742886	-17.643529646177342	-0.9106201235479929	-8.271557086703858	10.62002391744101	-15.207165350416787	-3.075369150587896	-26.40621046696908	13.583198242683316	-26.40621046696908	9.084940142288987	13.893951595869785	22.326	21.828563287119714	18.84378786578869	18.791824661793328	18.7886392587532	75.01233746665255	0.06704033547910919
 archi-vowels-JSP.wav	úˤ	38	31.032	178.86897243753	405.925	1803.235	4010.765	22.200787752995506	35.9761457358687	38.6715589594519	28.82669194650253	16.314520653812018	41.88529725217799	17.742386751527025	11.739016457212532	24.140926651083202	48.537216662195235	33.700429439464166	48.537216662195235	20.16564943608312	14.789621288360603	44.3423878784487	62.55177827967458	256.1865768249652	-13.775357982873192	-2.695413223583202	-6.625904193507026	5.886267099183488	-19.684509499182486	6.003370294314493	-24.396290011112033	14.836787222731068	-24.396290011112033	3.97527721500008	9.351305362722599	24.942	28.0574435295031	23.484739961556038	23.307626358532648	23.29911166240724	74.44919133684971	0.04498183104048842
 archi-vowels-JSP.wav	úˤ	38	31.083	171.54280548537247	531.594	2096.354	3156.001	19.749637837038765	37.41631514293245	30.995900845269517	18.73326516418875	11.116654001189882	1.4784841415564003	19.351845648209373	2.709729865127979	20.758562759401087	42.29065094823969	35.450689303187126	41.24825391931286	16.91454375707345	-4.926710969881099	42.62131144202982	74.97129749967574	159.0760117211874	-17.666677305893682	6.42041429766293	1.0163726728500144	8.632983835848883	18.271153695482365	16.642115783081394	-21.5320881888386	6.839961645052561	-20.48969115991177	3.844019002327638	25.685273729282187	21.098	13.9567763454316	11.322073710325814	11.21184415992795	11.199311631794469	70.61312886546716	0.04244890562508911
archi-vowels-JSP.wav	úˤ	39	32.02	--undefined--	418.489	1677.092	3636.978	--undefined--	--undefined--	--undefined--	--undefined--	--undefined--	--undefined--	0	0	0	0	0	0	0	0	--undefined--	--undefined--	--undefined--	--undefined--	--undefined--	--undefined--	--undefined--	--undefined--	0	0	0	0	0	0	14.455	4.678533628784312	6.143156789212904	6.1476253232292315	6.147246261480102	63.010496736883994	0.003593800572408392
 archi-vowels-JSP.wav	úˤ	39	32.052	--undefined--	473.201	1675.456	3896.79	--undefined--	--undefined--	--undefined--	--undefined--	--undefined--	--undefined--	0	0	0	0	0	0	0	0	--undefined--	--undefined--	--undefined--	--undefined--	--undefined--	--undefined--	--undefined--	--undefined--	0	0	0	0	0	0	21.697	1.411873124301649	3.6989418279989468	3.698198800068617	3.6987490466789312	65.03407253211235	0.030826067612955203
 archi-vowels-JSP.wav	úˤ	39	32.084	169.67763833674647	387.038	1730.136	4130.696	17.64726062037675	36.93413866218445	37.14602106839432	29.996563067656837	7.123861893284925	43.45954957484564	3.0731497928006353	-9.355129286374815	19.561557084613927	49.14616723692488	32.26814936954491	49.14616723692488	11.079346154578783	13.50641162965177	45.08395516860086	58.50078054759698	264.72855870574836	-19.286878041807704	-0.21188240620986676	-12.349302447280088	10.523398727091823	-25.81228895446889	12.42827907917545	-29.584610152310955	16.878017867379974	-29.584610152310955	8.482210930035144	6.055145454962156	22.713	25.47390543548439	20.525140146322496	20.413892166251486	20.411746188132195	74.13420242469351	0.09235270902281152
 archi-vowels-JSP.wav	úˤ	39	32.117	182.34166873842926	387.109	1766.786	4019.484	14.96040160186842	26.435896970755472	34.26351089718054	23.78883188480117	16.60970134482404	42.42353060395223	16.96708176433536	3.554410936283516	17.201503770408493	42.64674293997872	27.776415611414752	42.64674293997872	19.908449499932274	13.884120567554298	46.5414141250714	61.714207135651726	259.4832230623191	-11.475495368887053	-7.827613926425066	-8.82843028293275	-1.6492997429556198	-27.46312900208381	13.412670828051846	-25.44523916957023	14.87032732856397	-25.44523916957023	-2.706945729523781	3.317383202854195	21.826	11.59263816193339	9.930407126983296	9.913278137204825	9.913791194481792	71.03975669709796	0.04056147650700194
 archi-vowels-JSP.wav	úˤ	39	32.149	181.81714543813194	380.979	1807.345	4020.917	20.219061807692857	30.06999526083055	31.57054198280773	28.35609247256639	12.405448302233747	32.4133735041125	14.999642513901657	1.3555933116184358	22.518170927222148	46.92790291311588	24.681940885759175	46.92790291311588	14.999642513901657	4.082348419938624	47.16985047795926	63.1746155328413	259.3202003137269	-9.850933453137692	-1.5005467219771802	-8.137030664873535	7.813613505459109	-12.194311696419643	13.64404920228322	-24.409731985893732	22.245962027356704	-24.409731985893732	7.518528413320491	18.435822507283525	20.154	27.8354156352505	21.20467805161042	21.080374278884037	21.076087495445233	72.62945831964242	0.06458332662413989
archi-vowels-JSP.wav	úˤ	40	33.598	195.00493568312237	515.307	1710.202	3463.784	27.773058346863625	38.96498320901263	29.772415591355294	23.502689544781614	9.247809513511257	5.709450674475761	12.787239745344404	-7.10348866869753	29.22089094562789	46.696727554655354	29.574320641662204	45.552306932708085	18.19417813872595	-11.86672561245507	44.86680652216188	61.60030761908822	201.88413030162715	-11.191924862149005	9.192567617657335	4.270368802082011	18.525248833352368	22.063607672387864	19.890728414041934	-17.475836609027464	17.12240691299315	-16.331415987080195	11.02671280690194	41.087616558082956	18.838	15.568570937142688	10.906186848216015	10.836675348099423	10.83601771423563	74.2213726895721	0.03643087755199058
 archi-vowels-JSP.wav	úˤ	40	33.628	206.3776896720197	408.68	1016.009	1888.64	30.907769032779235	26.761599975111032	30.211218173647183	26.62426707061085	11.165397580034373	19.970730431954394	10.314549346583588	0.3976451496589729	33.794976901446915	46.93932383628055	29.77282336246222	46.93932383628055	22.960075890313686	14.702817970139137	47.160112059714415	50.741247962992325	70.62007170957723	4.146169057668203	-3.4496181985361503	4.283501962168387	19.742371452744862	10.937038600824842	9.916904196924616	-13.144346934833635	17.16650047381833	-13.144346934833635	10.83490101113323	19.09215893130778	18.323	21.110480603411705	14.163503483206961	14.063807623309131	14.061028754542892	74.32172766775068	0.050055459138639
 archi-vowels-JSP.wav	úˤ	40	33.658	218.70321058068544	472.23	1214.244	1871.884	32.99543590310318	27.778552882727112	20.386054041857292	22.67255367532527	15.711388801716375	15.213985796876038	17.063465256539537	-5.949462100430702	35.36001148121024	44.402275733127546	19.026070818697036	44.402275733127546	27.849038516090957	17.548183337988174	45.700979691732186	53.84259095963767	71.86687069210875	5.216883020376066	7.39249884086982	10.32288222777791	17.284047101386804	17.78145010622714	23.012927356970238	-9.042264251917302	25.37620491443051	-9.042264251917302	7.5109729651192865	17.81182814322207	20.146	20.682727923599668	15.098361416082879	15.053459661380892	15.052889285630718	72.54652075187408	0.059100396321332974
 archi-vowels-JSP.wav	úˤ	40	33.687	227.394153950346	460.373	1147.765	1928.043	33.80509232152156	24.91512376432921	17.138954701507267	24.686582458856947	15.030095955361197	12.133040080649955	10.791302674929128	-12.065744687019752	36.55667413209657	46.101576353381795	16.448021162078305	46.101576353381795	27.248838200282222	10.791302674929128	46.73280507748198	54.23452033202128	76.07900184632699	8.889968557192354	7.776169062821943	9.118509862664617	18.774996366160366	21.672052240871608	22.85704736194888	-9.544902221285227	29.65355519130349	-9.544902221285227	9.307835931814346	25.76537145716744	18.767	18.07118156172278	16.589039556342893	16.51269371747659	16.511432896832765	74.24369091026068	0.05018444404110997
 archi-vowels-JSP.wav	úˤ	40	33.717	235.12924049803868	461.846	1194.45	2045.999	33.0833715763018	19.680587644144012	18.88323887564984	19.14525098430478	17.37006889425001	13.100442712837637	12.641624908052272	-9.456241037568569	36.00378601978216	40.327763450311814	17.314828858478105	40.327763450311814	28.962662190719044	9.878502775076715	47.514969922531535	55.63874999707397	84.03360202999087	13.402783932157789	0.7973487684941709	13.93812059199702	15.71330268205179	19.982928863464164	22.09786594562084	-4.323977430529652	23.01293459183371	-4.323977430529652	7.0411238290631175	26.125283244705447	18.154	17.486012909593985	14.72215007836662	14.642881367226368	14.617065957294162	71.04116353985856	0.04224345805010295
archi-vowels-JSP.wav	úˤ	41	34.238	146.11694010191258	443.679	1139.789	1584.309	28.977561109057046	33.9909679826974	27.793587864816956	18.821516975816124	13.19891635969379	14.448021837460665	0.8426735868845363	-11.44021124129833	30.11255250714319	39.46745345681801	33.051963904563905	41.46647028562816	26.48739680659757	23.622596222695922	38.64103613575847	44.3231323619652	50.897893474698805	-5.013406873640353	6.197380117880442	10.156044133240922	15.778644749363256	14.52953927159638	12.282884828182867	-9.354900949674825	6.415489552254108	-11.353917778484973	3.625155700545619	6.489956284447267	24.689	21.789217836635114	19.109172988796338	18.852959131937332	18.83673844426915	68.16466215042973	0.0143555469665079
 archi-vowels-JSP.wav	úˤ	41	34.278	142.757128519654	459.358	1036.617	1660.591	28.563878656442984	34.878626654704796	23.745301192590617	18.634423442171865	12.995744573047958	4.55757221581063	-5.179552107168751	-8.682533371195639	29.607629729231558	39.76680035189163	32.04514360472984	42.216722270426345	28.382352023083904	9.161838822095818	37.907489030950515	43.27774598389554	52.404577389649305	-6.3147479982618115	11.133325462114179	9.929455214271119	15.568134083395027	24.006306440632354	3.5029812640268876	-10.159170622660074	7.721656747161795	-12.609092541194787	1.2252777061476543	20.445790907135738	25.651	23.617822157996763	23.098309297659377	22.812165717900804	22.80076324880278	68.09799535286014	0.019053488449728775
 archi-vowels-JSP.wav	úˤ	41	34.318	142.15292027850816	478.807	989.263	1798.94	29.946018556812593	34.44522225277526	26.41492488374042	16.941561819405536	17.503301802102406	13.988625411762662	2.4771759565548446	-4.055921654174364	30.92480675093528	38.94117987393748	37.46084182416657	41.34235770717587	34.49422292893303	14.545211043837284	37.73002095691276	42.96519151383177	56.643644521282376	-4.499203695962667	8.030297369034841	13.004456737407057	12.442716754710187	15.957393145049931	6.533097610729209	-8.0163731230022	1.480338049770907	-10.417550956240593	-3.5694161779977485	16.379595707097995	25.787	20.881523664963794	21.813305958055214	21.11830031167315	21.108151481482764	68.34271456232217	0.01699551045899303
 archi-vowels-JSP.wav	úˤ	41	34.358	141.36223272123672	488.125	1034.927	1900.226	30.614789737823976	34.593429904059505	26.931545256149256	15.61804669985635	16.576182376689033	13.831619585820302	13.431201565101818	-6.652553883790411	31.53574013504773	38.79184838895345	39.09518468961404	40.055595043891955	33.35171525590858	13.431201565101818	37.722336836194785	43.10234294830266	60.31295729725879	-3.978640166235529	7.661884647910249	14.996743037967626	14.038607361134943	16.783170152003674	20.083755448892227	-7.256108253905715	-0.3033363006605896	-8.519854908844223	-1.8159751208608483	18.104538569945916	24.123	22.129967521535228	22.50432696956778	22.298744707246545	22.29204679604235	67.92690075081057	0.021123130537767865
 archi-vowels-JSP.wav	úˤ	41	34.398	136.7465465456391	490.141	1037.95	1940.955	24.522921537785024	30.968608003255724	12.771413923794203	11.790517202516725	3.3039697863340294	16.228223524337324	15.125277437640287	-14.486464484612437	25.375782133328137	34.81261164177504	27.36962680013448	36.37521240281173	20.239983819849343	15.125277437640287	37.26666794488694	42.567694759257996	61.19890028678416	-6.4456864654707005	18.19719407946152	12.7324043352683	21.218951751450994	8.2946980134477	29.611741922252726	-9.436829508446905	7.442984841640563	-10.99943026948359	5.135798313478794	10.25050469568785	23.881	19.677492554806648	14.593751799705315	14.354795925844261	14.349863472544964	65.9969677607556	0.016275728225784495
archi-vowels-JSP.wav	úˤ	42	35.096	166.48013369504923	378.28	1816.979	2639.034	23.13661465497756	35.59957193787155	38.903947845617324	29.11131818755956	18.46841298687127	14.300119920207049	21.168146349705026	-8.779691787010144	25.05415402063266	47.88954460428279	33.72865690610885	47.88954460428279	21.168146349705026	7.662193411949031	45.67610148087796	61.12885770601009	110.78492485321361	-12.462957282893992	-3.304375907745772	-5.9747035325820015	4.668201668106288	8.836494734770511	29.94783813671517	-22.83539058365013	14.160887698173937	-22.83539058365013	3.8860076709276328	17.39196060868363	21.848	21.25289025299042	16.171400461069826	15.79791183465458	15.785240917737228	73.2924286988809	0.08539123055125394
 archi-vowels-JSP.wav	úˤ	42	35.11	167.39796398859548	371.717	1852.346	2529.759	19.460790766507824	37.052988380861265	35.669035006328656	31.96762030424287	22.333602180962842	15.53836484434995	13.177084159378168	-2.8659365239100265	21.471226165344554	50.399634621203816	29.876866395059718	50.399634621203816	24.324230176501356	11.787117397402314	46.569982456511994	62.66404419364373	102.49740639665474	-17.59219761435344	1.3839533745326094	-12.506829537735047	-2.8728114144550183	3.922425922157874	16.043020683288194	-28.928408455859262	20.5227682261441	-28.928408455859262	-2.853004011156802	9.68410876794224	20.495	24.510443299682933	18.030103109844504	17.90638953768712	17.885587215047025	74.74891779642402	0.049211610725701384
 archi-vowels-JSP.wav	úˤ	42	35.125	167.61478589786606	371.005	2073.275	2494.748	16.530037530140014	33.556499922416265	32.94386748358006	28.682953304608944	15.843719815924345	11.792238126416553	15.445950937354924	-11.567716875324896	18.539920542170574	47.00294513510868	26.814969609682745	47.00294513510868	15.445950937354924	14.04308190859707	46.68452601013867	72.98657110907601	99.92398805609649	-17.02646239227625	0.6126324388362079	-12.15291577446893	0.6863177142156687	4.737799403723461	27.01366781267982	-28.46302459293811	20.187975525425937	-28.46302459293811	3.0939696048156495	4.496838633573503	21.091	18.270999272349027	14.99138150649437	14.792533481857637	14.773295074005366	73.21499738603458	0.04617396958896887
 archi-vowels-JSP.wav	úˤ	42	35.139	167.48680522181022	351.96	2347.236	2633.267	17.581421667828817	31.818383753716773	30.794636763448484	30.321868563354823	22.322837572247405	9.937863254177728	9.897553617901638	-9.400731742428764	19.812582074359362	47.638008381572504	23.180236364512275	47.638008381572504	18.11968606147636	14.619069929520602	49.26765639581902	89.43916310070675	110.60954488579662	-14.236962085887956	1.0237469902682896	-12.740446895526006	-4.741415904418588	7.643558413651089	19.298285360330404	-27.825426307213142	24.45777201706023	-27.825426307213142	1.6928960128830006	5.19351214483876	16.928	26.671808731377347	21.4413164781379	20.805949537976783	20.751855276516487	72.52681684703361	0.03401866572724298
 archi-vowels-JSP.wav	úˤ	42	35.154	166.7678809775062	378.905	2022.093	2461.31	20.901852100520195	35.19180332166507	30.618898608528102	28.707240057605958	14.145886397413769	10.850390315220267	14.688352164663293	-9.089333373822015	22.805898114413573	47.43251993736692	25.18983055178741	47.43251993736692	14.688352164663293	13.199639669892251	45.638230478222575	70.20502398755431	97.25060077404078	-14.289951221144875	4.572904713136968	-7.805387957085763	6.755965703106426	10.051461785299928	23.777685538485308	-24.626621822953346	22.24268938557951	-24.626621822953346	8.11754594975028	9.606258444521321	20.437	22.810967248193048	19.35944390593124	18.782075609318976	18.606343989591135	71.93201583015299	0.03695533563186487
archi-vowels-JSP.wav	á	43	35.776	164.47430113795866	550.597	1775.997	2815.262	7.549423827660291	35.222245044219335	38.05439836238185	28.875457784601675	23.767141716905325	19.286054354235713	26.065525273652476	-1.9536183375621983	8.432733131807819	39.33389291749607	46.569284140917084	52.08907490356691	33.91981115943946	15.052091988384468	42.16293528328226	59.30038623720647	124.89702977839202	-27.672821216559043	-2.8321533181625185	-21.326033956941384	-16.217717889245034	-11.736630526575421	28.019143611214673	-30.901159785688254	-7.235391223421011	-43.65634177175909	-25.487078027631643	-6.61935885657665	24.892	14.640315727842433	10.240226470607706	9.369146599804168	9.333010861301801	78.86536560157357	0.04694251594036069
 archi-vowels-JSP.wav	á	43	35.803	165.3065014199564	667.338	1655.709	2618.407	22.916815791699616	41.1018185896073	32.18533645642428	31.867499902255666	27.048823507065585	24.05924763792489	23.690224505048	17.12238936818165	23.552555185415013	43.89275026033608	57.09787730091115	57.09787730091115	42.371053208293254	25.26196599634327	43.72174814157725	55.51871303046059	108.80471345296095	-18.185002797907682	8.916482133183017	-8.95068411055605	-4.132007715365969	-1.142431846225275	6.56783513686635	-20.340195074921066	-13.205127040575071	-33.545322115496134	-18.81849802287824	-1.709410810928258	25.361	22.667703382418605	19.854571783033578	15.681657985087629	15.627272723242156	82.40753323267627	0.07301502978902376
 archi-vowels-JSP.wav	á	43	35.829	166.57321895706698	661.151	1606.94	2770.507	17.346595272673937	41.399080574998976	31.873644002799242	31.63475570788732	23.25466905491268	28.950570206328692	24.303000687453906	21.53098734121054	18.008638420282214	44.315278200504494	56.83887116338389	56.83887116338389	38.92931524766666	26.112584423319017	43.80392104374274	54.33381324415397	121.7186806240514	-24.05248530232504	9.525436572199734	-14.288160435213381	-5.908073782238741	-11.603974933654754	2.772013346243366	-26.30663978022228	-12.523592962879398	-38.830232743101675	-20.920676827384444	-8.103946003036803	28.157	23.337980230743618	22.526848852958285	21.32286274975135	21.19719204715528	82.51927377642767	0.04364702845728909
 archi-vowels-JSP.wav	á	43	35.856	165.60880274144262	646.035	1728.722	2634.897	18.37939911688456	39.64187589993428	36.016259682811594	34.02768944256826	19.80134441755394	26.043268938483077	27.53198163033599	11.090829024901325	19.048318643104178	42.605086281640325	58.779717849949606	58.779717849949606	33.60277846568626	27.570274768676846	43.53784301334206	57.842905042148125	110.20381922281678	-21.262476783049717	3.6256162171226833	-15.6482903256837	-1.4219453006693783	-7.663869821598517	16.441152605434667	-23.556767638536147	-16.17463156830928	-39.731399206845424	-14.554459822582078	-8.521956125572668	19.806	20.118922895119795	19.664578987499926	18.24537631136631	18.099973472834645	83.07785170166164	0.08419854726495626
 archi-vowels-JSP.wav	á	43	35.882	162.04076107335217	598.489	1785.983	2559.509	21.676598360427132	33.01027792366868	32.002472625438685	27.517752287705175	21.192214062100827	23.224423714708717	32.90363331393185	12.501131946095454	22.407515739859555	36.30039990626128	47.760541180939235	51.52730440998906	32.90363331393185	26.146457466350785	42.5780528927992	59.282390736514664	103.32560307926369	-11.33367956324155	1.0078052982299965	-5.841153927278043	0.4843842983263045	-1.547825354281585	20.402501367836393	-13.892884166401728	-11.460141274677952	-29.119788670129502	-10.496117574072294	-3.7389417264912304	0	10.129013771744994	13.643659646111836	10.703138592198936	10.584918907968941	77.64693314836383	0.06214123712896514
archi-vowels-JSP.wav	úˤ	44	36.283	162.97784532210432	469.273	1617.686	2931.885	17.95751947654651	38.16185847986222	32.174907214549194	16.722491715049987	6.9169011034041255	15.965041359096354	1.6110597964978355	-15.099190092942303	19.15612221465943	44.1749690952832	34.317566083482646	38.91163638521425	15.774135452049398	4.281681204303912	39.908841794514935	54.116272121914136	134.6943399766618	-20.20433900331571	5.986951265313024	1.2350277614965215	11.040618373142383	1.9924781174501547	16.71024988944014	-25.018846880623773	9.857403011800557	-19.75551417055482	3.3819867626100315	14.874441010355518	19.614	6.617348868196972	6.684337021292558	6.645997129513166	6.641386843483206	71.22509712646197	0.012253791489556728
 archi-vowels-JSP.wav	úˤ	44	36.305	167.412645012133	382.049	1622.85	3284.575	20.636484866431687	38.583949711022996	39.208288144749844	31.747635459085096	17.651110943827348	24.60719963159021	8.663198856850187	-12.988202652926965	22.556920395654934	50.78179045887538	34.51167522935255	50.78179045887538	22.532628274117986	3.688635880956597	45.35952932990525	54.884994563005016	170.11649902380466	-17.94746484459131	-0.624338433726848	-11.11115059265341	2.9853739226043388	-3.9707147651585224	21.651401509777152	-28.224870063220443	16.27011522952283	-28.224870063220443	0.024292121536948486	18.86828451469834	22.627	23.762317910511985	20.286352132108835	20.150711570251055	20.140045485365867	75.83218916819825	0.054726008958577974
 archi-vowels-JSP.wav	úˤ	44	36.326	168.09589640306223	371.542	1815.194	3307.587	19.84725603269628	38.057120623920504	38.797895759541845	33.23319122833139	11.675291881000184	21.17309968254353	7.385272258036739	-9.20411700315515	21.881294109257297	51.65631235031084	32.95587040336393	51.65631235031084	14.034045438951399	2.0837135793172203	46.67559790340198	61.316010203991596	172.7373644863368	-18.209864591224225	-0.740775135621341	-13.385935195635113	8.171964151696095	-1.3258436498472506	16.58938926119189	-29.775018241053544	18.70044194694691	-29.775018241053544	7.847248670305898	19.797580529940078	22.66	28.653423263936695	24.05141597092987	23.910727124091412	23.896668297403572	76.61817781836821	0.046132629862921354
 archi-vowels-JSP.wav	úˤ	44	36.348	167.67374507109653	412.146	1761.667	3383.946	16.852908970977122	41.35111167596082	38.51728785532431	28.056303741385033	17.674915024430007	16.60964852008246	14.789082103039098	-2.917218407276527	18.48863163745783	50.79460614667716	35.539187000758155	48.27851905820517	22.489722588339582	-2.5047404362400294	42.61762449284435	59.28324136658227	180.32549247695843	-24.4982027049837	2.8338238206365105	-11.203394770407911	-0.8220060534528848	0.2432604508946632	17.706300510315625	-32.30597450921933	15.255419145919006	-29.78988742074734	-4.001090950881753	20.99337207369786	22.668	21.080618108196752	18.623415379224202	18.412168354361985	18.40659137632969	75.86313125235951	0.06661056293212246
 archi-vowels-JSP.wav	úˤ	44	36.369	166.1764564667668	485.415	1817.479	3174.349	20.53870061139974	40.73371967869264	34.39924381836242	19.468974571121635	18.677378885574523	20.988475662533634	19.13246410140758	-3.1026715764813924	21.688497401843524	46.463952545775754	36.773829779588254	41.7504233988678	25.952362536461145	8.754106565648023	40.28070472948885	61.09992529433832	158.6807376184791	-20.195019067292897	6.334475860330215	1.0697260402781055	1.861321725825217	-0.44977505113389427	22.235135677888973	-24.77545514393223	9.6901227661875	-20.06192599702428	-4.263865134617621	12.934390836195501	15.665	15.178518268769663	11.840589115225693	11.341620372884812	11.325681895190531	73.49869699264966	0.014936411865074046
archi-vowels-JSP.wav	úˤ	45	36.936	140.59523542435937	439	1715.605	2993.003	21.442769273462677	32.77342866550693	24.531073302611	15.366096402431346	0.38554911912221	11.337594485424376	-7.1019222801139446	-23.906202457418342	22.435666519815204	37.54886705672638	29.2990258274745	37.17595328811132	7.476637376602923	-0.5652688788452443	38.22235726471465	53.68762332843248	132.05740394675246	-11.33065939204425	8.242355362895928	6.076672871031331	21.057220154340467	10.105174788038301	16.8042801773044	-15.113200536911176	8.249841229251878	-14.74028676829612	14.95902914321228	23.00093539866045	23.042	6.80102322541091	6.990415309480951	6.991634705528203	6.991045700542241	66.95222947956839	0.033955884589801456
 archi-vowels-JSP.wav	úˤ	45	36.949	148.43846174854045	468.682	1764.79	3046.651	23.25312761908576	33.33168263568457	29.88485040239416	17.857080212417877	6.1597252442767605	11.304829743133133	6.358333958516365	-21.1822208999223	24.22820069597689	37.995793532821416	35.21400799738555	40.24158780264006	13.756158724421264	0.19754031604342132	38.39729184348159	56.44660507294278	139.71121125524607	-10.078555016598813	3.4468322332904116	5.396047406667883	17.093402374809	11.948297875952626	27.540554858438664	-13.767592836844525	2.7817855354358656	-16.01338710666317	10.472041971555628	24.03066037993347	24.583	11.230466400250208	11.666294211112135	11.642689689113084	11.632424536240254	67.8382210621221	0.008189593048545551
 archi-vowels-JSP.wav	úˤ	45	36.962	149.77559635217816	465.675	1785.876	3035.669	20.001643555350775	35.38843872438997	32.39585351226608	19.242466147748782	6.89161510288714	20.08440870679732	9.09460878142793	-18.357962574301244	21.006408162620104	40.231241859202996	37.03779784028228	41.510810743307125	14.109858095263196	9.331289790761065	38.56034226417602	57.37543470027177	139.22954730084254	-15.386795169039196	2.992585212123892	0.7591774076019924	13.110028452463634	-0.0827651514465444	27.452571355729173	-19.22483369658289	3.193444018920715	-20.50440258068702	6.896550067356909	11.675118371859039	23.09	15.065921572875984	15.831411535492263	15.79659099494927	15.787822547725117	68.73018513386506	0.03630228507496729
 archi-vowels-JSP.wav	úˤ	45	36.975	151.9619602249844	492.845	1980.681	3035.752	19.910123755532886	34.78051713622759	30.94373857966648	19.21328642750431	4.318066254578262	16.726576532083392	5.537094656104358	-14.084467416420637	20.825098016827226	39.110895019284236	37.36190242717519	41.84137238005796	10.422009679616258	9.854263981956631	38.898431335116896	65.58024590902536	140.06027116040045	-14.8703933806947	3.8367785565611072	0.6968373280285753	15.592057500954624	3.1835472234494944	19.621562072524995	-18.28579700245701	1.7489925921090475	-21.016274363230735	10.403088337210969	10.970834034870595	21.286	16.429450569017135	16.437660133204844	16.419435056023534	16.407154272705252	68.87360756763752	0.03545023658267941
 archi-vowels-JSP.wav	úˤ	45	36.987	152.95971189477353	545.747	1963.619	3112.137	20.927265737882927	31.703934909071307	25.923947226500577	18.003661855962267	4.1642229048277315	9.809925698615917	12.333922541974417	-16.9121763371945	21.688001191204073	35.17408364356293	38.24024361979217	41.240557176672766	12.333922541974417	3.114060990037218	40.82533764054613	64.9828992872623	147.43805800768138	-10.77666917118838	5.779987682570731	2.923603881920659	16.763042833055195	11.11734003926701	29.246098879168915	-13.486082452358858	-3.066159976229237	-19.552555985468693	9.354078649229656	18.573940201166856	20.165	16.674401217229686	14.067368563684095	14.040651524252903	14.022899732132263	67.62897931172658	0.0400548338148754
