file	label	intervaldID	t	f0	F1	F2	F3	H1c	H2c	H4c	A1c	A2c	A3c	H2Ku	H5Ku	H1u	H2u	H4u	A1u	A2u	A3u	B1	B2	B3	H1H2c	H2H4c	H1A1c	H1A2c	H1A3c	H2KH5Ku	H1H2u	H2H4u	H1A1u	H1A2u	H1A3u	CPP	HNR05	HNR15	HNR25	HNR35	intensity	soe
archi-vowels-JSP.wav	á	1	0.251	127.82247595764673	589.259	1354.784	2387.806	25.51126975309109	25.362441267857797	20.251494430062774	7.983273233506328	-2.6539917087729457	13.634293738741572	-0.36227487490807403	-0.8812836164707072	26.006490972247846	27.48245112234898	33.481928422951434	33.481928422951434	14.48257634639777	12.82788315173189	38.654000277267066	44.22586576448003	82.7704946147413	0.14882848523329173	5.110946837795023	17.52799651958476	28.165261461864034	11.876976014349516	0.5190087415626332	-1.475960150101134	-5.999477300602454	-7.475437450703588	11.523914625850075	13.178607820515957	21.995	3.8117165536439446	2.8535040391183215	2.8291240072796766	2.821869239948711	66.29738022938956	0.030366259013290358
 archi-vowels-JSP.wav	á	1	0.302	144.60312945349105	643.724	1353.022	2437.121	31.768861674732662	32.71856490676677	34.9664847468552	24.495723417984575	10.045834022185783	29.379621080134868	14.051244015561206	6.548802368242198	32.31735638279881	35.07686144677606	50.62840892978433	50.62840892978433	28.731156214313284	28.740626704826923	41.14266753041947	46.33497489187118	90.03369044436023	-0.9497032320341106	-2.2479198400884286	7.273138256748087	21.72302765254688	2.389240594597794	7.502441647319008	-2.759505063977244	-15.551547483008271	-18.311052546985515	3.5862001684855294	3.5767296779718905	23.419	14.037087451477081	14.519851162718954	14.09933702989197	14.007034854308177	76.53719727678302	0.03032245804872166
 archi-vowels-JSP.wav	á	1	0.353	152.9440822447305	667.464	1346.2	2603.091	23.159703234346864	28.61031957482268	32.62270206029687	25.984137877305166	15.292481420176976	29.511753393580292	16.989274233336538	15.386313074028013	23.739991367843615	31.11218842095601	49.98355525616308	52.407885590782335	34.692398145343915	25.93028218721255	42.32014567462981	47.29884749431733	104.14336163316663	-5.450616340475815	-4.012382485474188	-2.824434642958302	7.867221814169888	-6.352050159233428	1.6029611593085242	-7.372197053112394	-18.87136683520707	-28.66789422293872	-10.9524067775003	-2.1902908193689363	24.077	7.7544387405272355	8.68352224700126	8.620163810657953	8.576006864186084	78.4794378994461	0.014570364344285958
 archi-vowels-JSP.wav	á	1	0.404	174.59962606935858	607.975	1494.053	2451.197	17.223361821384927	40.771417673615204	44.46690058464096	31.907237193404054	26.459263411484894	22.06344283372302	20.797178808438716	23.581289099824406	18.087817709207883	44.71673475324354	56.28563143035919	56.28563143035919	41.52772899458205	21.987248666167535	44.10166883798259	52.71169735344253	98.47270208914789	-23.548055852230277	-3.6954829110257563	-14.683875372019127	-9.235901590099967	-4.840081012338093	-2.7841102913856908	-26.62891704403566	-11.568896677115646	-38.197813721151306	-23.439911285374166	-3.8994309569596517	23.439	15.944788495728694	15.899150193839866	15.520700356328799	15.479332115685198	81.53486038806801	0.04823741194597394
 archi-vowels-JSP.wav	á	1	0.455	189.30003458415604	636.802	1471.084	2388.028	27.093849740678763	35.250443677395964	26.637409667997474	13.354318533471261	13.576966762374326	17.12052814117417	18.91052126798152	17.03791104297859	28.039709478716993	39.61147564526924	36.83756905322783	37.97925954484398	29.57432582546291	18.54221684311184	46.10585297679507	54.176640219375315	97.416411076844	-8.1565939367172	8.61303400939849	13.739531207207502	13.516882978304437	9.973321599504594	1.87261022500293	-11.571766166552244	2.7739065920414063	-9.939550066126984	-1.534616346745917	9.497492635605152	18.572	3.8717706442393265	4.6533951252222865	4.125828146170348	4.088195014274351	74.10935275320307	0.015170310916662749
archi-vowels-JSP.wav	á	2	0.996	--undefined--	603.764	1324.911	2422.308	--undefined--	--undefined--	--undefined--	--undefined--	--undefined--	--undefined--	0	0	0	0	0	0	0	0	--undefined--	--undefined--	--undefined--	--undefined--	--undefined--	--undefined--	--undefined--	--undefined--	0	0	0	0	0	0	24.407	6.30279066107207	4.092942529801849	4.083394855290447	4.079806690694939	70.10290097534858	0.006568211202418622
 archi-vowels-JSP.wav	á	2	1.041	134.52886793329014	670.309	1291.047	2423.471	24.63389994010581	21.140068568610584	23.017646494678086	18.336790723748084	11.745160477920454	23.315731143240285	8.09120244811273	8.778351074756719	25.085180880067625	23.048078354016198	33.570022715387225	45.5085640411766	32.42674807638517	22.802271308417893	40.25593519412219	44.28633681421472	86.6552252687257	3.493831371495226	-1.8775779260675023	6.297109216357725	12.888739462185356	1.3181687968655247	-0.6871486266439888	2.0371025260514273	-10.521944361371027	-20.423383161108973	-7.341567196317541	2.282909571649732	23.481	10.235670461250328	13.082828559945739	12.849823090964223	12.794767834233841	72.42130731115311	0.03803214951982039
 archi-vowels-JSP.wav	á	2	1.086	132.1183420340751	671.067	1328.866	2413.596	23.4221691132052	23.56634654662566	25.384624691107362	18.058780357618723	13.010583326062985	26.37700436212294	16.747498542886415	15.407181562644945	23.851229560058087	25.376738013203557	35.215656727020395	45.127245510634765	33.26347048158946	26.857748597072856	39.98891613057724	44.43468050588354	85.43103408143905	-0.14417743342045952	-1.8182781444817024	5.363388755586477	10.411585787142215	-2.954835248917739	1.3403169802414698	-1.52550845314547	-9.838918713816838	-21.276015950576678	-9.412240921531371	-3.006519037014769	23.96	16.307727898690775	18.555241616420666	17.99870056370008	16.85643378410951	72.52999578990529	0.03820209115923884
 archi-vowels-JSP.wav	á	2	1.131	133.5878924385563	625.239	1411.864	2405.599	24.18019845333578	25.529151146605706	23.901086828587598	18.972889027942106	15.882029864642337	18.889005871984	10.671641963089671	11.156394091257733	24.663243716210385	27.591999035654936	36.440427401574176	44.827468744212325	33.46479270091812	19.73458139535167	39.7093969535968	45.79524140262668	85.27432255215842	-1.3489526932699256	1.628064318018108	5.2073094253936745	8.298168588693443	5.29119258135178	-0.48475212816806135	-2.9287553194445515	-8.84842836591924	-20.16422502800194	-8.801548984707733	4.928662320858713	24.734	16.111978707367022	18.622805156386192	18.49179208794855	17.647633617619157	72.12679505493638	0.03542414878632495
 archi-vowels-JSP.wav	á	2	1.176	130.07421780078553	402.495	1454.819	2400.189	23.466770417100488	27.616915558653965	33.339809196022294	17.602263829423745	20.02917761610415	23.12089787186745	11.614685947802704	6.8320911486799325	24.48722634901094	32.533822163190756	37.89964264620871	38.55025373679433	28.463734509606923	16.9763520292204	39.17558875284058	46.04885081762453	84.08474681230189	-4.150145141553477	-5.72289363736833	5.864506587676743	3.437592800996338	0.3458725452330391	4.782594799122771	-8.046595814179817	-5.365820483017956	-14.063027387783393	-3.9765081605959836	7.510874319790538	17.104	3.4120461352616447	3.267150831494199	2.5507041309481226	2.546093308347003	67.11742727333309	0.04680910779351663
archi-vowels-JSP.wav	á	3	2.038	155.37970784796343	533.213	1013.969	2417.116	20.109478014144997	34.00056689503667	12.429112519464205	24.133575787521195	7.733995482545652	24.006066505864016	1.8710699597944094	-13.723839422768007	21.083178226175136	38.4366789596789	25.211672991470444	49.26336645643035	26.535900128708608	13.464561626938655	40.88865487217296	44.66145134131336	91.31549600125841	-13.891088880891672	21.571454375572465	-4.024097773376198	12.375482531599346	-3.8965884917190188	15.594909382562417	-17.353500733503765	13.225005968208457	-28.18018823025521	-5.452721902533472	7.61861659923648	18.592	7.397595143749731	8.384958350569365	8.371876999083609	8.372224917508333	75.77671138441406	0.014156947206886155
 archi-vowels-JSP.wav	á	3	2.092	188.0546293011929	604.229	1281.624	2416.618	26.64669081313005	36.14268708420991	29.421953796225793	26.95746142912577	12.708750450213515	28.100442846294712	11.920602760365446	12.745687448817662	27.717089832638933	41.1515865938296	38.2018566675734	51.610490335817055	29.909513325279487	24.396718014569533	45.55542346744639	50.851575703050415	99.22698339062744	-9.49599627107986	6.7207332879841175	-0.31077061599572176	13.937940362916535	-1.4537520331646618	-0.8250846884522165	-13.434496761190665	2.9497299262561967	-23.89340050317812	-2.192423492640554	3.3203718180694004	20.991	8.049679289666727	6.042514762828965	6.039458875384437	6.040447670313327	78.54234279539695	0.008408294580224754
 archi-vowels-JSP.wav	á	3	2.147	211.9442502333102	649.473	1418.71	2563.2	30.228819071825725	34.80206549598511	27.27360304327592	24.42780677409073	7.520707447683705	17.037074390925195	15.280286267115955	24.160921997414032	31.39906755640542	40.39850705533376	34.116439826354934	48.969579603619465	24.11262576267584	13.728937308702251	48.81034436258441	56.07676020881423	117.1403618091526	-4.573246424159386	7.528462452709192	5.801012297734996	22.70811162414202	13.19174468090053	-8.880635730298078	-8.99943949892834	6.282067228978825	-17.570512047214045	7.28644179372958	17.67013024770317	27.552	13.91516426309974	10.187335466237208	10.165087937180052	10.157734367439042	78.33194331065825	0.008648376355533897
 archi-vowels-JSP.wav	á	3	2.202	217.06396729423173	651.949	1335.055	2470.218	30.226574114762926	32.06276623266372	23.903694649431017	23.979793980812122	12.377271269219381	23.335216454082307	17.869679630132293	24.830294061979743	31.47562671172381	38.08076938344979	30.87022823077653	48.76977798526213	30.008829443636596	20.35365901341786	49.418334111050605	55.25142247412068	110.63066711536918	-1.8361921179007936	8.159071583232702	6.246780133950804	17.849302845543544	6.891357660680619	-6.96061443184745	-6.605142671725982	7.210541152673262	-17.294151273538322	1.4667972680872126	11.121967698305948	15.391	23.23857286471341	21.714643383083718	21.58198389962765	21.509127915656503	76.36543862703408	0.010917398789636957
 archi-vowels-JSP.wav	á	3	2.257	207.00778563495115	701.347	1358.32	2572.073	20.978305128092668	31.810662727600192	19.448446881953544	17.943714852321325	11.666045729696759	21.972456057742438	14.731983997290236	19.641641092609923	21.97174591605812	36.359261025276965	31.436116538062894	43.804176013784655	30.884902795436954	18.95450094648211	48.798292530170144	54.35248534564636	116.56003269211831	-10.832357599507525	12.362215845646649	3.034590275771343	9.31225939839591	-0.9941509296497699	-4.909657095319687	-14.387515109218846	4.923144487214071	-21.832430097726537	-8.913156879378835	3.0172449695760086	0	18.25263605316954	10.087557539472993	9.825002418724454	9.698697058521823	72.53125597859945	0.003377441870562408
archi-vowels-JSP.wav	á	4	2.905	144.03591397231023	543.384	1021.243	2402.743	32.16238996744912	31.526493950759466	21.38584102813968	21.3444922165099	2.917314773452688	20.98588626268172	5.949157118662592	7.640413834653162	32.967217604463464	35.09655496225666	41.4770295312548	46.94888840346452	22.323060381071066	11.480406839230286	39.812394467722704	43.34922085327271	87.60604326997243	0.6358960166896566	10.140652922619786	10.817897750939224	29.245075193996435	11.176503704767402	-1.69125671599057	-2.1293373577931973	-6.380474568998139	-13.981670799001058	10.644157223392398	21.48681076523318	26.698	15.085009468387556	11.390546631506464	11.36499078643678	11.352602026927078	73.06683734617775	0.06047249305360309
 archi-vowels-JSP.wav	á	4	2.95	149.903388124902	610.726	1162.041	2453.891	29.05480342052779	36.726433535776216	29.68113193297573	28.540714392566116	14.129696053594373	31.68433260448024	12.265189715190454	14.2560367176525	29.738677127338207	39.70977566069025	54.74415069914269	54.74415069914269	34.0518212576966	26.012672536375486	41.37439715844439	44.95085055804627	92.49586245907498	-7.671630115248426	7.045301602800485	0.5140890279616741	14.925107366933418	-2.6295291839524495	-1.9908470024620453	-9.971098533352041	-15.034375038452445	-25.005473571804487	-4.3131441303583955	3.72600459096272	26.18	21.252700019787913	18.48539916180808	18.344986728804862	18.286627379358077	79.35111864194901	0.014117599224764424
 archi-vowels-JSP.wav	á	4	2.995	154.56521105747444	643.039	1226.138	2513.59	23.86438569488213	31.056552154548484	27.491622430010857	23.65785146225835	10.58927056029075	31.47310763818785	13.218907222752518	4.307345326572946	24.519088854316863	33.90123683436239	50.11190428453084	50.11190428453084	30.71360741236203	26.706095019275544	42.259613902315635	46.08516087525403	97.92143879186895	-7.192166459666353	3.5649297245376275	0.20653423262378112	13.275115134591381	-7.608721943305721	8.911561896179572	-9.38214798004553	-16.210667450168444	-25.592815430213975	-6.194518558045168	-2.1870061649586816	23.154	16.733644777079366	17.648143555028078	17.526031835416514	17.361864467434096	75.81264406056846	0.01663830861011327
 archi-vowels-JSP.wav	á	4	3.04	142.91926000182838	652.543	1250.404	2485.422	29.510952386556117	32.603766826381616	30.18709429309123	20.117743011614838	15.128211734442704	29.918848664799423	11.097363148203886	6.089824788882874	30.051210065684764	34.914882645270694	44.63756515425949	46.92126598248787	35.534005797299216	26.697418321380386	41.04070526136232	44.89148976783297	92.91032747995406	-3.0928144398254993	2.4166725332903845	9.393209374941279	14.382740652113412	-0.40789627824330665	5.007538359321012	-4.863672579585931	-9.722682508988797	-16.870055916803103	-5.482795731614452	3.3537917443043774	10.047	3.451274654663736	2.376917485868645	2.4005991587776925	2.380088177318002	74.10107559336443	0.03827559114266828
 archi-vowels-JSP.wav	á	4	3.085	124.42329660479459	638.667	1318.563	2469.163	22.40982274949877	31.483467115678984	16.00142148751936	13.80678338299041	11.045401500346237	16.78193209960349	6.3267238527516625	4.8517032191207905	22.822940144471083	33.22512719163191	25.38437807235047	40.468903086976226	30.488411065607657	15.19771011415456	38.81621966842557	43.339022287139755	87.11262211928894	-9.073644366180215	15.482045628159625	8.603039366508359	11.364421249152532	5.627890649895278	1.475020633630872	-10.40218704716083	7.840749119281444	-17.645962942505143	-7.665470921136574	7.625230030316523	11.541	4.803929023334876	4.3525933930188	4.293169229877492	4.2316178967648685	69.1244545016875	0.01625553058151499
archi-vowels-JSP.wav	áːˤ	5	3.528	136.6179548824286	588.932	1354.486	2064.738	25.583632729307006	13.677305719877026	24.261297191039464	16.882196337453813	15.3452836500656	17.474288465027332	23.961084825244747	-18.16090800306138	26.15155915495828	16.13553884179306	42.10313071389632	42.15897989797539	32.25703860980021	23.961084825244747	39.62736295591524	45.34014552107117	66.7373733188224	11.90632700942998	-10.583991471162438	8.701436391853193	10.238349079241406	8.109344264279674	42.12199282830613	10.016020313165221	-25.96759187210326	-16.00742074301711	-6.10547945484193	2.1904743297135347	11.425	11.970076130645902	16.73723587099837	16.613128639381674	16.5775856123042	70.85752640016574	0.022143296718095975
 archi-vowels-JSP.wav	áːˤ	5	3.614	149.23415031764569	635.553	1090.976	2011.575	25.975043330312147	35.10948198132167	26.270758568435824	19.544693618023516	3.0194026571560464	25.45067262583397	28.51839786652092	-1.0437223547465773	26.630377295518905	37.941294750786916	46.841756801569225	46.841756801569225	25.08080320183426	28.51839786652092	41.579277725965085	44.36856239421454	66.52522645975318	-9.134438651009525	8.838723412885848	6.430349712288631	22.9556406731561	0.5243707044781765	29.5621202212675	-11.310917455268012	-8.90046205078231	-20.21137950605032	1.5495740936846438	-1.8880205710020164	25.334	20.277288650922536	19.252532504871375	18.709423280869753	18.53422252245418	74.16896014927856	0.011737185848891062
 archi-vowels-JSP.wav	áːˤ	5	3.7	--undefined--	626.867	1396.707	2004.023	--undefined--	--undefined--	--undefined--	--undefined--	--undefined--	--undefined--	0	0	0	0	0	0	0	0	--undefined--	--undefined--	--undefined--	--undefined--	--undefined--	--undefined--	--undefined--	--undefined--	0	0	0	0	0	0	26.828	18.82264851785854	15.424145383551515	14.76336856068147	14.671324312991628	73.77431500253462	0.009995583411361272
 archi-vowels-JSP.wav	áːˤ	5	3.787	--undefined--	616.296	1552.285	2822.642	--undefined--	--undefined--	--undefined--	--undefined--	--undefined--	--undefined--	0	0	0	0	0	0	0	0	--undefined--	--undefined--	--undefined--	--undefined--	--undefined--	--undefined--	--undefined--	--undefined--	0	0	0	0	0	0	23.676	17.382915814594146	22.538817354212014	21.517998713827488	21.45344878481168	70.66944416739378	0.008474376372917269
 archi-vowels-JSP.wav	áːˤ	5	3.873	--undefined--	532.704	1552.859	2276.285	--undefined--	--undefined--	--undefined--	--undefined--	--undefined--	--undefined--	0	0	0	0	0	0	0	0	--undefined--	--undefined--	--undefined--	--undefined--	--undefined--	--undefined--	--undefined--	--undefined--	0	0	0	0	0	0	22.647	16.970394995177482	17.281605863426627	14.580268281428824	14.53987178791493	70.57205059267349	0.02195359474096259
archi-vowels-JSP.wav	áˤ	6	4.532	--undefined--	589.808	1574.721	2749.043	--undefined--	--undefined--	--undefined--	--undefined--	--undefined--	--undefined--	0	0	0	0	0	0	0	0	--undefined--	--undefined--	--undefined--	--undefined--	--undefined--	--undefined--	--undefined--	--undefined--	0	0	0	0	0	0	21.291	13.251112300275608	14.204764087957443	13.757703845989152	13.737908042016823	65.58447257742098	0.021980467055588076
 archi-vowels-JSP.wav	áˤ	6	4.58	--undefined--	634.924	1365.393	2280.61	--undefined--	--undefined--	--undefined--	--undefined--	--undefined--	--undefined--	0	0	0	0	0	0	0	0	--undefined--	--undefined--	--undefined--	--undefined--	--undefined--	--undefined--	--undefined--	--undefined--	0	0	0	0	0	0	23.961	11.445222643024263	15.101676938266404	14.729143028478806	14.653366730276439	66.07386634695669	0.04099088021227522
 archi-vowels-JSP.wav	áˤ	6	4.628	--undefined--	641.679	1315.998	2586.708	--undefined--	--undefined--	--undefined--	--undefined--	--undefined--	--undefined--	0	0	0	0	0	0	0	0	--undefined--	--undefined--	--undefined--	--undefined--	--undefined--	--undefined--	--undefined--	--undefined--	0	0	0	0	0	0	25	12.406707204138936	17.627947748136744	17.21669807077265	17.190199916539804	68.72914062406242	0.027640551345401367
 archi-vowels-JSP.wav	áˤ	6	4.676	--undefined--	626.825	1499.361	2677.636	--undefined--	--undefined--	--undefined--	--undefined--	--undefined--	--undefined--	0	0	0	0	0	0	0	0	--undefined--	--undefined--	--undefined--	--undefined--	--undefined--	--undefined--	--undefined--	--undefined--	0	0	0	0	0	0	23.043	14.119612602262539	12.458948474492646	12.220827848148524	12.14122274541638	65.95715580495751	0.032744255457602074
 archi-vowels-JSP.wav	áˤ	6	4.724	--undefined--	497.899	1542.191	2796.171	--undefined--	--undefined--	--undefined--	--undefined--	--undefined--	--undefined--	0	0	0	0	0	0	0	0	--undefined--	--undefined--	--undefined--	--undefined--	--undefined--	--undefined--	--undefined--	--undefined--	0	0	0	0	0	0	0	3.8440729357233714	2.5940371522347094	2.2900584461675386	2.056580053521598	58.22721656896878	0.03637318631895153
archi-vowels-JSP.wav	áˤ	7	5.262	134.06208639822856	548.456	1379.203	2038.685	20.519352198829367	30.534305209430553	19.34748318110539	18.956683606529204	18.413630190998603	21.45790390858702	27.916358189669644	-13.205772830363857	21.135155138529917	33.23034923604807	42.44150704800775	43.47427289833518	33.60540386005687	27.916358189669644	38.796610364274215	45.36193050854082	65.03185807486767	-10.014953010601186	11.186822028325164	1.562668592300163	2.1057220078307637	-0.9385517097576539	41.1221310200335	-12.095194097518153	-9.21115781195968	-22.339117759805262	-12.47024872152695	-6.781203051139727	25.193	12.272577767413427	8.53767619371079	7.727975230909201	7.721569996316298	72.09148053248522	0.046662053331334455
 archi-vowels-JSP.wav	áˤ	7	5.309	146.27164707251674	600.615	1336.904	2069.332	30.967436006614637	30.53627554466725	25.69060435285964	23.710579053120792	13.867573184253711	24.534515374569473	30.650018728026108	-3.794761324302911	31.60156955061983	33.305150285259735	49.03289947541453	49.03289947541453	31.183767887311504	30.650018728026108	40.84677618749844	46.32684014412297	68.77152765687056	0.43116046194738544	4.845671191807611	7.256856953493845	17.099862822360926	6.432920632045164	34.44478005232902	-1.7035807346399068	-15.727749190154796	-17.431329924794703	0.4178016633083246	0.9515508225937204	26.677	14.882550023971497	12.823644850251892	12.444852830198357	12.432731290747212	74.9716720006807	0.05697452863844987
 archi-vowels-JSP.wav	áˤ	7	5.355	152.7979704939783	614.157	1349.717	2089.151	27.004540751512774	31.78285291510714	27.57759982500153	27.48991552218892	23.061095478596908	20.720343201884276	26.88624498805153	13.785661918190648	27.669982994073905	34.70071004254495	52.875432029529144	52.875432029529144	40.55344773094559	26.88624498805153	41.73893747434479	47.32962471133935	71.00906389746332	-4.778312163594364	4.205253090105607	-0.4853747706761453	3.9434452729158664	6.284197549628498	13.100583069860882	-7.030727048471043	-18.174721986984196	-25.20544903545524	-12.883464736871687	0.7837380060223751	21.899	21.92555571021451	21.874106224964724	20.856550887769437	20.766263550024053	78.15568346870235	0.035070484684476926
 archi-vowels-JSP.wav	áˤ	7	5.402	--undefined--	586.516	1402.186	1890.331	--undefined--	--undefined--	--undefined--	--undefined--	--undefined--	--undefined--	0	0	0	0	0	0	0	0	--undefined--	--undefined--	--undefined--	--undefined--	--undefined--	--undefined--	--undefined--	--undefined--	0	0	0	0	0	0	19.312	21.809943394808418	13.30123347781833	12.733760864311037	12.724403365159251	75.19696068161728	0.03052516213639145
 archi-vowels-JSP.wav	áˤ	7	5.448	--undefined--	514.563	1426.995	1833.022	--undefined--	--undefined--	--undefined--	--undefined--	--undefined--	--undefined--	0	0	0	0	0	0	0	0	--undefined--	--undefined--	--undefined--	--undefined--	--undefined--	--undefined--	--undefined--	--undefined--	0	0	0	0	0	0	0	6.174825505811831	5.656107401571472	5.6214494699120845	5.621437376499908	63.53732734251299	0.014492428161439162
archi-vowels-JSP.wav	áˤ	8	6.251	--undefined--	542.204	1484.843	2041.37	--undefined--	--undefined--	--undefined--	--undefined--	--undefined--	--undefined--	0	0	0	0	0	0	0	0	--undefined--	--undefined--	--undefined--	--undefined--	--undefined--	--undefined--	--undefined--	--undefined--	0	0	0	0	0	0	11.633	8.42157903661369	4.287837496819573	4.236261319106221	4.235286007837672	70.9830899717752	0.03560503981166761
 archi-vowels-JSP.wav	áˤ	8	6.285	140.5475034447293	584.79	1416.178	2009.158	26.255924867505772	30.094133134665075	28.795471537850954	25.258045306730917	14.814890284277322	17.262271262087076	26.459608471344595	8.163812202736871	26.857170459254863	32.71600042080461	50.19398250083222	50.19398250083222	30.756779871375546	26.459608471344595	40.01114008323995	46.766418677164594	64.84941262371207	-3.8382082671593025	1.2986615968141209	0.9978795607748552	11.44103458322845	8.993653605418697	18.295796268607724	-5.858829961549748	-17.47798208002761	-23.336812041577357	-3.8996094121206824	0.39756198791026875	26.601	11.618870778908452	17.440071050476366	16.84432164830894	16.830021551380206	74.49833823936017	0.01652895425793533
 archi-vowels-JSP.wav	áˤ	8	6.32	145.19512645289313	587.26	1399.829	2064.279	28.402955293686894	29.20217303394239	24.48550057148179	24.07062650513522	21.038407416656565	24.31447148970544	31.58346582587312	9.75990978869227	29.043121927943947	32.00928038506617	48.982771250345905	48.982771250345905	37.14816588516976	31.58346582587312	40.55894775456941	47.105437059836426	68.31989339782939	-0.7992177402554965	4.7166724624606005	4.332328788551674	7.364547877030329	4.088483803981454	21.82355603718085	-2.966158457122223	-16.973490865279736	-19.93964932240196	-8.105043957225814	-2.540343897929173	29.556	18.431877149074545	21.906565876887214	20.548026106605263	20.50850627568138	74.33813179464936	0.033507064428495714
 archi-vowels-JSP.wav	áˤ	8	6.355	145.3505348635984	566.076	1543.381	2028.097	28.269236107908792	32.91028258564583	29.540715549171395	27.515486281545552	15.859603808236027	21.428694505667853	32.565010106132235	-3.896753391560348	28.93706002764983	35.870431332045555	51.7402482354532	51.7402482354532	29.577936443057965	32.565010106132235	40.290508306341	49.84259492025417	66.60081832585313	-4.641046477737039	3.369567036474436	0.7537498263632401	12.409632299672765	6.84054160224094	36.46176349769258	-6.933371304395724	-15.869816903407646	-22.80318820780337	-0.6408764154081332	-3.627950078482403	29.467	16.216864315850156	17.656879791453385	15.129375220789836	15.124932730215141	75.28121323449908	0.027665604937321737
 archi-vowels-JSP.wav	áˤ	8	6.389	--undefined--	565.983	1458.257	2010.37	--undefined--	--undefined--	--undefined--	--undefined--	--undefined--	--undefined--	0	0	0	0	0	0	0	0	--undefined--	--undefined--	--undefined--	--undefined--	--undefined--	--undefined--	--undefined--	--undefined--	0	0	0	0	0	0	25.334	2.1017956436009406	6.427020735176635	5.66916661098904	5.665729814880368	65.0700823768257	0.021932421484562474
archi-vowels-JSP.wav	é	9	7.176	--undefined--	451.449	1823.094	2413.137	--undefined--	--undefined--	--undefined--	--undefined--	--undefined--	--undefined--	0	0	0	0	0	0	0	0	--undefined--	--undefined--	--undefined--	--undefined--	--undefined--	--undefined--	--undefined--	--undefined--	0	0	0	0	0	0	22.527	11.313563524010048	12.30467913002367	10.593325208243886	10.47567071059927	63.03151124680606	0.012281316962177862
 archi-vowels-JSP.wav	é	9	7.206	152.33063295143802	465.128	1842.941	2447.944	23.25700517951432	32.8649879150944	28.889911026325137	20.80189993972785	26.884813725131675	23.85078328063661	31.79195987427019	12.238835017284227	24.296689473220006	37.92477183865782	32.739582414323024	42.95931663968122	33.406088951490275	26.32325197302988	38.83213739460527	59.864926209649255	92.6896646165585	-9.607982735580084	3.975076888769266	2.4551052397864694	-3.6278085456173557	-0.5937781011222896	19.553124856985963	-13.628082365437812	5.185189424334794	-18.662627166461213	-9.10939947827027	-2.0265624998098737	21.123	17.368745315409935	18.139191404823716	14.613519078561232	14.362117897681745	69.22033465756823	0.0162957932033301
 archi-vowels-JSP.wav	é	9	7.236	--undefined--	483.421	1818.138	2343.478	--undefined--	--undefined--	--undefined--	--undefined--	--undefined--	--undefined--	0	0	0	0	0	0	0	0	--undefined--	--undefined--	--undefined--	--undefined--	--undefined--	--undefined--	--undefined--	--undefined--	0	0	0	0	0	0	22.274	7.590715155973813	9.625094972350041	5.767083858221239	5.758242676498293	69.31447973627142	0.006109121461283502
 archi-vowels-JSP.wav	é	9	7.265	165.76208239927257	362.267	1805.101	2448.383	22.879698381399983	34.47880006855617	37.974262116968745	30.531942587255273	33.97089287359201	30.69711184481522	27.10305925196844	23.735623720849585	24.95976002491757	48.55439130273942	31.829775466491608	48.55439130273942	36.03330512373319	27.594681124084644	47.59302477753093	60.566157160876905	96.0648912916652	-11.599101687156185	-3.495462048412577	-7.65224420585529	-11.091194492192024	-7.817413463415235	3.367435531118854	-23.594631277821847	16.72461583624781	-23.594631277821847	-11.073545098815622	-2.634921099167073	13.4	19.621628272097567	18.29652553995092	15.708884073193296	15.631969207019312	73.43358170404359	0.018615426434623487
 archi-vowels-JSP.wav	é	9	7.295	156.0806289622386	369.113	1873.583	2555.819	27.46931709167688	37.27583651389706	31.689055466049087	29.263147781395038	27.351892473020126	26.72811070108106	29.24707684193397	25.956592703895375	29.216949987510308	47.81683683370914	27.322042777890722	47.81683683370914	29.24707684193397	22.896817445303967	45.52643530063415	61.676622788901625	101.43741189575566	-9.80651942222018	5.586781047847975	-1.7938306897181562	0.1174246186567558	0.7412063905958206	3.2904841380385967	-18.59988684619883	20.494794055818417	-18.59988684619883	-0.030126854423663474	6.320132542206341	0	6.507036067190252	6.141548532186771	5.57696013711838	5.499048151168601	72.17203057412061	0.02379132385756826
archi-vowels-JSP.wav	é	10	7.891	--undefined--	444.943	1879.006	2343.89	--undefined--	--undefined--	--undefined--	--undefined--	--undefined--	--undefined--	0	0	0	0	0	0	0	0	--undefined--	--undefined--	--undefined--	--undefined--	--undefined--	--undefined--	--undefined--	--undefined--	0	0	0	0	0	0	17.792	12.180247647009999	13.112668630963725	11.965752889137992	11.927358459893187	64.78705671411012	0.020665621705684235
 archi-vowels-JSP.wav	é	10	7.917	--undefined--	446.012	1822.553	2314.001	--undefined--	--undefined--	--undefined--	--undefined--	--undefined--	--undefined--	0	0	0	0	0	0	0	0	--undefined--	--undefined--	--undefined--	--undefined--	--undefined--	--undefined--	--undefined--	--undefined--	0	0	0	0	0	0	23.165	18.201097863085415	19.106720183837513	15.47223865454301	15.391227916052781	68.3885751231245	0.00669308622660484
 archi-vowels-JSP.wav	é	10	7.944	--undefined--	469.289	1827.053	2297.819	--undefined--	--undefined--	--undefined--	--undefined--	--undefined--	--undefined--	0	0	0	0	0	0	0	0	--undefined--	--undefined--	--undefined--	--undefined--	--undefined--	--undefined--	--undefined--	--undefined--	0	0	0	0	0	0	27.442	20.019509790909332	21.62207741095505	17.3404134646254	17.29518176102957	67.63468006969048	0.005660424999194486
 archi-vowels-JSP.wav	é	10	7.97	147.25928272945268	440.396	1822.286	2341.086	21.868362244127724	38.67834526750798	26.791638719240414	15.887724273356653	24.759657289631917	17.452653047385322	21.85642936371743	17.65110901774143	22.948742941819216	43.996887952884684	29.75866593752936	37.51279522711701	30.613266331239966	21.55369663988747	38.87629048245999	58.28220461744376	84.37901881485777	-16.809983023380255	11.886706548267565	5.98063797077107	-2.8912950455041937	4.415709196742402	4.205320345976002	-21.04814501106547	14.238222015355323	-14.564052285297794	-7.664523389420751	1.395046301931746	20.855	10.845720270808153	10.02512369321088	8.598294392600588	8.555636817842386	68.57833297908158	0.042515503956680224
 archi-vowels-JSP.wav	é	10	7.996	--undefined--	356.635	1810.049	2402.243	--undefined--	--undefined--	--undefined--	--undefined--	--undefined--	--undefined--	0	0	0	0	0	0	0	0	--undefined--	--undefined--	--undefined--	--undefined--	--undefined--	--undefined--	--undefined--	--undefined--	0	0	0	0	0	0	7.503	5.12538793540815	5.09598809194209	4.139708426054407	3.511873120987587	65.08258890886376	0.009251921663607847
archi-vowels-JSP.wav	é	11	8.593	143.77123529042365	351.556	1986.317	2390.488	27.134381884958056	26.783338987845852	22.575784715262213	18.151268591073375	23.65331609532413	14.933532053500475	23.768765008570764	1.428706773314162	28.744666948722557	36.07010224717712	18.84716825576711	36.07010224717712	23.768765008570764	17.823767929583617	46.30858257605809	64.3886675937652	86.74037957304303	0.3510428971122046	4.207554272583639	8.983113293884681	3.481065789633927	12.200849831457582	22.340058235256603	-7.325435298454561	17.22293399141001	-7.325435298454561	4.975901940151793	10.92089901913894	17.076	8.124528638680928	7.650067560458313	6.680972409395499	6.594082115123173	63.944879166850974	0.03710297093509152
 archi-vowels-JSP.wav	é	11	8.632	150.27558127145733	398.622	1881.381	2324.994	29.787731820020102	38.90691512786726	33.258923999596874	25.95990594471262	31.31739634047662	21.380419995562875	34.65016049225957	11.8801119205363	31.162235840133704	46.260864948250955	32.07547006352133	45.97911067063032	34.65016049225957	25.612698805425698	41.76095573537479	61.035568073476234	84.04843641588079	-9.119183307847155	5.647991128270384	3.8278258753074823	-1.5296645204565174	8.407311824457228	22.770048571723272	-15.098629108117251	14.185394884729625	-14.816874830496616	-3.4879246521258693	5.549537034708006	25.309	17.613610923101707	17.615279807791083	15.289556362574451	15.246723677423734	72.61489319647035	0.03755721708290668
 archi-vowels-JSP.wav	é	11	8.672	155.85514447057386	491.393	1833.218	2353.318	16.21941020921136	32.03712310208766	28.8692458109199	26.143274534890462	25.32682833972223	27.600168642831818	32.89397285358849	21.839350871274146	17.198896235270315	36.72544024782066	34.16266857596347	48.75323235990652	32.89397285358849	33.385299824782166	39.281783636279464	60.059044046896304	87.15214560728225	-15.817712892876301	3.1678772911677626	-9.923864325679101	-9.107418130510869	-11.380758433620457	11.054621982314341	-19.526544012550342	2.5627716718571847	-31.554336124636205	-15.695076618318172	-16.18640358951185	25.139	15.785493167178679	18.830097139257425	14.706604329696937	14.676308056607573	73.83025890837467	0.020615327096153022
 archi-vowels-JSP.wav	é	11	8.711	164.90032740827107	499.252	1823.056	2467.53	23.742271119982693	38.56652187621886	33.06628381679758	22.318490327479978	33.44061916751512	30.74349933723845	36.17423373912965	20.959520210874885	24.811986258047654	43.78863086497084	36.78999553724346	44.85633684012178	41.20970847870004	33.271837227217446	40.38158143112451	61.11130050583278	97.23160577444735	-14.824250756236165	5.500238059421278	1.4237807925027148	-9.69834804753243	-7.001228217255758	15.214713528254762	-18.976644606923188	6.998635327727378	-20.044350582074124	-16.397722220652383	-8.459850969169793	24.749	19.649663187046357	20.992748815613442	12.782136405442753	12.808586979623026	74.16807967624968	0.008206222827477409
 archi-vowels-JSP.wav	é	11	8.751	168.23691999324467	418.293	1882.149	2351.389	18.93262152201506	43.274015791450736	32.261804298530585	29.492206227372307	25.954787464005328	19.336650098798398	28.392311291910847	18.895354816739005	20.521221359094994	52.34300051536523	29.432378044923762	49.86820167692556	29.744532642601747	23.2110608307018	42.25170344591754	64.02858111851903	89.89267388342866	-24.341394269435675	11.012211492920152	-10.559584705357246	-7.0221659419902664	-0.40402857678333604	9.496956475171842	-31.82177915627024	22.91062247044147	-29.346980317830564	-9.223311283506753	-2.689839471606806	23.684	25.67982146275721	21.722429047485573	19.09469723501793	18.989875831759417	77.91627022548288	0.05055904653779331
archi-vowels-JSP.wav	é	12	9.563	142.17350865251166	319.847	1905.66	2253.991	27.10661107140042	27.42708293500296	33.178377544140844	23.196989254922723	32.00717154101332	13.758919389774327	26.269981190578505	9.535973500523568	29.02070809537275	39.43020278219017	27.307502353727937	39.43020278219017	31.338710050432418	17.435084936918244	51.07671921160424	60.66763477545221	77.9390214057193	-0.3204718636025419	-5.751294609137883	3.9096218164776957	-4.900560469612902	13.347691681626092	16.734007690054938	-10.409494686817421	12.122700428462235	-10.409494686817421	-2.3180019550596676	11.585623158454506	22.626	6.678933242817254	6.715708817952332	4.910565969134461	4.883137773959209	67.21542818289751	0.018963321316559787
 archi-vowels-JSP.wav	é	12	9.592	147.4616961683213	383.479	1865.79	2302.207	28.602379376078723	32.33477517776596	31.029068920369504	23.025056399204352	24.817091139483555	17.392123597303023	24.480643491123956	9.980015652409055	30.03151473873033	40.10758071678468	29.221555171004738	42.457875535537895	27.68174309972109	21.31387247847678	42.874425660580464	59.957988025003594	81.99251571674333	-3.7323958016872396	1.3057062573964586	5.57732297687437	3.785288236595168	11.2102557787757	14.500627838714902	-10.076065978054352	10.886025545779944	-12.426360796807565	2.3497716390092407	8.717642260253548	26.953	15.55680401054964	15.569417751000953	13.48351719590627	13.438634291471326	70.27481000433355	0.018218912326625303
 archi-vowels-JSP.wav	é	12	9.62	146.19933467710234	440.665	1800.743	2292.862	28.374930851306583	38.31685277157847	33.10748301088316	25.155604202467437	23.689026602990324	17.12213224062438	23.797028363032755	16.263796268319734	29.43903677095346	43.531732373177505	36.39134398260307	46.82682535452295	29.809617518221614	22.15777227701741	38.754265259998945	57.340181462347566	81.13887136826254	-9.941921920271884	5.20936976069531	3.2193266488391465	4.685904248316259	11.252798610682202	7.533232094713021	-14.092695602224044	7.1403883905744365	-17.387788583569492	-0.3705807472681535	7.28126449393605	27.84	22.354140439409047	21.903490757391534	17.389234442274123	17.378864032120134	72.67718693963583	0.03618256841221729
 archi-vowels-JSP.wav	é	12	9.649	143.67790967627806	451.835	1865.709	2368.541	31.619568894263296	35.50829623420793	31.959740136034636	18.361050358034284	23.225290631533632	18.253417915261906	25.45126484533499	19.242348828138496	32.59203876267734	40.17510789127261	36.92593452650754	40.37326927002116	29.16883752647007	23.14947551217548	38.15284999863057	59.33747311385058	85.29946673840891	-3.888727339944637	3.5485560981732966	13.258518536229012	8.394278262729664	13.36615097900139	6.208916017196493	-7.58306912859527	3.2491733647650705	-7.781230507343821	3.4232012362072695	9.442563250501859	30.155	13.14510666263692	11.372541857076735	9.827272718390809	9.810617531857861	68.73463816848363	0.037288690074415404
 archi-vowels-JSP.wav	é	12	9.678	137.22889947498052	456.057	1798.343	2406.958	29.226600357763658	31.11301145740592	16.990515122781066	7.919906215596875	10.028816146084303	9.274793604586321	17.55216805629036	3.943884543544549	30.097477241120053	35.19130303124265	24.64856095610617	30.240778808308207	17.024235071772267	11.867164809014568	37.386787702981614	55.85296735172742	86.2403389830711	-1.8864110996422632	14.122496334624856	21.306694142166783	19.197784211679355	19.951806753177337	13.60828351274581	-5.093825790122594	10.542742075136477	-0.14330156718815346	13.073242169347786	18.230312432105485	0	4.7323630726551595	5.043964726374567	4.112192285206591	4.111078642059206	65.51547354879733	0.03452295212744063
archi-vowels-JSP.wav	éˤ	13	10.344	--undefined--	405.742	1574.077	2362.855	--undefined--	--undefined--	--undefined--	--undefined--	--undefined--	--undefined--	0	0	0	0	0	0	0	0	--undefined--	--undefined--	--undefined--	--undefined--	--undefined--	--undefined--	--undefined--	--undefined--	0	0	0	0	0	0	23.414	15.206291318593454	13.873261078032806	13.268094936130161	13.168762282248633	66.39408944639155	0.008991362992489734
 archi-vowels-JSP.wav	éˤ	13	10.396	--undefined--	479.18	1595.228	2199.739	--undefined--	--undefined--	--undefined--	--undefined--	--undefined--	--undefined--	0	0	0	0	0	0	0	0	--undefined--	--undefined--	--undefined--	--undefined--	--undefined--	--undefined--	--undefined--	--undefined--	0	0	0	0	0	0	22.839	4.615588485501783	6.480679051277449	5.900869054569219	5.872837918091349	70.8360517854325	0.02405041409949618
 archi-vowels-JSP.wav	éˤ	13	10.449	180.5651875726004	428.521	1628.905	2163.718	19.66765983808047	39.60572308460742	38.103633927166726	29.779797036970926	26.822609840801185	22.5624914181196	25.88058061192141	13.55880043747611	21.45751047162824	50.402763499259315	34.71264719490875	50.402763499259315	33.46903366553945	25.88058061192141	42.96567323048153	56.92241736140256	80.58992176227217	-19.938063246526948	1.5020891574406932	-10.112137198890455	-7.154950002720714	-2.8948315800391278	12.3217801744453	-28.945253027631075	15.690116304350568	-28.945253027631075	-12.01152319391121	-4.42307014029317	23.068	15.82870146808829	14.895172205179607	14.497722178764189	14.43906681013945	77.36663184109361	0.03844197658807151
 archi-vowels-JSP.wav	éˤ	13	10.501	200.11636587716725	477.057	1603.976	2230.661	31.609011069056937	40.09221289633716	28.83426554680184	29.32627214388962	30.3439047226411	27.04476909000616	27.744239091238832	21.782793814519337	33.41390485817698	50.90073346128306	26.15197474201212	50.90073346128306	38.85834886997534	29.444655061417684	43.762989265764574	58.96246280607625	88.8424439448934	-8.483201827280222	11.257947349535318	2.2827389251673154	1.2651063464158376	4.564241979050777	5.961445276719495	-17.486828603106083	24.748758719270942	-17.486828603106083	-5.44444401179836	3.969249796759293	21.722	16.729760796123628	15.308938524548337	14.616836237521245	14.541995550303017	79.13328290086446	0.06874211534407304
 archi-vowels-JSP.wav	éˤ	13	10.553	201.15654020534308	451.746	1631.1	2421.494	31.09466333545494	35.98620285864307	26.88973716906612	28.53949589360711	26.68704719915901	26.409601897479106	23.007222951644273	21.305945080914277	33.13035501308944	49.447473847526894	22.587738975149524	49.447473847526894	33.86303059244439	23.618948471643467	44.18530165427689	59.9154337778718	102.78814072720513	-4.891539523188129	9.096465689576949	2.5551674418478285	4.407616136295928	4.685061437975833	1.7012778707299958	-16.31711883443745	26.85973487237737	-16.31711883443745	-0.7326755793549466	9.511406541445975	0	22.287227460802825	20.545689270873737	18.46722002591599	18.233686801274533	76.92472557056637	0.042095080922939315
archi-vowels-JSP.wav	éˤ	14	11.126	--undefined--	415.249	1639.641	2307.155	--undefined--	--undefined--	--undefined--	--undefined--	--undefined--	--undefined--	0	0	0	0	0	0	0	0	--undefined--	--undefined--	--undefined--	--undefined--	--undefined--	--undefined--	--undefined--	--undefined--	0	0	0	0	0	0	16.199	10.508007002996306	9.673826781834112	9.55599653683096	9.539983270126362	67.51393709249582	0.011501642396659163
 archi-vowels-JSP.wav	éˤ	14	11.162	147.9093942213034	416.185	1629.616	2327.73	27.610614689691847	33.85291402092956	25.00197892505974	21.966694760526718	13.99574886354214	14.222487893109435	13.622090655953622	-0.2811928589520609	28.84617755558985	40.15507250614207	26.019745454953274	42.88096652707242	20.827719131806273	13.361658888008229	40.17349182862416	52.300754829978644	83.68338591233093	-6.242299331237714	8.850935095869822	5.643919929165129	13.614865826149707	13.388126796582412	13.903283514905683	-11.308894950552219	14.135327051188796	-14.034788971482566	8.018458423783578	15.484518667581622	23.717	16.98239242283813	17.49457527583139	17.251776012581487	17.204172268314874	69.17310456993695	0.029984624484986244
 archi-vowels-JSP.wav	éˤ	14	11.198	149.48772642662016	440.059	1544.43	2076.824	29.190884020897755	36.62119968913477	29.397437710044297	26.248609985802315	20.234609036349095	17.58531903789733	18.15447996509238	-0.9467172163535811	30.33087784647021	42.263912167550934	32.214178473374744	48.02442147280565	28.95789707218785	22.526177082967504	39.124716739431946	50.43058546336516	69.7521568358566	-7.430315668237014	7.223761979090472	2.9422740350954406	8.95627498454866	11.605564983000423	19.10119718144596	-11.933034321080726	10.04973369417619	-17.69354362633544	1.3729807742823574	7.804700763502705	27.916	25.410594045357392	25.93234496807135	23.16940370400902	23.06799947127871	73.61320174089501	0.03389868575437944
 archi-vowels-JSP.wav	éˤ	14	11.234	147.31365169401565	430.136	1583.603	2106.872	31.036641368695697	37.54582409074021	26.92270843446294	27.533105271568097	22.628163996654877	19.244807361049478	20.18456704906335	11.950688006398531	32.18844687328337	43.27914598347973	29.318298574244352	48.99869226021082	30.566455391332966	23.922843843180726	39.31922972604933	51.04711723949142	70.87355728582696	-6.509182722044514	10.623115656277271	3.5035360971276006	8.40847737204082	11.79183400764622	8.23387904266482	-11.090699110196361	13.960847409235377	-16.81024538692745	1.6219914819504027	8.265603030102643	28.395	26.848160256507718	24.665547274522595	22.17141329809568	21.714573732177204	74.25898767473115	0.04430840304385904
 archi-vowels-JSP.wav	éˤ	14	11.271	135.09059544785174	411.905	1540.517	2343.519	28.240882890224416	23.967265139381922	12.66113651644563	21.50527172574798	18.585963057888684	19.00296579508826	11.000230354120903	9.611413668561822	29.28918027334636	29.060752810612506	16.567772875565446	42.633408433366455	26.453847991252537	16.072949122030685	39.051921013586075	48.381285709809056	81.73267210203264	4.273617750842494	11.306128622936292	6.735611164476435	9.654919832335732	9.237917095136154	1.3888166855590818	0.22842746273385472	12.49297993504706	-13.344228160020094	2.835332282093823	13.216231151315675	19.432	7.810553491973547	6.677546812022888	6.0002414882514135	5.848345759188989	68.91297274168478	0.027569293664058837
archi-vowels-JSP.wav	éˤ	15	11.833	--undefined--	492.448	1759.279	2482.407	--undefined--	--undefined--	--undefined--	--undefined--	--undefined--	--undefined--	0	0	0	0	0	0	0	0	--undefined--	--undefined--	--undefined--	--undefined--	--undefined--	--undefined--	--undefined--	--undefined--	0	0	0	0	0	0	21.316	7.184953507304028	6.669617726419864	6.675669842397516	6.688871901953668	64.0861081232977	0.011963721556409469
 archi-vowels-JSP.wav	éˤ	15	11.861	--undefined--	532.445	1752.225	2474.791	--undefined--	--undefined--	--undefined--	--undefined--	--undefined--	--undefined--	0	0	0	0	0	0	0	0	--undefined--	--undefined--	--undefined--	--undefined--	--undefined--	--undefined--	--undefined--	--undefined--	0	0	0	0	0	0	22.555	10.951345453924628	12.568039605138942	12.087269806833387	12.020095705620955	75.02842034761878	0.05363302455320372
 archi-vowels-JSP.wav	éˤ	15	11.888	--undefined--	557.817	1735.571	2476.31	--undefined--	--undefined--	--undefined--	--undefined--	--undefined--	--undefined--	0	0	0	0	0	0	0	0	--undefined--	--undefined--	--undefined--	--undefined--	--undefined--	--undefined--	--undefined--	--undefined--	0	0	0	0	0	0	22.889	9.46305290270044	11.447658527636385	9.251670521567581	9.08102108952454	71.43593184949383	0.03337321191835998
 archi-vowels-JSP.wav	éˤ	15	11.916	188.81896593770682	505.825	1737.32	2613.183	24.75672137935321	37.94196191043065	26.635218634059004	20.687929973740413	15.807265235098132	24.709304936594325	16.168039859313396	12.406854315356984	26.15532432716242	45.33244546921327	26.653468584965744	42.68581770508388	24.235308995257753	21.890546369659	44.012043568764014	61.62955681961083	115.0055153820508	-13.18524053107744	11.306743276371645	4.068791405612796	8.949456144255077	0.0474164427588839	3.7611855439564117	-19.17712114205085	18.678976884247525	-16.53049337792146	1.920015331904665	4.264777957503419	12.733	12.741048089223675	10.005633272007994	9.805878755932513	9.4777471540749	72.55926741543882	0.04445578214063963
 archi-vowels-JSP.wav	éˤ	15	11.944	--undefined--	430.496	1687.513	2661.949	--undefined--	--undefined--	--undefined--	--undefined--	--undefined--	--undefined--	0	0	0	0	0	0	0	0	--undefined--	--undefined--	--undefined--	--undefined--	--undefined--	--undefined--	--undefined--	--undefined--	0	0	0	0	0	0	0	5.121948816479863	1.361125345386829	1.0364729977065121	-0.04564375229231271	66.25263218422471	0.048802177742400976
archi-vowels-JSP.wav	éˤ	16	12.523	195.08168313052522	498.786	1726.705	2431.852	26.436986406972387	35.31493193898346	16.190769400353435	20.667454334140494	18.42854816175108	12.994718207479359	21.740652673955772	18.871229462950648	27.98142337123739	43.836982640424196	14.96454595868163	42.62530430552674	26.574191202286674	13.764074880650812	43.53652224082029	62.19193853619236	102.0949760329776	-8.877945532011076	19.124162538630028	5.769532072831893	8.008438245221306	13.442268199493029	2.869423211005124	-15.855559269186806	28.872436681742567	-14.64388093428935	1.407232168950717	14.217348490586579	18.968	11.093404341914766	10.0705708588054	9.685320946289997	9.603340146702605	71.78507050623307	0.008231625716164048
 archi-vowels-JSP.wav	éˤ	16	12.551	194.60361126781723	509.239	1635.454	2463.635	35.08901552519869	41.61786080907925	29.559815711037547	25.723683417814634	23.084982966327377	21.930822033196417	18.76334852956665	13.477629493215044	36.57537449393819	49.61458309641426	29.26887693052992	47.76117737810868	32.62446617246796	20.551143834745005	44.70351001320174	59.11459163672378	104.43093874727442	-6.528845283880557	12.058045098041699	9.365332107384056	12.004032558871312	13.158193492002273	5.285719036351605	-13.039208602476066	20.345706165884337	-11.185802884170485	3.95090832147023	16.024230659193186	27.013	27.331075145938406	23.04418457756551	21.40204504391709	21.180567190922545	77.88723276606245	0.04589160520439931
 archi-vowels-JSP.wav	éˤ	16	12.579	201.53827096366058	513.601	1633.176	2433.793	37.55246602743797	44.845838533608074	30.071880205950364	31.57078054773828	29.526757614494407	27.655327823089912	29.311688405693058	18.60361373581385	39.12860380204438	53.54055366660563	29.19078576707783	53.54055366660563	39.111411502930856	26.928379574668533	45.539148747994666	60.03330529326077	103.83392123295947	-7.293372506170101	14.77395832765771	5.981685479699692	8.025708412943565	9.89713820434806	10.70807466987921	-14.411949864561251	24.3497678995278	-14.411949864561251	0.01719229911352471	12.200224227375848	24.859	27.087169619129874	22.489872983409857	21.033097116382233	20.77919030508729	81.44801917545539	0.012585748747241363
 archi-vowels-JSP.wav	éˤ	16	12.606	211.8113105024092	459.366	1535.807	3010.828	36.12399250946375	36.99133748594996	34.64948700240734	31.755581518598888	26.894493098302384	38.53769278058638	23.22954733498313	22.648700684592576	38.348006271788776	52.74732921359504	30.208336789727163	52.74732921359504	35.17341273566633	22.86265527932113	45.1233805880318	58.71231674159348	159.98992428135347	-0.8673449764862156	2.341850483542622	4.368410990864859	9.229499411161363	-2.413700271122636	0.5808466503905549	-14.399322941806261	22.538992423867874	-14.399322941806261	3.174593536122444	15.485350992467644	20.131	27.69128192370435	16.815777973234823	16.146747194913516	16.054769514905654	80.16431713612178	0.02098412183431869
 archi-vowels-JSP.wav	éˤ	16	12.634	198.0002731730586	439.776	1501.334	2796.481	37.2036911086128	36.85304140042753	32.7676772865408	30.231350915105054	29.57182948814362	27.958119657303914	19.290102798245613	21.44456111740279	39.30504158998448	50.97541232798952	28.597275374974448	50.97541232798952	37.664411457232376	14.895288909196973	44.27368600829719	56.004807744961404	134.0270211497092	0.35064970818527286	4.085364113886726	6.972340193507748	7.631861620469181	9.245571451308887	-2.154458319157179	-11.67037073800504	22.37813695301507	-11.67037073800504	1.6406301327521007	24.409752680787506	0	17.431822989722352	14.209366436678447	11.869311178524375	11.771385739730276	77.72232171123012	0.03808900090497706
archi-vowels-JSP.wav	éˤ	17	13.474	--undefined--	499.861	1623.544	2333.972	--undefined--	--undefined--	--undefined--	--undefined--	--undefined--	--undefined--	0	0	0	0	0	0	0	0	--undefined--	--undefined--	--undefined--	--undefined--	--undefined--	--undefined--	--undefined--	--undefined--	0	0	0	0	0	0	16.127	4.878943484622752	5.0538324553140015	3.444277951853247	1.7763989644214615	60.51757221117129	0.00453769729953395
 archi-vowels-JSP.wav	éˤ	17	13.517	173.2788261907816	436.83	1621.594	2473.342	17.704639372138523	35.60380386197383	28.210335289325176	22.69580576189817	21.612561749060184	23.808427240977117	16.629183006470804	18.70642751041891	19.27965202625722	44.424550304622265	26.339087350313825	43.75876644086511	28.85206447214561	19.64451923563013	41.77873170441411	55.680851228915046	99.77998722246384	-17.899164489835307	7.393468572648654	-4.991166389759648	-3.907922376921661	-6.1037878688385945	-2.077244503948105	-25.144898278365044	18.08546295430844	-24.47911441460789	-9.57241244588839	-0.3648672093729104	25.065	17.51233054771815	17.839286760354025	15.700374478575359	14.962451844992534	70.96643314337219	0.021818484578653277
 archi-vowels-JSP.wav	éˤ	17	13.56	195.2998009543211	524.332	1689.576	2402.822	26.963138993878925	34.185420953217786	28.068402168738334	19.41316393416357	19.68161380329711	19.27745484925752	19.572309134415764	21.684144103915017	28.369535213449737	41.58933348027084	28.425737984059527	41.62659126523562	29.179062776030058	20.91091832100726	45.07216384595125	60.941015979707124	99.94873778362353	-7.222281959338861	6.117018784479452	7.549975059715354	7.281525190581814	7.685684144621405	-2.1118349694992524	-13.219798266821101	13.163595496211311	-13.25705605178588	-0.8095275625803211	7.458616892442478	22.989	12.137240525645757	12.40114951126839	11.527627760683412	11.366362546455589	72.97387336754474	0.019623605619710965
 archi-vowels-JSP.wav	éˤ	17	13.602	204.0227130731844	494.599	1676.62	2524.573	30.86951418639986	37.82812824737291	24.124425729008077	26.261541102875555	26.623363037885127	24.656476068664713	27.891427936399108	21.207721692385903	32.60791253218056	48.01452203666962	21.75860512419877	48.01452203666962	34.96612161559445	21.9551513596292	44.37798942143972	61.783108654239165	111.75746367121985	-6.958614060973048	13.703702518364832	4.607973083524307	4.246151148514734	6.213038117735149	6.683706244013205	-15.406609504489055	26.25591691247085	-15.406609504489055	-2.3582090834138896	10.652761172551365	25.077	27.26572170665454	21.13342231956657	19.46226564575749	19.40091055817979	76.15878530592902	0.016170521856496842
 archi-vowels-JSP.wav	éˤ	17	13.645	212.40939150961697	451.091	1852.833	2953.733	31.920378969792797	30.517206410051518	31.142512744874615	27.018676845866853	15.815632705840937	30.364707228632923	20.370788327918778	9.189878418844678	34.19144551212164	47.520128132742784	25.091886154625	47.520128132742784	20.370788327918778	20.158047007874934	45.3848117031285	69.96683830253812	154.30909751739114	1.4031725597412787	-0.6253063348230974	4.9017021239259435	16.10474626395186	1.5556717411598733	11.1809099090741	-13.328682620621144	22.428241978117782	-13.328682620621144	13.820657184202862	14.033398504246705	21.705	28.764303345624356	23.690294301265645	19.9184006679581	19.605602382125603	74.26891520490922	0.03270039552809218
archi-vowels-JSP.wav	éˤ	18	14.422	146.58713260361247	430.392	1397.471	2690.283	22.75889727284783	30.118498029746075	25.395180815044657	22.307403373591068	11.084604767329719	31.6600578972051	14.055961106099673	11.181408664206227	23.918725797776737	35.855007407281164	28.382381430761683	43.99765007469948	20.976708622222983	19.537376957524067	39.22911081734256	47.2477095654951	109.03888100822729	-7.359600756898246	4.723317214701417	0.45149389925676076	11.67429250551811	-8.90116062435727	2.874552441893446	-11.936281609504427	7.472625976519481	-20.07892427692274	2.9420171755537545	4.38134884025267	23.396	19.898909772992777	18.49587423528195	18.221557591048306	17.936364079169383	68.71903436948799	0.014471879923544055
 archi-vowels-JSP.wav	éˤ	18	14.472	144.67498273476212	440.435	1400.984	2101.073	29.61387424477528	32.758632657075026	31.610105855804505	20.657296164645224	9.721156143915977	22.677417483423792	23.71163583545947	16.979287572181505	30.692656976817602	37.98928574107713	35.94936800375431	42.72530825361009	20.064562119767135	23.71163583545947	38.601305568815434	47.05659315102725	70.06726550328332	-3.1447584122997476	1.1485268012705205	8.956578080130054	19.8927181008593	6.9364567613514865	6.7323482632779665	-7.29662876425953	2.039917737322824	-12.032651276792485	10.628094857050467	6.981021141358131	28.445	17.86874624100654	16.592354709266065	14.60428023879469	14.55613981103447	69.30571663879304	0.03570240200236593
 archi-vowels-JSP.wav	éˤ	18	14.522	142.99169014823883	477.656	1627.073	2116.223	29.02791807898957	33.14917481216401	29.27316457897084	21.36179547194445	27.212932288623534	18.923838231172773	26.43940444235636	20.747108119481634	29.906968856566433	37.24808868078823	37.51976092080101	44.19081474555923	36.76989675944072	26.43940444235636	37.813773100675306	51.535100999051956	70.52024181141839	-4.1212567331744445	3.876010233193174	7.666122607045118	1.814985790366034	10.104079847816795	5.692296322874725	-7.341119824221796	-0.27167224001278356	-14.283845888992797	-6.8629279028742864	3.4675644142100737	28.434	23.314837330309615	23.51128074203546	20.21398925115875	19.694011241633714	70.14068597992436	0.033084460021221285
 archi-vowels-JSP.wav	éˤ	18	14.572	136.7061933442928	475.975	1768.471	2061.886	26.8005296446474	23.964998688802886	22.637737063475107	20.19181960679347	21.017684815692267	7.108279304415664	20.957006521370207	17.35116504639103	27.597039430571595	27.629062879786275	33.14111848803644	43.01275090630127	29.14305103772012	20.957006521370207	37.15602706614775	54.76943385022504	66.61684434921204	2.835530955844515	1.327261625327779	6.608710037853932	5.782844828955135	19.692250340231737	3.605841474979176	-0.032023449214680255	-5.512055608250165	-15.415711475729676	-1.5460116071485253	6.640032909201388	23.91	21.422212431510196	17.664575602612338	14.592557443446243	14.542884366168924	70.15345208827922	0.04340290481948758
 archi-vowels-JSP.wav	éˤ	18	14.622	127.24227219075344	410.806	1717.111	2165.823	21.345130772085568	37.12982922734099	25.22520693580813	7.972016360912814	11.266332865801722	9.728423187869012	15.733180327324822	-1.897858022023446	22.26296694350914	41.479748419471754	31.317709757927773	29.12164702844185	17.443162788419876	15.733180327324822	38.26192038513114	51.743692965089274	69.9708273665851	-15.784698455255423	11.90462229153286	13.373114411172754	10.078797906283846	11.616707584216556	17.63103834934827	-19.216781475962613	10.162038661543981	-6.858680084932708	4.819804155089265	6.529786616184319	0	14.506936811510194	11.848799375757732	10.6311482993656	10.511456990868757	67.81223795749129	0.036759443355021966
archi-vowels-JSP.wav	ó	19	15.233	164.5891743217414	471.551	814.527	2264.621	26.688502613675045	33.190538782413185	24.56798901390932	23.274762706479756	20.44122815127895	23.73249225614594	6.739263565217746	14.352087715145892	28.171716881580945	40.46846041657233	34.11410153942608	48.24145206529234	39.71861628509873	9.18650742993542	40.06593183651981	44.73659728904869	83.42529077785856	-6.50203616873814	8.622549768503866	3.413739907195289	6.247274462396096	2.956010357529106	-7.612824149928146	-12.296743534991382	6.354358877146247	-20.069735183711398	-11.546899403517788	18.985209451645524	15.346	7.63352789136524	7.6177897945303545	7.6106766584451435	7.604829182132753	75.314661212698	0.007765440657107411
 archi-vowels-JSP.wav	ó	19	15.286	184.37965225325382	390.882	699.313	2291.617	30.987613066132838	34.606513646973205	31.169159329087556	31.623692395230357	23.90394948760578	41.163913876054124	9.799941808214221	15.784312184861928	33.76711601018765	53.40632023472689	40.678729338302404	53.40632023472689	40.678729338302404	19.328300961975707	46.37470655406741	46.194079406425345	89.51469918619307	-3.618900580840368	3.4373543178856494	-0.6360793290975195	7.083663578527059	-10.176300809921287	-5.984370376647707	-19.63920422453924	12.727590896424488	-19.63920422453924	-6.911613328114754	14.438815048211943	20.88	21.299224646797796	16.227054594579336	16.211489187848603	16.162479973797414	80.77538428399792	0.06637811337008892
 archi-vowels-JSP.wav	ó	19	15.339	207.36937561712415	496.15	773.524	2334.161	37.85655325612962	40.6121124416069	19.40736268116143	28.174709927749774	21.867838383134632	46.508584652653234	20.184953835651505	12.636653804245359	40.15816527881888	53.66695528097388	30.057330019762162	53.66695528097388	42.656614997891936	29.631006368630683	44.76220917683974	49.43555033130652	97.67934083676766	-2.7555591854772743	21.204749760445466	9.681843328379848	15.98871487299499	-8.652031396523611	7.548300031406146	-13.508790002155003	23.60962526121172	-13.508790002155003	-2.498449719073058	10.527158910188195	21.856	18.98673701460357	12.335137888856273	12.297759626059854	12.280854858988919	82.42111922927447	0.0483702456258874
 archi-vowels-JSP.wav	ó	19	15.392	216.6444673743336	499.982	1323.346	2282.057	37.87056505082411	41.04984349480654	26.667330301151214	31.531367540271127	26.87098732386638	30.021347161857463	22.037447192698206	5.814042538940121	39.899089927937645	53.64539013800148	25.499679860156572	53.64539013800148	38.98466055797226	25.906914362121377	45.829691819211035	55.01602715467985	95.96515883316367	-3.179278443982426	14.382513193655324	6.339197510552985	10.999577726957732	7.849217888966649	16.223404653758084	-13.746300210063836	28.14571027784491	-13.746300210063836	0.9144293699653829	13.992175565816268	19.685	12.234591171776511	11.91520521960933	11.275284114240186	11.247404234589908	81.82883116386157	0.04213003893336862
 archi-vowels-JSP.wav	ó	19	15.445	238.73444153859435	461.185	1339.037	2342.061	21.569600234206575	13.928114436280396	12.333829630920174	12.7277824844053	11.345372885721911	10.423556780592296	7.995795120497541	-9.098255498235696	24.528814686276394	33.001714135132204	8.180928249190169	33.518802172197795	21.251606734437615	3.424292334888386	47.90266847634218	58.05751742945892	105.47306385731284	7.64148579792618	1.5942848053602212	8.841817749801276	10.224227348484664	11.14604345361428	17.094050618733238	-8.47289944885581	24.820785885942037	-8.9899874859214	3.277207951838779	21.10452235138801	18.875	9.563364337947762	8.447414122601863	8.202853577618338	8.197534613191426	63.72981413003248	0.007327461245605953
archi-vowels-JSP.wav	ó	20	16.026	--undefined--	485.159	815.758	2281.344	--undefined--	--undefined--	--undefined--	--undefined--	--undefined--	--undefined--	0	0	0	0	0	0	0	0	--undefined--	--undefined--	--undefined--	--undefined--	--undefined--	--undefined--	--undefined--	--undefined--	0	0	0	0	0	0	25.487	10.170289752672318	9.417447603591425	9.410871822031574	9.41127211828276	77.48725212542227	0.05376252053743646
 archi-vowels-JSP.wav	ó	20	16.066	164.60747868351444	471.592	819.489	2247.259	20.41754988784157	36.62401374831606	24.228797208355672	28.288969938038917	17.644306740077482	22.891966472417245	6.1262384928228215	12.385690779855668	21.89646117657988	43.882372052989396	33.58723175577049	53.204505901999354	36.81316515841708	8.805412682178508	40.067694143530204	44.76694579719334	82.3502361057738	-16.20646386047449	12.395216539960387	-7.871420050197347	2.773243147764088	-2.4744165845756747	-6.259452287032847	-21.985910876409516	10.295140297218907	-31.308044725419474	-14.916703981837198	13.091048494401372	23.974	17.126779804920297	19.291518340794397	19.243997513775028	19.232428654601613	78.61167754253815	0.03205878915616954
 archi-vowels-JSP.wav	ó	20	16.107	151.83872851749223	466.446	875.581	2320.317	26.41400245526038	33.094474850567735	36.506836106463744	33.8104211576781	21.893745498479674	33.42789546232275	5.742318110374346	11.739095896234106	27.646455549055794	38.948091107993065	45.278224659710524	58.32661678959873	39.9437386628504	19.356730169404948	38.768479854831696	43.56876082168829	84.1068490946494	-6.680472395307355	-3.412361255896009	-7.396418702417719	4.520256956780706	-7.0138930070623715	-5.99677778585976	-11.30163555893727	-6.330133551717459	-30.680161240542937	-12.297283113794606	8.289725379650847	19.87	19.946890610203983	16.692726383903228	16.678561094865422	16.66270295980068	82.46698182137547	0.07672848789907834
 archi-vowels-JSP.wav	ó	20	16.148	143.24602751574992	471.935	1134.934	2115.808	28.626548347545008	36.22888718872177	32.31709418058973	22.327049791585736	16.430379779154542	29.572368472385833	25.801672588583045	9.301635523111319	29.601383620769074	40.76120289005402	41.2225349778323	45.90975780292001	31.122484748564396	25.801672588583045	37.841220454096025	43.94082901582797	70.54821310299661	-7.602338841176763	3.911793008132044	6.299498555959271	12.196168568390465	-0.9458201248408251	16.500037065471727	-11.159819269284949	-0.46133208777827406	-16.30837418215094	-1.5211011277953226	3.7997110321860283	18.003	6.875532856352299	4.945573212035052	4.914808543457546	4.907537444343848	76.0475199331245	0.043938796991835734
 archi-vowels-JSP.wav	ó	20	16.189	--undefined--	443.405	1245.223	2080.639	--undefined--	--undefined--	--undefined--	--undefined--	--undefined--	--undefined--	0	0	0	0	0	0	0	0	--undefined--	--undefined--	--undefined--	--undefined--	--undefined--	--undefined--	--undefined--	--undefined--	0	0	0	0	0	0	0	-1.7218095132959177	-3.3315426221108364	-3.4518327358954175	-3.4450726326406746	63.94130438793975	0.004115332475269763
archi-vowels-JSP.wav	ó	21	16.785	166.87623543738343	483.684	771.295	2230.419	18.874416316649448	38.968813259453654	23.22523822415392	26.244645735246195	16.11827982188644	28.919589652854835	10.320079504345554	-3.4865307032801107	20.38457077368371	46.31665322791601	35.88449605758776	52.16053811808007	37.0968128327147	14.365829588675199	40.33696136077729	44.736927989951006	81.79831228950765	-20.094396942804206	15.743575035299735	-7.370229418596747	2.756136494763009	-10.045173336205387	13.806610207625663	-25.932082454232297	10.432157170328246	-31.77596734439636	-16.712242059030988	6.01874118500851	20.382	10.848784328456237	12.753190538885361	12.744716621650587	12.730289333928921	78.18359695931125	0.05626787053298763
 archi-vowels-JSP.wav	ó	21	16.828	175.60231112342703	438.483	665.154	2292.179	19.563146105938685	38.531353771770654	29.94555367702194	25.166433713639748	22.357339645247656	40.04164754300457	9.152792334043681	9.21417894426917	21.694686818862138	50.04257158551901	43.4915880566451	50.490240269028	43.4915880566451	19.48524089874069	41.954557975539366	44.86798396363407	87.6087144893477	-18.96820766583197	8.585800094748713	-5.603287607701063	-2.7941935393089707	-20.478501437065887	-0.061386610225488525	-28.347884766656875	6.550983528873914	-28.795553450165862	-21.79690123778296	2.2094459201214462	17.07	21.499887172073	20.618358114485872	20.412181618941524	20.312519645564564	79.54909327139744	0.05926128809804253
 archi-vowels-JSP.wav	ó	21	16.871	194.9931535587383	530.12	786.731	2375.91	34.12956540235494	37.71676186801768	12.854319395125636	23.45353937913501	13.441445123900671	36.25175951053865	9.78412943599935	9.77719152941169	35.93405888081683	46.829516292320776	35.51274077018421	50.09471238323187	36.11823286980085	20.384262720608234	45.14688111947045	48.09448568247529	97.87601380205864	-3.5871964656627355	24.86244247289204	10.676026023219933	20.68812027845427	-2.122194108183706	0.006937906587660692	-10.895457411503948	11.316775522136567	-14.160653502415045	-0.18417398898402126	15.549796160208594	23.39	9.981812860141035	8.76134699948983	8.764272423080607	8.754000660829442	80.00735187325625	0.031759661983695266
 archi-vowels-JSP.wav	ó	21	16.915	212.49253872492565	516.64	975.76	2339.603	32.754131507383235	37.702409043103266	21.83749266581782	25.34438527710757	13.049240676314668	36.108196035830034	12.771753867595008	3.2983570474705037	34.77375412542373	49.07699090848136	29.388476143429337	49.07699090848136	30.490789602908865	24.44840514370285	46.784502863907605	51.232637451509746	99.25578348667784	-4.948277535720031	15.864916377285446	7.409746230275665	19.704890831068568	-3.3540645284467985	9.473396820124504	-14.303236783057635	19.688514765052027	-14.303236783057635	4.282964522514863	10.325348981720879	24.51	20.293731323570412	9.411094436445005	9.404671664781208	9.399420376542958	78.86438720018413	0.014460866344480957
 archi-vowels-JSP.wav	ó	21	16.958	204.80396884967007	431.232	1341.418	2239.432	29.5198014427584	31.589974792916525	26.69081138543237	28.909350995539608	19.69315317587652	25.95490241222325	16.16438701762115	16.61578098008897	31.920720450533004	49.43189186296921	22.43157407467503	49.43189186296921	28.930460256404984	20.71277361532868	45.412652960128895	53.800493033798645	90.42528412934762	-2.070173350158125	4.899163407484156	0.6104504472187919	9.826648266881879	3.5648990305351482	-0.45139396246782226	-17.511171412436205	27.00031778829418	-17.511171412436205	2.9902601941280196	11.207946835204325	0	14.59402044086254	11.447880636983465	10.722592081745718	10.682792980762564	75.37058504422568	0.03708863818959597
archi-vowels-JSP.wav	ó	22	17.538	142.8642268128142	444.766	733.853	2174.484	26.147097752895256	16.3627109486698	16.78809892052772	7.086193446447346	4.547493546372298	9.391164692768914	-5.560337892030155	-12.319345097623467	27.422259735835283	22.36209931622374	28.476805781804355	32.371666093646965	24.74690581745929	-6.015734244576834	38.262843846597804	41.71298530832595	73.58960893612247	9.784386804225456	-0.4253879718579192	19.06090430644791	21.599604206522958	16.755933060126342	6.759007205593312	5.060160419611542	-6.114706465580614	-4.949406357811682	2.6753539183759933	33.43799398041212	15.511	6.931026779875507	2.2750043406926173	2.2870256659132706	2.284737363200643	62.6223012219382	0.01685249092560811
 archi-vowels-JSP.wav	ó	22	17.573	148.6215415394385	438.624	724.354	2233.894	26.314227565298246	28.099567508322416	22.840212605121422	22.444060833423343	17.21484534029679	22.790368872308093	2.8383391683593278	6.599595064516759	27.739358369846414	34.97014217976074	33.95958334392253	47.41467467375622	37.154338936588196	5.588366090408475	39.08768424159025	42.305323274758095	78.1415391716193	-1.7853399430241694	5.259354903200993	3.870166731874903	9.099382225001456	3.523858692990153	-3.761255896157431	-7.230783809914328	1.0105588358382107	-19.675316303909803	-9.414980566741782	22.15099227943794	23.26	6.846700786597927	7.2385729047951415	7.2303102322071595	7.23042465735189	73.17800480249362	0.03144392447760695
 archi-vowels-JSP.wav	ó	22	17.609	146.63768856614297	474.74	846.283	2308.054	28.39994631536834	35.351990748889875	26.89558887544301	24.88814717844371	6.497072758902149	34.24335584737176	2.925696899719741	4.206233965946488	29.530919373887187	40.60144459141948	38.02515728974528	50.06839406936194	25.679620116369026	20.161770193378985	38.19005012207198	42.81501472599007	82.16910072231892	-6.952044433521536	8.456401873446865	3.5117991369246297	21.90287355646619	-5.84340953200342	-1.2805370662267475	-11.070525217532293	2.576287301674199	-20.537474695474756	3.8512992575181606	9.369149180508202	21.746	27.419539466923723	20.935474045820328	20.69384534062983	20.63963959674849	75.1394594027062	0.049613531697438276
 archi-vowels-JSP.wav	ó	22	17.644	137.88977863211548	431.52	1142.448	2116.977	26.623149719298148	18.14700195317549	30.49943508854583	22.077891928356053	10.157551495729713	19.852317865864226	10.470904751008083	-6.25433204583042	27.680233911335385	23.178585126794935	36.67696615010216	44.480983058787515	23.04728213679421	14.719477245229164	38.2461479022201	43.34610075055744	69.56746932230706	8.476147766122658	-12.35243313537034	4.545257790942095	16.465598223568435	6.770831853433922	16.7252367968385	4.50164878454045	-13.498381023307225	-16.80074914745213	4.632951774541176	12.96075666610622	19.925	13.06373258412529	9.908755436602698	9.80960826778633	9.788988910710808	71.08387031427162	0.05210110172276425
 archi-vowels-JSP.wav	ó	22	17.679	130.58329666662323	428.554	1333.69	2154.334	23.338398142333382	29.46413906207114	25.7537037616863	19.635516252670367	13.004973701708344	28.022994473235766	25.36968132881408	-6.38148388599296	24.26334060753531	33.79649465338632	33.32467944765596	41.73608055007419	23.862898264751866	26.137624648560514	37.60289945147724	44.301650349025124	70.0462163122163	-6.125740919737758	3.710435300384841	3.702881889663015	10.333424440625038	-4.684596330902384	31.751165214807042	-9.53315404585101	0.4718152057303584	-17.472739942538883	0.4004423427834425	-1.8742840410252057	12.636	18.845148792892413	10.450386051932002	10.045830422831312	10.036530099787313	69.13483301965364	0.020841919241369366
archi-vowels-JSP.wav	ó	23	18.441	--undefined--	502.686	1141.998	2128.325	--undefined--	--undefined--	--undefined--	--undefined--	--undefined--	--undefined--	0	0	0	0	0	0	0	0	--undefined--	--undefined--	--undefined--	--undefined--	--undefined--	--undefined--	--undefined--	--undefined--	0	0	0	0	0	0	16.136	14.912587059594332	10.427171603889338	10.36762519459219	10.340556137726104	74.79540706309723	0.0287746658285889
 archi-vowels-JSP.wav	ó	23	18.47	184.78201610471345	564.145	1200.111	2433.343	21.16250414458849	39.62560637293969	30.46264028227334	22.905016832491953	7.463970514475712	17.00605544062514	10.139809041926096	-7.954127748460877	22.35194499508193	45.316919480711356	37.44650657509175	47.129408544232405	24.25178329367241	10.226148769051369	44.60874852338259	49.53855189556257	99.67289454474152	-18.463102228351204	9.162966090666352	-1.7425126879034636	13.698533630112777	4.156448703963349	18.093936790386973	-22.964974485629426	7.870412905619602	-24.777463549150475	-1.8998382985904811	12.12579622603056	18.122	10.89430334790224	8.607167004551679	8.582464393452469	8.570036362575461	77.24321800450016	0.05472728253164176
 archi-vowels-JSP.wav	ó	23	18.499	199.70207343862504	537.655	908.87	2272.961	29.495886559179162	39.70422305523512	20.486591589072326	24.38494940214187	15.217172677125006	21.350391805530148	12.42408197203706	2.330405091303295	31.206808412581964	48.433713740536255	31.498409414752096	49.526127974640765	35.16555489977939	10.504503141959704	45.797675919980044	49.35733349715622	91.61365736723205	-10.208336496055956	19.217631466162793	5.1109371570372915	14.278713882054156	8.145494753649015	10.093676880733765	-17.22690532795429	16.93530432578416	-18.3193195620588	-3.9587464871974234	20.70230527062226	22.024	13.653634782297189	12.089483789273018	12.077132690871649	12.058125790319036	78.57452119812534	0.06676510288970552
 archi-vowels-JSP.wav	ó	23	18.528	221.13779974731972	515.566	1085.211	2810.25	28.060374866294403	34.41737263935854	22.056142665635427	24.952097508257822	8.201894210836684	28.584872939953456	8.275562411105554	6.730622039385966	30.180811724200048	47.13973192894591	25.715144515135698	47.86719199430978	23.768709661139667	10.498843713026139	47.69744873199421	52.965692269410916	142.80691005765019	-6.356997773064137	12.361229973723113	3.108277358036581	19.85848065545772	-0.5244980736590534	1.544940371719588	-16.958920204745866	21.424587413810215	-17.68638027010973	6.412102063060381	19.681968011173907	14.379	15.592234349584047	5.013778461457421	4.997653103535228	4.994980728890045	77.24369975261907	0.061610445026327086
 archi-vowels-JSP.wav	ó	23	18.556	244.42256355208232	478.174	1254.249	2902.16	25.956446381392826	31.52765328157614	26.61553397004023	30.72618144501188	16.31190803417105	28.584564280407648	10.682133899445866	8.565595356547112	28.89516734438682	52.01093734560005	24.683242441462635	52.01093734560005	27.759056597296052	10.23164894816527	48.38197823261305	57.497654945175	160.10947902374272	-5.571206900183313	4.9121193115359105	-4.769735063619052	9.644538347221776	-2.6281178990148213	2.1165385428987538	-23.115770001213228	27.327694904137413	-23.115770001213228	1.1361107470907683	18.663518396221548	11.223	18.761355276201638	13.330061104997391	13.21154514528537	13.19748183304794	78.50737324263281	0.03566811149196292
archi-vowels-JSP.wav	óːˤ	24	19.236	163.12653345784622	470.748	1059.527	2124.202	18.788658147508286	39.52030931126843	23.87019398049382	24.38883355394507	11.508893622372014	16.213500761973684	10.121141147109359	-10.138833040979131	20.101582918258707	46.00296475390497	28.686478704637484	47.74720987086926	26.644434447289488	10.121141147109359	39.91673273609802	45.84108861261039	74.86853588291243	-20.73165116376014	15.650115330774607	-5.600175406436783	7.279764525136272	2.5751573855346024	20.259974188088492	-25.901381835646262	17.316486049267485	-27.645626952610556	-6.542851529030781	9.980441771149348	19.581	11.676668005388741	13.07858206927191	13.064938381742744	13.047559502844413	74.92897381287393	0.019452157151697697
 archi-vowels-JSP.wav	óːˤ	24	19.297	184.57203285717887	478.011	876.176	2128.677	26.199381853000645	39.767265796158576	29.968541923334918	23.56898775060324	17.85676936473643	21.124643986280848	10.585436614615197	-22.393002156663933	27.986062424573056	49.19804138399282	37.76874489549152	47.74144039946634	35.76264764941984	10.585436614615197	42.14640219476867	47.40731843165995	79.31946419069567	-13.56788394315793	9.798723872823658	2.6303941023974033	8.342612488264216	5.074737866719797	32.97843877127913	-21.211978959419767	11.4292964885013	-19.755377974893285	-7.776585224846784	17.40062580995786	25.035	17.734669997286215	12.943369099933594	12.940190839035	12.938236998877104	76.69138384150897	0.060097647141802324
 archi-vowels-JSP.wav	óːˤ	24	19.359	195.65719347914165	482.315	813.286	1855.565	30.558427478911142	37.43038737137147	16.890608867275056	23.462025078190834	13.938733219218136	14.114608025459528	7.791425924419522	-14.304794957883658	32.62581336438727	48.81433398043821	33.16581320393907	48.162363988295304	33.16581320393907	7.791425924419522	43.325775601759446	48.34283349744124	67.37465538513533	-6.871959892460325	20.53977850409641	7.096402400720308	16.619694259693006	16.443819453451614	22.09622088230318	-16.188520616050937	15.64852077649914	-15.536550623908035	-0.5399998395517969	24.83438743996775	23.564	25.911381371987353	19.762023234342998	19.74936740701233	19.744238797069933	77.21907768070633	0.04226836738545393
 archi-vowels-JSP.wav	óːˤ	24	19.42	188.452115884244	547.106	926.749	2352.872	29.925002906442316	38.18412021390339	30.539691644118363	23.331892735101043	19.356272769827164	14.080932440473624	3.7376745485662743	-4.821061434110332	31.38254803447515	45.28179464846504	40.780596750185154	48.80993360008186	39.638845068970234	2.6360265321756193	44.733580739284186	48.12725772046288	94.67886608356007	-8.259117307461075	7.644428569785028	6.593110171341273	10.568730136615152	15.844070465968692	8.558735982676605	-13.899246613989888	4.501197898279884	-17.427385565606713	-8.256297034495084	28.74652150229953	24.406	20.908536457565408	18.250008290840917	18.236719782090972	18.228227855567546	76.98901490181035	0.04724443012655773
 archi-vowels-JSP.wav	óːˤ	24	19.481	188.1180113222326	495.395	1176.738	2394.125	30.399792192284536	39.73279864418761	31.79052236201681	21.9389618164454	18.590055458025432	19.108710958904272	3.2971472846300753	-1.1370660416779539	31.968709570464135	48.016537482693344	34.018089140260784	44.935192387896386	32.78631960753445	10.21404202790552	42.729771282004705	49.72558268257332	97.58098123818205	-9.333006451903074	7.942276282170802	8.460830375839137	11.809736734259104	11.291081233380265	4.434213326308029	-16.04782791222921	13.99844834243256	-12.96648281743225	-0.8176100370703168	21.754667542558614	27.621	28.701342238134227	17.04161010416605	17.031731662142175	17.01481405794161	75.08992464243696	0.04718905477932423
archi-vowels-JSP.wav	óːˤ	25	20.293	173.30679946893574	487.452	1011.493	2211.36	25.712024721691044	45.5395178717482	34.58005682709599	29.710448747748366	14.749466169538444	27.756750745244776	19.192411603223167	-3.398195232590759	27.137651584894435	52.66580420322458	39.85992724639628	53.512988927080166	31.09901086973469	19.192411603223167	41.04825154007156	46.78073598159606	81.98230988216993	-19.82749315005716	10.959461044652215	-3.9984240260573216	10.9625585521526	-2.044726023553732	22.590606835813926	-25.528152618330147	12.8058769568283	-26.37533734218573	-3.961359284840256	7.945239981671268	16.863	16.046112197397186	14.0232584168006	13.995806452780666	13.986075506120025	80.92014250772917	0.0486283932130128
 archi-vowels-JSP.wav	óːˤ	25	20.335	188.5717073273411	496.644	716.293	2218.637	32.3800750393456	32.99139701206685	34.294509370731035	25.111365998683482	26.82262295880458	30.638673806812825	11.987995080416647	-5.599963995494135	34.3458284317546	43.144183686409306	49.840350149025845	52.0736417468155	49.840350149025845	14.878767974454059	42.80417881618288	46.82263210552971	85.62808436494387	-0.6113219727212496	-1.3031123586641868	7.268709040662117	5.557452080541019	1.7414012325327732	17.58795907591078	-8.798355254654709	-6.696166462616539	-17.7278133150609	-15.494521717271247	19.46706045730054	19.936	12.639112765199565	14.080484448285546	14.053823554945188	14.045783976655564	80.53948998425015	0.04508817945742725
 archi-vowels-JSP.wav	óːˤ	25	20.377	200.7716930323867	525.847	753.041	2344.647	36.358722691787015	39.72206341734655	32.281896058846506	26.553588642366364	22.74584582451135	24.640257573410544	2.9639397316429394	1.3579391146058275	38.357271544677914	50.08720004051761	46.12656816786724	53.56097503747258	46.12656816786724	8.238681388638993	45.69492642482002	48.52153837508334	96.93297576989974	-3.3633407255595316	7.440167358500041	9.805134049420651	13.612876867275666	11.718465118376471	1.606000617037112	-11.729928495839694	3.9606318726503673	-15.203703492794666	-7.769296623189327	30.11859015603892	18.607	17.28424907831075	10.840568558551169	10.837736930254353	10.833136548609614	82.08585221175852	0.040852381196104286
 archi-vowels-JSP.wav	óːˤ	25	20.418	205.05191671928952	575.683	851.265	2562.556	35.012583447468444	43.333195126088775	16.29341664581238	23.35722370694566	13.583745811249656	33.34714889375874	17.505902542942028	9.56871658445451	36.70292179784272	51.69999527266856	36.78433838504519	50.41490653457936	36.78433838504519	16.940638526530535	47.02860085249141	49.665548477516644	115.21656024004811	-8.320611678620331	27.039778480276397	11.655359740522783	21.428837636218788	1.6654345537097015	7.937185958487518	-14.99707347482584	14.91565688762337	-13.711984736736639	-0.0814165872024688	19.762283271312185	21.777	25.626117728980304	18.42703231137594	18.390122954192595	18.37923019527708	81.08291887816895	0.02972362057201554
 archi-vowels-JSP.wav	óːˤ	25	20.46	187.9851645814722	489.191	1167.256	2351.441	34.6450422882007	41.88311047448381	31.035458825772054	24.272194049867885	13.599929958307591	33.39208828009457	11.324782207070816	5.253432932805703	36.252185676244856	50.457962405579266	32.99257580931993	47.167778748277925	27.6482396936171	24.940514371410103	42.60458487869808	49.62428712734175	94.468892404285	-7.238068186283108	10.847651648711754	10.372848238332814	21.045112329893108	1.25295400810613	6.071349274265113	-14.20577672933441	17.465386596259336	-10.915593072033069	8.603945982627756	11.311671304834753	22.559	17.953419377116596	12.511201042262211	12.47843969442706	12.446640980906258	77.06964874943576	0.04670013267180146
archi-vowels-JSP.wav	óːˤ	26	20.991	145.7266456335172	435.078	1013.306	2058.977	29.560309643227402	35.27155776527133	20.864283496501557	23.955265123737938	15.592465463048782	27.867658674986526	21.13470243692676	-9.574151105057197	30.768565285441657	41.13080249689528	26.289045081966414	46.708826059739465	30.059262262122456	21.13470243692676	38.92475898178382	43.5095634740732	68.15858786798856	-5.71124812204393	14.407274268769775	5.605044519489464	13.96784418017862	1.6926509682408764	30.708853541983956	-10.362237211453621	14.841757414928864	-15.940260774297808	0.709303023319201	9.633862848514898	19.732	18.285776346073167	17.17068223789209	17.040604999598393	16.99540669208702	73.17557155736318	0.01891718394913527
 archi-vowels-JSP.wav	óːˤ	26	21.055	167.6119150366579	505.327	968.287	1976.375	23.738938432092368	35.88465091933511	31.66897796558841	28.68633394302519	20.22569403280241	18.51793824364915	12.656171098492393	-15.778731946817551	25.009876772561448	41.978863530867024	39.653869386977426	53.12506513535405	38.210650048744654	14.816619800686166	41.71952408075384	45.87820337301182	68.13510706622763	-12.14571248724274	4.215672953746697	-4.947395510932822	3.5132443992899596	5.221000188443217	28.434903045309945	-16.968986758305576	2.3249941438895974	-28.1151883627926	-13.200773276183206	10.193256971875282	21.787	11.234396610942579	13.464258600782117	13.431992070602732	13.433003043574388	79.33070775868045	0.050733262975790325
 archi-vowels-JSP.wav	óːˤ	26	21.12	181.1449809255288	523.094	887.708	1928.566	21.32793575775442	33.59676813687699	20.071653800185207	23.657456267225122	13.806631362446907	19.981549910507404	15.750906271999217	-12.967797213782333	22.800245519605635	40.78663092104678	30.231405846771846	48.968190714382786	33.85852776594535	15.750906271999217	43.51331432071915	47.066018422875736	68.23852082997116	-12.268832379122568	13.525114336691782	-2.3295205094707008	7.521304395307514	1.3463858472470172	28.71870348578155	-17.986385401441144	10.555225074274933	-26.16794519477715	-11.058282246339711	7.049339247606419	20.715	7.313989058117243	12.289797010166417	12.250249616181046	12.249668555203744	76.31237119803106	0.013553186487941129
 archi-vowels-JSP.wav	óːˤ	26	21.184	181.02761556704982	527.375	892.211	1905.025	24.313823364016493	31.891688556246855	22.5968986068262	21.5646695426303	14.078541343549901	16.393851768002634	12.960497049291384	-10.774331430994648	25.761474922383627	38.92720383587874	32.8866377894723	46.96182799646361	34.254945939318205	12.960497049291384	43.57837826201235	47.07557971490921	67.1476193091096	-7.577865192230362	9.294789949420654	2.7491538213861944	10.235282020466592	7.919971596013859	23.734828480286033	-13.165728913495116	6.04056604640644	-21.200353074079985	-8.493471016934578	12.800977873092243	25.521	21.400325434874368	24.738357709595483	24.544311135977786	24.526884975281384	74.07524217745657	0.02103210687455946
 archi-vowels-JSP.wav	óːˤ	26	21.248	172.75240945896127	518.194	984.26	2119.332	17.30519518280879	30.153970075592866	27.12953229095517	28.861569560481378	12.666897340763242	20.48511048863516	14.378727839204174	-8.12868392237445	18.594640859750275	36.350710243321	35.142128274807426	53.412598040803026	30.87484669913031	14.378727839204174	42.51416295002098	46.569217213276396	76.4759800514835	-12.848774892784075	3.0244377846376977	-11.556374377672586	4.638297842045549	-3.17991530582637	22.507411761578624	-17.756069383570722	1.2085819685135704	-34.81795718105275	-12.280205839380034	4.2159130205461	23.719	19.368652470238242	21.174140466957404	21.133253888153515	21.111040132717534	77.89097323515094	0.03034079780029484
archi-vowels-JSP.wav	óːˤ	27	22.004	141.00083742892826	425.869	935.982	2101.849	28.538496131963463	25.949887864361646	22.84342850534616	25.045623759057413	14.716250678031685	25.961257094137004	16.270421267791953	-21.89551908412969	29.739361247613203	31.72602282144899	29.144072433480574	47.87269006686457	29.929457672969406	16.270421267791953	38.857104138069325	42.57855468580581	69.40059305367711	2.588608267601817	3.106459359015485	3.4928723729060493	13.822245453931778	2.577239037826459	38.16594035192164	-1.9866615738357858	2.5819503879684156	-18.133328819251368	-0.1900964253562023	13.46893997982125	20.321	15.962455184841781	15.420503828562422	15.39509802273866	15.373369222519173	71.88170307681459	0.023247140707037504
 archi-vowels-JSP.wav	óːˤ	27	22.06	142.3361721734857	457.962	857.803	2125.33	30.919637823697883	32.361560657197806	33.79639598255413	25.725157882983794	20.96443596185471	25.847875877647276	14.874346838858694	-25.335513577807525	32.03948319857298	37.57759618716816	43.982237380753816	50.296428288930635	39.13006390410605	15.108292302717565	37.886544482180625	42.36963762663108	70.86443067311518	-1.4419228334999232	-1.4348353253563246	5.194479940714089	9.955201861843172	5.071761946050607	40.20986041666622	-5.538112988595181	-6.404641193585654	-18.256945090357654	-7.090580705533071	16.931190895855416	26.159	26.579708134424394	24.72665092651459	24.49762020073444	24.48153381454464	75.20261073281372	0.03244847218906077
 archi-vowels-JSP.wav	óːˤ	27	22.117	142.82585142692244	474.341	845.29	2052.256	32.687247297682546	33.57634198446144	33.30081582821343	23.95690456202845	14.772673113551527	24.935987507180656	16.034151377090968	-5.9395281566673885	33.75997620478256	38.50959796622249	45.36259760711878	49.22317870121815	34.04508743497713	16.034151377090968	37.79316061374067	42.364902534510385	67.29218544443974	-0.8890946867788969	0.2755261562480129	8.730342735654098	17.91457418413102	7.751259790501891	21.973679533758357	-4.749621761439933	-6.852999640896286	-15.463202496435592	-0.2851112301945662	17.725824827691593	24.406	20.984087558770685	18.121065487202927	18.10216246592323	18.09827510781876	74.58119866585706	0.03513242217855161
 archi-vowels-JSP.wav	óːˤ	27	22.173	135.02769994903431	474.368	848.713	2108.074	24.652224684187996	27.707184693918265	25.21505839411362	17.378695439125025	20.318704002513442	23.660485683942852	13.228112558162948	1.4516039805146512	25.605186946886125	32.01170513012912	39.96036458432699	42.802660785094304	39.71062306477263	13.871862845765612	36.98086337706213	41.471102649258455	68.56314674081764	-3.0549600097302694	2.492126299804646	7.273529245062971	4.333520681674553	0.9917390002451434	11.776508577648297	-6.406518183242998	-7.948659454197866	-17.19747383820818	-14.105436117886509	11.733324101120512	25.371	18.450589270244592	13.839289421514067	13.783261659823086	13.771053586673148	72.13794678485148	0.008442227568211105
 archi-vowels-JSP.wav	óːˤ	27	22.23	130.0414084258629	507.816	931.013	2320.416	17.117553995119092	33.82426601425292	21.962485594755968	20.490500961332465	8.900363723529736	26.111302989934806	10.063006917167908	-8.240445114115222	17.875345298726085	37.15729911994737	46.15074463089648	46.15074463089648	28.533168863242917	15.359664170979793	37.71817846957267	41.2637982493761	79.18237130275756	-16.70671201913383	11.861780419496952	-3.372946966213373	8.217190271589356	-8.993748994815714	18.30345203128313	-19.281953821221283	-8.993445510949115	-28.275399332170398	-10.657823564516832	2.5156811277462925	24.862	17.790784273648242	15.633834544174546	15.549243511496673	15.513255137876431	72.94027706938296	0.019410456718651027
archi-vowels-JSP.wav	óˤ	28	22.941	--undefined--	455.38	917.018	1864.067	--undefined--	--undefined--	--undefined--	--undefined--	--undefined--	--undefined--	0	0	0	0	0	0	0	0	--undefined--	--undefined--	--undefined--	--undefined--	--undefined--	--undefined--	--undefined--	--undefined--	0	0	0	0	0	0	24.093	10.259268709539487	8.436495895199338	8.418801526477315	8.418378791155055	64.40980826136267	0.019961678488233877
 archi-vowels-JSP.wav	óˤ	28	22.985	143.62069544940388	461.943	901.231	1843.986	25.752513090808947	27.382174513327342	30.321121255233237	22.446874027020527	14.876465485571359	18.07543788330657	14.64164265459556	-20.26930682804874	26.854043250756938	32.519612738091844	39.981932530291736	46.81114819958752	32.42687743198943	14.64164265459556	37.96030448033296	42.72661784156229	58.50354198529727	-1.6296614225183959	-2.9389467419058946	3.305639063788419	10.876047605237588	7.6770752075023765	34.9109494826443	-5.665569487334906	-7.462319792199892	-19.957104948830583	-5.572834181232494	12.212400596161379	18.287	18.661654907744897	17.24371894215729	17.172903730481888	17.169058916020713	71.56737250782932	0.04811032608520772
 archi-vowels-JSP.wav	óˤ	28	23.029	168.05335351551145	504.038	892.931	1857.815	18.48852410977457	35.87143823297212	26.377153010711623	25.36751407363942	14.02027211635285	22.391094331843107	19.489491516942607	-6.034077250304719	19.819374131511335	42.252634138480204	35.732389820190726	50.34653757413095	33.290032766554376	19.489491516942607	41.7424873333775	45.5561664627471	62.99167948403432	-17.382914123197548	9.494285222260494	-6.87898996386485	4.46825199342172	-3.9025702220685368	25.523568767247326	-22.43326000696887	6.520244318289478	-30.527163442619614	-13.47065863504304	0.3298826145687279	19.779	7.381449888482576	7.151114071518395	7.1017610244489155	7.10119595721512	76.89211798508283	0.00446443052203721
 archi-vowels-JSP.wav	óˤ	28	23.073	199.04507371590543	486.919	992.387	1935.122	26.910534332162516	36.24554324541041	22.11752058568159	23.776293837350337	18.559219291805142	19.79709089441822	16.240863845834348	1.9415788827655656	28.84376312062793	47.11747731967212	26.55266021023113	47.11747731967212	34.620935694465174	16.240863845834348	43.727423440195345	49.732373526611795	71.60118083527398	-9.335008913247894	14.12802265972882	3.134240494812179	8.351315040357374	7.113443437744298	14.299284963068782	-18.27371419904419	20.564817109440988	-18.27371419904419	-5.777172573837245	12.602899274793582	16.361	13.28552639194967	10.162529798193592	10.128128804008014	10.125803138460016	74.84742210755635	0.05113833788284244
 archi-vowels-JSP.wav	óˤ	28	23.117	201.00935018422376	429.637	1373.675	1865.758	27.95616956874455	31.22362138942895	31.30985732838275	27.410336017359576	17.465836628424835	18.22608051687263	23.477966398600664	11.75924928485814	30.26703623813811	47.90827539157434	27.00231379411079	47.90827539157434	26.374064857735195	23.477966398600664	45.09499790525049	53.844490159183934	68.6938234498567	-3.2674518206844	-0.0862359389538021	0.5458335513849732	10.490332940319714	9.730089051871918	11.718717113742525	-17.64123915343623	20.905961597463552	-17.64123915343623	3.8929713804029156	6.789069839537447	0	21.11574004150934	15.650270705882619	15.372889392460012	15.315797636073551	73.78462063559367	0.031051847958931355
archi-vowels-JSP.wav	óˤ	29	23.785	--undefined--	451.926	877.145	1811.986	--undefined--	--undefined--	--undefined--	--undefined--	--undefined--	--undefined--	0	0	0	0	0	0	0	0	--undefined--	--undefined--	--undefined--	--undefined--	--undefined--	--undefined--	--undefined--	--undefined--	0	0	0	0	0	0	24.719	-1.6242129442492224	-3.3587511734077786	-3.412599018744168	-3.4142427296164857	62.9973769251043	0.011469266995628863
 archi-vowels-JSP.wav	óˤ	29	23.822	--undefined--	477.087	931.919	1866.78	--undefined--	--undefined--	--undefined--	--undefined--	--undefined--	--undefined--	0	0	0	0	0	0	0	0	--undefined--	--undefined--	--undefined--	--undefined--	--undefined--	--undefined--	--undefined--	--undefined--	0	0	0	0	0	0	23.611	17.557624843223195	16.032642936199053	16.027632922442205	16.022309316172276	72.05062373233753	0.005351350148574449
 archi-vowels-JSP.wav	óˤ	29	23.859	148.29251915849594	467.152	877.739	1796.948	26.492036882414595	31.289153699715484	28.38424711041695	24.02620498204265	11.539178188848098	22.483880849109184	13.416334274495341	-9.004088350673952	27.660926942968587	36.78096812920246	37.84605686235918	48.63350036416465	29.668602784537207	19.64007901114821	38.39293006456475	43.16366897821429	57.53341052123558	-4.797116817300889	2.904906589298534	2.4658319003719456	14.952858693566498	4.008156033305411	22.420422625169294	-9.120041186233877	-1.0650887331567134	-20.97257342119606	-2.00767584156862	8.020847931820377	18.564	19.609424235192797	17.203084554978915	17.004227954799433	17.006696537540584	74.35893870379334	0.0395025312987624
 archi-vowels-JSP.wav	óˤ	29	23.896	152.59006809466325	460.271	1061.261	1794.729	23.593782414269466	29.821061512579817	32.14830061377318	29.86941430707663	17.01742225343827	20.878104579867323	22.368263715929956	-7.175593941767003	24.780651663642818	35.547312819090294	37.980941861223684	53.151764225618656	31.888155505243468	22.368263715929956	38.920651679300676	44.59052408448854	58.12554181373831	-6.227279098310351	-2.3272391011933635	-6.275631892807166	6.576360160831197	2.7156778344021433	29.54385765769696	-10.766661155447476	-2.43362904213339	-28.37111256197584	-7.10750384160065	2.412387947712862	16.483	22.048108911608956	18.96258315148762	18.80869323636225	18.792930522933297	77.34234324223993	0.0356467940788208
 archi-vowels-JSP.wav	óˤ	29	23.933	143.2857358654534	487.456	1260.247	2351.162	27.062247729598955	34.85973083824029	24.763880694926996	20.969851918673932	9.230378730513372	11.67786368876735	6.005168345978435	-1.7091225190337318	27.956629134264833	38.977830949936745	34.93447126175682	44.57570171581693	23.12636521187589	5.986034880607933	37.915089998015866	45.03921313366608	84.10109683607043	-7.797483108641334	10.095850143313292	6.092395810925023	17.831868999085582	15.384384040831605	7.714290865012167	-11.021201815671912	4.043359688179926	-16.6190725815521	4.830263922388944	21.9705942536569	6.843	7.892187245530927	5.4691116399117625	5.405807783505442	5.374697283045078	71.4746494053239	0.04186707649150366
archi-vowels-JSP.wav	í	30	24.551	150.46096721500672	320.925	2467.83	2774.24	22.514188675307068	21.15067482355914	5.7986114701584945	19.39108289845949	10.372552739469633	1.738188557009476	-7.814981110088053	-0.1185675064267147	24.646659103614198	35.39044923188057	-1.6613672846538354	35.39044923188057	3.7148187052933017	3.7148187052933017	52.0538391034397	93.60496728118247	116.95141072826752	1.3635138517479284	15.352063353400645	3.123105776847577	12.141635935837435	20.776000118297592	-7.696413603661338	-10.743790128266369	37.0518165165344	-10.743790128266369	20.931840398320897	20.931840398320897	16.037	8.372553603115563	8.11988619274936	8.102004447577114	8.057961298269007	60.33307454373208	0.007822844202547913
 archi-vowels-JSP.wav	í	30	24.598	158.1799965877274	377.454	2242.141	2839.151	23.384499756358956	23.664527487053157	18.746111323516754	15.056108101489357	8.646276150529062	11.774662432434262	3.5124283871385242	2.1744459016291917	25.083745730549566	33.84971407656838	14.317948192142477	33.84971407656838	6.980782072315193	8.7145632056308	44.78876593264226	80.66418991424591	124.8962171944775	-0.2800277306942007	4.918416163536403	8.328391654869598	14.738223605829894	11.609837323924694	1.3379824855093325	-8.765968346018816	19.531765884425905	-8.765968346018816	18.102963658234373	16.369182524918767	17.878	7.775240660242575	7.496044505800228	7.363730188473814	7.217436489459141	60.78628179691803	0.008923134562580367
 archi-vowels-JSP.wav	í	30	24.645	164.98649086816198	351.166	740.401	2299.753	22.03742587828119	31.501393319081743	24.737128159013388	29.05698098045523	11.428287860445216	38.25606165068707	9.681463391375335	11.665029064969978	24.603242257725746	48.396868400274364	30.12410034703956	48.396868400274364	25.18719197871809	15.893424111617742	49.06700196917822	44.30456808902145	85.74452544507675	-9.463967440800552	6.764265160068355	-7.0195551021740386	10.609138017835974	-16.218635772405882	-1.9835656735946436	-23.793626142548618	18.272768053234806	-23.793626142548618	-0.5839497209923437	8.709818146108004	22.807	26.06109851002248	24.506535177003208	23.695933437156917	22.86599238886251	73.63551079587411	0.020152027273066288
 archi-vowels-JSP.wav	í	30	24.692	172.41583062572025	351.729	847.501	2332.585	22.527245780594825	37.43992836165349	23.505773892865953	37.136142403576386	-2.4472364839240157	37.32009870289913	14.930495231658476	7.261638907711373	25.2317696046033	55.77190232181461	23.796263937698072	55.77190232181461	9.310993292448101	16.862082691513844	49.929055870346446	45.83190624806466	89.58410704097578	-14.912682581058668	13.93415446878754	-14.608896622981561	24.97448226451884	-14.792852922304306	7.668856323947103	-30.540132717211307	31.975638384116536	-30.540132717211307	15.9207763121552	8.369686913089456	17.718	23.36798250845904	18.988697805654418	18.877287198666597	18.8114335792524	80.61092510225727	0.038991905442288095
 archi-vowels-JSP.wav	í	30	24.74	200.05967275415549	396.872	838.467	2370.618	34.98146289255669	31.193001900134732	-1.293590956387792	31.118473270308073	-5.395817379601791	32.59614811619315	5.386729552055023	13.079731952366785	37.99798526468744	51.77539039751025	8.519276155948273	51.77539039751025	8.519276155948273	12.762427402287022	47.54889280464122	49.007828584287516	98.67759922634194	3.7884609924219603	32.48659285652252	3.8629896222486195	40.37728027215849	2.3853147763635434	-7.693002400311762	-13.777405132822807	43.256114241561974	-13.777405132822807	29.47870910873917	25.23555786240042	16.239	13.214532710732453	13.332597344912562	13.314606072441237	13.273816283785786	77.23266123782662	0.06974916441766736
archi-vowels-JSP.wav	í	31	25.341	146.20899378198524	362.319	2281.747	2852.539	24.512969485808494	33.462604318627825	21.907529421393743	23.131747674138776	17.226547326602457	10.807198176250857	4.150829716902594	8.545102244782136	26.07100172231542	42.358284302462025	18.38032786332955	41.47013521801313	14.699061494235368	7.789350069725859	45.17402423244106	80.4662020170185	122.06000809155354	-8.949634832819331	11.555074897234082	1.3812218116697181	7.286422159206037	13.705771309557637	-4.394272527879542	-16.287282580146606	23.977956439132473	-15.399133495697708	11.371940228080051	18.28165165258956	8.787	9.426347361543584	9.01879004610588	8.939410829765952	8.889597477163827	65.5631329291304	0.012596991380295314
 archi-vowels-JSP.wav	í	31	25.376	144.15509028306406	478.17	2288.041	2875.341	29.161011890298806	38.75429781178911	18.23796506355795	3.109531420214502	17.620268654153087	15.065901110645445	6.283241826908188	18.840461822474396	30.019314404621777	42.78773165628132	25.525196307574817	25.525196307574817	20.043273041151263	16.55182675665108	37.93643818570363	80.39414530061394	123.28073086922828	-9.593285921490303	20.516332748231157	26.051480470084304	11.540743236145719	14.09511077965336	-12.557219995566207	-12.768417251659546	17.262535348706507	4.494118097046961	9.976041363470515	13.467487647970696	23.569	18.162999272952483	17.269019496905965	16.248468755560943	15.287724385648897	67.2676593012776	0.011980284777739903
 archi-vowels-JSP.wav	í	31	25.412	148.47759557872726	339.791	2325.364	2928.006	27.935871373573985	36.51921218221595	34.8842592638367	30.90980311529645	23.72021679102891	19.98335643941099	15.41843160184279	16.775823661802278	29.776245920729636	48.02126423563312	29.223736909120927	48.02126423563312	19.55601255619205	14.78847194201123	48.65064670484257	83.66359527842633	129.25871704920397	-8.583340808641967	1.6349529183792555	-2.973931741722467	4.215654582545074	7.952514934162995	-1.357392059959487	-18.245018314903483	18.797527326512192	-18.245018314903483	10.220233364537584	14.987773978718407	25.06	28.201073435279845	26.794710940111198	25.785583535341765	25.043107595463393	72.41621633120266	0.012992373760249738
 archi-vowels-JSP.wav	í	31	25.448	148.75180628712934	337.157	2377.655	3297.085	30.47444367396196	37.5045689726279	35.51930646968365	32.41642825161905	24.615927077158695	29.513529487629945	14.423131434449832	19.137323792779725	32.3510971108034	49.370847338916796	29.589048740862406	49.370847338916796	19.77207481623809	17.252110768535616	49.099159526876434	87.08415494595991	163.11974556686587	-7.03012529866594	1.985262502944252	-1.9419845776570916	5.858516596803266	0.9609141863320154	-4.714192358329893	-17.019750228113395	19.78179859805439	-17.019750228113395	12.579022294565313	15.098986342267786	28.641	28.678629328465654	28.0406372412242	27.59195232891266	26.92857155491129	73.78452316300383	0.0251702261404989
 archi-vowels-JSP.wav	í	31	25.484	145.33724985554105	351.324	1904.55	2310.776	34.959480467149476	34.845800047364875	32.80828950206564	26.615088238883143	19.08411947875624	20.503964317428665	20.017749115973047	9.542597912503066	36.61444106281149	44.5094194395205	28.85478296071441	44.5094194395205	20.017749115973047	23.715181148366238	46.54048274914207	61.15228272018948	82.04541955514141	0.11368041978460042	2.0375105452992344	8.344392228266333	15.875360988393236	14.455516149720811	10.47515120346998	-7.8949783767090125	15.65463647880609	-7.8949783767090125	16.59669194683844	12.899259914445249	21.516	14.4718722885037	13.522040101013019	12.848492159094206	12.812814342319038	70.01728740982219	0.025652590655572023
archi-vowels-JSP.wav	í	32	26.453	149.03501821240926	367.063	2116.424	2644.891	27.602781405229578	19.863354029746723	6.758380757564913	9.486833120780151	11.884908317887202	15.423078097099161	11.261762163489614	0.8843460823985493	29.189604210017826	28.984764411078686	3.1887281273644046	28.02887090195682	11.261762163489614	14.495969624020038	44.92400057226084	71.70486287125946	106.23433628455403	7.739427375482855	13.10497327218181	18.115948284449427	15.717873087342376	12.179703308130417	10.377416081091065	0.2048397989391404	25.79603628371428	1.1607333080610047	17.927842046528212	14.693634585997788	18.002	3.3229920961686563	3.304125152938612	3.0541159517228134	10.160960104158052	59.75097536029453	0.012977279975177043
 archi-vowels-JSP.wav	í	32	26.507	161.65106373945937	345.319	2185.884	2553.191	16.98117355618937	32.96944227352209	12.842862967594321	30.692604414900803	20.474071457502166	20.46328648051581	17.746184169784197	-2.334875353945924	19.133891119881778	47.82243409346296	5.68008421308146	47.82243409346296	17.746184169784197	22.790627261853697	49.52114806509645	78.05758163757461	102.74059538858936	-15.988268717332723	20.12657930592777	-13.711430858711434	-3.492897901312798	-3.48211292432644	20.081059523730122	-28.688542973581182	42.1423498803815	-28.688542973581182	1.3877069500975807	-3.656736141971919	14.973	19.940098192553506	17.37038783279888	16.353940702897752	15.793708983446477	72.80464426374888	0.02444218324664311
 archi-vowels-JSP.wav	í	32	26.561	173.7391876995633	396.513	2170.202	2457.49	23.88124085739863	32.5301379185703	12.768788828106567	25.354031400705665	25.986114462144542	15.585279517386759	20.527751514009765	1.5311473337851642	25.766946481911454	44.65434338132625	7.393716600575781	44.65434338132625	25.609396186587613	23.208381779780524	44.60330034637671	79.59798321599034	98.72131996612005	-8.648897061171667	19.76134909046373	-1.4727905433070347	-2.1048736047459116	8.295961340011871	18.9966041802246	-18.887396899414796	37.26062678075047	-18.887396899414796	0.15755029532384057	2.55856470213093	27.819	6.211071514758001	5.615272038086349	5.061304598327668	5.046262355288794	70.57990572278884	0.028239890211351298
 archi-vowels-JSP.wav	í	32	26.615	182.25940476031397	359.56	2233.86	2626.124	14.687352024246135	23.018511503881403	15.055198376061195	22.797892958156954	17.776346849812427	12.687426591608784	6.2135564654314726	2.8941698792676047	17.272812944601327	40.199140770248285	6.20690900911195	40.199140770248285	14.805798939371337	14.152819339959628	50.01381474597266	85.27002866707284	114.23185739671437	-8.331159479635268	7.963313127820207	-8.11054093391082	-3.0889948255662922	1.999925432637351	3.319386586163868	-22.926327825646958	33.99223176113634	-22.926327825646958	2.4670140052299896	3.1199936046416994	20.4	22.235529014414674	22.339272983338724	18.319325574477908	18.189007729388994	66.4244049417189	0.010949537122188605
 archi-vowels-JSP.wav	í	32	26.669	167.45454123144484	341.567	2202.994	2633.809	8.123849831408034	25.97660925040511	20.921099333222138	25.76536368799012	23.58218491472733	13.733887720840013	15.731122604431498	1.8715013051826164	10.508042239002599	42.56190231279934	12.709727441848926	42.56190231279934	20.352339890711185	13.548404048821892	50.86880885543929	80.26016357124102	110.64387612258592	-17.852759418997078	5.055509917182974	-17.641513856582087	-15.458335083319295	-5.610037889431979	13.859621299248882	-32.05386007379674	29.852174870950414	-32.05386007379674	-9.844297651708587	-3.0403618098192933	6.087	17.677448117164836	17.491252463974746	16.788922472129258	16.494911637395774	68.09793635859879	0.01536377867596825
archi-vowels-JSP.wav	í	33	27.372	143.31023294095206	358.986	2065.829	2672.548	30.859697382842118	37.79218905133821	28.72942654509691	24.063236996303903	23.681180893105704	27.725990947886366	18.869063914478993	19.285078147190834	32.38805285854865	46.40016242518472	25.610698008646825	42.352594244935275	23.334492959411897	24.709387044108585	45.246082191404085	68.04327068458015	106.69619934463113	-6.932491668496095	9.062762506241302	6.7964603865382145	7.178516489736413	3.1337064349557515	-0.41601423271184146	-14.01210956663607	20.789464416537893	-9.964541386386628	9.05355989913675	7.678665814440063	18.561	23.94962636105586	23.567724495658908	21.89002068392253	20.603137579334827	69.85824718654544	0.020050065753444313
 archi-vowels-JSP.wav	í	33	27.414	133.28691718268163	354.995	2177.039	2658.213	25.732552387955767	26.684740896426792	26.21706617657831	14.340240944022707	29.95196016853974	19.740720956569454	17.515328293486608	7.170918527279605	27.066945430461665	33.78729657911254	24.748338932478234	32.64149331121678	28.47019062656246	19.642524157081727	44.51444623345655	71.78326178167227	102.6856716032414	-0.9521885084710249	0.46767471984848186	11.39231144393306	-4.219407780583971	5.991831431386313	10.344409766207002	-6.720351148650877	9.038957646634309	-5.574547880755112	-1.4032451961007943	7.424421273379938	25.366	9.562782026070835	9.291556627378144	8.11701138315155	7.846673507271129	64.65888901310987	0.012907442302597742
 archi-vowels-JSP.wav	í	33	27.455	126.23251195445931	367.517	2199.142	2623.758	22.98742396908734	36.659193064765134	20.317371440207165	14.46653864587093	23.28156027466413	14.699126641202039	15.575404718072456	7.329115177184554	24.09447372197981	42.20202436234655	21.754678387459748	33.56140267134441	22.355502552773526	16.989018350776476	42.09572280684803	71.51558963198387	98.15248696159972	-13.671769095677792	16.34182162455797	8.520885323216412	-0.2941363055767887	8.288297327885303	8.2462895408879	-18.10755064036674	20.4473459748868	-9.4669289493646	1.738971169206284	7.105455371203334	18.734	12.428883687859534	12.090269817604536	10.457817435365522	10.065987436681267	68.13455001244736	0.038262372949435096
 archi-vowels-JSP.wav	í	33	27.497	112.7545912942082	302.188	2204.204	2636.35	26.1894083605341	24.643731494181026	14.928887217894214	11.903757086241896	15.592980450824673	14.628348293849363	11.508520672913573	6.072572643107889	27.483292188643766	31.418276050846355	13.457976995027956	27.763680441007278	11.508520672913573	13.575953643613287	49.91267168895674	68.99140865483491	95.19887424090824	1.545676866353073	9.714844276286811	14.285651274292203	10.596427909709426	11.561060066684735	5.435948029805684	-3.9349838622025892	17.9602990558184	-0.2803882523635117	15.974771515730193	13.907338545030479	10.086	0.5671367241842546	0.5892038009935547	0.5018083143251563	0.4359609773792488	60.68317270913532	0.022462709064970818
 archi-vowels-JSP.wav	í	33	27.539	--undefined--	280.827	2070.682	2542.966	--undefined--	--undefined--	--undefined--	--undefined--	--undefined--	--undefined--	0	0	0	0	0	0	0	0	--undefined--	--undefined--	--undefined--	--undefined--	--undefined--	--undefined--	--undefined--	--undefined--	0	0	0	0	0	0	11.078	3.927413828233374	3.929528976638382	3.250409749422695	3.1035301939671074	50.33585009736822	0.0050468323050223765
archi-vowels-JSP.wav	íˤ	34	28.101	373.53162119353885	388.485	1858.144	2696.763	31.308983832271974	24.99191078609869	18.445715090222087	30.68835165266333	24.652737052615677	26.97017548457679	23.710477245826876	10.29238740890019	46.21962413146723	17.93638484543177	4.733660057352464	46.21962413146723	23.710477245826876	16.592072802476913	68.43897842462187	96.3669000900646	177.3632855403723	6.3170730461732845	6.546195695876602	0.6206321796086449	6.656246779656296	4.338808347695185	13.418089836926686	28.283239286035457	13.202724788079308	0	22.50914688564035	29.627551328990315	21.666	24.419303770335045	23.88726455827037	22.57538531731232	21.969702169199913	74.70731839033454	0.05322042432947524
 archi-vowels-JSP.wav	íˤ	34	28.133	347.17848901755497	364.867	1977.158	2681.967	36.30665796502316	31.275733759925977	14.28888329206595	35.488624122402115	30.531002533306577	28.838086924707373	27.595325589151145	11.308603838193571	50.26811748297105	24.08296078621586	-2.3102788849345783	50.26811748297105	27.595325589151145	20.276503022671374	69.46556642716381	99.7539004818427	167.69976978875633	5.030924205097186	16.986850467860027	0.8180338426210483	5.7756554317165865	7.4685710403157906	16.286721750957575	26.18515669675519	26.39323967115044	0	22.672791893819905	29.991614460299676	16.669	24.43961226919406	22.707237451533977	20.03925614128712	19.215878382303703	77.58205605991992	0.09532558221280936
 archi-vowels-JSP.wav	íˤ	34	28.164	323.8394209153562	347.465	1999.302	2501.149	28.393574959496554	28.625848365846647	18.25169690154346	27.030713368948835	33.38268823553567	24.35700772734772	29.708814018541684	15.821519624360027	41.280468659515755	21.75120428773887	0.8745852797838418	41.280468659515755	29.708814018541684	20.472308244667715	70.09928150791474	97.14064730936454	140.86648436383018	-0.23227340635009242	10.374151464303186	1.3628615905477197	-4.989113276039113	4.036567232148833	13.887294394181657	19.529264371776886	20.87661900795503	0	11.57165464097407	20.80816041484804	3.859	9.300217158758343	8.151097286194716	7.403308379225685	7.031990460125494	74.75152861390144	0.03716068937736082
 archi-vowels-JSP.wav	íˤ	34	28.195	--undefined--	340.503	1969.789	2327.277	--undefined--	--undefined--	--undefined--	--undefined--	--undefined--	--undefined--	0	0	0	0	0	0	0	0	--undefined--	--undefined--	--undefined--	--undefined--	--undefined--	--undefined--	--undefined--	--undefined--	0	0	0	0	0	0	17.224	4.241948942101409	3.889850464547258	2.891687822458229	2.826307661322014	67.56224597219237	0.028336693413633953
 archi-vowels-JSP.wav	íˤ	34	28.226	--undefined--	339.248	1926.838	2360.956	--undefined--	--undefined--	--undefined--	--undefined--	--undefined--	--undefined--	0	0	0	0	0	0	0	0	--undefined--	--undefined--	--undefined--	--undefined--	--undefined--	--undefined--	--undefined--	--undefined--	0	0	0	0	0	0	10.332	5.602497453700144	5.59582810498875	5.098777486226519	5.066844620656509	59.89501447492549	0.009554014459027803
archi-vowels-JSP.wav	íˤ	35	28.824	144.56819228240073	434.6	1759.502	2808.657	22.38429810029259	33.396652425009705	21.123919320267905	15.272102790779819	11.15487107069687	23.42078116866857	17.49859692856118	5.735917336340838	23.455216770134953	38.65074938243177	24.326384539388233	36.818534020699715	17.49859692856118	15.273357311908299	38.821905008471404	55.67831948254636	117.88902568209461	-11.012354324717116	12.2727331047418	7.112195309512771	11.229427029595719	-1.0364830683759791	11.762679592220344	-15.195532612296816	14.324364843043536	-13.363317250564762	5.956619841573772	8.181859458226654	19.848	15.112442306575215	14.858558768255731	13.752416035214521	13.159887066573061	64.87565772140499	0.01745373157198621
 archi-vowels-JSP.wav	íˤ	35	28.854	129.57641458740127	389.438	1862.639	2694.963	21.945489249008492	31.05455913327927	19.33475024004161	18.188478731567784	16.06257329985447	16.010921481167898	18.915065638053896	5.347125551914839	22.997799828357486	36.222806494763724	22.21280015243293	38.320135825060255	19.66997773555867	10.350827674726448	40.22106370352086	56.92318661345259	104.32836289781325	-9.109069884270777	11.719808893237659	3.7570105174407082	5.882915949154022	5.934567767840594	13.567940086139057	-13.225006666406237	14.010006342330794	-15.322335996702769	3.327822092798815	12.646972153631038	17.314	8.070175251734327	7.602176069512865	7.0992074183557685	7.059587202420619	66.36667575351298	0.03712250399266977
 archi-vowels-JSP.wav	íˤ	35	28.885	123.68944857064783	309.776	1946.492	2705.741	19.394595061288495	29.000398759535706	13.108857479328705	21.275741260848235	16.497257221521913	15.239966751804445	15.284298428586848	-4.5292141198222975	20.90262922276765	37.3592681361603	9.856460389988069	37.3592681361603	15.284298428586848	7.000089850586919	50.18901309585241	59.18235012042447	103.36499499495245	-9.605803698247211	15.891541280207	-1.8811461995597405	2.897337839766582	4.15462830948405	19.813512548409143	-16.456638913392652	27.502807746172234	-16.456638913392652	5.618330794180803	13.902539372180732	17.676	5.140918903392665	5.115314625134798	5.022556398169396	5.00029708695707	65.1226382633285	0.040810128585738605
 archi-vowels-JSP.wav	íˤ	35	28.915	--undefined--	305.933	1994.055	2551.041	--undefined--	--undefined--	--undefined--	--undefined--	--undefined--	--undefined--	0	0	0	0	0	0	0	0	--undefined--	--undefined--	--undefined--	--undefined--	--undefined--	--undefined--	--undefined--	--undefined--	0	0	0	0	0	0	12.646	5.318933538543361	5.400073960535643	5.174065695242661	5.143368997694363	58.778898135296004	0.009636778525763473
 archi-vowels-JSP.wav	íˤ	35	28.946	--undefined--	312.716	1906.282	2313.938	--undefined--	--undefined--	--undefined--	--undefined--	--undefined--	--undefined--	0	0	0	0	0	0	0	0	--undefined--	--undefined--	--undefined--	--undefined--	--undefined--	--undefined--	--undefined--	--undefined--	0	0	0	0	0	0	10.085	1.1868587396647787	1.1244897074594233	1.0371889232019864	1.0160233221324975	52.16029436564887	0.008619798049095418
archi-vowels-JSP.wav	ú	36	29.213	145.98281673586467	337.34	643.242	1908.234	19.706325830133807	21.464669175070355	22.288933688560192	14.777488235162643	15.433530581305796	2.8294342150373737	-17.726767019177274	-26.612856029921936	21.93009169485179	34.41119002698562	30.89791617132807	34.41119002698562	30.89791617132807	-14.803494586868855	48.70178482542728	41.29340781501063	61.41124064788841	-1.7583433449365486	-0.8242645134898368	4.928837594971164	4.272795248828011	16.876891615096433	8.886089010744662	-12.481098332133833	3.513273855657552	-12.481098332133833	-8.967824476476281	36.73358628172065	20.106	5.017843185465925	5.362491623974979	5.363383860008354	5.363728690713957	62.24802061915625	0.014548684299176738
 archi-vowels-JSP.wav	ú	36	29.248	150.17004431374775	383.436	711.559	1619.96	23.7546918750194	30.883824977598152	30.44549211105975	18.245107874198744	19.049952312075618	4.390749459420217	-5.74329811381722	-20.796969720181963	25.579494346636782	40.58170345879671	37.86692914936737	40.20548851782582	35.81504230513553	-2.6313141870746506	43.194911647433095	42.38487863269566	52.3660898209684	-7.129133102578752	0.43833286653840275	5.509584000820656	4.704739562943782	19.363942415599183	15.053671606364743	-15.002209112159928	2.7147743094293375	-14.625994171189038	-10.235547958498746	28.210808533711432	14.27	17.871844014241937	12.557237554219034	12.556429913716713	12.557104470934773	67.28737647596779	0.023555963397200792
 archi-vowels-JSP.wav	ú	36	29.283	167.89616498914225	353.865	859.633	1770.434	20.572551109925698	34.60007394572987	36.00528958964058	32.765679292380746	19.175642575562208	7.507895206104855	-0.7087091177763691	-10.09131369437177	23.082774538877764	51.579544644648735	35.85289739194474	51.579544644648735	30.973862336309036	-0.7087091177763691	49.03940650498395	45.368050289712414	59.628464327108816	-14.02752283580417	-1.405215643910715	-12.193128182455048	1.3969085343634902	13.064655903820842	9.382604576595401	-28.49677010577097	15.726647252703998	-28.49677010577097	-7.891087797431272	23.791483656654133	18.157	21.24629977615346	19.39518582861116	19.38883097322152	19.387434158347194	76.9187071616108	0.06308400677582122
 archi-vowels-JSP.wav	ú	36	29.318	179.60342302212896	373.182	931.498	1970.946	21.411502623122114	31.12104678427417	23.408779148085166	29.889081033038508	18.886117861309643	11.845832984217893	1.6073347894370202	-1.6107105747299832	23.990917103520285	49.28020211530605	22.586656223058554	49.28020211530605	30.48946255356352	1.6073347894370202	47.851589458954265	47.108763770410214	69.97889565041521	-9.709544161152056	7.712267636189004	-8.477578409916394	2.5253847618124716	9.565669638904222	3.2180453641670033	-25.28928501178576	26.693545892247492	-25.28928501178576	-6.498545450043235	22.383582314083267	21.038	19.772098418652806	13.927752434029191	13.923279815880376	13.925280144398487	76.5693858391017	0.05834174453754972
 archi-vowels-JSP.wav	ú	36	29.353	184.69864715791255	404.171	966.075	2197.223	26.16696567936236	29.98655335200103	20.429293833371958	24.78901287518918	22.901854940249457	21.096862954568714	5.067380652410302	-8.638981203242516	28.500226697785035	45.52397242020466	20.651201188479448	45.52397242020466	35.577454414151276	8.193793100429026	45.14091677927195	47.88895538755331	83.47260361075396	-3.819587672638672	9.557259518629074	1.3779528041731801	3.2651107391129024	5.070102724793646	13.706361855652817	-17.023745722419623	24.87277123172521	-17.023745722419623	-7.077227716366242	20.30643359735601	17.326	20.70029223876419	16.647934024617577	16.624451320553163	16.62483822148777	72.7655237537567	0.05346444366780758
archi-vowels-JSP.wav	ú	37	30.059	338.48646267961703	340.923	772.562	2324.391	17.845618848833496	-1.405796486030681	1.5866419477632334	17.82790840545485	2.470824629869025	9.787098526441675	-17.729712301977823	-13.556278618534993	33.11753424897465	1.500858208417562	-27.98867049358371	33.11753424897465	11.788176280521544	-15.900626885812528	73.47312741778154	64.59330917567446	126.71272513456944	19.251415334864177	-2.9924384337939145	0.0177104433786468	15.374794218964471	8.058520322391821	-4.1734336834428305	31.61667604055709	29.489528702001273	0	21.329357968453106	49.01816113478718	15.132	16.99262794427781	13.605978035418149	13.600478124431925	13.599817018836724	61.98386432304365	0.02084018436360006
 archi-vowels-JSP.wav	ú	37	30.088	326.592882979216	332.141	818.825	2391.481	24.73988828374995	15.805443541660626	9.57974527189376	24.65968205529289	15.770855192371428	8.43942300683971	-17.5974191269168	-11.52951354084447	39.353514252266386	15.349644534681051	-17.27562446750343	39.353514252266386	23.955695387797	-17.620649831489942	73.97489444734077	63.61613606995345	130.43102058927983	8.934444742089322	6.225698269766866	0.08020622845705816	8.96903309137852	16.300465276910238	-6.067905586072332	24.003869717585335	32.62526900218448	0	15.397818864469386	56.97416408375633	21	22.30344016791587	22.010154778194668	22.004279468066443	22.003545847419232	68.14900092680178	0.044568509152728794
 archi-vowels-JSP.wav	ú	37	30.116	332.28452021479745	336.636	858.459	2349.46	31.758022606771277	20.816376444516266	18.828004908945875	31.713698316623507	21.436586873879698	19.76049672582747	-9.169981417999416	-4.755096947689073	46.44823983291925	19.465650542487637	-7.22754570357115	46.44823983291925	29.202793495299865	-4.438296703141263	73.66001936054246	64.58605976215605	127.69097420564479	10.941646162255012	1.9883715355703906	0.044324290147770284	10.32143573289158	11.997525880943808	-4.414884470310343	26.982589290431612	26.693196246058786	0	17.245446337619384	50.88653653606051	20.925	27.687507658126236	21.83063454024207	21.8259426799723	21.82405029517783	74.70278444596889	0.08764695347527626
 archi-vowels-JSP.wav	ú	37	30.145	336.91846764512206	340.829	933.373	2273.668	33.95204198717841	21.117848133305312	28.194114571146073	33.92234413114227	19.573179557164423	20.503824332934425	-0.39320234091159506	-5.678906890824308	48.600092773086345	18.233696048004187	4.299264985295215	48.600092773086345	26.48020889393115	-0.39320234091159506	73.28867780587835	65.66773046213663	121.63015042224615	12.8341938538731	-7.076266437840761	0.029697856036143833	14.378862430013989	13.448217654243987	5.285704549912713	30.366396725082158	13.934431062708972	0	22.119883879155196	48.99329511399794	21.94	31.396588436777535	29.13729191423263	29.105435123340424	29.103033925177108	76.52210356257002	0.11800285745349703
 archi-vowels-JSP.wav	ú	37	30.174	334.42030960944396	336.418	917.237	2555.73	28.29544910736258	15.649771084799582	28.185846564155838	28.292635052694592	12.857481805002962	14.313358506378538	-6.803655440969054	-9.697519376515306	42.789314824956165	12.826467750514714	3.861696579028391	42.789314824956165	19.758593355110246	-12.346478670936051	73.99691145430283	65.25939928796403	149.52982711240884	12.645678022562997	-12.536075479356256	0.002814054667986454	15.437967302359617	13.98209060098404	2.8938639355462517	29.96284707444145	8.964771171486323	0	23.03072146984592	55.135793495892216	15.566	23.087900783007992	18.303055202498484	18.291084318336484	18.28887559279277	71.70142381925493	0.05992148881987045
archi-vowels-JSP.wav	úˤ	38	30.88	--undefined--	415.156	998.147	1732.869	--undefined--	--undefined--	--undefined--	--undefined--	--undefined--	--undefined--	0	0	0	0	0	0	0	0	--undefined--	--undefined--	--undefined--	--undefined--	--undefined--	--undefined--	--undefined--	--undefined--	0	0	0	0	0	0	17.042	14.693290192035187	13.623632386973181	13.593525682819854	13.59363171164011	66.94680193296277	0.02317753296978432
 archi-vowels-JSP.wav	úˤ	38	30.931	--undefined--	436.665	921.281	1689.048	--undefined--	--undefined--	--undefined--	--undefined--	--undefined--	--undefined--	0	0	0	0	0	0	0	0	--undefined--	--undefined--	--undefined--	--undefined--	--undefined--	--undefined--	--undefined--	--undefined--	0	0	0	0	0	0	16.5	1.1445882007387698	1.207957171821291	1.1804720677164124	1.1803345831189858	66.62907056966615	0.02392262403594612
 archi-vowels-JSP.wav	úˤ	38	30.982	170.91041323547788	376.768	768.764	1766.507	20.809726515452446	34.228442831499564	29.932132479910145	29.022201121442592	21.393960312451348	23.66145990236871	3.8300819707618903	6.9054511213497864	23.22093060463194	49.62714107160102	36.0439428289177	49.62714107160102	36.0439428289177	14.135990462342951	46.37747766417029	45.18651849501812	59.95080450818886	-13.418716316047117	4.296310351589419	-8.212474605990145	-0.5842337969989018	-2.851733386916262	-3.075369150587896	-26.40621046696908	13.583198242683316	-26.40621046696908	-12.823012224285762	9.084940142288987	22.326	21.828563287119714	18.84378786578869	18.791824661793328	18.7886392587532	75.01233746665255	0.06704033547910919
 archi-vowels-JSP.wav	úˤ	38	31.032	178.86897243753	382.696	945.354	1773.494	21.71492218883809	31.910920867609597	34.27465150478926	28.6701348338093	17.156726115148807	25.05573878740863	17.742386751527025	11.739016457212532	24.140926651083202	48.537216662195235	33.700429439464166	48.537216662195235	29.104814858918935	20.16564943608312	46.62728134819338	47.092638846168924	61.42797025537025	-10.195998678771506	-2.363730637179664	-6.955212644971208	4.558196073689285	-3.3408165985705374	6.003370294314493	-24.396290011112033	14.836787222731068	-24.396290011112033	-4.963888207835733	3.97527721500008	24.942	28.0574435295031	23.484739961556038	23.307626358532648	23.29911166240724	74.44919133684971	0.04498183104048842
 archi-vowels-JSP.wav	úˤ	38	31.083	171.54280548537247	485.695	1162.055	1740.316	19.416575395945856	35.56932486047827	31.718057378192462	18.059107062106314	20.323741466176443	15.607423588636905	19.351845648209373	2.709729865127979	20.758562759401087	42.29065094823969	35.450689303187126	41.24825391931286	34.64026508727537	21.75432061871476	40.843466904931304	47.58060053241662	59.12794034728254	-16.152749464532413	3.851267482285806	1.3574683338395417	-0.9071660702305877	3.8091518073089503	16.642115783081394	-21.5320881888386	6.839961645052561	-20.48969115991177	-13.88170232787428	-0.9957578593136738	21.098	13.9567763454316	11.322073710325814	11.21184415992795	11.199311631794469	70.61312886546716	0.04244890562508911
archi-vowels-JSP.wav	úˤ	39	32.02	--undefined--	420.28	999.131	1703.572	--undefined--	--undefined--	--undefined--	--undefined--	--undefined--	--undefined--	0	0	0	0	0	0	0	0	--undefined--	--undefined--	--undefined--	--undefined--	--undefined--	--undefined--	--undefined--	--undefined--	0	0	0	0	0	0	14.455	4.678533628784312	6.143156789212904	6.1476253232292315	6.147246261480102	63.010496736883994	0.003593800572408392
 archi-vowels-JSP.wav	úˤ	39	32.052	--undefined--	444.834	914.035	1647.384	--undefined--	--undefined--	--undefined--	--undefined--	--undefined--	--undefined--	0	0	0	0	0	0	0	0	--undefined--	--undefined--	--undefined--	--undefined--	--undefined--	--undefined--	--undefined--	--undefined--	0	0	0	0	0	0	21.697	1.411873124301649	3.6989418279989468	3.698198800068617	3.6987490466789312	65.03407253211235	0.030826067612955203
 archi-vowels-JSP.wav	úˤ	39	32.084	169.67763833674647	376.241	821.9	1706.417	17.23760106591273	34.350076233109235	29.463854180963743	28.87869176469586	13.469335768215537	17.748725984895867	3.0731497928006353	-9.355129286374815	19.561557084613927	49.14616723692488	32.26814936954491	49.14616723692488	27.14065315968866	11.079346154578783	46.29366590679188	45.37085199502285	57.718097022165054	-17.112475167196504	4.8862220521454915	-11.641090698783128	3.7682652976971944	-0.5111249189831355	12.42827907917545	-29.584610152310955	16.878017867379974	-29.584610152310955	-7.579096075074734	8.482210930035144	22.713	25.47390543548439	20.525140146322496	20.413892166251486	20.411746188132195	74.13420242469351	0.09235270902281152
 archi-vowels-JSP.wav	úˤ	39	32.117	182.34166873842926	374.951	783.093	1761.834	14.413476902652619	23.245787087416453	19.829612382792448	22.496276892026238	14.879664314861493	29.266124658546914	16.96708176433536	3.554410936283516	17.201503770408493	42.64674293997872	27.776415611414752	42.64674293997872	28.89620138644385	19.908449499932274	47.957487883595505	46.60447450334645	61.53237412528173	-8.832310184763834	3.416174704624005	-8.082799989373619	-0.4661874122088747	-14.852647755894296	13.412670828051846	-25.44523916957023	14.87032732856397	-25.44523916957023	-11.694697616035356	-2.706945729523781	21.826	11.59263816193339	9.930407126983296	9.913278137204825	9.913791194481792	71.03975669709796	0.04056147650700194
 archi-vowels-JSP.wav	úˤ	39	32.149	181.81714543813194	378.714	1024.489	1794.378	20.00050073335184	28.98343366078783	27.179700377318333	27.576905179932993	18.937747599924712	18.646030349110383	14.999642513901657	1.3555933116184358	22.518170927222148	46.92790291311588	24.681940885759175	46.92790291311588	29.592725786104637	14.999642513901657	47.43679601271089	47.86683057700299	62.671595622889946	-8.982932927435993	1.803733283469498	-7.576404446581154	1.062753133427126	1.3544703842414556	13.64404920228322	-24.409731985893732	22.245962027356704	-24.409731985893732	-7.07455485888249	7.518528413320491	20.154	27.8354156352505	21.20467805161042	21.080374278884037	21.076087495445233	72.62945831964242	0.06458332662413989
archi-vowels-JSP.wav	úˤ	40	33.598	195.00493568312237	445.592	922.069	1689.611	26.993868144739576	32.97356977770047	25.053197316486617	24.207246944500355	17.103357970535598	19.179107259533094	12.787239745344404	-7.10348866869753	29.22089094562789	46.696727554655354	29.574320641662204	46.696727554655354	32.33111820214795	18.19417813872595	43.73158213037751	48.874673764625655	60.898918578463324	-5.979701632960893	7.9203724612138515	2.786621200239221	9.890510174203978	7.814760885206482	19.890728414041934	-17.475836609027464	17.12240691299315	-17.475836609027464	-3.1102272565200586	11.02671280690194	18.838	15.568570937142688	10.906186848216015	10.836675348099423	10.83601771423563	74.2213726895721	0.03643087755199058
 archi-vowels-JSP.wav	úˤ	40	33.628	206.3776896720197	403.21	994.516	1813.146	30.81328941457302	27.469481163819466	29.767932111568143	26.802980299202517	11.165403021348048	21.77191665182272	10.314549346583588	0.3976451496589729	33.794976901446915	46.93932383628055	29.77282336246222	46.93932383628055	22.960075890313686	17.538173817806022	47.647675818841115	50.614864144331136	67.27823536201251	3.343808250753554	-2.2984509477486768	4.010309115370504	19.647886393224972	9.0413727627503	9.916904196924616	-13.144346934833635	17.16650047381833	-13.144346934833635	10.83490101113323	16.256803083640893	18.323	21.110480603411705	14.163503483206961	14.063807623309131	14.061028754542892	74.32172766775068	0.050055459138639
 archi-vowels-JSP.wav	úˤ	40	33.658	218.70321058068544	441.138	1002.414	1796.415	32.51434871389049	23.060926748278646	16.059954645417918	22.951781782845444	15.154622588362407	19.776161918099852	17.063465256539537	-5.949462100430702	35.36001148121024	44.402275733127546	19.026070818697036	44.402275733127546	28.490949173225538	17.548183337988174	46.406770802253895	52.125192505955404	68.51029763719744	9.453421965611845	7.000972102860729	9.562566931045048	17.359726125528084	12.73818679579064	23.012927356970238	-9.042264251917302	25.37620491443051	-9.042264251917302	6.869062307984706	17.81182814322207	20.146	20.682727923599668	15.098361416082879	15.053459661380892	15.052889285630718	72.54652075187408	0.059100396321332974
 archi-vowels-JSP.wav	úˤ	40	33.687	227.394153950346	455.09	1097.312	1885.707	33.70777736651267	24.692515943375035	15.936402296808396	24.692281816280634	14.658626062523517	12.493465717036205	10.791302674929128	-12.065744687019752	36.55667413209657	46.101576353381795	16.448021162078305	46.101576353381795	27.248838200282222	10.791302674929128	46.84688597880317	53.809448613314906	73.9578085711164	9.015261423137638	8.75611364656664	9.015495550232039	19.049151303989156	21.214311649476468	22.85704736194888	-9.544902221285227	29.65355519130349	-9.544902221285227	9.307835931814346	25.76537145716744	18.767	18.07118156172278	16.589039556342893	16.51269371747659	16.511432896832765	74.24369091026068	0.05018444404110997
 archi-vowels-JSP.wav	úˤ	40	33.717	235.12924049803868	458.262	1147.913	1917.21	33.00790455995475	20.133001311265204	17.825224344752048	19.124100396390084	16.988631303353145	13.943701927163122	12.641624908052272	-9.456241037568569	36.00378601978216	40.327763450311814	17.314828858478105	40.327763450311814	28.962662190719044	12.641624908052272	47.58272292789909	55.17356354697969	76.83084283608808	12.874903248689549	2.3077769665131562	13.883804163564669	16.019273256601608	19.06420263279163	22.09786594562084	-4.323977430529652	23.01293459183371	-4.323977430529652	7.0411238290631175	23.36216111172989	18.154	17.486012909593985	14.72215007836662	14.642881367226368	14.617065957294162	71.04116353985856	0.04224345805010295
archi-vowels-JSP.wav	úˤ	41	34.238	146.11694010191258	415.193	969.967	1569.04	28.773832398123336	32.795975628691636	29.016137857499444	19.3753209549334	12.432009491913796	20.30849497329548	0.8426735868845363	-11.44021124129833	30.11255250714319	39.46745345681801	33.051963904563905	41.46647028562816	26.48739680659757	23.622596222695922	40.042329099261586	43.34205722592809	50.533736419411	-4.0221432305683	3.7798377711921916	9.398511443189935	16.34182290620954	8.465337424827855	12.282884828182867	-9.354900949674825	6.415489552254108	-11.353917778484973	3.625155700545619	6.489956284447267	24.689	21.789217836635114	19.109172988796338	18.852959131937332	18.83673844426915	68.16466215042973	0.0143555469665079
 archi-vowels-JSP.wav	úˤ	41	34.278	142.757128519654	424.613	976.155	1603.156	28.385368422613706	33.832586771505085	26.62191697151369	19.664313474929287	13.855768030603514	11.976313542454704	-5.179552107168751	-8.682533371195639	29.607629729231558	39.76680035189163	32.04514360472984	42.216722270426345	28.382352023083904	15.013938473621415	39.11330111907059	42.97373477972412	50.89176346302213	-5.447218348891379	7.210669799991393	8.721054947684419	14.529600392010192	16.409054880159	3.5029812640268876	-10.159170622660074	7.721656747161795	-12.609092541194787	1.2252777061476543	14.593691255610143	25.651	23.617822157996763	23.098309297659377	22.812165717900804	22.80076324880278	68.09799535286014	0.019053488449728775
 archi-vowels-JSP.wav	úˤ	41	34.318	142.15292027850816	462.429	971.655	1744.808	29.879291884258404	34.075862592061995	28.12738680280232	17.347148624416945	18.022236413879007	13.74232733348503	2.4771759565548446	-4.055921654174364	30.92480675093528	38.94117987393748	37.46084182416657	41.34235770717587	34.49422292893303	14.545211043837284	37.80084263551818	42.88077511423723	54.83308405290639	-4.196570707803591	5.948475789259675	12.532143259841458	11.857055470379397	16.136964550773374	6.533097610729209	-8.0163731230022	1.480338049770907	-10.417550956240593	-3.5694161779977485	16.379595707097995	25.787	20.881523664963794	21.813305958055214	21.11830031167315	21.108151481482764	68.34271456232217	0.01699551045899303
 archi-vowels-JSP.wav	úˤ	41	34.358	141.36223272123672	460.541	994.006	1852.299	30.503356803473373	33.98670982200603	29.93246742857133	16.21416598852589	17.281427621411375	17.51109539438035	13.431201565101818	-6.652553883790411	31.53574013504773	38.79184838895345	39.09518468961404	40.055595043891955	33.35171525590858	16.1876226626416	37.743842125270184	42.89445386080362	58.450835022362924	-3.4833530185326538	4.0542423934346985	14.289190814947482	13.221929182061999	12.992261409093022	20.083755448892227	-7.256108253905715	-0.3033363006605896	-8.519854908844223	-1.8159751208608483	15.34811747240613	24.123	22.129967521535228	22.50432696956778	22.298744707246545	22.29204679604235	67.92690075081057	0.021123130537767865
 archi-vowels-JSP.wav	úˤ	41	34.398	136.7465465456391	473.813	1021.925	1908.911	24.467030348081614	30.672865702301984	15.136899825888133	12.148801179298125	3.8295724610390565	16.481564901998897	15.125277437640287	-14.486464484612437	25.375782133328137	34.81261164177504	27.36962680013448	36.37521240281173	20.239983819849343	15.125277437640287	37.160366342691546	42.48467362956949	59.88851906918218	-6.205835354220369	15.53596587641385	12.318229168783489	20.637457887042558	7.985465446082717	29.611741922252726	-9.436829508446905	7.442984841640563	-10.99943026948359	5.135798313478794	10.25050469568785	23.881	19.677492554806648	14.593751799705315	14.354795925844261	14.349863472544964	65.9969677607556	0.016275728225784495
archi-vowels-JSP.wav	úˤ	42	35.096	166.48013369504923	363.388	1013.862	1769.416	22.80468896938158	33.040711163384145	36.272441433203575	28.993813132335532	24.013363551996974	24.870652728925503	21.168146349705026	-8.779691787010144	25.05415402063266	47.88954460428279	33.72865690610885	47.88954460428279	34.310640545164645	21.168146349705026	47.530895744252064	45.98156389231341	59.374563673323266	-10.236022194002565	-3.2317302698194297	-6.189124162953952	-1.2086745826153944	-2.065963759543923	29.94783813671517	-22.83539058365013	14.160887698173937	-22.83539058365013	-9.256486524531987	3.8860076709276328	21.848	21.25289025299042	16.171400461069826	15.79791183465458	15.785240917737228	73.2924286988809	0.08539123055125394
 archi-vowels-JSP.wav	úˤ	42	35.11	167.39796398859548	360.25	1041.988	1762.521	19.168330712776815	34.8782247051972	33.042457505223645	31.764347709066158	22.203903200427284	27.31047641147143	13.177084159378168	-2.8659365239100265	21.471226165344554	50.399634621203816	29.876866395059718	50.399634621203816	31.9772087651484	24.324230176501356	48.070582127215324	46.24834117370853	59.27115675890705	-15.709893992420383	1.835767199973553	-12.596016996289343	-3.0355724876504695	-8.142145698694616	16.043020683288194	-28.928408455859262	20.5227682261441	-28.928408455859262	-10.505982599803847	-2.853004011156802	20.495	24.510443299682933	18.030103109844504	17.90638953768712	17.885587215047025	74.74891779642402	0.049211610725701384
 archi-vowels-JSP.wav	úˤ	42	35.125	167.61478589786606	361.311	1091.829	1976.355	16.26421534836526	31.63883108601646	30.452459996709038	28.418942126023595	21.06666863894518	22.380428541143417	15.445950937354924	-11.567716875324896	18.539920542170574	47.00294513510868	26.814969609682745	47.00294513510868	30.327064719072997	15.445950937354924	47.951736999127924	46.582904437129486	68.13466492526351	-15.374615737651201	1.1863710893074213	-12.154726777658336	-4.802453290579923	-6.116213192778158	27.01366781267982	-28.46302459293811	20.187975525425937	-28.46302459293811	-11.787144176902423	3.0939696048156495	21.091	18.270999272349027	14.99138150649437	14.792533481857637	14.773295074005366	73.21499738603458	0.04617396958896887
 archi-vowels-JSP.wav	úˤ	42	35.139	167.48680522181022	348.745	1141.19	2228.006	17.39254853989322	30.889011963703155	28.08709826208262	29.831799688052662	14.908524522091824	30.162391252031526	9.897553617901638	-9.400731742428764	19.812582074359362	47.638008381572504	23.180236364512275	47.638008381572504	22.96005565925332	18.11968606147636	49.750253661118784	46.9210284150974	81.77970336425307	-13.496463423809935	2.801913701620535	-12.439251148159443	2.4840240178013957	-12.769842712138306	19.298285360330404	-27.825426307213142	24.45777201706023	-27.825426307213142	-3.147473584893959	1.6928960128830006	16.928	26.671808731377347	21.4413164781379	20.805949537976783	20.751855276516487	72.52681684703361	0.03401866572724298
 archi-vowels-JSP.wav	úˤ	42	35.154	166.7678809775062	357.857	1080.854	2047.413	20.508125403470068	31.875542171472397	28.884435195625137	28.997231692316426	14.49227512199247	23.640653883738793	14.688352164663293	-9.089333373822015	22.805898114413573	47.43251993736692	25.18983055178741	47.43251993736692	23.70758074881468	14.688352164663293	48.32548491020877	46.40957882257797	71.48394458230489	-11.367416768002329	2.9911069758472593	-8.489106288846358	6.015850281477597	-3.132528480268725	23.777685538485308	-24.626621822953346	22.24268938557951	-24.626621822953346	-0.9016826344011086	8.11754594975028	20.437	22.810967248193048	19.35944390593124	18.782075609318976	18.606343989591135	71.93201583015299	0.03695533563186487
archi-vowels-JSP.wav	á	43	35.776	164.47430113795866	560.63	1738.801	2274.256	7.576040079329552	35.375539799168116	36.936614479857404	28.674892678592695	23.0064581169899	14.65390201409577	26.065525273652476	-1.9536183375621983	8.432733131807819	39.33389291749607	46.569284140917084	52.08907490356691	33.91981115943946	22.6851413781926	42.31791319705042	58.009415300294634	84.00568282837878	-27.799499719838565	-1.5610746806892877	-21.098852599263143	-15.430418037660349	-7.077861934766219	28.019143611214673	-30.901159785688254	-7.235391223421011	-43.65634177175909	-25.487078027631643	-14.252408246384782	24.892	14.640315727842433	10.240226470607706	9.369146599804168	9.333010861301801	78.86536560157357	0.04694251594036069
 archi-vowels-JSP.wav	á	43	35.803	165.3065014199564	668.028	1647.253	2646.657	22.91708106000443	41.103885672510245	32.230637229133606	31.838996610219795	26.927791313090246	24.772484461736013	23.690224505048	17.12238936818165	23.552555185415013	43.89275026033608	57.09787730091115	57.09787730091115	42.371053208293254	25.26196599634327	43.728495319652986	55.27336496800621	111.06037961025164	-18.186804612505814	8.873248443376639	-8.921915550215363	-4.010710253085815	-1.8554034017315821	6.56783513686635	-20.340195074921066	-13.205127040575071	-33.545322115496134	-18.81849802287824	-1.709410810928258	25.361	22.667703382418605	19.854571783033578	15.681657985087629	15.627272723242156	82.40753323267627	0.07301502978902376
 archi-vowels-JSP.wav	á	43	35.829	166.57321895706698	653.607	1625.835	2794.991	17.3351866670199	41.33986453136367	33.07675327131138	31.798847323436835	23.71541176878752	29.314809276303848	24.303000687453906	21.53098734121054	18.008638420282214	44.315278200504494	56.83887116338389	56.83887116338389	38.92931524766666	26.112584423319017	43.72669813119537	54.84865730691752	123.82162452370706	-24.004677864343773	8.263111260052291	-14.463660656416934	-6.380225101767618	-11.979622609283947	2.772013346243366	-26.30663978022228	-12.523592962879398	-38.830232743101675	-20.920676827384444	-8.103946003036803	28.157	23.337980230743618	22.526848852958285	21.32286274975135	21.19719204715528	82.51927377642767	0.04364702845728909
 archi-vowels-JSP.wav	á	43	35.856	165.60880274144262	647.406	1671.908	2312.505	18.37640819250245	39.631949429451154	35.62720960478843	33.907828786629736	19.100318123157347	19.46280355398846	27.53198163033599	11.090829024901325	19.048318643104178	42.605086281640325	58.779717849949606	58.779717849949606	33.60277846568626	27.570274768676846	43.55247130689907	56.043344693617165	86.71056524658282	-21.255541236948705	4.004739824662721	-15.531420594127287	-0.723909930654898	-1.0863953614860122	16.441152605434667	-23.556767638536147	-16.17463156830928	-39.731399206845424	-14.554459822582078	-8.521956125572668	19.806	20.118922895119795	19.664578987499926	18.24537631136631	18.099973472834645	83.07785170166164	0.08419854726495626
 archi-vowels-JSP.wav	á	43	35.882	162.04076107335217	599.134	1747.572	2379.112	21.67486331413147	33.004792429128	31.83414314361073	27.458684662281026	20.737451693654442	19.525925320198535	32.90363331393185	12.501131946095454	22.407515739859555	36.30039990626128	47.760541180939235	51.52730440998906	32.90363331393185	26.146457466350785	42.586361086300236	57.93789892999531	90.32132210881139	-11.329929114996531	1.1706492855172712	-5.783821348149555	0.9374116204770289	2.148937993932936	20.402501367836393	-13.892884166401728	-11.460141274677952	-29.119788670129502	-10.496117574072294	-3.7389417264912304	0	10.129013771744994	13.643659646111836	10.703138592198936	10.584918907968941	77.64693314836383	0.06214123712896514
archi-vowels-JSP.wav	úˤ	44	36.283	162.97784532210432	423.476	993.681	1576.878	17.53859936566148	35.56230631369625	32.183482065008576	17.39668659690725	14.243046686784972	12.017044420317596	1.6110597964978355	-15.099190092942303	19.15612221465943	44.1749690952832	34.317566083482646	39.361765105865004	28.002378137577605	15.774135452049398	41.35937362435307	45.45859105302686	53.055041472306925	-18.023706948034768	3.378824248687671	0.14191276875422787	3.2955526788765077	5.521554945343883	16.71024988944014	-25.018846880623773	9.857403011800557	-20.205642891205574	-8.846255922918175	3.3819867626100315	19.614	6.617348868196972	6.684337021292558	6.645997129513166	6.641386843483206	71.22509712646197	0.012253791489556728
 archi-vowels-JSP.wav	úˤ	44	36.305	167.412645012133	373.137	1005.169	1571.614	20.389327733795263	36.87915236597918	36.346554827065624	31.356046705515567	22.80105099216206	20.726578342741988	8.663198856850187	-12.988202652926965	22.556920395654934	50.78179045887538	34.51167522935255	50.78179045887538	33.710585869883744	22.532628274117986	46.39726038998325	46.04569847868757	53.537220721316146	-16.489824632183918	0.5325975389135564	-10.966718971720304	-2.4117232583667985	-0.3372506089467251	21.651401509777152	-28.224870063220443	16.27011522952283	-28.224870063220443	-11.15366547422881	0.024292121536948486	22.627	23.762317910511985	20.286352132108835	20.150711570251055	20.140045485365867	75.83218916819825	0.054726008958577974
 archi-vowels-JSP.wav	úˤ	44	36.326	168.09589640306223	362.129	1026.707	1654.583	19.573754350826867	36.12020353226	35.858739686761204	32.897414904955596	23.014945392683885	16.236562177457863	7.385272258036739	-9.20411700315515	21.881294109257297	51.65631235031084	32.95587040336393	51.65631235031084	33.05423952805632	15.769082895990248	47.899695833500815	46.244650018645075	55.887507298401275	-16.546449181433132	0.2614638454987954	-13.323660554128729	-3.4411910418570173	3.3371921733690044	16.58938926119189	-29.775018241053544	18.70044194694691	-29.775018241053544	-11.172945418799024	6.112211213267049	22.66	28.653423263936695	24.05141597092987	23.910727124091412	23.896668297403572	76.61817781836821	0.046132629862921354
 archi-vowels-JSP.wav	úˤ	44	36.348	167.67374507109653	377.333	991.284	1749.204	16.352927765054922	37.29796905242674	36.91308462800531	31.112928944850452	21.135950891394664	25.612509687123413	14.789082103039098	-2.917218407276527	18.48863163745783	50.79460614667716	35.539187000758155	50.79460614667716	32.438078528700906	22.489722588339582	45.927262735936694	46.003459503842	58.84845620224242	-20.945041287371815	0.3848844244214291	-14.76000117979553	-4.783023126339742	-9.259581922068492	17.706300510315625	-32.30597450921933	15.255419145919006	-32.30597450921933	-13.949446891243078	-4.001090950881753	22.668	21.080618108196752	18.623415379224202	18.412168354361985	18.40659137632969	75.86313125235951	0.06661056293212246
 archi-vowels-JSP.wav	úˤ	44	36.369	166.1764564667668	433.223	1005.453	1834.149	20.076511226270465	37.90542948088798	34.437704403920506	20.46221698183257	11.01388560169567	28.25778658989543	19.13246410140758	-3.1026715764813924	21.688497401843524	46.463952545775754	36.773829779588254	42.703328592783095	25.02474663239027	25.952362536461145	41.186823878002095	45.900284055913524	61.7447418998947	-17.828918254617516	3.4677250769674757	-0.3857057555621033	9.062625624574796	-8.181275363624966	22.235135677888973	-24.77545514393223	9.6901227661875	-21.01483119093957	-3.336249230546745	-4.263865134617621	15.665	15.178518268769663	11.840589115225693	11.341620372884812	11.325681895190531	73.49869699264966	0.014936411865074046
archi-vowels-JSP.wav	úˤ	45	36.936	140.59523542435937	462.98	1075.319	1771.854	21.449874894833993	32.969550536793875	20.203496564209367	13.57979862276104	7.670068511916966	4.645570757960961	-7.1019222801139446	-23.906202457418342	22.435666519815204	37.54886705672638	29.2990258274745	37.17595328811132	22.767063563703758	7.476637376602923	37.63151213753821	43.2361878581988	55.47892527124852	-11.519675641959882	12.766053972584508	7.870076272072954	13.779806382917027	16.804304136873032	16.8042801773044	-15.113200536911176	8.249841229251878	-14.74028676829612	-0.33139704388855407	14.95902914321228	23.042	6.80102322541091	6.990415309480951	6.991634705528203	6.991045700542241	66.95222947956839	0.033955884589801456
 archi-vowels-JSP.wav	úˤ	45	36.949	148.43846174854045	491.307	1115.695	1814.911	23.245569132832255	33.44191390156922	25.721851109477036	16.237772664859264	7.16435157009969	10.110465437917327	6.358333958516365	-21.1822208999223	24.22820069597689	37.995793532821416	35.21400799738555	40.24158780264006	22.828054104967244	13.756158724421264	38.50532057532337	44.43446071547652	58.200013744467036	-10.196344768736967	7.720062792092186	7.007796467972991	16.081217562732565	13.135103694914928	27.540554858438664	-13.767592836844525	2.7817855354358656	-16.01338710666317	1.4001465910096478	10.472041971555628	24.583	11.230466400250208	11.666294211112135	11.642689689113084	11.632424536240254	67.8382210621221	0.008189593048545551
 archi-vowels-JSP.wav	úˤ	45	36.962	149.77559635217816	487.687	1146.106	1909.872	20.000442632094718	35.535575305848255	28.513638665946516	17.72837962175234	8.17699261780038	12.32601940417144	9.09460878142793	-18.357962574301244	21.006408162620104	40.231241859202996	37.03779784028228	41.510810743307125	23.2698564881533	14.109858095263196	38.59519767183146	44.812898180668	62.11568645942995	-15.535132673753537	7.021936639901739	2.2720630103423787	11.823450014294338	7.674423227923278	27.452571355729173	-19.22483369658289	3.193444018920715	-20.50440258068702	-2.263448325533197	6.896550067356909	23.09	15.065921572875984	15.831411535492263	15.79659099494927	15.787822547725117	68.73018513386506	0.03630228507496729
 archi-vowels-JSP.wav	úˤ	45	36.975	151.9619602249844	504.846	1085.326	2056.85	19.832165959932524	34.522875666323436	27.29675042373527	17.692668639996015	1.6679182439030171	8.036600524568854	5.537094656104358	-14.084467416420637	20.825098016827226	39.110895019284236	37.36190242717519	41.84137238005796	18.24258416510473	5.537094656104358	40.02631759428498	44.66073813842972	69.21466876032859	-14.690709706390912	7.226125242588168	2.1394973199365097	18.164247716029507	11.79556543536367	19.621562072524995	-18.28579700245701	1.7489925921090475	-21.016274363230735	2.5825138517224957	15.288003360722868	21.286	16.429450569017135	16.437660133204844	16.419435056023534	16.407154272705252	68.87360756763752	0.03545023658267941
 archi-vowels-JSP.wav	úˤ	45	36.987	152.95971189477353	545.755	1121.631	1966.606	20.81725464851175	31.2467434197416	23.746945359576998	16.358434304889826	10.660290032038823	10.48583874276293	12.333922541974417	-16.9121763371945	21.688001191204073	35.17408364356293	38.24024361979217	41.240557176672766	28.46195099878863	12.333922541974417	40.82546232107282	45.020867533383814	65.1171299450578	-10.429488771229849	7.499798060164601	4.458820343621923	10.156964616472926	10.33141590574882	29.246098879168915	-13.486082452358858	-3.066159976229237	-19.552555985468693	-6.7739498075845574	9.354078649229656	20.165	16.674401217229686	14.067368563684095	14.040651524252903	14.022899732132263	67.62897931172658	0.0400548338148754
