file	label	intervaldID	t	f0	F1	F2	F3	H1c	H2c	H4c	A1c	A2c	A3c	H2Ku	H5Ku	H1u	H2u	H4u	A1u	A2u	A3u	B1	B2	B3	H1H2c	H2H4c	H1A1c	H1A2c	H1A3c	H2KH5Ku	H1H2u	H2H4u	H1A1u	H1A2u	H1A3u	CPP	HNR05	HNR15	HNR25	HNR35	intensity	soe
archi-vowels-PSX.wav	áʲˤ	1	0.365	223.2017630070714	706.744	1766.471	2910.767	42.22573349224673	38.6533138522983	34.97859503169582	32.76391148062896	26.256154823348606	38.35702183620698	40.25640976531521	18.456173921714267	43.275501633488716	43.62173411519939	41.98761831646193	57.18632232218609	40.25640976531521	35.54672521465136	50.701306711719944	67.96884958546451	153.68261654111836	3.5724196399484356	3.674718820602479	9.46182201161777	15.969578668898126	3.86871165603975	21.800235843600944	-0.3462324817106719	1.6341157987374544	-13.910820688697378	3.019091868173504	7.728776418837356	24.636	6.962687337725497	5.061249749734149	4.004363018659339	3.46093608260885	83.50178595470484	0.0954362537243725
 archi-vowels-PSX.wav	áʲˤ	1	0.387	210.77388913855827	823.194	1859.779	3107.869	39.625760140562384	40.030352869352164	28.63321397883643	26.51309583131323	27.701432576934828	38.08216770347252	44.0322217154123	20.420778695109995	40.32641876922825	43.12421994327125	52.733742864756636	52.733742864756636	44.0322217154123	36.25566001978755	50.163884196277394	70.01519973454434	169.83662138000395	-0.4045927287897797	11.397138890515734	13.112664309249155	11.924327563627557	1.5435924370898633	23.611443020302303	-2.797801174043002	-9.609522921485386	-12.407324095528388	-3.7058029461840505	4.070758749440699	21.119	14.12053855948974	7.366548560391724	6.154914255938943	5.589582125417413	81.82061985411998	0.07396459868083728
 archi-vowels-PSX.wav	áʲˤ	1	0.409	196.83152668628733	865.315	1885.667	3156.723	37.87186117234101	39.52946467208024	28.879199159637896	18.38550892735045	18.748041074915815	31.494321238219268	36.126093600461566	16.52148971771146	38.42836278234384	41.928519528315434	45.442646838409885	45.442646838409885	36.126093600461566	30.431392805257556	48.7840208823709	68.90374780680462	169.42595739684535	-1.6576034997392242	10.650265512442342	19.486352244990563	19.1238200974252	6.377539934121746	19.604603882750105	-3.5001567459715943	-3.5141273100944517	-7.014284056066046	2.3022691818822736	7.996969977086284	19.968	17.931140000409155	9.58114837750668	8.287381500601773	7.755374180046301	78.60629932665724	0.05552085244666546
 archi-vowels-PSX.wav	áʲˤ	1	0.43	188.05127682606633	833.597	2101.751	3301.72	38.115098347097515	34.23126411203117	17.066760959263856	6.162012847243972	13.359312061228042	29.20584282215426	23.826113952115623	17.422887359194345	38.638382223107605	36.488460086879236	32.544245384068574	32.544245384068574	27.479927731883826	28.248845164314126	47.57879379886648	78.44019631152241	180.99597665399247	3.8838342350663453	17.164503152767313	31.953085499853543	24.755786285869473	8.909255524943255	6.403226592921278	2.149922136228369	3.9442147028106618	6.094136839039031	11.158454491223779	10.38953705879348	14.679	21.875479866993746	6.943354376822367	6.598426494636753	6.4050621816838404	72.15378409370896	0.055236712883934384
 archi-vowels-PSX.wav	áʲˤ	1	0.452	159.97507709954837	832.941	2018.453	3293.536	24.266186515179363	25.770517747562497	18.547935184489468	0.3527053331841188	12.705228208762843	21.844953422824172	28.426528351786597	22.639185847119172	24.647359754369035	27.377426375314485	27.17593639931499	27.48213805972533	28.426528351786597	20.474151601986875	44.30156951610727	68.79427862756721	167.73405090122282	-1.5043312323831337	7.222582563073029	23.913481181995245	11.56095830641652	2.421233092355191	5.787342504667425	-2.7300666209454505	0.2014899759994968	-2.834778305356295	-3.779168597417563	4.173208152382159	15.423	10.375513573005284	0.6862149070282568	0.12943012491520212	0.03936718899715966	65.16169730778438	0.011203293085912414
archi-vowels-PSX.wav	áʲˤ	2	1.056	175.0701837136951	737.056	1776.499	2829.426	28.708810784610513	35.51691647376801	22.36812927871086	21.77389569717995	19.50019581533811	30.17300649274369	32.78055010542604	15.49249516515549	29.29728152450492	38.07729296978051	42.68865066852493	47.637407854521584	35.25083849300449	30.830492924029443	45.439725309816296	60.95311046085718	129.60266102449313	-6.8081056891575	13.148787195057153	6.934915087430564	9.208614969272404	-1.4641957081331753	17.28805494027055	-8.780011445275587	-4.6113576987444205	-18.340126330016663	-5.953556968499566	-1.5332113995245216	16.838	16.518651308737155	2.6539380314420757	2.546384105180951	2.472773467398431	76.48743600874832	0.06537842535446482
 archi-vowels-PSX.wav	áʲˤ	2	1.08	164.22077968186542	831.299	1836.11	2904.942	33.005108032093844	32.261312438331245	27.706241691573968	12.815206119959385	6.404704640441199	20.991248797098834	23.36891598572516	9.368817725531583	33.420574029591265	34.01696773540452	37.34710725795292	40.20332133832541	24.23608202240114	23.645540974329755	44.7875991490962	61.50854476630977	132.7087982005191	0.7437955937625986	4.555070746757277	20.18990191213446	26.600403391652645	12.01385923499501	14.000098260193576	-0.5963937058132558	-3.3301395225484	-6.7827473087341446	9.184492007190126	9.77503305526151	15.785	14.150446745601865	7.881891239389274	6.702831435064517	6.42475055666758	71.09132562404463	0.06542392446942001
 archi-vowels-PSX.wav	áʲˤ	2	1.104	167.90248100520213	870.513	2044.545	2990.662	32.66318907860122	25.594129861713476	22.22817636441301	7.457576579525078	14.964254661388303	19.117338537731776	31.11846612498711	13.351597988204059	33.05133393879947	27.230740788552946	31.036707116451183	34.869968535835795	31.11846612498711	24.193113404912346	45.42506574411331	71.54655554351088	141.8401080529175	7.069059216887744	3.365953497300467	25.205612499076143	17.698934417212918	13.545850540869445	17.76686813678305	5.820593150246527	-3.8059663278982363	-1.818634597036322	1.932867813812365	8.858220533887128	13.744	10.216043191234121	2.5434396478803585	1.285560407324586	0.5042692950460013	67.60131947194073	0.06224936590579661
 archi-vowels-PSX.wav	áʲˤ	2	1.128	155.9668891604038	777.484	1865.482	2962.542	26.689305527802187	19.505041850666426	10.665151337960843	2.572557161301443	16.579694747530528	22.909241009993025	32.80418777900264	14.827014495556147	27.10678925881083	21.274052149509657	20.593299472966198	29.29300252914997	32.80418777900264	23.869545540593137	43.51458883279308	61.33349255026597	134.95271894044004	7.18426367713576	8.839890512705583	24.116748366500744	10.109610780271659	3.780064517809162	17.97717328344649	5.832737109301174	0.6807526765434595	-2.186213270339138	-5.697398520191808	3.2372437182176945	6.651	8.611441041681354	0.5253786277980343	-1.8167497630762175	-2.2155001566114887	63.79283892637153	0.029274841585250712
 archi-vowels-PSX.wav	áʲˤ	2	1.152	135.63302779950496	799.684	1986.173	3201.332	21.571726670384102	8.616677779489814	3.3929163852027955	-9.580353741674287	-1.4802474325708275	12.068309250490536	14.356005207965406	7.270282733893221	21.86584498961262	9.841620871846748	9.407919401740386	17.72022426484871	14.356005207965406	11.592172017264101	41.28808881240408	62.941850926691075	148.5615838992009	12.955048890894288	5.223761394287019	31.15208041205839	23.05197410295493	9.503417419893566	7.085722474072186	12.02422411776587	0.43370147010636195	4.1456207247639085	7.509839781647212	10.273672972348518	0	5.84066952794101	-0.04809021666670954	-0.8892166185682805	-2.495455025005179	54.80821182589439	0.01693355401366133
archi-vowels-PSX.wav	á	3	2.008	188.33070185239052	729.062	1517.554	2963.357	33.3360535698925	35.56101616128514	27.531207441606846	24.406473992511177	19.86850830330217	28.859068888394862	21.39149918614594	-6.744000265170093	34.06960275333543	38.801642755334726	50.5377607709287	50.5377607709287	38.29008519150807	22.57028950255941	46.90110019113506	55.08288509259341	146.6487258775571	-2.2249625913926394	8.029808719678293	8.929579577381322	13.467545266590328	4.476984681497637	28.135499451316033	-4.7320400019992945	-11.736118015593973	-16.468158017593268	-4.220482438172638	11.49931325077602	27.252	31.340455058267	19.18564664454745	18.182934788308856	17.875125745870633	77.99603403011686	0.0626750339643451
 archi-vowels-PSX.wav	á	3	2.055	206.1034549266968	820.08	1664.849	2822.908	37.65055781685864	32.620308604963256	10.182560442330185	18.11476862667708	21.715490146732478	19.800267595350174	38.15696792871507	15.05466790835078	38.350852830070934	35.69385713659749	36.86330928433196	44.91937709475101	40.539181194120474	20.140729822840004	49.60062652540623	61.69516314007814	139.15503216576988	5.030249211895381	22.43774816263307	19.535789190181557	15.935067670126159	17.850290221508462	23.10230002036429	2.6569956934734478	-1.169452147734475	-6.568524264680079	-2.1883283640495392	18.21012300723093	23.211	21.5528446607573	12.034848229872052	11.307537376651403	11.168909153860248	76.90632852348303	0.09129678916473156
 archi-vowels-PSX.wav	á	3	2.101	237.45753948825427	816.504	1671.707	2870.351	36.61543777919162	23.171913483263396	24.04343046627818	16.99854629219922	13.993735232475785	17.91670467376721	32.01235653508924	13.699419502699566	37.5587877617821	27.476528503778468	36.326677295540286	43.10626567271156	32.01235653508924	16.785886328642846	53.226296417035975	66.47846257412631	154.3417198622396	13.443524295928228	-0.8715169830147858	19.616891486992404	22.621702546715838	18.698733105424413	18.312937032389673	10.082259258003631	-8.850148791761818	-5.547477910929459	5.54643122669286	20.772901433139253	20.059	15.555054926674465	13.938400632903274	13.013838532198037	12.807148988055898	73.60709598635773	0.07663799116560455
 archi-vowels-PSX.wav	á	3	2.147	274.26603180724	881.98	1712.631	2886.672	36.27178930714369	28.351667265813745	4.372317425799732	10.543162674279802	5.783458165044443	6.696919060568124	24.364893654265934	1.8496868941266245	37.37948701926242	33.52204216439452	14.150827641748396	36.89298842917554	24.37701091350465	6.702821386477242	57.95506862332244	73.46574209975591	168.62163597381706	7.920122041329947	23.979349840014013	25.72862663286389	30.48833114209925	29.574870246575568	22.51520676013931	3.8574448548679	19.371214522646124	0.4864985900868817	13.002476105757768	30.676665632785177	15.233	19.367067843465854	11.66404881889546	10.232514678581726	9.983761497865455	67.70442751865005	0.04503728461852022
 archi-vowels-PSX.wav	á	3	2.194	294.86801776008565	601.573	1605.608	3402.804	12.70684233828781	-10.186704962163603	-2.327097872954008	-9.225691245087033	-2.733523591265655	20.820837845788496	2.2923270712819486	-3.527873144900467	15.371022373334977	10.903917633941916	-4.646841295616506	12.515978898306388	8.54931035296286	3.63751011147786	57.434784466288434	72.31856464210699	242.06568760605904	22.893547300451413	-7.859607089209595	21.93253358337484	15.440365929553465	-8.113995507500686	5.820200216182416	4.467104739393061	15.550758929558421	2.855043475028589	6.821712020372118	11.733512261857117	0	21.216992377680786	8.865827026302156	8.466983324377896	8.332219179162195	50.558679229830254	0.00253676996140029
archi-vowels-PSX.wav	á	4	2.794	173.46939346008708	701.242	1430.244	2927.243	33.43093492292723	38.72912849322484	14.113626481134872	15.27735734828103	11.438948817901156	21.168082688999867	10.988001415941195	9.987270821834079	34.10708237961558	41.68683688222696	39.92644303792953	41.544548136623625	30.4197979551453	13.713048894162188	44.96462285036213	51.29093462937365	137.95513591557432	-5.298193570297613	24.61550201208997	18.1535775746462	21.991986105026072	12.262852233927362	1.0007305941071163	-7.5797545026113795	1.7603938442974325	-7.437465757008042	3.6872844244702847	20.394033485453395	22.443	24.623378159200236	13.808828365728145	13.655958747035795	13.55396024693441	71.99286693228606	0.0676856395527117
 archi-vowels-PSX.wav	á	4	2.83	154.9259920090881	785.081	1676.798	2956.508	31.29943444597575	35.22232969031033	30.44788323026182	14.612511027597716	20.274070860440016	30.202616145204146	25.914956325632197	0.11708983156846627	31.71872805187524	36.99332464873219	40.13980993382298	41.92381924518514	39.06958612154665	28.590716723429992	43.440985050492344	54.634629006167245	134.04219525668643	-3.9228952443345833	4.774446460048512	16.686923418378033	11.025363585535732	1.0968183007716021	25.79786649406373	-5.274596596856952	-3.1464852850907903	-10.205091193309904	-7.3508580696714105	3.128011328445247	21.062	21.606488053621547	10.86359687375235	9.111799271239802	8.502043759345423	72.25499204624089	0.05741363132621584
 archi-vowels-PSX.wav	á	4	2.866	154.13855881531984	848.606	1764.872	2876.556	28.786092149524173	33.98857123902499	12.884925633823574	-1.035094152857969	12.300850033881996	21.59640204275906	27.78510912222334	-2.16265270476387	29.144044030973724	35.48669262706481	20.510914896591935	27.036305072907084	31.728765992569613	24.288710177445317	43.70290948567093	57.32269050211194	126.76530061832237	-5.2024790895008195	21.103645605201418	29.82118630238214	16.485242115642176	7.189690106765113	29.94776182698721	-6.342648596091088	14.975777730472878	2.1077389580666406	-2.584721961595889	4.855333853528407	15.248	12.799886925864703	4.689854719330822	3.05347220435379	2.374143316887688	64.56691090868415	0.03838756242502786
 archi-vowels-PSX.wav	á	4	2.901	131.29662175132486	938.846	1739.264	2897.828	23.573465276918828	-0.746025998236292	9.215566166132023	-4.740935073850888	1.9004108055826237	17.861371281215526	18.84320228313333	9.30875636793189	23.794880974015843	0.16256556585257376	13.305850336875958	25.37933721939009	24.592095103815783	22.238816047703192	41.446802036983655	53.01782718397178	120.75551666935372	24.31949127515512	-9.961592164368314	28.314400350769716	21.673054471336204	5.712093995703302	9.53444591520144	23.63231540816327	-13.143284771023383	-1.5844562453742483	-0.79721412979994	1.5560649263126507	11.359	5.535298949619243	-0.1475969088396658	0.870947648792349	0.13483312937494288	57.569793834016565	0.014749564763196506
 archi-vowels-PSX.wav	á	4	2.937	167.92552851964658	997.089	1720.789	2681.183	11.45856785619651	8.54477574548979	1.525660460820184	-17.356854660573674	-1.2208438015464829	-4.48667432972282	14.202658876520175	-0.8256555278840396	11.791953311888179	9.92919032431637	8.208748466349448	12.932317487984168	22.398988368067087	4.233765633554539	46.063774395029476	57.92699308184862	114.63480496165724	2.9137921107067193	7.019115284669606	28.815422516770184	12.679411657742993	15.94524218591933	15.028314404404215	1.8627629875718092	1.7204418579669216	-1.1403641760959893	-10.607035056178908	7.55818767833364	9.496	5.284423539314731	-1.157658864439393	0.46073472633061274	0.35859813375215605	50.52169778266207	0.005963901427087577
archi-vowels-PSX.wav	áˤ	5	3.283	200.86038050593228	668.606	1746.076	2436.185	37.15881602887737	37.80146499978717	35.43037506148913	25.39745396829356	25.316551648702294	26.21783807371253	38.86796014161098	20.923040513862702	38.09364714277397	42.14235555890892	44.44117036824764	49.71622843399223	38.86796014161098	32.58779197992434	47.76966809008468	63.76915872900145	103.85282295504373	-0.6426489709098036	2.3710899382980415	11.761362060583807	11.842264380175074	10.940977955164836	17.944919627748277	-4.04870841613495	-2.2988148093387224	-11.62258129121826	-0.7743129988370114	5.5058551628496275	28.546	28.588383366439935	17.442566097710653	16.11831014911995	15.944459724475895	79.24314230093937	0.08449899043070545
 archi-vowels-PSX.wav	áˤ	5	3.336	192.70710571242552	766.216	1742.536	2506.847	33.968732153317085	38.53803886130097	23.016645293926278	22.856348593104318	24.55754973683942	24.87103804754481	32.54730562326661	17.61500592744796	34.642398347885596	41.500992794134255	48.86379541712859	48.86379541712859	41.16720159152873	32.197817707521324	47.68793676542858	62.40462706661623	107.35392475802557	-4.569306707983884	15.521393567374691	11.112383560212766	9.411182416477665	9.097694105772273	14.93229969581865	-6.858594446248659	-7.362802622994337	-14.221397069242997	-6.5248032436431345	2.444580640364272	29.033	33.538659378905656	23.211694017613613	20.759507540318065	19.849873088687097	77.68779311089531	0.05575841057300125
 archi-vowels-PSX.wav	áˤ	5	3.389	185.93462493834693	790.226	1699.494	2489.183	30.738634117394408	34.847998707292916	27.490385795420593	21.054692220107	24.606299690873666	26.692747920723058	33.285646262623004	10.86741659175942	31.337441248325575	37.444283726577865	47.213853863138404	47.6937188831196	42.570038419838376	34.34848838611664	47.06748160325262	59.89417018914066	104.21412250913882	-4.109364589898508	7.357612911872323	9.683941897287408	6.1323344265207425	4.045886196671351	22.41822967086358	-6.10684247825229	-9.769570136560539	-16.356277634794026	-11.2325971715128	-3.011047137791067	24.591	25.985534848151808	18.61818078841774	13.60776667537952	12.95942226317858	77.68994964045486	0.04563287973569654
 archi-vowels-PSX.wav	áˤ	5	3.443	210.93130655825772	809.533	1799.319	2532.512	34.143745379208504	31.586690764080558	23.99429977863356	19.825637697979317	24.695583262275697	18.392202833265916	41.41512077893665	10.120448452711335	34.87388590148025	34.82306756542529	45.59462128180094	45.98281189840129	41.41512077893665	26.88496997791983	50.09500071116599	67.41686671514337	114.24799193430594	2.557054615127946	7.592390985446997	14.318107681229186	9.448162116932806	15.751542545942588	31.29467232622531	0.050818336054959445	-10.77155371637565	-11.108925996921037	-6.541234877456397	7.98891592356042	16.979	15.33761633775108	9.315854520361189	7.742251373026306	7.4161289816743325	76.87189914199305	0.049384537649095124
 archi-vowels-PSX.wav	áˤ	5	3.496	260.47632103505305	777.175	1815.045	2616.982	39.90014256451117	30.63514032438461	20.610493152311918	20.94812761747261	15.110666892369672	16.93254456198081	26.551324128654098	5.093771436414133	41.113063855595975	36.52913173423895	26.03741820390271	45.639514299095225	29.81541589551959	22.010647554055794	55.60808572356951	75.9043099133627	135.53842423445354	9.26500224012656	10.024647172072694	18.95201494703856	24.7894756721415	22.967598002530362	21.457552692239965	4.583932121357023	10.491713530336241	-4.52645044349925	11.297647960076386	19.10241630154018	14.28	19.896864838912897	10.544698577009278	9.859601370631289	8.475085925200153	73.33233981925918	0.05202508674319335
archi-vowels-PSX.wav	áˤ	6	4.211	197.3734754281098	711.209	1727.099	2453.508	34.26336578220479	35.63922998143306	24.30248780906024	23.128697227331312	19.63518328779585	26.0024026125027	29.609394183520866	13.909256128513476	35.07211875451232	39.291146989450745	38.6565400382215	48.21798421453599	34.755569877398976	32.79768652875446	47.78661716184184	62.549446113821475	104.33607309479896	-1.3758641992282747	11.336742172372823	11.134668554873475	14.628182494408936	8.260963169702087	15.70013805500739	-4.219028234938428	0.6346069512292445	-13.145865460023671	0.3165488771133411	2.274432225757856	21.003	13.109208715755914	5.224755004381981	3.9059873638772014	3.836482006939146	75.12657973667567	0.0749236729121766
 archi-vowels-PSX.wav	áˤ	6	4.251	182.9636142220333	842.287	1774.594	2594.76	31.101208135115954	39.28408946109489	35.71344972217363	22.0734268735103	20.3133466374367	26.04671516777117	38.80384649713331	18.716532459763872	31.61372819652561	41.47644664045232	49.37539952355381	49.37539952355381	38.80384649713331	33.959480236997095	47.03475650862907	62.099642012879904	111.84264715057542	-8.182881325978933	3.5706397389212583	9.027781261605654	10.787861497679252	5.054492967344785	20.087314037369435	-9.862718443926713	-7.898952883101487	-17.7616713270282	-7.190118300607697	-2.345752040471485	25.782	19.228307448442287	10.391661255493531	9.098316205696205	8.700460528574212	77.85746750998105	0.06250021625423388
 archi-vowels-PSX.wav	áˤ	6	4.291	165.3308547171539	852.497	1757.812	2568.433	28.492373079338346	38.581801785810796	23.800292897841786	22.809523081210024	21.546516410997	24.045398217226484	39.69857211094431	8.258893001491641	28.90255727977456	40.31026211107079	33.080388700533625	50.706255946817045	40.91392033241628	32.87514176942556	45.03078483447622	58.79037441098817	104.90234169024353	-10.08942870647245	14.78150888796901	5.682849998128322	6.945856668341346	4.446974862111862	31.43967910945267	-11.407704831296233	7.2298734105371665	-21.803698667042486	-12.011363052641723	-3.972584489651002	25.706	16.05934489137767	13.211018209009868	11.520216133948955	11.3053564453768	77.55998621948598	0.05187492450142281
 archi-vowels-PSX.wav	áˤ	6	4.332	149.85925639560205	838.395	1781.459	2565.842	26.20773946301951	31.550773826559443	22.47666863715913	14.172263851979949	14.13142357181654	19.164133741046854	32.207328216417196	3.764510852640109	26.551498482064876	32.9875307495436	29.716897191801745	42.139617575700385	33.17396362195395	28.526713453870226	43.150636163733196	57.23476210112956	100.49858950589473	-5.343034363539932	9.074105189400314	12.035475611039562	12.07631589120297	7.043605721972657	28.44281736377709	-6.436032267478726	3.2706335577418564	-15.588119093635509	-6.622465139889076	-1.9752149718053502	22.865	4.80908414129448	3.9800399390176953	3.536078356645106	2.967025751322496	71.48807571821747	0.03243718742769304
 archi-vowels-PSX.wav	áˤ	6	4.372	159.64286287454246	884.966	1804.851	2745.665	28.986750266051946	23.927164297962776	21.94799291766651	4.1209052830164765	2.54067103936924	15.34022098633195	22.273767439446743	-2.0540958887456124	29.342460207992815	25.414688379730368	29.477148223379448	32.50012468784248	22.273767439446743	21.965470508971734	44.52969468826815	59.596196260283286	117.46300046119157	5.05958596808917	1.9791713802962647	24.86584498303547	26.446079226682706	13.646529279719996	24.327863328192358	3.927771828262447	-4.06245984364908	-3.1576644798496645	7.068692768546072	7.376989699021081	8.933	10.107646967572608	6.529062152745629	3.4924791950636496	1.428311661389841	63.73887004129428	0.034136276508502365
archi-vowels-PSX.wav	áˤ	7	4.93	186.55899244826404	754.432	1674.566	2451.947	26.631130791211767	31.0358401244701	9.515393704358285	9.957128733521625	12.287053651669897	17.86783175803486	18.96567127093379	-4.263180306483591	27.28689557401491	33.908345871143254	35.13652270019073	36.07959990477837	29.532009658155953	25.02041803806661	46.892827981429285	59.17283476388806	101.51408983910848	-4.404709333258332	21.520446420111814	16.674002057690142	14.34407713954187	8.763299033176907	23.22885157741738	-6.621450297128344	-1.2281768290474773	-8.79270433076346	-2.2451140841410435	2.266477535948301	21.042	4.307128000061031	2.802243697995457	1.1143561427866109	1.0852617306570478	70.29346041773637	0.018299617950650188
 archi-vowels-PSX.wav	áˤ	7	4.952	190.70789048505642	800.535	1739.628	2655.45	30.867133766661563	37.14212649509578	24.819078428390576	19.37141269862727	15.690316774413539	18.84070862563581	28.39257196348024	5.190820531480135	31.479153108950957	39.80226372458601	45.960758605856526	45.960758605856526	33.3318740704871	23.643004066255273	47.6875614411853	61.99731022286331	119.13747821833367	-6.274992728434217	12.323048066705205	11.495721068034293	15.176816992248025	12.026425141025754	23.201751432000105	-8.323110615635056	-6.158494881270514	-14.48160549690557	-1.8527209615361464	7.836149042695684	19.852	17.297288365311047	7.5598298144978235	7.195230079634357	7.147486092302463	74.22011438449188	0.013885879367948006
 archi-vowels-PSX.wav	áˤ	7	4.973	197.20535800711053	787.444	1847.743	2649.805	32.87217133057881	38.004681396170966	13.618678917756252	14.721690408440772	19.116927972698697	22.12264481496857	32.055897186758834	14.962470860412624	33.53361151439423	40.91277610536146	39.6033557079225	40.72122646462775	34.9238734984361	28.527563640709793	48.35566654956007	67.28644533342298	120.52921868238238	-5.132510065592157	24.386002478414714	18.150480922138037	13.755243357880111	10.749526515610238	17.09342632634621	-7.379164590967228	1.3094203974389558	-7.187614950233517	-1.3902619840418708	5.006047873684437	18.394	11.775746032686365	8.384023374348022	4.505628862173219	4.238757177783202	73.0964979799394	0.02965183210172742
 archi-vowels-PSX.wav	áˤ	7	4.995	191.03280723761236	781.084	1887.846	2842.125	34.23652937373731	29.03906639160243	10.204667752532703	10.07935610992563	18.812402375960126	21.607756750566594	32.838584876242344	4.257356498280279	34.86105964926974	31.772404789646554	34.395834326467984	36.03546923307703	34.08935527660216	24.567363897683588	47.5976441066742	68.04286919376993	136.02406853602113	5.1974629821348834	18.834398639069725	24.157173263811682	15.424126997777186	12.628772623170718	28.581228377962063	3.088654859623187	-2.6234295368214298	-1.1744095838072894	0.7717043726675783	10.293695751586153	17.052	13.687607280913276	4.577218941311607	3.2447906611008475	2.2979324641689356	70.42171112880537	0.04837594269796093
 archi-vowels-PSX.wav	áˤ	7	5.017	177.6999714465855	770.505	1929.122	2796.469	36.76996285794854	25.663700373607394	16.13130625248701	9.572562826911241	11.328933050906176	20.801783028771272	26.1110413985179	16.887343541289173	37.3182249915791	28.037493275796855	33.35618338939262	35.58814117270128	26.1110413985179	25.429806029443004	45.983191789765506	67.67796548159299	127.51689446474657	11.106262484341148	9.532394121120383	27.1974000310373	25.441029807042366	15.96817982917727	9.223697857228728	9.280731715782245	-5.318690113595764	1.730083818877823	11.207183593061199	11.888418962136097	0	14.944242915432852	5.468647096384317	3.500164314477345	3.0856329067611132	67.9024132618275	0.06802100356413308
archi-vowels-PSX.wav	áˤ	8	5.97	155.9684865002046	717.713	1694.09	2413.731	27.957937379646495	35.09469148939088	28.263024290587424	15.789597638050147	12.801868860844174	18.238628786264705	22.55562770916906	4.843063577061412	28.451523145458076	37.209114557259454	41.56068748592527	41.95814094885488	29.4157688092875	26.430613048718396	43.09738231660775	55.30690951934977	91.22680013684888	-7.136754109744388	6.8316671988034585	12.168339741596348	15.156068518802321	9.71930859338179	17.712564132107648	-8.757591411801378	-4.351572928665817	-13.506617803396807	-0.9642456638294234	2.02091009673968	21.735	13.995462130080973	11.275343277208151	10.352910696710167	10.35444026551156	70.551041012129	0.022370174527885017
 archi-vowels-PSX.wav	áˤ	8	5.993	161.07572721310635	768.902	1685.358	2513.929	26.67727234440285	32.14716323415804	25.902778370227733	15.313819164288653	12.192397736764804	18.196836752147146	21.591050758748978	3.8184812765530647	27.146463530285278	34.144671192306696	37.67887746097424	42.200680814331065	30.27933447494522	25.032176647167837	44.050599687401125	55.78986953078845	99.64852956724256	-5.469890889755192	6.244384863930311	11.363453180114199	14.484874607638048	8.480435592255706	17.772569482195912	-6.998207662021418	-3.534206268667546	-15.054217284045787	-3.132870944659942	2.1142868831174404	21.952	9.231882883936944	8.548221512843726	6.9072672088197695	6.657220540711343	70.99229283605646	0.023397901565248454
 archi-vowels-PSX.wav	áˤ	8	6.016	170.90270741238595	756.395	1697.311	2559.974	29.30358597801486	33.90297848519474	8.277230412677849	15.407638881846427	11.33739999519209	15.66596251033054	21.574160541133452	6.264856726416303	29.846730125304724	36.242684682909406	24.177213203402594	41.843342337892054	28.69758390411871	21.14704819003123	45.100824564344784	57.606406898206416	105.75860264462618	-4.5993925071798785	25.62574807251689	13.895947096168431	17.96618598282277	13.637623467684318	15.309303814717149	-6.395954557604682	12.065471479506812	-11.99661221258733	1.1491462211860153	8.699681935273492	14.63	6.622350735207959	2.0527710335907114	1.479498866840763	1.3397050951839335	69.8441845983125	0.02161101907359174
 archi-vowels-PSX.wav	áˤ	8	6.038	174.74928685152778	810.601	1744.699	2659.738	34.82384368443388	22.847722381867197	18.24573761417555	4.349921342245487	3.2163586886793603	12.761954044467512	18.470031850084695	3.6868319515865524	35.32454829983818	24.987674038781428	31.425788583406767	31.425788583406767	21.413363071363353	18.143489486741878	45.89525854509873	59.76464977172393	114.8634634411176	11.976121302566686	4.601984767691647	30.473922342188395	31.607484995754522	22.06188963996637	14.783199898498143	10.33687426105675	-6.438114544625339	3.8987597164314103	13.911185228474825	17.1810588130963	14.772	13.79094233617498	4.6144067183610655	3.206686466779958	2.7504310662274323	64.54838560933341	0.05214895385459217
 archi-vowels-PSX.wav	áˤ	8	6.061	150.96639419781195	697.561	1792.744	2832.281	27.2935372277694	21.489938956461145	4.513252882698996	0.3551024464647554	5.8473736268996	22.304385145213544	14.057029981732619	9.499933330706178	27.77141931057162	23.537924125973177	17.380003825598077	26.133024383629984	20.810114847958822	22.69270261487444	42.36258143412994	57.80191149259098	121.93537554224301	5.803598271308253	16.97668607376215	26.938434781304643	21.4461636008698	4.989152082555854	4.557096651026441	4.233495184598443	6.1579203003751	1.6383949269416362	6.961304462612798	5.078716695697178	16.897	1.8915704948087688	3.144964594261957	2.038946301222521	1.071984737068051	59.48745237372496	0.02837800869352396
archi-vowels-PSX.wav	áˤ	9	6.953	226.50391261572148	681.537	1692.764	2403.147	40.6362461035926	39.62082294706748	22.397881040138234	25.636571419410508	15.110693317203644	23.172330728031845	25.745662242416675	-7.432980914771995	41.806253395950854	45.292361993145235	27.605988422425256	49.74350102640475	29.16787547821344	29.128620855421083	50.82250468920052	65.63498164635382	107.48474184488585	1.0154231565251166	17.222941906929247	14.99967468418209	25.525552786388953	17.463915375560752	33.17864315718867	-3.486108597194381	17.68637357071998	-7.937247630453896	12.638377917737415	12.677632540529771	21.997	26.228804118820662	24.724992101468892	22.827110435878776	22.699670959264694	79.36683560161042	0.0660698353771322
 archi-vowels-PSX.wav	áˤ	9	7.01	238.67719773058099	719.283	1677.593	2236.358	37.65145347480958	35.341764063650885	24.735121187784628	23.502413056192456	14.366244743380562	19.18299757284433	30.057466482480947	-2.8819390089984576	38.839145746700524	41.082377048820376	30.47532532457861	48.00895265911596	29.50231814515164	30.057466482480947	52.59319793634636	66.86771186450696	97.41126133389679	2.3096894111586934	10.606642875866257	14.149040418617123	23.285208731429016	18.46845590196525	32.939405491479405	-2.2432313021198524	10.607051724241767	-9.169806912415439	9.336827601548883	8.781679264219576	21.212	23.248930219163256	22.345967752814026	21.095004691822687	20.512174964404824	78.04992967235151	0.046623555138346026
 archi-vowels-PSX.wav	áˤ	9	7.067	249.20384193394426	744.236	1705.943	2300.782	38.09841661633771	34.975725078424276	27.57787985207926	24.32171640502614	19.314548974399774	19.68549217610072	34.6367483193417	-5.860100265684692	39.315602442133574	40.88304489858102	33.192786300518804	48.96032405669789	34.6367483193417	29.858469041660122	54.030336756880295	69.47887197460683	104.58235764465775	3.1226915379134326	7.397845226345016	13.776700211311567	18.783867641937935	18.41292444023699	40.49684858502639	-1.567442456447445	7.690258598062215	-9.644721614564318	4.678854122791876	9.457133400473452	22.233	26.929744059441912	29.49361687892342	25.019392432851557	24.299165990169445	78.90629787712	0.03420498160923626
 archi-vowels-PSX.wav	áˤ	9	7.123	252.45306336743687	730.221	1755.588	2279.421	36.546257133790036	36.276346426242114	21.15843418020126	22.419569540720346	19.968000953249117	16.64205154392199	34.22489538633813	-9.784316365757414	37.82972252079122	42.6281874739988	25.43760611788546	46.669870158778004	34.22489538633813	28.15772998909054	54.27707571884464	71.98796620937331	103.62974743779372	0.2699107075479219	15.117912246040852	14.12668759306969	16.57825618054092	19.904205589868045	44.009211752095545	-4.798464953207578	17.19058135611334	-8.840147637986782	3.604827134453089	9.671992531700681	23.745	28.966997098559535	28.88636228851523	22.660220174118496	22.552473628550466	77.60613559920361	0.044042123655774354
 archi-vowels-PSX.wav	áˤ	9	7.18	231.28742520695758	744.734	2006.358	2152.418	18.23108869752318	19.525372881372935	4.707670594123478	7.49384253019694	2.7914365358614894	-11.69499390420723	14.870250146274735	-22.753122436282926	19.226055770241082	24.211157162522014	12.027012257217635	31.929920642717867	14.870250146274735	14.870250146274735	51.97141161227226	81.01014473963325	90.03927821949382	-1.2942841838497543	14.817702287249457	10.73724616732624	15.43965216166169	29.92608260173041	37.623372582557664	-4.9851013922809315	12.184144905304379	-12.703864872476785	4.355805623966347	4.355805623966347	15.848	6.275739814293024	13.959409399993643	13.379208095114095	13.36514762086837	62.508905225746204	0.00578222737845778
archi-vowels-PSX.wav	áˤ	10	8.337	195.86687163135068	627.85	1755.67	2489.463	31.366139961984054	29.726322850891908	31.193640914360937	27.182168316589397	22.510354279289434	20.96859340532938	34.500822898977866	13.332570585722472	32.36112723931383	34.424612529346135	38.132675997704524	50.95551392701654	34.78974915954503	25.15311405175141	46.736244823183746	63.368962724243275	106.78625309214682	1.639817111092146	-1.4673180634690297	4.1839716453946565	8.85578568269462	10.397546556654675	21.168252313255394	-2.063485290032304	-3.7080634683583895	-18.59438668770271	-2.428621920231201	7.208013187562422	21.737	14.254730386642398	14.398527832422914	11.437787562503788	10.956604143178962	77.9499866447789	0.034187873953374755
 archi-vowels-PSX.wav	áˤ	10	8.395	222.00128322372169	680.856	1783.317	2404.152	38.94099325328236	26.96539256087756	32.18527053999716	25.346099756006982	20.461264362842595	22.450389326749402	33.522247586496064	-2.3868232266119302	40.049724329301135	32.29800955779046	37.71179102444166	49.36600837510618	33.522247586496064	30.34457227459923	50.30277329665846	68.4756431362324	106.48114687789202	11.975600692404797	-5.219877979119602	13.594893497275375	18.479728890439763	16.490603926532955	35.909070813107995	7.751714771510677	-5.413781466651201	-9.316284045805048	6.527476742805071	9.705152054701905	19.737	16.060382818079045	13.367592591438417	12.178522127241276	12.146072247786613	77.7391958845188	0.039236676338615724
 archi-vowels-PSX.wav	áˤ	10	8.454	248.16296259455373	732.609	1733.456	2296.361	36.52446673492473	28.791289414258266	21.235303714689078	22.506851993560456	20.760173049447776	18.429584696354915	35.43188381375254	-0.7023815894281171	37.7596055573932	34.82982751622497	26.230268961239197	46.920087961545896	35.43188381375254	29.07072941641117	53.80620416864755	70.41808498062811	104.0041337587629	7.733177320666464	7.555985699569188	14.017614741364273	15.764293685476954	18.094882038569814	36.134265403180656	2.929778041168234	8.59955855498577	-9.160482404152695	2.3277217436406588	8.688876140982032	20.791	26.170067966746494	19.05779320738976	16.105128298071712	16.01854025494289	76.67200871109266	0.031496077126672406
 archi-vowels-PSX.wav	áˤ	10	8.512	261.9353493249195	792.175	1787.999	2451.806	37.629996599293264	35.64970730448269	18.89227774314948	18.34857617012728	13.764149451760403	18.21659108384233	29.18533810747038	-6.180713757068654	38.82158549943672	41.39310238879506	25.035250154283627	43.300349094324666	29.18533810747038	27.10702110030686	55.89461798679959	74.87517640536072	120.32219519895442	1.980289294810575	16.757429561333208	19.281420429165983	23.86584714753286	19.413405515450933	35.36605186453903	-2.5715168893583353	16.35785223451143	-4.478763594887944	9.636247391966343	11.714564399129863	21.186	22.141051631347498	21.367255106723174	18.51789012283583	18.324685215496444	72.40037778496367	0.03541741311851875
 archi-vowels-PSX.wav	áˤ	10	8.57	--undefined--	867.193	1893.278	2243.454	--undefined--	--undefined--	--undefined--	--undefined--	--undefined--	--undefined--	0	0	0	0	0	0	0	0	--undefined--	--undefined--	--undefined--	--undefined--	--undefined--	--undefined--	--undefined--	--undefined--	0	0	0	0	0	0	19.761	-1.2784369451994848	2.0888907114521085	2.345317585729726	2.3345798351608704	52.179000425262146	0.001795647832906075
archi-vowels-PSX.wav	é	11	9.585	208.7993315955117	440.675	2473.682	3230.766	34.10287589528282	31.038431470697624	23.705712528789405	28.154831713580204	29.688883821410858	32.90535977562054	11.108072272231793	12.491899312593961	36.35088309300852	48.205704346447966	16.51025096033992	48.205704346447966	27.339176070588564	26.929378527198544	45.3786927903134	108.81960267800208	182.34574445706636	3.064444424585197	7.332718941908219	5.948044181702617	4.413992073871963	1.197516119662282	-1.3838270403621689	-11.854821253439447	31.695453386108046	-11.854821253439447	9.011707022419955	9.421504565809975	25.261	11.88941560890504	11.267282128016081	10.8388286557844	9.784169293317111	75.70896427075425	0.04490825230407042
 archi-vowels-PSX.wav	é	11	9.609	206.69339065798826	425.984	2468.395	3258.218	36.860257217488865	32.91789324901394	33.96428422034343	31.88855404788446	31.858818992969482	38.789243534633606	17.71902708282028	20.28500206806647	39.226360283725185	51.525825288437005	26.185880717448985	51.525825288437005	28.999575266957716	31.6110758424431	45.92093767128562	107.85878483485882	184.45863988934335	3.942363968474922	-1.0463909713294868	4.971703169604407	5.001438224519383	-1.9289863171447408	-2.5659749852461893	-12.29946500471182	25.33994457098802	-12.29946500471182	10.226785016767469	7.6152844412820855	27.826	27.186140358537312	26.420225636259648	25.874474173056562	22.144237535221272	79.20168385361112	0.06947591979192268
 archi-vowels-PSX.wav	é	11	9.633	206.34055606221403	428.11	2471.68	3207.102	38.57568217693178	33.31180220801062	31.593621296912637	31.872640649634135	38.79693718371404	40.414129842034626	24.129418470245227	24.645498454902818	40.90697418847775	51.53579864640014	23.966477882931486	51.586313101592296	36.00052997545526	34.43776531358649	45.754535243515384	108.0341327787321	178.7246054124093	5.2638799689211595	1.7181809110979813	6.703041527297643	-0.22125500678226473	-1.8384476651028478	-0.5160799846575905	-10.628824457922391	27.569320763468653	-10.679338913114549	4.906444213022489	6.469208874891258	30.03	27.823488633179775	25.30194378393068	23.728457132089634	17.912467102402413	80.06041378225842	0.07146420741054303
 archi-vowels-PSX.wav	é	11	9.656	205.73579193386018	420.235	2442.619	3226.836	39.25277772916137	33.383291812767894	34.81940936232871	32.87906450339708	36.29946523737824	35.26471949677147	21.356670831242713	16.0932232179121	41.66609491968224	52.34570264997005	26.84384492441032	52.34570264997005	33.47772409123181	28.075186064728193	46.1951535900099	105.56314476843215	180.6148457490534	5.869485916393479	-1.4361175495608194	6.373713225764291	2.95331249178313	3.9880582323899034	5.263447613330612	-10.679607730287813	25.50185772555973	-10.679607730287813	8.188370828450424	13.590908854954044	21.609	32.72322684601396	31.584426337922167	29.972186570388864	25.364155416221877	80.06978934905226	0.07068829479606388
 archi-vowels-PSX.wav	é	11	9.68	199.81832380408773	406.095	2442.51	3308.935	39.62144927412752	29.483886957532576	29.192917820258725	29.224520530200305	23.205486620611225	31.49678222053104	9.832894987446476	15.0804638504803	42.0557563033708	48.291880539008496	21.036640145359552	48.291880539008496	19.89663328082677	22.21474900962374	46.65642919316485	104.08738972225312	187.00413996079013	10.137562316594945	0.29096913727385143	10.396928743927216	16.415962653516296	8.124667053596482	-5.247568863033823	-6.236124235637696	27.255240393648943	-6.236124235637696	22.15912302254403	19.841007293747058	0	20.697302801449826	20.103938493502756	19.955827493125163	18.146374451256555	76.4218872074097	0.05594457531349567
archi-vowels-PSX.wav	é	12	10.31	--undefined--	419.25	2574.03	3375.549	--undefined--	--undefined--	--undefined--	--undefined--	--undefined--	--undefined--	0	0	0	0	0	0	0	0	--undefined--	--undefined--	--undefined--	--undefined--	--undefined--	--undefined--	--undefined--	--undefined--	0	0	0	0	0	0	12.745	5.8458888264166555	4.601257358246767	4.563854225155924	4.395844521519913	69.93037844667899	0.01632974433012599
 archi-vowels-PSX.wav	é	12	10.336	204.80258082083205	425.485	2592.765	3367.435	33.32916158077401	34.25935961375156	31.001171613480007	32.69657141798557	32.496646616798955	34.67217876994661	9.8194748152182	13.289217074919017	35.64685964288249	52.33075860278951	23.29209272631833	52.33075860278951	28.422709626704275	27.364713398019802	45.7483608102902	117.73197194355363	195.74175075934107	-0.9301980329775503	3.2581880002715558	0.6325901627884463	0.8325149639750578	-1.343017189172599	-3.4697422597008174	-16.68389895990702	29.03866587647118	-16.68389895990702	7.224150016178214	8.282146244862687	22.094	8.03408968641656	8.325240619461857	8.25758972395547	7.827481900447614	78.41700027375614	0.07335179224188632
 archi-vowels-PSX.wav	é	12	10.362	194.06310035330205	393.582	2592.894	3335.863	35.289145294161685	35.2733321443674	29.627221040994858	35.10184088782067	38.3431988230722	38.82452006502233	12.154040502499903	17.838499066367774	37.72223163303352	53.75734528878556	21.254607227833073	53.75734528878556	33.10770485287935	31.0121422234797	47.20201099978007	114.76641767068593	187.3548103784429	0.015813149794283277	5.646111103372544	0.18730440634101342	-3.054053528910515	-3.535374770860642	-5.684458563867871	-16.035113655752035	32.50273806095248	-16.035113655752035	4.614526780154172	6.710089409553824	23.025	21.244441066520707	19.232930075505354	18.848011585792666	15.412536549844516	79.80549198307578	0.09223818575088676
 archi-vowels-PSX.wav	é	12	10.388	182.70375744596893	378.41	2623.779	3347.872	35.392254173578046	30.826124972026644	29.378794511498057	29.82853491569496	33.91419177582289	31.003870224983096	7.263428053321256	10.77310747233835	37.70355086082751	48.05618884140698	21.38468272069682	48.05618884140698	27.926573221260405	23.020427446818932	47.57787977991763	114.16310711135631	183.48427810704234	4.5661292015514015	1.4473304605285868	5.563719257883086	1.4780623977551528	4.388383948594949	-3.5096794190170932	-10.352637980579466	26.67150612071016	-10.352637980579466	9.776977639567107	14.68312341400858	15.873	17.595620422390503	17.21425795507535	17.08629356696919	14.745406037853954	75.61830236492423	0.0699577420656704
 archi-vowels-PSX.wav	é	12	10.414	174.3702733895365	406.142	2580.997	3384.733	33.39911518981975	16.221694097042942	12.737809913341675	15.450737589184605	25.610410400153384	35.51905506180496	9.298366514066192	9.68104379564288	35.1897905543772	27.42697389084752	7.611635629418391	35.034416389613355	21.46685142665998	27.507202850453464	43.82440054951358	108.35894078173814	183.52255997452934	17.17742109277681	3.4838841837012673	17.948377600635148	7.788704789666369	-2.11993987198521	-0.38267728157668834	7.7628166635296765	19.81533826142913	0.1553741647638418	13.722939127717218	7.682587703923733	0	7.308377630846077	6.593619975494387	6.495850429393705	5.06917193845409	68.14018897408953	0.042126122616659246
archi-vowels-PSX.wav	é	13	11.137	203.57779841521526	375.485	2705.816	3275.218	40.10769007572878	22.81042914838171	17.193827564065977	21.343974437210207	38.95221352955197	32.17083289089198	6.8295743280364505	15.751728222072591	43.11988212560654	36.0163403919465	6.687679803856926	38.99087670729111	31.61429057457591	26.742168117531886	50.419033871721695	127.39833046287265	184.9707100873154	17.29726092734707	5.616601584315735	18.763715638518576	1.1554765461768142	7.9368571848368035	-8.922153894036141	7.1035417336600375	29.328660588089573	4.12900541831543	11.505591551030626	16.37771400807465	18.936	17.533119965060564	17.075820374386527	16.852805244915356	11.599072466433737	72.11167571198692	0.05635642656411135
 archi-vowels-PSX.wav	é	13	11.173	228.35466979570043	438.11	2645.72	2962.638	41.026959065469185	29.61622099266827	17.550798736441696	27.38313020681449	42.92692983161311	33.952928872129	18.0939554130044	20.172354123178962	43.81140586969672	46.93777383438107	8.196172769390879	46.93777383438107	38.395307841712054	38.395307841712054	47.56689762447198	129.14565888928303	160.94642323928826	11.410738072800914	12.065422256226576	13.643828858654697	-1.8999707661439231	7.074030193340185	-2.078398710174561	-3.1263679646843485	38.74160106499019	-3.1263679646843485	5.416098027984667	5.416098027984667	25.346	24.999565992141548	25.804876951661385	23.386420883036998	19.279524095822886	77.12289746177488	0.06157778170071265
 archi-vowels-PSX.wav	é	13	11.209	225.53953047468121	444.747	2592.045	3038.023	40.07966217224507	31.28776201514309	30.52277154693651	30.929281219497636	42.992123733030596	32.266041179766546	21.072432886149134	18.339964999940893	42.698543732880566	50.73911999024091	21.809226912669516	50.73911999024091	39.30214484903579	33.13050985204774	46.98141885284785	123.41402665214167	168.01154408610856	8.791900157101981	0.7649904682065802	9.150380952747437	-2.9124615607855233	7.813620992478526	2.7324678862082408	-8.040576257360343	28.929893077571393	-8.040576257360343	3.3963988838447747	9.568033880832829	25.44	31.76562445728397	31.78526449813414	25.59884486201447	18.386701740463437	79.47186338735725	0.05672718958546199
 archi-vowels-PSX.wav	é	13	11.245	215.27462662446072	479.214	2508.437	3115.7	40.89466799715465	32.51281360507418	32.838284997290344	25.414140629262892	38.5481605815167	32.721914683790494	17.084438024718352	19.33250142970675	42.90080064445082	46.23938296567494	26.98860237628885	46.23938296567494	37.22340022772584	31.275810575701236	45.34993094573864	113.35801549972392	172.45779512312592	8.38185439208047	-0.3254713922161656	15.480527367891757	2.3465074156379515	8.172753313364154	-2.2480634049883967	-3.3385823212241235	19.250780589386093	-3.3385823212241235	5.6774004167249785	11.624990068749582	27.095	32.934680123387714	27.623517300075818	26.34790319953943	19.61563138651175	76.15932647564134	0.06908403622562016
 archi-vowels-PSX.wav	é	13	11.281	211.54911340961075	440.855	2288.907	3219.246	40.03017214670522	23.680677643630645	31.987715339620824	21.776019770475695	30.751122763823425	32.006071437222765	23.399192400673808	14.286730819293593	42.35420863369083	41.82481683756458	24.714980216065054	41.82481683756458	30.25383533718205	23.247413521105326	45.662003763692624	95.33466976096132	182.2440973604676	16.349494503074574	-8.307037695990179	18.254152376229523	9.279049382881794	8.024100709482454	9.112461581380215	0.529391796126248	17.10983662149953	0.529391796126248	12.100373296508781	19.106795112585505	25.891	27.594286101713934	26.867809180848425	22.280851270972107	19.56940677491678	72.59767089733627	0.059114605715074105
archi-vowels-PSX.wav	é	14	11.995	196.002946620947	387.659	2636.517	3278.246	34.42545938993672	24.82687886698842	16.540209528717554	24.64294874750234	36.34174196272693	33.279335852921974	5.773845578840426	13.63848911642187	36.99718606181289	42.99935990942983	7.576934337491339	42.99935990942983	30.377499050339107	27.16432197535024	48.06015647365465	119.03010031881198	181.98880366534314	9.5985805229483	8.286669338270865	9.782510642434378	-1.9162825727902089	1.146123537014745	-7.864643537581443	-6.0021738476169375	35.42242557193849	-6.0021738476169375	6.619687011473783	9.83286408646265	28.111	19.503873760679078	18.389089910739433	18.045575120032396	13.520848472863335	72.36796557191292	0.03705795013402024
 archi-vowels-PSX.wav	é	14	12.022	193.24257350701552	394.048	2630.687	3188.944	34.886393519944896	36.53635043047847	32.108092669596076	36.18534289277586	44.72772943425785	39.4682960875255	14.208039166241115	22.879830537882818	37.28853829725586	54.8715878063405	23.8305127812109	54.8715878063405	39.165202021366675	35.68604621492923	47.06067644269701	117.7407439305458	171.3279685846764	-1.6499569105335752	4.428257760882396	-1.2989493728309611	-9.841335914312957	-4.581902567580606	-8.671791371641703	-17.58304950908464	31.0410750251296	-17.58304950908464	-1.8766637241108128	1.6024920823266342	27.213	26.85655552615514	26.258676397163867	23.079016962857818	14.799261099721532	81.15350243000614	0.08000022654390904
 archi-vowels-PSX.wav	é	14	12.05	190.28209958646102	392.7	2538.893	3042.796	33.67700881068252	35.29962109619931	31.114597100662344	34.38945825334275	38.033721034461294	33.84676838126299	12.939557179945762	19.67319336404872	36.01733994759713	53.095912404124505	23.152462890667486	53.095912404124505	33.36600155623686	31.874810450591365	46.86159315124857	109.2881015279544	155.19275534792556	-1.6226122855167873	4.185023995536966	-0.7124494426602297	-4.356712223778771	-0.1697595705804673	-6.733636184102959	-17.078572456527375	29.94344951345702	-17.078572456527375	2.6513383913602695	4.142529497005764	18.339	20.931782828633352	21.39058832280353	20.115765400706383	17.657558731313742	79.68331147304482	0.07537899806167908
 archi-vowels-PSX.wav	é	14	12.077	180.61748637594872	416.392	2440.985	3087.891	33.36858611059206	36.579515538072634	30.012251170623365	28.47234000417453	32.99194036382396	29.811554171542205	19.371305176089532	17.394866703752122	35.2086132984372	48.29470711037956	24.75708831172021	48.32891762462673	30.547931459753958	25.959531284081052	43.730435837368304	99.21353157982105	155.9666411359353	-3.210929427480572	6.567264367449269	4.896246106417532	0.376645746768105	3.557031939049857	1.97643847233741	-13.086093811942362	23.537618798659352	-13.120304326189533	4.660681838683242	9.249082014356148	19.826	13.909432248640147	13.249301163833977	12.352499586764974	10.482093518859655	75.1650433262105	0.05901303743129223
 archi-vowels-PSX.wav	é	14	12.105	166.94660319744517	457.032	2271.59	3016.625	31.390652817122643	32.26099650953444	23.30293250092835	18.39293970696401	27.033255233072772	26.858801288272822	23.741244176851456	16.747879694421673	32.67378139735002	38.979467442861015	22.976667737021245	39.82717182809822	28.310014863964	23.46314086126754	40.47746700072989	84.37682118326536	143.90877817454847	-0.8703436924118009	8.958064008606094	12.997713110158632	4.35739758404987	4.5318515288498205	6.993364482429783	-6.3056860455109955	16.00279970583977	-7.153390430748203	4.36376653338602	9.21064053608248	0	8.445785324674354	7.588801530664514	6.843381779690741	6.082960589134322	70.98298254328131	0.030279278153179254
archi-vowels-PSX.wav	éˤ	15	12.677	216.24956690291341	597.392	2172.022	2823.841	27.083321812258735	29.594285363044936	25.636406904618216	16.58066720455002	22.187685039756115	23.599619229140654	28.418968737859032	8.029365475654263	28.383956307379314	36.31988416069723	26.33279603514402	39.077919114568004	28.418968737859032	26.526098923126284	48.60337587763862	88.31091527303609	142.56045022006273	-2.510963550786201	3.9578784584267197	10.502654607708713	4.89563677250262	3.483702583118081	20.38960326220477	-7.935927853317914	9.987088125553207	-10.69396280718869	-0.03501243047971769	1.8578573842530304	12.11	12.496689995621836	19.851987887012605	18.171907672357776	20.97365669642475	71.05091373339684	0.02814087391927755
 archi-vowels-PSX.wav	éˤ	15	12.698	229.51846510315002	528.133	2130.491	2896.221	36.12476646124055	29.531616079802184	18.744237824150993	20.437861606267326	23.286683360194182	30.4869480755914	27.41774090286973	10.347669281553673	38.0307865864994	41.68726676768476	14.435837942116558	41.68768093604619	27.41774090286973	28.49981820147604	48.86301067528031	88.24909759989768	154.3507378732316	6.593150381438363	10.787378255651191	15.686904854973221	12.838083101046365	5.6378183856491475	17.07007162131606	-3.6564801811853584	27.251428825568205	-3.656894349546789	10.613045683629672	9.530968385023364	15.379	12.04537366451261	9.321331778887448	7.711460058477795	6.951820616405978	73.78978094250354	0.06103493358219972
 archi-vowels-PSX.wav	éˤ	15	12.719	228.48417321007094	456.106	2051.257	2788.306	39.32180858652999	25.224328531873255	25.35908257919542	25.21199767674907	24.213850542552763	24.722062427461864	26.531237674073452	5.124633548161379	41.91333508517873	45.42922169682595	17.72683519939623	45.42922169682595	26.531237674073452	21.1038386583042	46.93619695266368	83.1193588312483	142.9834457311789	14.097480054656735	-0.1347540473221649	14.109810909780919	15.107958043977227	14.599746159068125	21.406604125912075	-3.5158866116472183	27.702386497429718	-3.5158866116472183	15.382097411105278	20.80949642687453	17.502	21.392739055288917	10.941987307301527	9.26871388035076	8.242876758810171	74.87835704602509	0.0942784220514262
 archi-vowels-PSX.wav	éˤ	15	12.74	215.28667759293512	401.052	1995.919	3079.421	38.99663345810852	23.583205088840963	26.84947857849001	19.41544462173883	19.17313297072964	38.54010284292617	20.013734919731398	12.387461700574852	42.00277776824621	38.092374485087234	17.52470366843839	38.092374485087234	20.013734919731398	26.167679142629616	48.85117353679676	77.56655276452392	168.55515944782817	15.413428369267557	-3.2662734896490484	19.58118883636969	19.82350048737888	0.45653061518235205	7.6262732191565465	3.9104032831589777	20.567670816648842	3.9104032831589777	21.989042848514813	15.835098625616595	15.503	22.247159500387774	18.792169975947154	17.29587569874012	16.045338983484665	71.70476434323824	0.08130301868862079
 archi-vowels-PSX.wav	éˤ	15	12.761	223.66424517123798	535.765	2156.217	3456.809	22.349607028573544	9.252184178556334	5.421212734632013	-0.9135840571937699	2.0078096708939555	30.540516989846985	5.055346851045055	18.565003985029545	24.095531581702247	19.715889632555232	2.0304163558488697	20.549990812933466	6.238085873737711	19.123389391271637	48.37609686622518	88.76714099822068	214.99356481973837	13.09742285001721	3.830971443924321	23.263191085767314	20.34179735767959	-8.19090996127344	-13.50965713398449	4.379641949147015	17.68547327670636	3.545540768768781	17.857445707964537	4.97214219043061	15.92	13.459933018259614	12.410629761596518	11.753173353303962	9.573178298924587	63.572952200676	0.008215559706183664
archi-vowels-PSX.wav	éˤ	16	13.665	177.26688780871498	535.998	2268.458	2834.058	10.104858018735047	19.01331955461576	19.669507645368963	5.734493916405732	10.023893732024185	15.441780955560546	12.944706869750211	-1.4145710251171308	11.159422874148518	24.179460197585193	23.0198784399322	28.103054415266374	14.009891979422557	18.92304419309766	43.32106140052881	86.42383244797982	130.74034364491567	-8.908461535880711	-0.6561880907532043	4.370364102329315	0.08096428671086286	-5.3369229368254985	14.359277894867342	-13.020037323436675	1.1595817576529939	-16.943631541117856	-2.8504691052740387	-7.763621318949141	18.241	3.8940139337625594	31.377416675192276	34.683945313019684	34.639407763037646	68.09985863473034	0.0006401649828004164
 archi-vowels-PSX.wav	éˤ	16	13.687	204.00527356329417	518.16	2186.719	2877.487	27.204819515306653	34.52421487440623	29.81620254104304	24.95200903865872	28.730993398914784	26.723309286076358	28.443771132147226	13.052020821105303	28.734360257162468	43.071439511968855	27.720532695356038	46.52979163912384	32.40770330321653	26.344786138423807	45.89651169958492	86.77396216156627	143.75211893548538	-7.31939535909958	4.708012333363193	2.2528104766479338	-1.5261738836081307	0.4815102292302953	15.391750311041923	-14.337079254806387	15.350906816612817	-17.795431381961375	-3.673343046054061	2.389574118738661	19.346	9.074724794597772	10.158311307761906	8.099012645684704	6.8949538778038955	74.96497960086133	0.04993989917359126
 archi-vowels-PSX.wav	éˤ	16	13.709	207.75634249258655	477.598	2142.244	3123.181	35.44485734983844	35.82210437644072	16.727168177788343	26.866757221789598	34.598190388761665	40.59326290141948	32.167855315609614	20.566817571124293	37.33491573743409	47.934552208076454	12.022670703941909	47.934552208076454	37.183876666484416	32.87147062307683	44.5602964178571	84.70625575469317	170.27556523084903	-0.3772470266022765	19.094936198652377	8.578100128048845	0.8466669610767781	-5.148405551581035	11.601037744485321	-10.599636470642366	35.91188150413454	-10.599636470642366	0.15103907094967184	4.463445114357256	21.657	17.69124925867657	13.990923639275604	10.937678377649885	8.910372607479975	76.5724943610158	0.07731082062143795
 archi-vowels-PSX.wav	éˤ	16	13.73	198.80183793120847	437.091	2104.563	3237.196	38.687302143135994	32.098244004078566	36.09156060425597	26.247953237984113	25.827270411532105	39.44552331606929	27.39011802890659	9.6003543730943	40.758827057192526	46.50429616433847	30.17887220304846	46.50429616433847	27.39011802890659	27.75965075374092	44.47798482257646	80.67213581754035	178.78426252721817	6.589058139057428	-3.993316600177401	12.439348905151881	12.86003173160389	-0.7582211729332968	17.789763655812287	-5.745469107145944	16.32542396129001	-5.745469107145944	13.368709028285938	12.999176303451605	13.544	21.844541064784934	17.770042138584067	15.135898397226557	13.015715912692388	75.19119798667141	0.09464835553949895
 archi-vowels-PSX.wav	éˤ	16	13.752	187.03518222443975	529.233	2159.958	3244.392	35.22697122944406	34.674846858867454	19.425156888359773	16.174520912693655	14.574948101215103	30.315187168738362	15.753161868488307	25.48333156936212	36.44502717710561	40.88173171820622	20.534324070979256	38.28491406398288	19.28341463023887	22.93920258739871	44.265060424734095	81.66408632613448	174.5127654283256	0.5521243705766068	15.249689970507681	19.052450316750406	20.652023128228958	4.911784060705699	-9.730169700873814	-4.43670454110061	20.347407647226962	-1.8398868868772738	17.16161254686674	13.505824589706897	0	13.07179166756847	11.904796330649532	11.085168869967234	9.98414384709505	70.81455166900591	0.060625594681852635
archi-vowels-PSX.wav	éˤ	17	14.595	--undefined--	633.641	2243.629	3178.674	--undefined--	--undefined--	--undefined--	--undefined--	--undefined--	--undefined--	0	0	0	0	0	0	0	0	--undefined--	--undefined--	--undefined--	--undefined--	--undefined--	--undefined--	--undefined--	--undefined--	0	0	0	0	0	0	14.553	1.225391728392766	-0.462738503383173	-1.3823847717066864	-2.599239308351379	49.43539700447285	0.001150259041205885
 archi-vowels-PSX.wav	éˤ	17	14.625	--undefined--	587.028	2309.422	3064.884	--undefined--	--undefined--	--undefined--	--undefined--	--undefined--	--undefined--	0	0	0	0	0	0	0	0	--undefined--	--undefined--	--undefined--	--undefined--	--undefined--	--undefined--	--undefined--	--undefined--	0	0	0	0	0	0	12.322	-3.927490394642379	-2.528012022049282	-3.301537411785031	-3.301117262667186	62.85013484064954	0.003050790754657381
 archi-vowels-PSX.wav	éˤ	17	14.655	164.40958100343738	456.171	2386.382	3100.536	31.06092792982921	27.70716238489414	11.4978659459244	14.791935490477115	21.345339275538088	24.505714778480602	16.237650471150474	-3.8006675903206415	32.303309305165826	34.15138547485065	11.512998980919772	36.22752984931962	21.449014312156216	21.340793449678998	40.22913646788398	91.37922241691952	150.85829029449732	3.3537655449350687	16.20929643896974	16.268992439352093	9.715588654291121	6.555213151348607	20.038318061471116	-1.8480761696848234	22.638386493930877	-3.9242205441537976	10.85429499300961	10.962515855486828	16.697	15.77097693355201	11.466946104490596	10.645839149449712	8.853869798920313	65.38422374697177	0.05875435074348458
 archi-vowels-PSX.wav	éˤ	17	14.685	172.3109558757578	370.227	2374.449	3146.04	31.004633241480768	22.369781154128216	25.669805953613935	19.281662396976163	26.733008642920627	30.749112142842712	14.300898221966744	0.943983976600007	33.13730174113976	37.39343273741532	18.61749541194235	37.39343273741532	23.062196693634903	22.559940045172546	47.348716286300636	92.42486312096173	158.4072280639663	8.634852087352552	-3.300024799485719	11.722970844504605	4.271624598560141	0.25552109863805583	13.356914245366736	-4.256130996275559	18.775937325472967	-4.256130996275559	10.075105047504856	10.577361695967213	13.052	18.11417335262641	16.6200610785612	14.568390356338659	11.652842635108767	65.07548671300836	0.0656434923344132
 archi-vowels-PSX.wav	éˤ	17	14.715	156.4841128610493	335.097	2279.259	3276.609	30.188443350097923	14.733314009387023	19.023216350944583	13.658353322432877	17.355340578254154	32.46673582358944	7.634532360281446	5.977549743189833	32.31869128032836	29.201701016824863	11.807649893953009	30.338081199024018	13.263375879566084	18.895918377513926	50.463568224617	82.56948674935032	164.54100956161636	15.4551293407109	-4.289902341557561	16.530090027665047	12.83310277184377	-2.278292473491515	1.6569826170916127	3.116990263503496	17.394051122871854	1.9806100813043415	19.055315400762275	13.422772902814433	0	9.050688096722332	8.300683038026452	6.998845524979576	7.340212919596457	60.803899207985694	0.04312195019215351
archi-vowels-PSX.wav	éˤ	18	15.222	152.2764608700047	516.728	2349.558	2986.261	25.32115746134634	34.203804854255765	30.22397805574025	20.401490131904154	30.80982545114361	28.17406109305712	20.46027238793539	8.018357834609157	26.143479112112033	38.0319526824066	38.83837895180032	43.01617430489236	33.83114456586395	29.42411984403237	40.27221607833689	86.07854545951382	135.7338189375577	-8.882647392909426	3.9798267985155142	4.919667329442184	-5.488667989797271	-2.852903631710781	12.441914553326233	-11.888473570294565	-0.8064262693937252	-16.872695192780327	-7.687665453751919	-3.280640731920336	19.181	13.736308823560046	14.107340492350161	11.371890702042439	9.819422411502302	71.85993001020076	0.05630806019519385
 archi-vowels-PSX.wav	éˤ	18	15.241	183.52482743204098	548.496	2332.687	2991.737	30.924774531661765	33.759250311268076	29.734253945645513	18.3452858320436	28.531995158101807	24.170493830029272	21.033561949037068	4.822533116447759	32.005166973827045	39.08666069603462	32.63985224671235	40.731533328185165	32.12472072729601	25.33853892834621	44.21719336310261	92.12723421807834	147.65657125184345	-2.8344757796063114	4.024996365622563	12.579488699618164	2.392779373559957	6.754280701632492	16.21102883258931	-7.081493722207576	6.446808449322269	-8.72636635435812	-0.11955375346896346	6.666628045480834	13.811	9.204618012158468	5.96260118913561	5.080487111212618	3.984032735062172	71.82254364750622	0.06838394816784368
 archi-vowels-PSX.wav	éˤ	18	15.261	182.20739638706632	532.553	2460.48	3130.048	32.917320820205035	34.9918307401429	31.916268473457887	10.211124325352465	23.657774640840728	26.16695163202838	14.863639992176036	4.2937382516481835	34.04103738451351	40.61282602516283	33.86830348388331	32.346449689284846	25.411941727547994	26.04886209958567	43.79921820845478	101.0700904692192	160.79420368035275	-2.074509919937867	3.075562266685015	22.70619649485257	9.259546179364307	6.750369188176656	10.569901740527854	-6.5717886406493236	6.744522541279522	1.6945876952286625	8.629095656965514	7.992175284927839	17.062	13.714207005214893	10.505445389579277	9.312169039251362	7.842599465652365	69.88538238281664	0.06856956018040349
 archi-vowels-PSX.wav	éˤ	18	15.281	183.26767767589993	482.164	2370.415	3126.06	32.08005002803526	31.92039600057968	30.125154784163712	17.918484658130684	25.243955978764546	31.338327220940418	12.118156541065623	5.792504429044467	33.47910170964929	39.49837439886149	28.64216501256874	39.49837439886149	26.098108470523563	27.91460033424471	42.03319814954836	94.71847929565222	160.81684030289944	0.15965402745558066	1.7952412164159668	14.161565369904576	6.836094049270713	0.7417228070948418	6.325652112021157	-6.019272689212201	10.856209386292754	-6.019272689212201	7.380993239125729	5.564501375404582	16.88	16.2197201999697	14.954718832717223	13.053503416323764	9.560175086141548	68.18434007919254	0.06871160428486207
 archi-vowels-PSX.wav	éˤ	18	15.3	183.16424194078525	421.881	2387.761	3300.954	31.721386881772663	22.703744892050732	22.39927237291885	14.484911604002086	19.021798380538065	37.36514457926155	13.18891069738957	11.07799342289123	33.56918431178774	34.491813534935545	17.183582576455084	34.491813534935545	17.29903227335303	28.40984615344893	43.639383006909156	95.9368006080019	178.74792732188817	9.01764198972193	0.3044725191318811	17.236475277770577	12.699588501234597	-5.643757697488891	2.1109172744983393	-0.9226292231478084	17.30823095848046	-0.9226292231478084	16.270152038434706	5.159338158338805	0	11.340710065480584	10.254692354264904	9.192979179365562	6.724759319859376	65.28781370525354	0.06440457830805145
archi-vowels-PSX.wav	éˤ	19	15.849	265.3264916647047	630.801	2063.894	2699.399	35.43040744274353	27.69028226599448	17.788930962936472	22.087006821423156	24.379500520729597	15.26046582682935	31.91801160233577	3.1215461249903775	37.25623931872517	38.677229821676924	15.229268285356046	44.21976943542006	31.91801160233577	19.165402460392592	54.58488899733607	90.76861142493483	145.30244106684646	7.74012517674905	9.901351303058007	13.343400621320374	11.050906922013933	20.16994161591418	28.796465477345393	-1.4209905029517529	23.44796153632088	-6.963530116694891	5.338227716389401	18.09083685833258	22.856	-1.457233920522212	3.0504569499914824	3.299004661646789	3.396533776636315	71.9133226442184	0.021463391228854784
 archi-vowels-PSX.wav	éˤ	19	15.88	274.90709533397995	618.441	2055.791	2706.441	42.108680982343756	37.039472895810334	38.05374964291581	28.828270047199783	35.62294158732139	34.27263755857053	42.7051189759894	23.07065174407314	44.16456540589451	50.62106462231615	34.31688552122532	50.62106462231615	42.7051189759894	37.30845401891331	55.47695520005235	92.02222031735977	148.91828927825082	5.069208086533422	-1.0142767471054768	13.280410935143973	6.485739395022364	7.836043423773226	19.63446723191626	-6.456499216421641	16.304179101090824	-6.456499216421641	1.4594464299051069	6.856111386981198	22.63	13.464828847576186	10.065780036628203	8.51404437629579	8.440860091743135	79.23395795861393	0.042244442437326106
 archi-vowels-PSX.wav	éˤ	19	15.912	280.22698191235867	557.176	1943.691	2501.635	46.41091798469041	29.767429751261453	38.29000176981103	29.689911806548437	33.66192023806336	22.383568388101825	39.92055393673284	13.216408347958339	49.102262140575434	50.57529494907626	32.16208317147893	50.57529494907626	39.92055393673284	26.38296655458998	54.989954364386335	85.97293670269234	129.616715949588	16.643488233428954	-8.522572018549575	16.72100617814197	12.748997746627047	24.027349596588582	26.704145588774498	-1.4730328085008253	18.413211777597326	-1.4730328085008253	9.181708203842597	22.719295585985453	20.989	19.926598069514817	20.119995420946687	16.221229228374515	15.55648469720828	80.52365377551014	0.07353411537754134
 archi-vowels-PSX.wav	éˤ	19	15.944	262.6802034011365	484.247	2034.983	3036.102	48.55144598114191	31.293201736359624	19.107458778919252	25.380794369782947	31.683514507458092	34.4803104605513	34.637602934578396	18.51156371813002	51.689061964219285	45.57817134690741	10.458357057578096	45.57817134690741	34.637602934578396	25.93344803148881	50.33218114958638	88.42171332197208	181.79169623422507	17.258244244782286	12.185742957440372	23.170651611358963	16.867931473683818	14.071135520590609	16.126039216448376	6.110890617311874	35.11981428932931	6.110890617311874	17.05145902964089	25.755613932730476	16.045	27.735824292881755	24.5195246158832	19.55455123188338	18.442659937459535	79.14685768505117	0.10551009048897904
 archi-vowels-PSX.wav	éˤ	19	15.975	220.04635473173116	557.899	2047.957	3318.467	32.86528099394579	14.75693992905493	25.774846166938026	13.423903420891332	9.162441725001234	32.3864888016203	15.400912821906722	10.74493916500652	34.426048705862506	23.463469648206132	24.10120093253488	35.35278418554489	15.400912821906722	22.474601927841515	48.3869811284348	81.36278863558155	197.10879073922285	18.10834106489086	-11.017906237883096	19.441377573054456	23.702839268944555	0.47879219232548564	4.655973656900203	10.962579057656374	-0.6377312843287477	-0.9267354796823852	19.025135883955784	11.95144677802099	0	19.563605690752567	15.965039960540768	14.567243020213505	13.54968263370412	69.37331580615988	0.022780460658704902
archi-vowels-PSX.wav	éˤ	20	16.834	--undefined--	626.395	2088.555	2690.28	--undefined--	--undefined--	--undefined--	--undefined--	--undefined--	--undefined--	0	0	0	0	0	0	0	0	--undefined--	--undefined--	--undefined--	--undefined--	--undefined--	--undefined--	--undefined--	--undefined--	0	0	0	0	0	0	14.721	3.146473671625202	5.515809508681019	4.476722252243751	4.349803328792023	71.35487152108001	0.013344686493618408
 archi-vowels-PSX.wav	éˤ	20	16.87	231.13322633407415	553.525	2092.846	2640.562	37.042262330612544	33.99640434467093	27.472240663929256	22.907545116007455	33.28650206507549	25.00093931885978	38.66910214894346	6.341060729082237	38.80198655922055	44.52671931228555	24.32086534015779	44.52671931228555	38.66910214894346	29.30146075491399	49.526836929320034	86.16120304635392	129.46118079255817	3.045857985941616	6.5241636807416725	14.13471721460509	3.755760265537056	12.041323011752766	32.32804141986122	-5.724732753064998	20.20585397212776	-5.724732753064998	0.13288441027709297	9.500525804306562	16.923	9.352363380091957	8.481629467904348	8.022896854504879	7.752033791267179	75.71135267324938	0.04384993502748503
 archi-vowels-PSX.wav	éˤ	20	16.906	237.6483711126492	499.695	2027.377	2632.442	38.34791162244615	35.06929990987458	32.877369146881975	32.14991666050459	31.719896170520485	31.293655021745675	35.795109108971936	10.497926321728468	40.67594367085754	53.06296588546527	26.700788431909103	53.06296588546527	35.795109108971936	32.42489395525775	48.02617577323073	83.3833625067718	130.55916867992806	3.2786117125715677	2.1919307629926053	6.197994961941561	6.628015451925663	7.054256600700473	25.297182787243468	-12.387022214607725	26.362177453556164	-12.387022214607725	4.880834561885607	8.251049715599791	22.659	21.912391246384317	18.236174515030967	13.84404576267139	12.843408321024452	81.65504200789663	0.06785437338536304
 archi-vowels-PSX.wav	éˤ	20	16.942	229.7628386955123	446.16	2064.469	2747.289	39.573018944194565	32.51332987368818	32.95082017682866	31.983567549419355	33.85089865489458	25.28088169976574	35.60041385653135	7.177150427188392	42.32673964690073	51.13139552321211	24.683723112694146	51.9049364539393	35.60041385653135	22.444487614322476	47.37291482716336	84.15215771887617	139.31817932479208	7.059689070506387	-0.43749030314047843	7.58945139477521	5.722120289299987	14.292137244428826	28.423263429342953	-8.804655876311386	26.447672410517967	-9.578196807038573	6.72632579036938	19.88225203257825	19.836	22.072119199349185	20.593688029273757	16.29352515274388	15.699334222755976	80.68933752818928	0.09739159247333944
 archi-vowels-PSX.wav	éˤ	20	16.978	220.95230511239654	446.285	2131.783	3002.785	32.37904224235207	20.945071305595107	20.933349169771155	20.828029927105007	16.5981010781284	18.489762525047716	17.801081551599395	-0.026410762656539095	34.888928899748564	40.89753256412982	13.288724517667802	40.89753256412982	17.801081551599395	11.459757174912497	46.440371368051366	86.6496413901163	162.5222164964119	11.433970936756964	0.011722135823951874	11.551012315247064	15.78094116422367	13.889279717304355	17.827492314255935	-6.008603664381255	27.608808046462016	-6.008603664381255	17.087847348149168	23.429171724836067	11.714	9.2050903287283	8.885966243577297	8.234611373878046	7.959895942112325	68.3044993673878	0.016624535055122146
archi-vowels-PSX.wav	éˤ	21	17.797	229.7609463475825	482.283	1850.828	2864.2	28.655300020150964	26.062490775102134	21.93717296171651	23.86021419776966	22.774668892461733	29.84921950693076	27.1931652498863	16.886000561003524	31.006078323540972	44.20760417993734	16.020390027176774	44.74121269317187	28.264418564724473	22.201048999244158	46.88028234904399	72.68069825525525	151.10937269942116	2.59280924504883	4.1253178133856245	4.795085822381303	5.880631127689231	-1.1939194867797944	10.307164688882775	-13.201525856396369	28.187214152760568	-13.735134369630895	2.7416597588164997	8.805029324296815	25.929	20.260167678211495	20.022965146722306	17.380777885092808	16.011426390662937	74.60232030499397	0.04956073820547008
 archi-vowels-PSX.wav	éˤ	21	17.825	224.47875471801876	586.557	1855.853	2806.955	37.31220100219596	41.19418062580823	28.712086249764887	27.992781342665655	32.58124931243405	37.073988416023596	41.82064780041791	23.27274174055257	38.80833232570155	49.2556475614333	28.47139940945301	50.429190357576786	41.82064780041791	34.25860945371445	49.35320852917049	72.05977583095192	143.55957114746704	-3.881979623612267	12.482094376043342	9.319419659530308	4.730951689761909	0.23821258617236651	18.54790605986534	-10.44731523573175	20.78424815198029	-11.620858031875237	-3.0123154747163596	4.5497228719871	21.899	19.354251272320344	15.91979289038348	13.275060502772007	12.149241083681911	79.44671603277433	0.07406603975410193
 archi-vowels-PSX.wav	éˤ	21	17.853	213.7081103629792	550.477	1829.893	2710.4	39.746678167270645	38.70918425465562	24.78695944318093	23.437222815474744	28.396657869841043	37.16804235284899	36.9203917762451	15.568365851394203	41.27652393253426	47.077055834689176	23.938821857300834	45.553181256144526	36.9203917762451	34.968002142829945	47.559971018672044	69.15789688565361	130.8726419817723	1.0374939126150267	13.922224811474688	16.3094553517959	11.350020297429602	2.578635814421652	21.352025924850892	-5.8005319021549155	23.138233977388342	-4.276657323610266	4.3561321562891635	6.308521789704315	20.141	21.57103378763448	16.568181106223648	13.535643144674223	12.141975586260989	77.95064478718002	0.08695910115048297
 archi-vowels-PSX.wav	éˤ	21	17.881	195.24442347592543	589.257	1900.547	2743.973	41.21138705289782	39.062072664130056	27.782675847840512	22.581144759240782	26.700032649429343	32.783480732594285	36.115770940205664	18.17753733556711	42.30936912492485	44.4165576840428	31.777664471324464	45.60318078210621	36.115770940205664	32.71303851504538	46.146666883285036	69.32093481401874	128.32468047928515	2.1493143887677633	11.279396816289545	18.630242293657037	14.511354403468477	8.427906320303535	17.938233604638555	-2.107188559117951	12.638893212718337	-3.293811657181358	6.193598184719185	9.596330609879466	21.132	12.59343301306836	9.356655215952953	8.09016151841778	7.783126736726286	76.47190163488968	0.09568184993425109
 archi-vowels-PSX.wav	éˤ	21	17.909	174.24219760846995	571.488	1727.635	2590.325	36.42946880710977	37.71824294136822	27.615328755864205	18.044445294282433	20.528601953183	27.002119154004994	29.62656885285494	10.832643691367199	37.36242042485615	42.08978193361286	35.296513629249006	41.42944394597306	31.735316816727863	27.079887075365434	43.557949398159884	59.101057192648426	109.06721439492264	-1.2887741342584462	10.102914185504012	18.38502351282734	15.900866853926772	9.427349653104777	18.793925161487742	-4.727361508756715	6.793268304363856	-4.067023521116916	5.627103608128284	10.282533349490713	13.31	10.417959233623968	6.805991016874662	6.304609388968946	6.208103622434654	73.70304779382076	0.06299925400470105
archi-vowels-PSX.wav	éˤ	22	18.424	216.4657283865782	452.424	1830.588	3076.101	29.595299029083343	27.917216121929517	25.84598993558937	25.689331382158	22.017604090727517	36.59578995903553	26.80137860391013	15.763389563834814	31.95333688175749	46.1604460600783	19.565533114722975	46.1604460600783	26.80137860391013	23.935006032281127	45.77226422716592	69.62819862814482	168.65514979715212	1.6780829071538257	2.071226186340148	3.905967646925344	7.577694938355826	-7.000490929952186	11.037989040075317	-14.20710917832081	26.594912945355325	-14.20710917832081	5.15195827784736	8.018330849476364	20.076	8.986205345154387	9.438441249911877	7.555946874877151	8.039175826107636	73.64284341628058	0.047399248479764094
 archi-vowels-PSX.wav	éˤ	22	18.452	205.33633070066523	502.061	1867.045	2821.661	37.79158864252874	38.76249737599783	29.162463853846702	27.06607793156866	30.721931643664156	37.595622562124404	37.26829454259003	18.495747267125818	39.47609696090689	48.55507422433987	26.555358834818215	48.55507422433987	37.26829454259003	32.2487476826366	45.71144665760308	69.4579018932068	138.78474575404024	-0.9709087334690949	9.60003352215113	10.725510710960076	7.0696569988645805	0.1959660804043324	18.77254727546421	-9.078977263432982	21.999715389521654	-9.078977263432982	2.2078024183168594	7.227349278270289	21.382	19.853654394424535	14.86121623159804	12.648397243957959	11.12746172682696	76.50861095793947	0.0812703364691608
 archi-vowels-PSX.wav	éˤ	22	18.479	184.75896171506864	553.709	1846.763	2710.032	38.35310518358749	40.08810812124589	29.662891843940635	23.08011151182639	23.870482083976896	31.63995724022569	32.91683479381283	14.76708215375721	39.461003928913186	45.51511879577984	33.28607418139856	45.82908837064333	32.91683479381283	30.44659581503346	44.43873903239569	65.23813373088306	122.1050992030398	-1.7350029376584004	10.425216277305253	15.272993671761096	14.482623099610592	6.713147943361797	18.149752640055624	-6.054114866866655	12.22904461438128	-6.368084441730147	6.544169135100354	9.014408113879725	19.931	17.70197640314967	14.463649819502852	11.34128772667255	9.053835270424674	75.64817279811078	0.08908335406090948
 archi-vowels-PSX.wav	éˤ	22	18.506	166.21331477065954	590.861	1835.457	2733.539	34.42421996725789	39.435418394278145	28.609699464692703	17.258447051074434	22.039672284049928	29.17214643321986	31.844785201521173	15.42702455709733	35.20944401936677	43.013017321660996	41.000133077497914	41.000133077497914	32.865638646347755	28.869779964340083	42.94204954416929	61.8018955912057	118.47455713979558	-5.011198427020254	10.825718929585442	17.165772916183457	12.384547683207963	5.252073534038029	16.417760644423844	-7.803573302294225	2.0128842441630823	-5.790689058131143	2.3438053730190163	6.339664055026688	16.378	9.69280762587448	8.270210906817596	7.153709601560258	6.539158784804951	71.94232352209174	0.052564845413027105
 archi-vowels-PSX.wav	éˤ	22	18.534	147.8895758518101	499.359	1660.336	2519.231	32.533042311952	35.68562640942707	25.54305388161337	13.976171174440136	18.464317653388026	16.172047092751534	17.581895289200787	14.60361094191856	33.39619152810413	39.69261387058631	34.442909408109	37.054339002898296	28.40672613417153	14.734093209362651	38.59927805115573	53.13883918170094	96.57956092634045	-3.1525840974750707	10.142572527813702	18.556871137511866	14.068724658563976	16.36099521920047	2.9782843472822265	-6.296422342482174	5.249704462477304	-3.6581474747941627	4.989465393932601	18.66209831874148	0	7.940701406304241	5.850828295281926	4.821629714134536	4.667733606637711	67.92441437866319	0.04977048528149472
archi-vowels-PSX.wav	ó	23	18.935	--undefined--	469.982	955.782	3100.224	--undefined--	--undefined--	--undefined--	--undefined--	--undefined--	--undefined--	0	0	0	0	0	0	0	0	--undefined--	--undefined--	--undefined--	--undefined--	--undefined--	--undefined--	--undefined--	--undefined--	0	0	0	0	0	0	17.61	5.367117168443309	5.065747096470426	5.060119240493487	5.0532079753391335	79.67673024676816	0.04990796607160053
 archi-vowels-PSX.wav	ó	23	18.972	226.3514927803115	444.657	902.866	3160.691	38.94809889502453	32.47831558758728	30.01049868950585	32.021981784577555	30.85340950619475	45.27309968352215	0.750951588666944	3.9333222351948742	42.08582981600774	53.958985352015674	44.76095129469105	53.958985352015674	45.720713159552844	15.629269409014817	47.07053403852256	52.45709761472232	181.870124132134	6.469783307437247	2.4678168980814306	6.926117110446974	8.094689388829778	-6.3250007884976185	-3.1823706465279304	-11.873155536007935	9.198034057324627	-11.873155536007935	-3.6348833435451056	26.45656040699292	22.914	20.886826112292958	18.949074527562416	18.946981445402407	18.93316326905716	82.66116705581288	0.08551537704966747
 archi-vowels-PSX.wav	ó	23	19.01	212.40086875802163	434.907	988.581	3085.121	40.83119550695294	30.838876272252094	34.86723108357791	30.079508132097118	19.94474555322038	47.18440647079008	2.1894724472609735	5.543097783152269	43.5815427859274	51.47695776560405	37.41786556587252	51.47695776560405	33.2966425802944	20.22749524319692	46.02962083117075	51.29533390670934	168.04495083435347	9.992319234700844	-4.028354811325819	10.75168737485582	20.88644995373256	-6.353210963837142	-3.3536253358912953	-7.8954149796766515	14.05909219973153	-7.8954149796766515	10.284900205632994	23.354047542730477	20.501	24.69234402339727	19.65270499149249	19.654166836610926	19.553114777852137	79.40231780637565	0.08713526226398109
 archi-vowels-PSX.wav	ó	23	19.047	207.26221982176077	419.973	1302.472	2831.465	39.414084860031465	31.155917537074533	33.747684639318805	30.95299860423081	25.781376980152462	38.51188888315227	12.069501990931876	8.5882572008945	42.03149104982301	51.0714698401066	29.041370317202087	51.0714698401066	34.87218788938647	20.611898353785318	46.37910415531649	53.530338345619285	140.36059727621347	8.258167322956933	-2.5917671022442725	8.461086255800655	13.632707879879003	0.9021959768791987	3.481244790037376	-9.039978790283591	22.030099522904514	-9.039978790283591	7.159303160436544	21.419592696037693	26.927	30.585879524197512	20.76063723952967	20.73231079363171	20.444509795634936	78.89731726836116	0.0784861491486643
 archi-vowels-PSX.wav	ó	23	19.084	204.74187433694976	402.153	1804.606	2777.219	37.412904984918185	35.14238459694671	31.283769253330835	34.68629939121634	22.66790905391545	31.905298318669544	25.990600541625103	11.641376824004873	40.09358831442056	53.70189773207155	23.36007722937136	53.70189773207155	25.807374792568147	22.476084038080263	47.563448919299	66.66571774389416	134.36774120358444	2.270520387971473	3.8586153436158774	2.726605593701848	14.744995931002734	5.507606666248641	14.34922371762023	-13.608309417650993	30.34182050270019	-13.608309417650993	14.28621352185241	17.617504276340295	22.388	21.427741668110215	20.077611202789384	18.490235229913214	17.93266007485753	79.48221387615517	0.07479782397981945
archi-vowels-PSX.wav	ó	24	19.603	220.136401273939	448.999	912.597	3052.199	25.141449274818747	24.869439942077626	20.968065174648636	24.270425907834465	17.912153203119523	43.740808794137095	18.653929849209533	11.245670095743902	28.02396909685087	46.43633726564211	32.96186194912747	46.43633726564211	32.96186194912747	16.13557133503359	46.26112166808405	51.78133645157204	167.49492123825624	0.2720093327411206	3.9013747674289903	0.8710233669842822	7.229296071699224	-18.599359519318348	7.4082597534656305	-18.41236816879124	13.474475316514642	-18.41236816879124	-4.9378928522765975	11.88839776181728	24.817	28.549559559191763	20.95683767818148	20.966585190226667	20.92146380125761	78.45493418888366	0.018843101377901284
 archi-vowels-PSX.wav	ó	24	19.633	211.13468046173185	426.004	863.342	3007.993	39.51250200888008	33.67708887139199	32.941383170172585	33.55557748382769	31.624344114223163	43.58450039516281	1.9378616286912158	8.277293278326008	42.46601499434522	55.2566744323622	46.4846817639642	55.2566744323622	46.4846817639642	14.820217135004665	46.39766090919922	50.44664069346155	159.4444908396574	5.835413137488089	0.7357057012194019	5.956924525052386	7.8881578946569135	-4.071998386282736	-6.3394316496347916	-12.79065943801698	8.771992668398006	-12.79065943801698	-4.018666769618974	27.645797859340558	25.23	25.047275749309854	21.059365667816454	21.05501627321093	21.005694773610465	82.87012566303373	0.09966243749957468
 archi-vowels-PSX.wav	ó	24	19.662	205.79902364676238	442.301	1011.337	2935.067	40.10600164673844	35.698682534953996	39.76535203367566	31.166775238411432	11.29832926531784	34.19448276229666	6.491399516770182	3.485568460294069	42.57112717289725	52.882847614684835	41.3209207963278	52.882847614684835	24.83186028838942	10.34614629730722	44.99415993526205	50.64450259736533	150.0734062641005	4.407319111784446	-4.066669498721666	8.93922640832701	28.807672381420602	5.911518884441783	3.005831056476113	-10.311720441787585	11.561926818357037	-10.311720441787585	17.739266884507828	32.22498087559003	26.747	25.1246017378365	19.254764676380564	19.243862683268254	19.188436809683214	80.45132188427063	0.09373311565972661
 archi-vowels-PSX.wav	ó	24	19.692	200.58115866733647	442.61	1331.944	2780.984	38.68399267713065	34.94326300031252	15.925261062083734	28.65470024185191	19.827040943705295	33.74706445417892	9.092202019385292	0.7275992523366477	40.86112550064247	49.66132975932429	12.673944751697693	49.66132975932429	29.76297013005931	18.26823175114036	44.43059293001987	53.12050500127245	133.4027837268787	3.740729676818127	19.018001938228785	10.029292435278737	18.85695173342535	4.936928222951728	8.364602767048645	-8.800204258681816	36.9873850076266	-8.800204258681816	11.098155370583164	22.592893749502114	21.575	23.571189575326592	17.175101844214552	17.11917862352459	16.84291918795928	77.82975725643117	0.07351404127347827
 archi-vowels-PSX.wav	ó	24	19.721	195.53458805101556	404.369	1755.41	2814.488	36.066647075238194	31.309354190448182	26.362601757933962	30.18433235215252	19.52899881191387	35.47948928029892	15.693328516463227	10.580134203270594	38.45842846064569	49.5050860660764	19.55201713158357	49.5050860660764	23.476777861539016	24.802971459703777	46.33193619594164	63.30860618179251	134.9146009307077	4.7572928847900116	4.94675243251422	5.882314723085674	16.537648263324325	0.587157794939273	5.113194313192633	-11.04665760543071	29.953068934492833	-11.04665760543071	14.981650599106676	13.655457000941915	0	18.265969393104257	14.855850598365713	14.580299075810482	14.444628699865575	76.86290627416274	0.0622672652105368
archi-vowels-PSX.wav	ó	25	20.386	194.5112466860239	399.798	795.882	3253.152	26.803450136892792	26.949150186358168	20.11251326592273	26.072422868891593	18.835278336432978	30.470684940746505	-13.547590744778981	-7.998601440467961	29.651233559945318	47.28112461148169	33.813475733213004	47.28112461148169	33.813475733213004	-4.0205939535470385	46.637512824460146	48.0990832092053	178.65159055817304	-0.14570004946537551	6.8366369204354385	0.7310272680011991	7.968171800459814	-3.667234803853713	-5.5489893043110206	-17.62989105153637	13.467648878268683	-17.62989105153637	-4.1622421732676855	33.67182751349236	29.251	16.538353943566	16.149778930229196	16.150410489476144	16.149145103708797	74.0714516788866	0.029550702746098893
 archi-vowels-PSX.wav	ó	25	20.425	198.67895937680768	419.267	874.718	3155.229	32.159909753000676	28.318422991985415	23.560568236205548	25.438838584020367	14.010719224790428	42.67791601632706	-8.102074070262663	7.292549276109318	34.802683409371575	47.01664357099582	30.088674250750223	47.01664357099582	28.568935829922253	12.027721854295168	45.49623321708315	49.05233605105711	170.01966304076726	3.841486761015261	4.757854755779867	6.721071168980309	18.149190528210248	-10.518006263326384	-15.394623346371981	-12.213960161624243	16.927969320245595	-12.213960161624243	6.233747579449322	22.77496155507641	27.98	28.230849679081803	24.10336269942597	24.100751361696865	24.049122479133345	74.52357965688181	0.039006283388735886
 archi-vowels-PSX.wav	ó	25	20.464	204.42105704911842	457.376	1032.846	3091.697	31.13566875496752	32.980136708028574	25.968555810672086	25.417110640914736	19.68301508358912	37.808941597064205	-1.2593130148676663	2.8994096058511696	33.401148783846764	47.59236219405669	27.66265749381807	47.59236219405669	33.673254875155244	12.660018765782722	44.390301916996144	50.61089275621967	165.63257786170294	-1.8444679530610557	7.011580897356488	5.718558114052783	11.4526536713784	-6.6732728420966865	-4.1587226207188355	-14.191213410209926	19.92970470023862	-14.191213410209926	-0.27210609130847985	20.74113001806404	26.303	29.368088197971673	20.527178572668404	20.510519175998184	20.44979085656092	75.59288413452386	0.05708250684246632
 archi-vowels-PSX.wav	ó	25	20.503	215.01232626928666	508.979	1446.659	2910.664	28.291652988286025	34.32373426566345	1.7411645588572648	23.766618537149785	19.18445927256078	34.06784222710678	10.146813117334336	12.13784027648562	30.180484573687544	45.647379338043734	0.1728688636476909	45.647379338043734	30.347877616215758	20.475049595505638	46.898567301318906	57.047052699018344	150.83242710431452	-6.032081277377422	32.58256970680618	4.525034451136239	9.107193715725245	-5.776189238820756	-1.991027159151285	-15.46689476435619	45.47451047439604	-15.46689476435619	-0.1673930425282144	9.705434978181906	21.216	29.563490741257958	16.200304264119826	15.674175825208671	15.541467960515796	74.44723886280995	0.05242474133982671
 archi-vowels-PSX.wav	ó	25	20.543	196.56774584313638	432.898	1705.216	2851.042	32.341492753482996	26.607749056660403	16.649925777681034	22.17885552848854	12.746116479547986	19.713965474840528	15.561638077434177	1.4504056543089825	34.44352096052605	41.05143675212127	11.515378027657096	42.55369993045504	18.453769460542073	8.733317876287025	44.444772298220684	61.659512743214705	138.7024954613438	5.733743696822593	9.957823278979369	10.162637224994455	19.59537627393501	12.627527278642468	14.111232423125195	-6.607915791595218	29.536058724464173	-8.110178969928988	15.989751499983978	25.710203084239026	17.373	12.86131282852747	13.718960985782555	13.461984735324892	13.393072549746513	70.4511951610613	0.04530201207124441
archi-vowels-PSX.wav	ṵ́	26	21.252	--undefined--	396.603	728.218	3202.118	--undefined--	--undefined--	--undefined--	--undefined--	--undefined--	--undefined--	0	0	0	0	0	0	0	0	--undefined--	--undefined--	--undefined--	--undefined--	--undefined--	--undefined--	--undefined--	--undefined--	0	0	0	0	0	0	14.252	0.5002266718693398	-0.000837005974068063	-0.02675207436199078	-0.04871224712732848	71.35963447222872	0.029211994118429566
 archi-vowels-PSX.wav	ṵ́	26	21.286	190.689608765196	396.952	744.883	3261.807	30.125914752043776	25.393818934904225	11.585792275852235	23.69526405943244	16.155331945847756	26.717102687584827	-22.825032953264788	-17.40669835461349	32.96081988664717	45.24372117188125	24.897286758044782	45.24372117188125	32.100531607061846	-9.152255797540354	46.48041714020912	47.29720786347218	177.92016849045723	4.732095817139552	13.80802665905199	6.430650692611337	13.97058280619602	3.4088120644589495	-5.418334598651299	-12.282901285234075	20.346434413836466	-12.282901285234075	0.8602882795853262	42.11307568418753	10.565	13.405923116511492	10.057502984161626	10.057757689909534	10.057510062692877	74.58839269689788	0.05000670778939067
 archi-vowels-PSX.wav	ṵ́	26	21.319	176.89076109627612	386.019	848.119	3314.509	31.53551326157789	34.77671549161825	27.964860289594853	30.075536647011518	15.975344962146139	25.262990475379492	-18.640744895928673	-11.623512535932372	33.94043362350153	50.58885603397147	30.760657172138494	50.58885603397147	29.609728424347562	-9.101333044501247	46.028385030184126	46.35792573086318	177.36815745674298	-3.241202230040358	6.811855202023395	1.4599766145663722	15.560168299431751	6.272522786198397	-7.017232359996301	-16.64842241046994	19.828198861832973	-16.64842241046994	4.3307051991539645	43.04176666800277	16.91	15.51227931194652	12.33514521782341	12.33526840606742	12.335009965341666	76.46860061237962	0.029180704415917056
 archi-vowels-PSX.wav	ṵ́	26	21.353	178.85907326092666	449.873	1097.202	3101.423	31.16615909821151	37.53946902883522	3.791594417550302	24.55767188915525	19.040201716693744	17.91858734280707	-6.666044219535	-13.358348450536957	32.883267222676096	47.004223484241066	4.904111891673461	46.79405322415811	32.38969809380157	-5.937759123274347	41.89725686022493	47.97122391544047	156.61649423372515	-6.373309930623712	33.74787461128492	6.608487209056257	12.125957381517765	13.24757175540444	6.692304231001956	-14.12095626156497	42.10011159256761	-13.910786001482016	0.4935691288745261	38.82102634595044	12.352	2.573719602706503	1.562273380093406	1.562526862002318	1.561721672651368	75.15201748789883	0.04894572765940063
 archi-vowels-PSX.wav	ṵ́	26	21.387	157.42415612828518	462.014	1779.029	3080.631	25.78050449913823	31.444472181955586	24.1655553255441	28.518046449388745	16.57807814063949	26.79062703607402	18.567413342089846	-5.084963806394943	26.914654952351732	37.082606709611916	26.62791511896245	50.527206637769275	23.56056316188504	14.925189398818624	39.40035652836576	58.31960315808475	146.26162288728315	-5.663967682817354	7.278916856411485	-2.737541950250513	9.202426358498741	-1.0101225369357891	23.65237714848479	-10.167951757260184	10.454691590649468	-23.612551685417543	3.3540917904666934	11.989465553533108	16.172	2.7175638069043018	2.9879022598560994	2.98348493726866	2.9825876548072645	74.1577874383028	0.0332254514336784
archi-vowels-PSX.wav	ó	27	22.329	249.02749306751568	415.447	1045.665	3116.414	38.8030260213482	31.13863187873823	17.533836914204016	20.49628355338598	19.52041285668225	39.483144772949345	2.7418531255845213	1.6582059853607785	43.102497095486726	40.19049017249979	23.529502323640482	40.19049017249979	30.460752901732672	11.6619288654271	51.27637146574407	56.01932506684253	185.91411803574292	7.6643941426099715	13.604794964534214	18.306742467962223	19.282613164665953	-0.6801187516011424	1.0836471402237429	2.912006922986933	16.66098784885931	2.912006922986933	12.641744193754054	31.440568230059625	15.127	11.98941420631481	4.469087714164816	4.330625464375549	3.9818739447996956	74.15992285966504	0.067483508020522
 archi-vowels-PSX.wav	ó	27	22.38	284.4166117768248	557.385	1099.061	3018.846	42.67732668941676	29.951604054768765	23.97168695233897	29.30481801286222	18.88779579224768	40.38620877582242	12.627535892465932	6.840120348392759	45.872228785323756	51.951160644377495	34.84241361034343	51.951160644377495	34.88495619555951	19.579221468672667	55.45472748066051	60.68311111446707	187.86773035692576	12.725722634647994	5.979917102429795	13.372508676554538	23.78953089716908	2.2911179135943414	5.787415544073173	-6.078931859053739	17.108747034034067	-6.078931859053739	10.987272589764245	26.29300731665109	23.687	23.97853404440803	18.12751178773827	18.10539764296903	17.96161204120922	80.46495540683098	0.07610246579905232
 archi-vowels-PSX.wav	ó	27	22.43	330.5065727556864	617.752	1203.884	3016.486	43.02001381842952	37.95128362179412	35.198576721023215	35.822661921742636	22.794592457552714	48.60813278704942	17.397273442832436	10.127247113629789	46.59830552032395	56.07764673387979	37.57789652439668	58.508954510673306	38.9505089229682	30.787537850566352	61.697604263938096	67.42309957184906	204.71964845337627	5.0687301966354	2.752706900770903	7.197351896686882	20.225421360876805	-5.588118968619902	7.270026329202647	-9.479341213555841	18.49975020948311	-11.910648990349358	7.64779659735575	15.810767669757595	20.081	22.222557854410407	20.330952436429477	20.33891915737194	19.96635800232527	86.51526017577687	0.08788333162056092
 archi-vowels-PSX.wav	ó	27	22.481	386.5447173482408	718.23	1441.039	2632.6	41.673504902107524	39.38103791000644	37.4522825582533	35.00531820620963	29.06211216317957	26.745878360717345	33.74659582823456	15.736451886538756	45.26400770181703	56.88229964091123	42.15931389097168	57.79196661066369	44.701747905566265	21.456685115519512	69.53490370628609	79.3767811139868	173.05658195189812	2.292466992101083	1.9287553517531393	6.668186695897894	12.611392738927954	14.927626541390179	18.010143941695805	-11.618291939094199	14.722985749939546	-12.527958908846664	0.562259796250764	23.807322586297516	19.947	19.22814082244269	11.31212882246718	11.324160935353955	11.270880233357452	86.72057855926349	0.07279791024137516
 archi-vowels-PSX.wav	ó	27	22.532	381.1992211557038	790.526	1803.49	2961.997	36.60666655467966	18.45715454098724	22.7700944063932	18.868231800006676	20.085843806594653	16.69886246307228	33.355468421291306	12.49569109870011	39.28745427895787	39.26472871023317	24.93209870281385	41.842009866418024	33.355468421291306	12.964955109920249	69.71098684654388	94.29664523893022	215.721677509176	18.149512013692423	-4.3129398654059585	17.738434754672987	16.52082274808501	19.90780409160738	20.859777322591196	0.022725568724695222	14.332630007419322	-2.5545555874601575	5.931985857666561	26.32249916903762	9.766	22.46844176637975	14.868723355597322	14.656056399782502	14.565258597726974	77.25166647131425	0.01081557379228656
archi-vowels-PSX.wav	ó	28	23.118	196.31671589900853	605.889	1119.712	3194.534	36.99350718792033	24.306417397554224	-2.485902467516837	8.520544799676326	10.09617964714457	35.03255476210984	10.019629382459849	5.967458174654347	38.22396746620277	30.138217065238194	6.683412969333293	33.8434877913	29.441831661514968	15.188163663481138	46.50051766441005	50.23965975139842	173.1926741264417	12.687089790366105	26.79231986507106	28.472962388244003	26.89732754077576	1.9609524258104898	4.052171207805502	8.085750400964578	23.4548040959049	4.380479674902773	8.782135804687805	23.035803802721635	18.207	17.444650563743135	11.21046798383503	11.20683199902796	11.169371835776165	68.31424259822708	0.0468627558547391
 archi-vowels-PSX.wav	ó	28	23.142	213.9266258473455	476.65	1067.308	3093.68	42.01289363048821	29.661277955688135	33.03393290813117	22.17719540431166	21.590338330525412	37.97084680575682	1.1077336723388114	10.358526124662806	44.306338725323606	44.589710352614524	35.00071791234629	44.589710352614524	35.81941727996257	13.978196461201831	45.20069373984919	51.97266139833316	169.55480300866668	12.351615674800072	-3.3726549524430354	19.835698226176547	20.422555299962795	4.042046824731386	-9.250792452323994	-0.2833716272909186	9.588992440268235	-0.2833716272909186	8.486921445361034	30.328142264121773	19.946	16.88676189471556	12.44597475926743	12.437627211026578	12.334398619828498	75.43982693319555	0.07977604635258208
 archi-vowels-PSX.wav	ó	28	23.166	206.6071702393285	572.154	1037.012	3158.083	39.20501541505394	37.46574423422266	20.259511445827698	16.405508091637344	20.189653546650376	38.439541838661896	2.0100485289379906	5.768511965233326	40.763713629398154	45.29085152948625	28.234635946811984	41.253737435678765	39.232314339519725	16.365089966774768	47.144494834570246	50.89768683828478	173.54524788623405	1.739271180831281	17.206232788394964	22.7995073234166	19.015361868403566	0.765473576392047	-3.7584634362953357	-4.527137900088093	17.056215582674263	-0.49002380628061104	1.5313992898784292	24.398623662623386	15.406	6.1418360545878254	0.029047318680870782	0.02351935294385901	0.002135674472193881	76.1433593161786	0.06442414097854321
 archi-vowels-PSX.wav	ó	28	23.191	158.49952230713052	577.592	1325.552	3080.968	26.94809419863205	35.35193209753052	14.203550419837267	15.392480731966302	9.924153772746351	28.73304128665585	0.2918351690084622	1.348260996595172	27.750869795400355	38.960033052639254	29.688596886451965	40.02605897328174	26.257710021183513	13.970002317286623	41.90461879817571	47.71930017771168	146.70976932462472	-8.403837898898473	21.148381677693255	11.555613466665747	17.023940425885698	-1.7849470880238023	-1.0564258275867098	-11.209163257238899	9.27143616618729	-12.275189177881387	1.493159774216842	13.780867478113732	13.376	1.343433265634582	2.932098511579741	2.8335662113835154	2.795630575063109	71.9840409634365	0.028529231668392944
 archi-vowels-PSX.wav	ó	28	23.215	133.57472182167663	554.158	1667.375	2961.853	21.761720491811776	29.761847131656964	22.59524217292695	19.565947005785254	10.195925020914387	23.85859922924958	5.503391711989245	5.8294426164530835	22.335990648911277	32.275405439553836	43.69046462923465	43.69046462923465	22.413887954010047	16.147919004139442	38.825610287633744	51.262859004491844	126.85722012945558	-8.000126639845188	7.166604958730012	2.1957734860265212	11.565795470897388	-2.0968787374378053	-0.32605090446383844	-9.939414790642559	-11.415059189680811	-21.35447398032337	-0.07789730509876946	6.188071644771835	13.992	3.1952971491583178	3.5516331389962685	3.2894428600694874	3.2186767703702324	69.53639952644014	0.01720510322445381
archi-vowels-PSX.wav	óːˤ	29	23.745	202.21579374972353	495.32	1102.052	2564.733	37.95923286319313	36.6679727120748	21.222321804339014	23.750984434884103	15.837165732709657	32.09294917392339	7.692539698726471	5.622113269699625	39.82937875533109	47.234771467188935	23.490444167521854	46.71769775571925	30.678977990010633	18.265532159983664	44.2041815549746	50.816260702620376	114.63136535971483	1.2912601511183297	15.445650907735786	14.208248428309027	22.122067130483472	5.866283689269743	2.0704264290268464	-7.405392711857843	23.74432729966708	-6.888319000388158	9.150400765320459	21.563846595347428	24.696	35.07370443265361	24.59892639161466	24.415598116606052	24.008314576099835	76.3907095637605	0.0772720774017006
 archi-vowels-PSX.wav	óːˤ	29	23.815	196.97787883409367	462.098	1050.313	2110.084	37.89152014970716	35.13947782396463	28.390538702066294	24.917024861807	21.742055982881958	23.163015010685474	16.13532081841313	2.851084025970667	39.930261851780315	47.32395908385237	29.949665539123565	47.32395908385237	35.872624931048435	16.13532081841313	43.52822616595857	49.832065012216724	80.64537834746626	2.7520423257425293	6.7489391218983386	12.974495287900162	16.149464166825204	14.728505139021689	13.284236792442464	-7.393697232072057	17.374293544728808	-7.393697232072057	4.0576369207318805	23.794941033367184	23.668	31.945544240734733	25.98515144062538	25.803500307316718	25.775774063957243	75.79003402223024	0.07788667690511565
 archi-vowels-PSX.wav	óːˤ	29	23.886	191.96528179584155	439.734	988.158	2081.637	34.69057756924735	33.51537271986936	25.968684197985837	24.81437204227438	22.49409669991659	25.299360631378956	16.700693576039587	6.962669525542571	36.84426185666612	46.81784187429492	27.74880537447203	46.81784187429492	36.50820276603323	16.700693576039587	43.63623954975382	48.86874503344848	78.04271996596495	1.175204849377991	7.5466885218835245	9.876205526972974	12.196480869330763	9.391216937868396	9.738024050497016	-9.973580017628798	19.06903649982289	-9.973580017628798	0.33605909063289374	20.143568280626535	28.612	33.002432954763286	27.167273639164367	27.049998890503183	27.028537257494666	74.74430930166992	0.05871441092065738
 archi-vowels-PSX.wav	óːˤ	29	23.956	183.86679839762417	473.413	966.417	2065.705	32.65188548688954	38.24900451844797	28.194203684846457	24.062205629897683	19.3507719462729	23.249330056066032	16.011658759420577	7.282507203662135	34.3825743597575	47.48656988033515	32.66798916364128	47.48656988033515	35.49369193100514	16.011658759420577	42.06921449153571	47.79231702205535	75.63222297091892	-5.597119031558428	10.054800833601512	8.589679856991857	13.30111354061664	9.402555430823508	8.729151555758442	-13.103995520577655	14.818580716693873	-13.103995520577655	-1.1111175712476395	18.37091560033692	27.543	30.600450223582524	25.170905873428513	24.826876719785353	24.797833537771975	76.34688283120006	0.04703118674111812
 archi-vowels-PSX.wav	óːˤ	29	24.026	182.43683593168407	490.121	1130.481	2594.329	29.290972028122635	35.924091219452386	30.452913164634325	18.261253818806267	21.778356237851142	23.00437268841615	7.158778034620829	14.56879464441757	30.807767470608557	43.79222386541911	33.41453666564795	41.42054352435171	36.444313753769634	9.41149480103301	42.039281561908645	48.646838894042226	111.66120486863782	-6.633119191329751	5.471178054818061	11.029718209316368	7.512615790271493	6.286599339706484	-7.410016609796742	-12.984456394810554	10.37768719977116	-10.61277605374315	-5.636546283161078	21.396272669575545	0	34.916041878781	23.592826268564707	23.54560552715806	23.4917959377292	72.94364232335566	0.031980593009290015
archi-vowels-PSX.wav	óːˤ	30	24.831	191.41056608365366	545.538	1409.546	2520.057	30.294849012413028	35.067650029069654	27.725113218915315	24.707411397980874	18.409764300257475	24.096523451011272	14.628630520930027	10.85766540435866	31.591693324416944	41.55662259337571	31.009682579682515	47.803106749720655	31.85807904211994	18.74870699188454	45.03069386888453	53.241763253669575	108.07100178581052	-4.772801016656626	7.342536810154339	5.5874376144321545	11.885084712155553	6.198325561401756	3.770965116571368	-9.964929268958763	10.546940013693192	-16.21141342530371	-0.26638571770299535	12.842986332532405	21.911	10.515067025335668	7.367965572668379	7.29329016026945	7.265193700967343	76.83474405025602	0.08384316179874243
 archi-vowels-PSX.wav	óːˤ	30	24.891	181.89072750527865	546.166	1132.001	2263.924	31.783846278215822	32.197272902489125	32.47125652439733	13.169149956394683	12.063245106968957	25.459344709442895	20.274995660703404	4.083927716694438	33.02709115272262	38.18818416193949	39.27127041107315	37.365120771374485	29.09795995207192	20.274995660703404	43.99924812449102	48.592629365932424	87.13277486529378	-0.4134266242733027	-0.2739836219082079	18.61469632182114	19.720601171246866	6.324501568772927	16.191067944008964	-5.16109300921687	-1.0830862491336575	-4.338029618651866	3.9291312006506978	12.752095492019215	25.876	13.477753350444324	11.8078930126862	11.737008947202241	11.73357666417942	71.85804133168051	0.05974226692216042
 archi-vowels-PSX.wav	óːˤ	30	24.95	167.22040463171663	552.384	852.157	2141.336	30.341662254201005	36.835363266277824	23.736725221200686	11.488396264038919	16.93256175469513	27.77075772956337	19.469478191233474	4.322366643533092	31.513531463735184	42.223078132908014	38.50178167140109	38.50178167140109	39.65051877984544	19.469478191233474	42.492344969738596	45.24980786031012	76.62785997835176	-6.493701012076819	13.098638045077138	18.853265990162086	13.409100499505875	2.5709045246376334	15.147111547700382	-10.70954666917283	3.721296461506924	-6.9882502076659065	-8.136987316110257	12.04405327250171	23.573	26.204564314905493	20.114980757513408	20.090650915978475	20.081911413471836	71.18012672154218	0.06468408948562746
 archi-vowels-PSX.wav	óːˤ	30	25.01	165.19912741636458	453.06	865.871	2153.118	27.81336445817037	33.09670864709181	24.96004116840369	16.81936502994985	12.20555089031457	21.314262815768526	9.51037165263702	-3.0710935267494053	29.366010119592595	40.95335145332559	31.445024046630138	40.61050122745079	29.433814132316094	9.51037165263702	40.38051496733718	45.08476529953016	76.89331972731634	-5.28334418892144	8.136667478688118	10.99399942822052	15.6078135678558	6.499101642401843	12.581465179386424	-11.587341333732994	9.50832740669545	-11.244491107858195	-0.06780401272349934	19.855638466955575	26.51	31.95605554215003	24.453665284939742	24.378497041265327	24.36159645312096	69.87264346694242	0.060169500365303316
 archi-vowels-PSX.wav	óːˤ	30	25.069	161.44059916849787	483.115	1046.347	2485.064	18.088187865307315	27.59081995132218	11.236683422143063	-0.8741239235215126	-8.435667987335165	11.735139243315007	-3.1645885010261923	-6.1347198169550925	19.32041109024254	33.54762408494724	17.435904523967675	22.915059486670568	7.4876285473505515	-1.3046432752023502	39.76543313283593	45.56211902992446	97.62590305865625	-9.502632086014867	16.35413652917912	18.962311788828828	26.52385585264248	6.353048621992308	2.9701313159289002	-14.227212994704697	16.111719560979562	-3.5946483964280276	11.832782542891989	20.62505436544489	26.471	4.778277094893318	2.7589011315951066	2.7420217265505165	2.7165818428536186	61.7707944803571	0.029253476067006977
archi-vowels-PSX.wav	óˤ	31	25.773	211.14819350462358	585.075	1283.805	2121.106	37.58989152420128	37.6181361522663	29.31910347601038	23.464184351868692	27.805663736164025	29.818617478774733	31.625528019852972	9.020457259042695	39.03395731443473	44.9285229380532	33.52934444934871	47.25211906459049	43.79784536463375	31.625528019852972	47.850315249452855	53.75875224573377	84.06156949581226	-0.028244628065024813	8.299032676255923	14.125707172332586	9.784227788037253	7.771274045426544	22.60507076081028	-5.894565623618469	11.399178488704486	-8.218161750155758	-4.7638880501990215	7.408429294581758	27.614	20.588405243450268	9.814989434783374	9.455167855490034	9.435992895942654	77.85489540520027	0.08680625706029371
 archi-vowels-PSX.wav	óˤ	31	25.814	216.71295089490982	603.627	1342.103	2176.014	39.969525617279615	40.89474847693032	28.141354051347314	25.638704485893562	27.578596916216874	32.230277561437035	34.434848296875195	8.996438681433155	41.391778684723086	48.07464856331058	32.2919325304979	49.47814390094858	43.42404321166934	34.434848296875195	48.7461730774666	55.319796072288845	88.66686939821153	-0.9252228596507024	12.753394425583004	14.330821131386053	12.390928701062741	7.73924805584258	25.43840961544204	-6.682869878587496	15.78271603281268	-8.086365216225495	-2.032264526946257	6.9569303878478905	30.047	33.37692900577124	25.445352884385454	24.850411515247153	24.820775862300387	80.12019824638304	0.11934165562497767
 archi-vowels-PSX.wav	óˤ	31	25.855	224.94357308777984	620.823	1372.788	2233.705	38.16025710656065	39.03089176786586	30.171124568726082	27.35094855860537	23.812228755824908	28.85566102689103	30.699885953399825	6.369015819944482	39.61329753271723	46.41093467758828	34.20476175644173	51.25433782316107	39.73287419091917	30.699885953399825	49.909059632190946	56.88962047704865	94.30718352339727	-0.8706346613052105	8.859767199139778	10.809308547955279	14.348028350735742	9.304596079669619	24.330870133455342	-6.797637144871047	12.206172921146553	-11.64104029044384	-0.11957665820193597	8.913411579317408	27.406	22.083598033961465	18.735949265326454	18.351257695678328	18.33362630012172	80.652796910359	0.0962462270952863
 archi-vowels-PSX.wav	óˤ	31	25.896	245.76335380090583	673.642	1429.504	2220.245	38.00674611353385	34.508445403705885	32.59328620291511	23.12713404491653	19.60512345772708	26.942249892506467	30.266905865669308	3.9001492294098528	39.502590529775354	42.12959596544037	37.08954354031344	47.42475096380787	36.227120890174234	31.42167913772341	52.92506391665108	60.698756596065216	97.73157014058711	3.4983007098279657	1.9151592007907752	14.87961206861732	18.401622655806772	11.064496221027383	26.366756636259456	-2.627005435665019	5.04005242512693	-7.922160434032513	3.27546963960112	8.080911392051945	24.672	27.390941239475495	16.10996212848579	15.630698625750545	15.610270622249836	78.97982169432791	0.0791310852825776
 archi-vowels-PSX.wav	óˤ	31	25.937	276.34848719720543	597.173	1651.202	2333.679	41.58478207370235	22.89660745047621	20.86829548056996	17.49114525215088	18.099358806657662	15.601983833104626	24.30818922869388	10.348891865543553	43.90873704904345	39.40170348356127	18.358316118845334	39.40170348356127	29.035890403333564	19.057208829323784	55.29542040732722	71.34965643452044	113.40404797551052	18.68817462322614	2.0283119699062517	24.09363682155147	23.485423267044688	25.982798240597724	13.959297363150327	4.507033565482182	21.043387364715937	4.507033565482182	14.872846645709888	24.85152821971967	0	11.01356427749764	8.560482269181101	8.062316704103013	8.023827817588495	72.63277400032227	0.07684858315679151
archi-vowels-PSX.wav	óˤ	32	26.572	196.81132512007377	550.434	1303.475	2153.112	24.722450941746335	31.504116598580236	23.025540546329385	20.14610176691361	16.33139105067299	21.988576408526065	22.606900236926684	1.8037694147877612	26.10459761503689	38.479948393502696	26.56336508500019	43.48604820367213	31.067662432453776	22.606900236926684	45.70635244133488	52.23479865780455	83.20336719676024	-6.781665656833901	8.478576052250851	4.576349174832725	8.391059891073343	2.73387453322027	20.80313082213892	-12.375350778465805	11.916583308502506	-17.381450588635236	-4.963064817416885	3.4976973781102068	18.339	4.706785935290555	0.9674363773482464	0.7351437106434335	0.6286546341246981	73.02308228255083	0.052500537607836975
 archi-vowels-PSX.wav	óˤ	32	26.607	187.3817530841825	566.347	1309.587	2227.622	31.053064207046425	36.51761483582705	22.584169195783932	22.521720513876314	21.020857730167943	24.58609072720064	20.22663700594226	0.648665845136537	32.235139968290135	42.21814512713523	28.470384862354592	46.34985190727765	36.48776581737256	24.337194083537295	44.92992122316105	51.13625949091087	85.95388133267839	-5.464550628780621	13.933445640043114	8.531343693170111	10.032206476878482	6.466973479845784	19.57797116080572	-9.983005158845096	13.747760264780638	-14.114711938987519	-4.252625849082428	7.89794588475284	24.73	17.061107448166027	10.696890278636006	10.561227220352535	10.557406810722291	74.85439403115055	0.06450433043080821
 archi-vowels-PSX.wav	óˤ	32	26.642	172.1933186195938	541.658	1270.766	2195.973	31.869335168511284	38.64514862112859	26.814458176167925	27.01040047513517	23.070051193383335	27.434108794278163	26.61340905173358	-1.3851895448550013	32.95147014336424	43.76911511338338	33.96029070564547	50.80289037874742	38.38027576241859	26.61340905173358	42.863146091712906	48.74498116477455	80.8180195271784	-6.775813452617307	11.830690444960666	4.8589346933761135	8.799283975127949	4.435226374233121	27.998598596588582	-10.817644970019138	9.808824407737909	-17.85142023538318	-5.428805619054351	6.33806109163066	24.817	22.573321045305825	14.93818911192369	14.78500137590041	14.790909389739413	76.95012496652167	0.0870390406402286
 archi-vowels-PSX.wav	óˤ	32	26.677	169.83909808761322	536.578	1364.443	2210.579	31.91165752663612	37.631767829421065	29.574139579532716	19.50755295288192	17.2759698234009	20.136774364780443	18.660069608132215	-0.5028204897127466	32.96007511174379	42.59880410867916	36.36970214485862	43.00606898786137	31.3593177164806	20.781094377855798	42.52088729424408	49.71456340014896	81.2121524388458	-5.720110302784946	8.05762824988835	12.4041045737542	14.63568770323522	11.774883161855676	19.16289009784496	-9.63872899693537	6.22910196382054	-10.045993876117578	1.6007573952631908	12.178980733887993	23.395	12.124341734699096	10.434797062423673	10.274913679318576	10.266499877406032	71.50858995797643	0.07756699525354774
 archi-vowels-PSX.wav	óˤ	32	26.712	173.92548540728285	454.577	1473.264	2192.551	33.53187009994596	30.700218041970153	24.489410369520467	13.55011040462476	13.500608763953224	19.744416295707282	17.09667917992056	-3.5310634613614598	35.019151017730834	38.70797479518243	24.120518869619538	35.28153481840149	23.039048567415684	19.983765092860065	41.25961595983975	52.186063262805504	80.96847737911871	2.831652057975809	6.210807672449686	19.9817596953212	20.03126133599274	13.78745380423868	20.62774264128202	-3.6888237774515957	14.587455925562892	-0.2623838006706549	11.980102450315151	15.03538592487077	21.167	17.723961379573325	11.291019229960046	10.800560079649717	10.801329039608463	66.56507247719776	0.06994169111942636
archi-vowels-PSX.wav	í	33	27.229	251.1577730830044	467.829	2668.715	3381.021	39.90981811046847	22.545987542446888	12.67913101270376	17.62936973491111	23.444739986008635	23.565243081960844	-4.96831969480726	14.716913478231252	42.905250210541155	37.41994050706021	2.893006657012857	37.50567856771072	19.435012361358535	18.023203884813157	49.10967635898228	137.98720872789988	218.79305805621172	17.363830568021584	9.866856529743128	22.280448375557363	16.465078124459836	16.344575028507627	-19.68523317303851	5.485309703480944	34.52693385004736	5.399571642830438	23.47023784918262	24.882046325728	17.087	7.585827394214829	7.471789852704286	7.46980176964594	7.356934926925028	71.64779066179783	0.0427451719973751
 archi-vowels-PSX.wav	í	33	27.247	244.9976893833919	486.677	2675.545	3419.043	40.76781560123486	19.986065549754777	16.95927905086358	19.880169165561576	29.652018512321256	26.46797407116964	-1.9229519894961329	19.78884427904368	43.35430522958963	40.22422508506851	8.546349569521697	40.22422508506851	26.397635862699154	21.073225273094355	48.51914045499723	136.85439144885643	220.6297747449883	20.78175005148008	3.026786498891198	20.887646435673282	11.115797088913602	14.299841530065219	-21.711796268539814	3.1300801445211164	31.677875515546816	3.1300801445211164	16.956669366890473	22.281079956495272	25.681	17.107715610063345	17.170884198031953	17.157650947006424	16.35132113689274	73.82169873261742	0.04643225177554646
 archi-vowels-PSX.wav	í	33	27.265	246.44239218272318	489.035	2692.425	3414.891	42.709254991049846	20.323997768585983	23.780293210808455	20.18748921007728	34.73186296523035	30.50804960186943	5.784728057025932	18.538822919646773	45.30184358389224	40.53921963232664	15.34246149235923	40.53921963232664	31.37649303534124	25.539202619980045	48.70644272239523	138.95329029324262	220.79892871363694	22.385257222463864	-3.4562954422224728	22.521765780972565	7.977392025819498	12.201205389180416	-12.75409486262084	4.762623951565601	25.19675813996741	4.762623951565601	13.925350548551002	19.762640963912197	29.729	26.665921007726258	25.650181100805632	25.587684304978765	22.97102643229595	75.40140451127722	0.056552591652941527
 archi-vowels-PSX.wav	í	33	27.283	247.51456348305464	489.564	2652.717	3300.974	43.44618469758056	20.191669409494718	28.396366060038865	19.938024267842	29.927761636789405	30.07117188449236	7.163403181237745	14.81891172050426	46.06066751526305	40.287248922992546	19.93662327945582	40.287248922992546	26.9517753682555	26.84044108652822	48.827496755887516	135.3481874320537	207.28088260319396	23.254515288085845	-8.204696650544147	23.508160429738563	13.518423060791157	13.375012813088201	-7.655508539266515	5.773418592270502	20.350625643536727	5.773418592270502	19.10889214700755	19.22022642873483	26.481	32.228115737622424	32.033304056860786	31.731228608073806	25.391438861674263	75.8442813930074	0.059240327915140625
 archi-vowels-PSX.wav	í	33	27.301	241.4649042000798	490.101	2420.303	2976.867	43.8555034282437	19.748530582561415	29.351832139155	19.432926452738315	28.85804025041464	24.603307741379986	15.958890231755621	11.753392881842743	46.33468672530019	39.96526563124578	21.692389862605065	39.96526563124578	28.327693732905637	24.69345731226052	48.205102924167264	112.52533501171547	167.21615889437544	24.106972845682286	-9.603301556593586	24.422576975505386	14.997463177829061	19.252195686863715	4.2054973499128785	6.36942109405441	18.272875768640713	6.36942109405441	18.00699299239455	21.641229413039667	21.19	21.504776359347858	21.20148833714593	20.366201597778616	18.976537936872123	75.88076226346735	0.06370880257030052
archi-vowels-PSX.wav	í	34	27.857	227.48209624519185	432.874	2577.711	3268.967	31.858932106559646	22.866447812210737	21.933607667485305	21.604848648997066	21.353710353726978	20.777056714836444	-0.3906378996280366	10.243167592877157	34.69791122328091	39.413697111959046	12.44868226453429	41.03025427589559	17.284210017032994	15.106398576677131	47.744435470129496	122.65593526724565	194.686392661256	8.992484294348909	0.9328401447254322	10.25408345756258	10.505221752832668	11.081875391723202	-10.633805492505193	-4.715785888678134	26.965014847424754	-6.332343052614675	17.413701206247918	19.591512646603782	13.458	2.3228321662894045	23.49550052387094	23.98234644253952	24.96666613166335	69.24582771182435	0.027254813475853918
 archi-vowels-PSX.wav	í	34	27.88	222.82144740796537	452.201	2637.38	3381.342	37.927728140048416	22.311731495341967	18.697260189109876	22.033935008049465	26.534301210510097	23.794520318017714	-2.8259757873346034	11.997598743000463	40.38056005725938	42.08651974181133	10.57900536645314	42.08651974181133	22.75399062497985	17.655823700763523	46.445126556587255	126.78299816826609	205.67204608715838	15.615996644706449	3.6144713062320903	15.893793131998951	11.393426929538318	14.133207822030702	-14.823574530335065	-1.7059596845519494	31.50751437535819	-1.7059596845519494	17.62656943227953	22.724736356495857	19.337	5.268780991416669	5.17511517294195	5.147495970641513	4.914917944723422	71.88264385612857	0.045413349179873795
 archi-vowels-PSX.wav	í	34	27.902	216.28271463140746	425.704	2628.721	3349.452	40.59821199424265	24.58336602748084	20.237561512134743	24.16574267874989	29.9281660982063	35.16585820596315	3.1194337280511126	17.815621221453874	43.21817305763952	43.57022647475407	11.355204246126867	43.57022647475407	25.28495738463041	28.60306551261121	46.9707175758197	124.12783094208746	198.96507960863835	16.014845966761808	4.345804515346096	16.432469315492757	10.670045896036346	5.432353788279499	-14.69618749340276	-0.3520534171145542	32.215022228627205	-0.3520534171145542	17.93321567300911	14.615107545028309	24.629	22.116215477047568	21.672794316599205	21.563909267826673	19.79911083401	73.66930988834916	0.05754386225892901
 archi-vowels-PSX.wav	í	34	27.924	214.72631491242694	398.511	2637.385	3231.992	41.75095327458637	29.40706958412324	29.330033749675454	24.973197483348976	35.476658297364956	34.035271864432715	6.895986415926534	19.011635041938582	44.738093970771146	43.40445217989897	19.108054612398963	43.40445217989897	29.61205440686504	29.103081935499983	49.041167654911426	124.4657544724524	185.00264305815116	12.343883690463134	0.07703583444778417	16.777755791237396	6.274294977221416	7.715681410153657	-12.11564862601205	1.3336417908721785	24.296397567500005	1.3336417908721785	15.126039563906104	15.635012035271163	26.335	29.01459297987489	27.75293431257248	27.34932065423665	20.70844852451627	74.37077303718682	0.06556187848511405
 archi-vowels-PSX.wav	í	34	27.946	208.1584155088808	413.14	2517.522	3026.769	40.75774462715706	19.582851979415697	23.588101090061	20.47544454708335	23.34785979364255	15.263824608555097	7.987494087211885	10.632532312003269	43.3272637925827	38.62310789860483	14.906530728006917	39.62390935671205	19.423043018675223	13.767822043398732	46.98836597395817	112.25915984235176	160.2870862239509	21.174892647741363	-4.005249110645302	20.28230008007371	17.40988483351451	25.493920018601962	-2.645038224791384	4.70415589397787	23.716577170597912	3.7033544358706507	23.904220773907475	29.559441749183968	26.261	26.713776695998863	25.340558450355527	25.17903152515361	21.901844449440592	73.1675432310347	0.05769305596196187
archi-vowels-PSX.wav	í	35	28.843	227.67984533101128	423.972	2494.32	3263.815	40.064508652064724	29.185187645275988	20.421698239020188	24.98862030931657	24.4243482234002	26.452152010522298	12.540908829947053	12.37162517879555	43.0506162885057	43.76506647677628	10.54236776211239	44.138230844210725	20.806413606184112	19.090721700490153	48.31301859472643	115.37153128062381	194.17704831600685	10.879321006788736	8.7634894062558	15.075888342748154	15.640160428664522	13.612356641542426	0.16928365115150257	-0.7144501882705825	33.22269871466389	-1.0876145557050236	22.24420268232159	23.959894588015548	24.51	17.983789185108762	16.580652527322272	15.814821934008274	14.858957661798172	74.58423648944239	0.06606913622159581
 archi-vowels-PSX.wav	í	35	28.879	240.88593796775595	447.686	2569.905	3263.191	38.96050781879678	29.24721716663078	18.449082604234317	24.22950554647985	29.98780476452098	24.780460369865253	7.0101341444874885	9.00989849208806	41.96844490621693	43.83162262927509	8.60044633973127	43.83162262927509	26.33987393770974	19.43307063015324	48.48802942203771	125.60734734398723	199.83088116656018	9.713290652165998	10.798134562396463	14.731002272316928	8.972703054275797	14.180047448931525	-1.9997643476005722	-1.8631777230581577	35.23117628954382	-1.8631777230581577	15.62857096850719	22.535374276063692	23.569	24.285985968453417	23.852665680213168	23.24712982773532	21.33250275020888	74.20178246297438	0.06565811094851436
 archi-vowels-PSX.wav	í	35	28.915	254.46740161868033	458.319	2729.825	3330.695	39.866931790638944	26.97231815784418	17.430266379916098	19.806649290621404	30.202332122406432	25.251644659677154	8.594693220691422	14.01789854198649	43.10205825636131	39.02472559604236	6.880545038412539	39.396037730929685	25.187617548119828	21.491631332506262	49.60322244455226	145.16436759086827	214.0440717075817	12.894613632794762	9.542051777928084	20.06028250001754	9.664599668232512	14.61528713096179	-5.423205321295068	4.077332660318952	32.144180557629824	3.706020525431626	17.914440708241482	21.610426923855048	19.051	21.300354784693685	22.09464690272882	21.93995315726566	20.700334245783388	73.21929190037694	0.06653222524111302
 archi-vowels-PSX.wav	í	35	28.951	252.71226867681926	456.574	2675.626	3479.735	34.34212560660387	18.496621705206913	7.807350214276841	11.200728607433177	19.353130432777462	20.502358698215915	-2.046264454384753	1.6162091036282398	37.55570958453837	30.790380235710174	-2.637680020379864	30.790380235710174	14.814341449495238	12.643787883444134	49.460220344661934	139.1329911765678	231.98899638520325	15.84550390139696	10.689271490930071	23.141396999170695	14.98899517382641	13.839766908387958	-3.6624735580129926	6.765329348828196	33.428060256090035	6.765329348828196	22.741368135043132	24.911921701094236	16.2	18.177191885941365	16.274245135763692	16.234382642334296	15.278870758302274	67.64901825467311	0.03497509971092322
 archi-vowels-PSX.wav	í	35	28.986	239.57183876079478	296.568	2648.8	3432.311	20.896776766688166	16.717483922721595	11.326363792871721	16.136837447296397	15.182009570568873	17.699881237905224	-8.77663293645641	-6.428665803216535	28.853767742160397	12.828919851044152	-6.825535452290775	28.853767742160397	3.591610896696741	3.089402852171082	70.33607253091095	132.6722219614698	219.6838516517244	4.1792928439665715	5.391120129849874	4.759939319391769	5.714767196119293	3.1968955287829424	-2.3479671332398757	16.024847891116245	19.654455303334927	0	25.262156845463657	25.764364889989317	0	19.653107592612248	19.17211274446849	19.10169817740908	17.204594228112676	59.31945920918936	0.01487003581646656
archi-vowels-PSX.wav	í	36	29.567	218.10947000500417	421.681	2556.017	3145.372	41.97919899365872	29.859199206588702	24.608331948116017	28.34299316362482	31.5227958556829	19.181920424570848	13.033335236537333	14.405408735371896	44.71115725609168	47.589077614273165	15.399693152012397	47.589077614273165	27.38284378373907	15.64278906744625	47.435806305234664	118.18523655607619	176.82638543158546	12.119999787070018	5.2508672584726845	13.636205830033902	10.456403137975819	22.797278569087872	-1.3720734988345633	-2.877920358181484	32.18938446226077	-2.877920358181484	17.32831347235261	29.06836818864543	21.338	28.176729711880114	27.604732413350344	27.04017398246155	23.568916080890155	76.44227735118334	0.05449134342613154
 archi-vowels-PSX.wav	í	36	29.596	209.9690531989051	407.816	2645.787	3280.851	41.09513559925489	30.64005277672748	27.096089891704228	29.524562700771348	37.3742909148499	30.008601934117642	10.4122513817586	7.246647148774418	43.78710017798345	48.415105174929984	17.838090761629743	48.415105174929984	31.931979852372393	24.608079234572926	47.63224583638802	123.85581119398134	188.3885521912294	10.455082822527409	3.5439628850232516	11.57057289848354	3.7208446844049874	11.086533665137246	3.1656042329841814	-4.628004996946537	30.57701441330024	-4.628004996946537	11.855120325611054	19.17902094341052	22.079	17.654751265912378	17.369670250072517	17.1669048715733	15.159201469429233	76.74897152090074	0.04993778305894849
 archi-vowels-PSX.wav	í	36	29.625	189.6239634491076	389.489	2737.736	3307.639	35.50270152899802	34.65515018392689	27.917986649949313	34.008973889958526	31.855607952749363	27.18949107382442	6.071705383777683	9.791494654973402	37.85987340072677	52.563501010401474	19.72006417413105	52.563501010401474	25.15216357916335	22.549103516765356	47.12444982298273	126.03027286587033	182.32482808120287	0.8475513450711247	6.737163533977579	1.4937276390394914	3.647093576248654	8.313210455173596	-3.719789271195719	-14.703627609674705	32.84343683627043	-14.703627609674705	12.70770982156342	15.310769883961413	17.37	13.332791610595132	13.049827186692484	13.040113121901832	12.668132636114018	77.75514209038042	0.02397831289096257
 archi-vowels-PSX.wav	í	36	29.655	176.40466201794987	364.717	2729.63	3269.801	31.17462983638851	26.085724977898465	18.423786104993916	25.28246221798683	30.955628817351574	26.988077539168494	-2.778921830518783	6.405932444570754	33.48466571946685	42.98794733491356	10.287705495479225	42.98794733491356	23.455147477064177	22.24546318531585	48.570240065933795	121.26411300235844	172.54949136442883	5.0889048584900465	7.66193887290455	5.8921676184016825	0.2190010190369378	4.186552297220018	-9.184854275089538	-9.50328161544671	32.700241839434334	-9.50328161544671	10.02951824240267	11.239202534150998	15.881	2.584271035796919	2.2692035504620525	2.2611516446339572	1.8856945698996412	70.3553219821554	0.019581170866218807
 archi-vowels-PSX.wav	í	36	29.684	158.12473265570915	372.217	2667.925	3030.158	28.065930693033362	15.04480708923392	-2.0074127751295645	15.660046991073258	17.58287502894532	8.703979525256553	-3.7448409180464157	-3.188564290363118	29.801656245595215	25.652219299965115	-7.014638778807276	34.13861263759777	11.425817347038867	10.100225151145619	45.3949811702718	110.67775264981606	141.8670933154161	13.021123603799442	17.052219864363487	12.405883701960104	10.483055664088042	19.36195116777681	-0.5562766276832978	4.1494369456301	32.66685807877239	-4.336956392002552	18.375838898556346	19.701431094449596	15.391	2.9829676975001247	2.5320169480099874	2.4768740065003776	8.150021643535027	60.97245593332307	0.019421470599602236
archi-vowels-PSX.wav	íˤ	37	30.322	286.5521767376464	476.145	2672.873	3358.002	38.18032139822842	32.2321069543826	18.577863866926574	19.906178174434935	37.680707535585015	35.20527268303602	15.937536460563615	16.771358205859993	42.12714581298389	39.323475234152255	6.779571867037157	39.323475234152255	33.321444155698806	29.901781816569066	52.76487262478383	148.79800423292653	232.15084140049328	5.948214443845821	13.654243087456027	18.274143223793487	0.49961386264340746	2.9750487151924006	-0.8338217452963779	2.8036705788316354	32.5439033671151	2.8036705788316354	8.805701657285084	12.225363996414824	17.097	5.594171446671638	7.737685343077177	7.761916678231644	5.1580772839448406	72.90123382474225	0.03135572889243853
 archi-vowels-PSX.wav	íˤ	37	30.364	280.03612415192475	342.222	2816.115	3329.273	43.482868495452635	42.44533129975766	26.72347402585495	34.99871612918557	45.28398399022424	42.207327348321314	17.72462454709354	27.081539195495388	52.194024212556094	38.282800655430286	8.573711306493502	49.55982136626902	33.8923038761413	34.65479465240933	65.5140651850641	162.53351117754187	225.39260420783728	1.0375371956949735	15.72185727390271	8.484152366267068	-1.801115494771608	1.275541147131321	-9.356914648401848	13.911223557125808	29.709089348936786	2.6342028462870744	18.301720336414796	17.539229560146765	24.119	24.61821086257141	24.07922350445125	23.94379742094258	19.51236031268524	79.41400498717148	0.0904298209222935
 archi-vowels-PSX.wav	íˤ	37	30.407	236.07172031835518	409.901	2896.472	3353.827	40.787428222274436	30.989610099411884	19.698044910280217	21.89149795230503	36.31600145800486	30.633807152444188	11.686894612998156	17.50425330937256	44.283254895333435	40.31671545786766	8.035978948278036	40.31671545786766	28.149644654335155	28.149644654335155	50.33404637024997	156.62750496158452	208.51458404794587	9.797818122862552	11.291565189131667	18.895930269969405	4.471426764269573	10.153621069830248	-5.817358696374406	3.9665394374657765	32.28073650958962	3.9665394374657765	16.13361024099828	16.13361024099828	16.606	11.793234252637419	11.866208347616789	11.803458339060827	9.449263684084313	74.44460014587818	0.07253248631702887
 archi-vowels-PSX.wav	íˤ	37	30.449	169.33317782459787	449.628	2845.937	3514.729	30.80176633058322	31.23037654614555	19.83343466678614	15.109539311201056	23.854621307141905	22.37503806016295	-0.5560763559820404	-2.949437765715815	32.152086977304904	38.50429909721293	18.262770516047894	36.17228222133321	19.140573205394315	18.054497095194606	40.9034789320897	129.1809389562971	194.76063978971823	-0.4286102155623297	11.39694187935941	15.692227019382164	6.9471450234413155	8.42672827042027	2.3933614097337745	-6.352212119908025	20.241528581165035	-4.020195244028308	13.01151377191059	14.097589882110299	12.949	7.585486610996599	6.86850617472833	6.850375955355372	6.314595777922176	69.46156908159786	0.02067806151939356
 archi-vowels-PSX.wav	íˤ	37	30.492	169.63771009852258	352.787	2891.247	3526.753	32.41354157031152	13.22233062421738	18.18221992031076	12.243802021596606	19.136790564960055	19.134047161788807	-12.984778336835852	-5.827967444827991	34.68268342056609	29.487224778516786	10.076596654170988	29.487224778516786	9.739629745250403	11.111896678448872	49.418359061079585	133.33992689331254	196.18803685540186	19.191210946094145	-4.959889296093381	20.169739548714915	13.276751005351468	13.279494408522716	-7.1568108920078615	5.1954586420493065	19.4106281243458	5.1954586420493065	24.94305367531569	23.57078674211722	10.313	11.810305299610967	11.010470004514417	10.998622635560205	10.298915475504147	60.378303402772254	0.025764116832506682
archi-vowels-PSX.wav	íˤ	38	31.191	237.56542157002997	434.367	2385.496	2750.978	32.39880273869802	29.8462409251408	19.282194059274776	25.48451159963693	33.98167314624439	28.07520482677281	18.086061036695547	7.9986859658522835	35.52959733963568	43.03385228394572	9.259402838834548	44.806207030832795	31.711020780523395	31.875593023448786	48.73755843874378	108.69694377275319	142.1047805137585	2.5525618135572223	10.564046865866025	6.914291139061092	-1.5828704075463662	4.323597911925212	10.087375070843263	-7.504254944310041	33.77444944511117	-9.276609691197116	3.8185765591122838	3.6540043161868923	24.878	6.785959675314035	5.290640666244045	5.164374460664755	4.10033368125862	73.04018084944974	0.03660781676683753
 archi-vowels-PSX.wav	íˤ	38	31.231	223.6401423546164	455.902	2584.654	2985.314	38.640471643795365	25.26233168340295	20.071141412756152	25.759611370516616	32.803094152663256	26.171683785104463	13.75055409577579	9.003960947232846	41.07233474854975	44.91365711754952	12.112582598121381	45.90017607938593	29.664512103556675	28.91108712647959	46.4340671324516	122.22403672128094	161.65280665512577	13.378139960392414	5.1911902706468	12.88086027327875	5.837377491132109	12.468787858690902	4.746593148542944	-3.8413223689997693	32.80107451942814	-4.827841330836179	11.407822644993075	12.16124762207016	18.607	17.718535811613137	18.56341964834381	17.61562501853746	13.321272529262453	75.07934091088978	0.04834429581603874
 archi-vowels-PSX.wav	íˤ	38	31.272	187.19056988369087	431.316	2705.862	3458.263	39.390281065373095	34.36058415018995	9.49102438818987	28.350238491811705	24.608840383424383	28.688991270973787	-1.0597109729611434	2.427156259351146	41.227930184182135	46.11983486444505	4.118794249266359	48.519309958601646	20.0588713903451	22.030297327411475	43.525342218771776	122.47361165179659	197.4780615915366	5.029696915183145	24.86955976200008	11.04004257356139	14.781440681948713	10.701289794399308	-3.4868672323122896	-4.891904680262918	42.001040615178695	-7.291379774419511	21.169058793837035	19.19763285677066	18.182	20.009200258563244	20.286866756371808	20.208088948668802	18.00160486379929	74.89627883750312	0.06342862912628208
 archi-vowels-PSX.wav	íˤ	38	31.312	174.59700812886	415.722	2861.755	3751.922	31.15183724990284	28.459581626367783	21.204729366506648	18.906225764451946	24.503040001224605	25.543000194688606	-8.151215207689688	3.1240610803011357	32.85357471288759	38.79918854894318	16.536149061428365	38.79918854894318	18.14191224592494	15.437924710705644	43.119941720031555	132.35425224239623	223.44113125109837	2.6922556235350577	7.254852259861135	12.245611485450894	6.648797248678235	5.608837055214234	-11.275276287990824	-5.9456138360555855	22.263039487514813	-5.9456138360555855	14.711662466962654	17.41565000218195	16.396	10.557375675673875	9.99670561973927	9.993848850795025	9.375737592489095	66.61605691141	0.029093502079973712
 archi-vowels-PSX.wav	íˤ	38	31.352	158.22495885615916	391.38	2759.281	3400.419	30.239163817585247	8.8488351147797	7.193875050302891	9.964776953128265	14.991998693735159	18.57272043776397	-8.659379791673569	-4.339516480047539	31.801003830636517	17.852737752659046	3.500785523255269	29.28565219108566	8.862005840598671	12.987758240636875	43.32687277227308	118.15382031874881	177.58308209838785	21.390328702805547	1.6549600644768088	20.274386864456982	15.247165123850088	11.666443379821278	-4.31986331162603	13.948266077977472	14.351952229403777	2.5153516395508575	22.938997990037848	18.813245589999642	14.07	9.803492913385263	9.555995470213517	9.544382850223165	8.661594701086553	58.384695665482774	0.0222757278793631
archi-vowels-PSX.wav	íˤ	39	31.713	279.61227775911044	447.096	2596.993	2811.8	42.16078482315992	30.80377736055839	15.209194455685235	17.102433754845276	41.002147425879016	27.056735576645277	23.451374054793497	15.895218282189827	46.49209748536636	35.98600485291994	2.628956524501051	35.98600485291994	36.3699768423551	35.365811682827655	52.585528340478064	138.894299997648	161.9105763255199	11.357007462601533	15.594582904873153	25.058351068314646	1.1586373972809056	15.104049246514645	7.55615577260367	10.506092632446418	33.35704832841889	10.506092632446418	10.122120643011257	11.126285802538703	19.91	9.256411536485022	9.990476978085427	9.689276896270286	8.51941571203436	74.53473283259822	0.060535530567557394
 archi-vowels-PSX.wav	íˤ	39	31.748	282.4803100415205	355.879	2567.322	2678.685	40.79292190655629	40.94621604850191	20.885738215115	36.556115479637256	48.955629144972946	30.2528581442333	31.665121652654832	18.193353270164007	48.858002903264854	37.71297304041942	3.6848662210199166	51.80643095964158	40.53899937005393	40.53899937005393	63.147987816100375	136.68330942759584	148.2202683234294	-0.1532941419456222	20.06047783338691	4.236806426919031	-8.162707238416658	10.540063762322987	13.471768382490826	11.145029862845433	34.028106819399504	-2.948428056376727	8.319003533210925	8.319003533210925	20.801	23.14107146836799	20.269694712251937	19.56975395208885	15.288609646771349	79.59233645839635	0.08339606903531391
 archi-vowels-PSX.wav	íˤ	39	31.783	325.79297463605263	351.073	2351.023	2695.192	41.4041712037767	40.761720881081644	39.9550393396423	39.85274572473513	46.94210303597825	42.03074908190095	39.74940584938368	13.509405306037474	54.184123638484095	33.72418709959102	21.130196508867304	54.184123638484095	39.74940584938368	41.473829310536836	69.58152709714771	126.33853864338138	162.91437875280195	0.6424503226950549	0.806681541439346	1.5514254790415691	-5.537931832201551	-0.6265778781242517	26.240000543346206	20.459936538893075	12.593990590723717	0	14.434717789100418	12.71029432794726	24.791	30.65846491807752	28.69245465372589	27.943543645018014	24.244629724512766	82.31384028198237	0.11881729292829914
 archi-vowels-PSX.wav	íˤ	39	31.818	332.8804874905757	383.912	2250.127	2635.193	37.09801808824182	50.85484123219494	37.51172534989101	32.17775734446563	47.32930334559168	38.33054950486228	42.640411334389796	6.064299215918462	47.99281962079317	45.61015542087805	20.498408359731883	47.99281962079317	42.640411334389796	38.37182317475376	64.44133739757805	118.63469197100235	158.0426463310074	-13.75682314395312	13.343115882303934	4.92026074377619	-10.23128525734986	-1.2325314166204606	36.576112118471336	2.3826641999151192	25.11174706114617	0	5.352408286403374	9.620996446039413	22.236	28.71012476148726	26.059344032057233	21.040760280420855	19.55242837562635	80.63710274600419	0.07417641745398282
 archi-vowels-PSX.wav	íˤ	39	31.853	317.56213337291746	553.853	1932.657	2378.164	26.98911970110288	33.016175337280636	24.390390175910817	23.315334404171338	31.43720454019371	20.82272493408124	37.08336237515948	-2.8441053951598945	30.644176757582244	43.53641005095204	16.761816604493426	43.53641005095204	37.08336237515948	27.45740645236593	59.02241487664106	91.6982675225857	126.99885544123401	-6.0270556361777565	8.62578516136982	3.673785296931541	-4.448084839090832	6.1663947670216395	39.927467770319375	-12.892233293369799	26.774593446458617	-12.892233293369799	-6.4391856175772375	3.1867703052163137	14.196	5.5706330194156575	10.286603346663291	5.675282408724645	5.486362256827537	77.30344895237563	0.0008409359829210843
archi-vowels-PSX.wav	íˤ	40	32.806	249.4309262401659	469.503	2473.453	3032.301	36.289555189375875	18.752566990625144	0.496573320306533	15.522213686192547	20.37444939913344	19.40357672388706	7.500615249288355	6.894777579559317	39.22567506740062	34.64153004297703	-8.842594294807673	35.511176743585224	18.38118570351512	18.278902992858317	48.916190566268845	119.11063506871132	176.36809927903423	17.53698819875073	18.25599367031861	20.767341503183328	15.915105790242436	16.885978465488815	0.6058376697290377	4.5841450244235915	43.484124337784706	3.7144983238153984	20.844489363885504	20.946772074542306	21.128	10.999656485913498	12.324284340124409	11.770400453123573	10.142055106131082	69.70959178975353	0.02765265027789574
 archi-vowels-PSX.wav	íˤ	40	32.842	282.9470406709299	340.055	2514.087	3166.232	38.9451336147625	47.69704430520385	28.318346670410143	30.38620106516158	35.13032460254797	29.47804908631421	17.658039616899856	13.244768007288881	48.103413052496585	43.18476260155029	10.323577260495503	44.815895255776496	26.436838874423593	19.70484195784362	66.34908153087359	131.53241263001172	205.6322555459712	-8.751910690441356	19.37869763479371	8.558932549600918	3.814809012214525	9.467084528448286	4.413271609610975	4.918650450946295	32.861185341054785	3.2875177967200884	21.66657417807299	28.398571094652965	21.976	24.086559242039307	21.985216818574017	21.29615145040446	19.146108356051503	76.41817112647666	0.05671205233883188
 archi-vowels-PSX.wav	íˤ	40	32.879	297.9330263878693	326.93	2482.173	2900.873	42.33112496911732	40.74810965147685	17.416613528025287	39.64773119302741	42.05324278934657	37.16799737325488	18.490057930806152	22.798161351801948	53.96300745731797	33.976603090684854	-1.9686015668242156	53.117715460936026	32.745321045629574	32.69364687608225	71.31615049992308	132.27452885555522	178.40211504944693	1.5830153176404664	23.331496123451565	2.6833937760899076	0.27788217977074936	5.163127595862441	-4.308103420995796	19.986404366633117	35.945204657509066	0.8452919963819454	21.217686411688398	21.269360581235723	21.604	33.25543626043091	32.45183786977035	29.20502568308683	22.766799739016	81.75974109784404	0.10667457695733941
 archi-vowels-PSX.wav	íˤ	40	32.915	295.8517153699504	414.409	2373.2	2940.274	46.19271745133828	40.143751438213485	25.574697673578793	34.51097927721089	40.84248525736203	40.746904408312005	26.564317351563822	18.01694007917083	52.3149441984697	40.308671195126145	11.033511852693135	52.128544307388566	36.826467498805265	36.846810383529146	56.49191255145897	121.4158785627638	182.44539534646634	6.048966013124797	14.569053764634692	11.68173817412739	5.350232193976254	5.445813043026277	8.547377272392993	12.006273003343559	29.27515934243301	0.18639989108113753	15.488476699664439	15.468133814940558	18.603	35.77922951860161	29.925871553702002	26.615055104163158	22.97077551373507	80.90559250115227	0.08787868051740752
 archi-vowels-PSX.wav	íˤ	40	32.952	269.0466514312325	506.092	2114.73	2613.241	47.275821969705035	23.25049909112184	20.315974906159326	20.8084549586306	38.72447936190505	33.595537039584556	41.51251949881044	18.55012282579785	50.26966206219545	39.30552758226449	12.025448694432106	41.003710365348375	41.51251949881044	36.84031505915576	52.65545738525234	94.90579034429577	137.58031304215322	24.025322878583196	2.9345241849625125	26.467367011074437	8.551342607799988	13.680284930120479	22.96239667301259	10.964134479930962	27.28007888783238	9.265951696847075	8.75714256338501	13.429347003039688	0	8.26977376019553	8.897026664510824	4.736978031478599	3.820619960262888	78.83409188847995	0.06902802894271198
archi-vowels-PSX.wav	ú	41	33.863	167.69978494606977	560.639	800.383	2551.267	14.697218226113726	18.677281948310974	4.886686576601605	1.9645497562074894	2.3349948496297834	9.983459896676894	-10.144136348869786	-8.60651112758415	15.89722504295895	24.17206896576918	22.45416720275191	30.18260357135329	27.010935265713766	-7.062972521071316	42.67306974206771	45.015162153534675	104.2208902904593	-3.9800637221972472	13.790595371709369	12.732668469906237	12.362223376483943	4.713758329436832	-1.5376252212856354	-8.27484392281023	1.7179017630172702	-14.28537852839434	-11.113710222754815	22.960197564030267	6.456	3.8890328298877113	-2.349269957055904	1.237045830761064	-0.281354243107772	61.55482320744602	0.0066412673828664835
 archi-vowels-PSX.wav	ú	41	33.896	230.91443516417533	463.016	806.423	2647.676	31.428436040063573	17.520526647105818	22.510782420377197	17.498908513700464	14.967115190812642	20.029062597667014	-9.696128191745636	-2.386659676145059	34.62745513775162	40.84051779371429	22.97938037286095	40.84051779371429	32.575414159861296	-3.279944942444206	47.05663479152879	52.39674501837596	130.0670761296586	13.907909392957755	-4.990255773271379	13.92952752636311	16.46132084925093	11.39937344239656	-7.309468515600577	-6.213062655962673	17.861137420853343	-6.213062655962673	2.0520409778903215	37.90740008019582	11.934	3.8653928405382043	0.9105633711421854	0.9086552077592235	0.9083813926156857	71.60862150719184	0.046520757998017796
 archi-vowels-PSX.wav	ú	41	33.929	252.3253357062159	488.779	769.801	2932.334	38.317492839651294	18.56705149676266	29.25999905792475	17.31343185942022	19.845908385973203	27.18109447019806	-0.2434736513943323	0.3511852662439251	41.964653573602746	41.712982242941095	21.844948023045873	41.712982242941095	39.43484349210585	-0.9597342558985232	49.31641474260706	54.605907149216115	166.16796078314252	19.750441342888635	-10.692947561162093	21.004060980231074	18.47158445367809	11.136398369453232	-0.5946589176382574	0.2516713306616509	19.868034219895222	0.2516713306616509	2.5298100814968976	42.92438782950127	20.832	11.2994665092663	10.187564265780152	10.182927478731457	10.182222725200523	74.22422974986945	0.07964250041032744
 archi-vowels-PSX.wav	ú	41	33.962	272.5545606335059	451.923	995.739	3176.908	40.12047140444719	31.50377575468542	25.135157220696485	20.275712006073128	11.079187563885668	28.370452796330166	-0.925106339019961	-2.722749940747757	44.65798764537281	41.13960401373045	25.17218149325791	41.13960401373045	24.035197922458398	-0.19387720822290164	51.67024989091703	58.478808204390845	202.71009906943775	8.616695649761766	6.368618533988936	19.84475939837406	29.04128384056152	11.75001860811702	1.797643601727796	3.518383631642365	15.967422520472539	3.518383631642365	20.622789722914415	44.851864853595714	15.778	11.498975683157731	9.650278958537474	9.645992066032985	9.64180744152035	72.74853245894144	0.07880625754390436
 archi-vowels-PSX.wav	ú	41	33.995	286.9012502108494	332.329	1168.578	2494.908	36.85695437740368	37.127565969318006	23.62888877403813	31.289718441366873	22.39681452413354	16.93270095753559	4.104767419937141	-4.970701092138917	47.39861563935485	33.587245667593606	26.96522930373517	45.814040109504155	26.96522930373517	-2.965474562548664	68.56081137143546	61.670256681158165	130.69064110332886	-0.2706115919143244	13.498677195279875	5.567235936036809	14.460139853270142	19.92425341986809	9.075468512076057	13.811369971761245	6.622016363858435	1.5845755298506958	20.43338633561968	50.364090201903515	15.388	22.647431575451762	19.18873617063458	19.138678444216254	19.13700542785534	74.48250178323144	0.10631274297721427
archi-vowels-PSX.wav	ú	42	34.628	230.02973503163383	453.332	965.425	2527.422	26.704103581867187	8.977612342545203	12.36072342082285	15.870060325936166	7.74316633991522	13.860011446903851	-9.469100355615083	-11.377885370026448	29.7679922929794	30.486067514238965	21.9890417781886	37.708757615120334	21.9890417781886	-4.187673417394218	47.16918822205033	53.24928883314613	118.86259237769114	17.726491239321984	-3.383111078277647	10.834043255931022	18.960937241951967	12.844092134963336	1.9087850144113645	-0.7180752212595642	8.497025736050364	-7.940765322140933	7.7789505147908	33.955665710373616	19.12	7.822290972740502	6.870146941272564	6.869799525853322	6.869827147208827	71.15200397802835	0.01843051651500799
 archi-vowels-PSX.wav	ú	42	34.651	230.09759489768885	444.373	1109.741	2549.93	39.37145756400272	29.576841467409864	33.13302528659997	27.948394252018353	10.894739699024235	14.800768667031264	-5.456978433779069	-6.970877328530559	42.431575432451616	48.91580919813079	32.85618326940295	48.91580919813079	22.791750696247778	-1.1078242691187403	47.47677778286646	54.23383803405278	120.87527225179365	9.794616096592854	-3.556183819190103	11.423063311984365	28.476717864978482	24.570688896971454	1.51389889475149	-6.484233765679171	16.05962592872784	-6.484233765679171	19.63982473620384	43.53939970157035	22.633	18.35353967773287	19.04734231479643	19.04607068858696	19.0424078728997	77.62575490817709	0.06958858724812612
 archi-vowels-PSX.wav	ú	42	34.674	236.64230967923743	460.58	1019.436	2753.415	41.404063807212474	26.789500809587516	26.216919392636242	25.710960114986037	19.047427141696254	31.15629375013624	4.913446184209963	5.4504539933928235	44.51717120658522	47.4117028080819	32.73930438582613	47.4117028080819	32.73930438582613	10.476233492011247	47.69501569426609	54.36501855679214	142.06214110092026	14.614562997624958	0.5725814169512731	15.693103692226437	22.35663666551622	10.247770057076234	-0.5370078091828603	-2.8945316014966807	14.672398422255768	-2.8945316014966807	11.777866820759087	34.04093771457397	21.893	20.87866157053505	18.85388947882966	18.829098509776003	18.798181181879613	77.6325720741987	0.07029147745583363
 archi-vowels-PSX.wav	ú	42	34.697	239.94989450108034	462.373	1085.583	3056.412	42.276113987019585	28.389307848765128	32.3793078149325	26.52062850213167	22.160605922783894	37.971066579682514	7.898965893318916	15.840205768350383	45.405364992453485	47.9550361481473	35.043484510666275	47.9550361481473	34.99810997200023	13.818585657407574	48.00960372979102	55.2272627655123	175.50861131396175	13.886806138254457	-3.9899999661673746	15.755485484887913	20.11550806423569	4.305047407337071	-7.941239875031467	-2.549671155693815	12.911551637481026	-2.549671155693815	10.407255020453256	31.58677933504591	21.419	24.54817622872268	24.09459634192355	24.04463517645396	23.879501835222378	78.56618436311827	0.06830403955673303
 archi-vowels-PSX.wav	ú	42	34.72	231.7321404487681	441.732	1198.015	2514.769	43.326171084044496	32.46507551717297	30.44390573643925	29.772948210769925	14.980446423733213	24.664163268491638	9.325254192668597	16.388792246260927	46.418196476094266	50.38979836010364	27.733166804320653	50.38979836010364	25.70469098238741	10.945922381246673	47.758976024982836	55.26174752499504	118.19832119954069	10.861095566871526	2.0211697807337217	13.55322287327457	28.345724660311284	18.662007815552858	-7.06353805359233	-3.971601884009374	22.656631555782987	-3.971601884009374	20.713505493706855	35.47227409484759	15.3	20.22665219877281	20.614583204861276	20.53329722869973	20.421812349339184	79.6609923812645	0.06975430241169428
archi-vowels-PSX.wav	ú	43	35.78	299.50732027785233	339.257	856.023	3156.912	42.273719507527694	42.698248466842784	22.925043271151512	38.374622692831906	26.951118949472594	49.24654773508331	3.488708759955799	-14.719863843997627	54.18655150193991	41.991305784826864	2.1976208346509623	53.80320274210802	35.43478081509506	12.630009136251461	68.7081851516855	60.73588384035388	211.18439400187316	-0.42452895931509005	19.773205195691272	3.8990968146957883	15.3226005580551	-6.972828227555617	18.208572603953428	12.195245717113046	39.7936849501759	0.38334875983188965	18.75177068684485	41.55654236568845	13.926	16.04035433667448	14.329936049477826	14.32490335081993	14.3053095708247	81.23271634529262	0.09602451551196144
 archi-vowels-PSX.wav	ú	43	35.794	306.0741728016231	370.084	845.331	3075.247	42.23284146101077	43.83757527648257	36.25621347866828	35.348286230711764	20.854886828596776	49.688487617295245	2.4791402302847896	-15.540323978496025	52.55500495484034	45.43270760516926	15.578449511598091	52.55500495484034	31.199864905507027	15.3811331544651	63.5172488450236	61.426684867368465	203.17035104227853	-1.6047338154717963	7.581361797814289	6.884555230299007	21.377954632413996	-7.455646156284473	18.019464208780814	7.122297349671079	29.854258093571172	0	21.355140049333315	37.17387180037524	16.009	24.908654568697166	18.236496848397177	18.237017764930673	18.22377334546601	80.966145881215	0.07956219280747993
 archi-vowels-PSX.wav	ú	43	35.808	298.31043098462624	392.58	844.515	2785.683	42.48574105251254	41.15046403809245	30.294920464922043	32.17373835339883	21.932181989549832	48.60372484713114	2.4699909885659252	-17.179097673443128	50.75497558528539	44.72277903657026	12.070822141534737	50.75497558528539	33.69361202810045	19.802421786107153	59.21604486403235	60.5143056920016	164.9424936048694	1.335277014420086	10.855543573170408	10.312002699113705	20.553559062962705	-6.117983794618603	19.649088662009053	6.0321965487151346	32.651956895035525	0	17.06136355718494	30.95255379917824	19.99	24.5513970766762	19.70818463348094	19.685736679296262	19.64581143495346	80.09694828500338	0.06637604404641836
 archi-vowels-PSX.wav	ú	43	35.822	292.9137335138957	335.015	1140.34	2737.67	41.77869093080996	46.68980435681999	23.689363659684393	37.69444618196947	20.012633222776874	35.91768135220504	10.536514767147382	-5.2624904012755795	52.78975601846731	43.08880617190284	24.921284018740252	52.312887327549404	24.921284018740252	11.214924724809233	68.76876184613387	62.100374722895516	157.80237950288685	-4.911113426010033	23.0004406971356	4.08424474884049	21.766057708033085	5.861009578604921	15.799005168422962	9.70094984656447	18.167522153162587	0.47686869091790385	27.868471999727056	41.57483129365808	20.969	27.03433892471541	20.0154689242375	19.969987187266028	19.922141001665377	80.76851048984125	0.07944448472297756
 archi-vowels-PSX.wav	ú	43	35.836	287.06554572910295	303.769	1260.759	2555.071	42.13538211825783	39.309085618248446	38.029884666966275	41.5453019015406	32.13115443942487	34.28072051234288	15.58840667276936	-8.785086338667341	54.259912548910464	33.1677668218647	30.764692591106623	54.259912548910464	34.146298165946824	13.424399978375552	75.63266998398689	62.872210200894095	136.69158997287786	2.8262965000093843	1.2792009512821707	0.590080216717233	10.004227678832962	7.8546616059149486	24.3734930114367	21.09214572704576	2.4030742307580795	0	20.11361438296364	40.83551257053491	19.56	30.006794894182896	22.484570170154868	22.42157240712677	22.313545987211253	81.67829240350683	0.09082877957704422
archi-vowels-PSX.wav	ú	44	37.074	275.23111670254707	312.108	958.409	2527.075	43.856029930768	42.209027356155886	40.169177073987164	41.024408446742655	19.335738001918976	38.48632965914994	11.770242532495223	-8.408819913421354	54.86940663298532	39.20007592313433	28.87461348851509	54.86940663298532	25.230942234120022	12.921832481349089	71.73170136249485	58.55270320949087	130.76764365950268	1.6470025746121166	2.0398502821687217	2.831621484025348	24.520291928849026	5.369700271618065	20.17906244591658	15.669330709850989	10.325462434619237	0	29.638464398865295	41.94757415163623	24.234	25.812259569406685	23.901289630001056	23.89745784478366	23.857702993133113	81.05075688135473	0.09975557475660135
 archi-vowels-PSX.wav	ú	44	37.087	272.8288557957641	337.829	1017.286	2601.897	45.61357627811926	43.77169161237531	37.49602225696653	35.861870193713635	25.115173664082292	38.98308344893727	11.658088531189986	-6.904014747172954	54.52281478476919	42.55477383629319	33.909557928670836	51.20027401496066	31.867916361849563	14.72385257852392	65.47837881153033	58.65817018919568	137.50072984212434	1.8418846657439545	6.275669355408773	9.751706084405626	20.49840261403697	6.630492829181989	18.56210327836294	11.968040948476002	8.645215907622351	3.3225407698085263	22.654898422919626	39.79896220624527	22.381	29.27202462454798	24.417784578901415	24.397733049474503	24.32270657133448	81.08239006642457	0.09956623020035432
 archi-vowels-PSX.wav	ú	44	37.1	270.6361344811941	331.526	1078.682	2420.816	44.240391862606735	43.21656804669278	33.56278605876412	34.32875891492689	33.40487061986443	34.52461660076868	16.300464514771637	-15.345506448338552	53.280776765345536	41.27813969282136	39.14970395180475	49.21699388431569	39.14970395180475	14.502682655138228	66.53608190475174	58.855457680862834	119.6845852693616	1.023823815913957	9.65378198792866	9.911632947679848	10.835521242742303	9.715775261838054	31.645970963110187	12.002637072524173	2.1284357410166095	4.063782881029844	14.131072813540783	38.778094110207306	21.595	31.109683537242226	23.78318148072386	23.73443750989963	23.684014878247034	80.06230976047175	0.08527164055713204
 archi-vowels-PSX.wav	ú	44	37.114	266.53518727838866	324.471	1106.708	2429.495	43.1348979046853	41.97470187711094	31.722764263752424	33.19617625166538	27.942539475828205	30.20257449627541	10.344625856756064	-10.715812381600585	52.220002506805926	39.639473147301885	33.05641028175715	47.69128569157418	33.05641028175715	10.273193466158235	67.54769859025177	58.59778002996995	119.45879886913566	1.160196027574365	10.251937613358514	9.938721653019925	15.192358428857098	12.932323408409893	21.06043823835665	12.580529359504041	6.583062865544733	4.528716815231746	19.163592225048774	41.94680904064769	21.66	30.26818581977932	24.809255158920553	24.78513693119988	24.735065302770995	78.66764609564939	0.07442412818632434
 archi-vowels-PSX.wav	ú	44	37.127	262.18891176578677	352.814	1243.66	2641.5	43.709266843905574	40.33769285127316	31.97579441854077	28.803568033261673	21.329002426907596	32.16839180367966	8.429654720731872	-4.487712198452733	50.67085707714199	40.31768916982945	24.8705925816162	44.814195713639236	26.675523840914643	12.433931655722283	61.15182939000612	59.553856594151476	138.46733069788633	3.3715739926324133	8.361898432732392	14.905698810643901	22.380264416997978	11.540875040225913	12.917366919184605	10.353167907312539	15.447096588213249	5.856661363502752	23.995333236227346	38.236925421419706	0	21.903542757099967	18.907174768026906	18.829378368995414	18.756983069356806	76.98290769289733	0.0619987951506785
archi-vowels-PSX.wav	úˤ	45	37.709	254.10677415088165	539.108	1167.334	2968.011	39.61349531449795	24.010533551285597	30.149487783659573	20.15762114812022	18.44263602997411	30.475483996535075	10.60707439339074	4.819996378875579	42.1982174307678	42.61521081011374	34.21751662504464	42.61521081011374	33.28713366307694	11.603693747164607	51.763929764176694	57.66763031931991	170.79639219896941	15.602961763212356	-6.138954232373976	19.455874166377733	21.170859284523843	9.138011317962878	5.787078014515161	-0.4169933793459393	8.3976941850691	-0.4169933793459393	8.911083767690855	30.594523683603192	26.753	21.696733587705733	19.91592512628802	19.86358836760888	19.810901074015028	75.26276478411276	0.0631905354218949
 archi-vowels-PSX.wav	úˤ	45	37.747	281.0850874195431	535.3	1087.324	3026.169	47.02981109341541	21.884692297201624	17.171562382778532	19.020041815692068	12.26662704501122	33.349937802210775	11.109333133027038	4.216921211582142	50.4012508801437	41.27514022892318	27.556295208944523	41.27514022892318	27.556295208944523	11.55087036049306	54.62699014760345	60.18116970862542	187.51532689298978	25.145118796213787	4.713129914423092	28.009769277723343	34.76318404840419	13.679873291204636	6.892411921444896	9.126110651220522	13.718845019978655	9.126110651220522	22.844955671199177	38.85038051965064	19.714	25.21595589598523	18.474270629959403	18.45621158681014	18.441363925278992	78.3746849968683	0.11066735137647851
 archi-vowels-PSX.wav	úˤ	45	37.786	304.1590796412045	604.129	1380.574	3002.071	43.85520433288856	25.953900354002663	28.141459056107244	25.864463981347313	16.870788023745554	29.70590587314721	14.454806479745821	-4.675754351725395	46.80316969802117	48.01219597056529	31.336690399278385	48.01219597056529	30.689560097988856	15.04514784767772	58.51565378587874	67.18400562707646	193.0997671982556	17.9013039788859	-2.1875587021045817	17.99074035154125	26.984416309143008	14.149298459741352	19.130560831471215	-1.209026272544115	16.6755055712869	-1.209026272544115	16.113609600032316	31.758021850343454	21.311	27.306344529957048	19.841777874098604	19.83342163655739	19.80199786629133	78.20952888237015	0.07070437347636693
 archi-vowels-PSX.wav	úˤ	45	37.825	316.8846101002087	613.781	1420.152	2926.998	41.88336019749672	25.595223246448707	29.38358187577223	23.997610386568766	19.303358171521033	31.043380451921223	25.933084678681073	7.734453048361089	44.99362998580135	46.000915516912066	32.78181114359245	46.000915516912066	32.78181114359245	18.31109559826184	60.10389247013916	69.73576814326117	188.2073713095052	16.288136951048013	-3.788358629323522	17.885749810927955	22.580002025975688	10.839979745575498	18.198631630319984	-1.0072855311107176	13.219104373319617	-1.0072855311107176	12.2118188422089	26.68253438753951	23.055	33.157479852867255	26.279991712421904	26.0562538731549	25.887423634447675	77.28721139279487	0.05766941013379733
 archi-vowels-PSX.wav	úˤ	45	37.863	328.62135548247875	643.047	1630.128	2773.875	42.057629691780775	24.236870662806282	29.841252437734138	23.38442305138156	26.64046915830229	30.624981739385323	35.14086256455437	8.598248019363318	45.023329619214316	45.21166922451532	28.920104150530523	45.21166922451532	38.44946047240916	24.616246242099145	61.89729361351752	78.01047169831168	173.15081693869183	17.820759028974493	-5.604381774927855	18.673206640399215	15.417160533478484	11.432647952395453	26.54261454519105	-0.18833960530100313	16.291565073984795	-0.18833960530100313	6.573869146805158	20.40708337711517	21.607	36.95017799823542	25.635028970258944	23.987200107924483	23.82502913144622	76.57655465093126	0.04898181919716859
archi-vowels-PSX.wav	ú	46	38.779	203.88986619335174	400.643	860.92	2720.682	31.734573549045713	25.271592526832904	19.279282071260774	24.907396600925416	14.3429982485967	20.981739213010542	-6.0876487155375845	4.483573123322286	34.80006520317182	45.552748146313235	28.012512133472125	45.552748146313235	28.012512133472125	-4.316973977757073	47.611229558988775	49.58517839985743	128.8502351029195	6.462981022212809	5.992310455572131	6.827176948120297	17.391575300449013	10.752834336035171	-10.57122183885987	-10.752682943141416	17.54023601284111	-10.752682943141416	6.787553069699694	39.11703918092889	14.449	8.042411658380672	5.868363224894475	5.8682691225952155	5.867278121105761	71.57422899301146	0.040446100838306666
 archi-vowels-PSX.wav	ú	46	38.813	193.48199282495264	421.141	994.114	2677.391	37.1779699636075	31.20954199472782	32.10143433660015	26.05706546366887	11.500587949478728	18.57610579761275	-1.281710384060841	11.269757541504188	39.54999812881356	47.25988737690135	32.64621808917533	47.25988737690135	24.479144135184153	-2.073528174175938	44.80491330131301	49.08178197122419	121.85437517291062	5.968427968879681	-0.8918923418723281	11.120904499938632	25.677382014128774	18.60186416599475	-12.551467925565028	-7.709889248087784	14.613669287726019	-7.709889248087784	15.07085399362941	41.623526302989504	20.554	19.983232225834453	15.000731260386909	15.002712105306683	14.99714286988067	74.02569199980432	0.06472859287794312
 archi-vowels-PSX.wav	ú	46	38.847	179.67184161231353	438.807	978.339	2952.785	34.448892027694875	31.993504604125498	25.47565588885154	19.832977416818323	17.725041177856326	26.575146116319836	2.5127153813697056	4.469177058618531	36.32741839372753	42.61828069928242	27.672168219263146	42.106582951812186	32.09437151953548	2.2118962548315917	42.37247617708503	47.35830863368352	142.5366825659994	2.455387423569377	6.517848715273956	14.615914610876551	16.72385084983855	7.873745911375039	-1.956461677248825	-6.290862305554896	14.946112480019277	-5.779164558084659	4.233046874192048	34.11552213889593	19.168	18.966009841616582	17.606649123841645	17.5339341741797	17.51120754444121	70.4013336895134	0.04845029123770391
 archi-vowels-PSX.wav	ú	46	38.88	179.06872045680961	418.762	1128.97	2736.734	33.651956983638954	28.36185098113919	28.483661496140463	19.201366483965074	15.51464220106579	22.37764679991804	1.6316618591059109	1.578141512175635	35.61003665035626	40.20023508498245	27.267835910183145	40.20023508498245	27.018693652458676	3.5400825877536106	43.39894987263611	48.228101980782746	122.69559284560732	5.290106002499762	-0.12181051500127182	14.45059049967388	18.137314782573164	11.274310183720914	0.05352034693027585	-4.5901984346261955	12.932399174799308	-4.5901984346261955	8.59134299789758	32.06995406260265	19.258	16.62926890083035	14.291078436830091	14.202054044409584	14.162984165767563	68.5972445045996	0.04714106378939471
 archi-vowels-PSX.wav	ú	46	38.914	175.58489407280544	437.753	1323.031	2955.867	32.25205116066847	34.1932121826432	31.663135236590623	20.240322410637866	12.577636093309252	30.85395623437326	1.7810023691599062	12.896462857729443	33.91782246063031	43.559288340570745	30.5985056541196	41.632249115663875	22.922320861538978	12.665195753501708	41.98365388034205	49.83826278589198	141.36798041324602	-1.9411610219747288	2.530076946052578	12.011728750030606	19.67441506735922	1.3980949262952116	-11.115460488569536	-9.641465879940434	12.960782686451147	-7.714426655033563	10.995501599091334	21.252626707128606	0	21.799150519647092	19.550153406155214	19.474029383978408	19.314450636203535	70.14567600131384	0.04568787356015963
archi-vowels-PSX.wav	ú	47	39.943	189.91149937292403	445.289	1134.791	3002.324	32.40084480228638	34.09999388102328	30.759840863536866	24.262643411994674	14.415305759055094	32.39978147765875	21.110722366268067	-11.60268340337552	34.37652232058403	45.998228813722555	30.300842028961007	45.998228813722555	26.864913259507468	10.272552775163133	43.20538403289511	49.58467146686378	151.03600595891658	-1.6991490787369017	3.340153017486415	8.138201390291705	17.985539043231284	0.0010633246276299246	32.713405769643586	-11.621706493138525	15.697386784761548	-11.621706493138525	7.5116090610765625	24.103969545420895	21.826	10.38759198690127	8.94709430767108	8.588610806907885	8.319777576288976	73.17667594845481	0.03556192471279736
 archi-vowels-PSX.wav	ú	47	39.989	223.79019436029623	468.357	1208.91	3405.097	37.27776748474569	27.682184419549326	29.544638327698834	25.174691479522266	17.81378896111221	35.227100606722075	15.837604550519062	-9.068368460362958	39.81043949530469	46.718436427078956	27.974721311323123	46.718436427078956	29.751289535410873	8.900628533900933	46.25270528517991	54.40782459273791	208.91896066339197	9.595583065196362	-1.862453908149508	12.103076005223421	19.46397852363348	2.0506668780236126	24.905973010882022	-6.907996931774264	18.743715115755833	-6.907996931774264	10.05914995989382	30.909810961403757	14.598	14.456911821647115	13.845512920186492	13.360011244718411	13.333514237568522	76.34015632554208	0.07494236625021188
 archi-vowels-PSX.wav	ú	47	40.035	272.43103650370915	545.053	1200.907	3143.64	40.87741046080429	23.859336983240603	28.62002350600431	23.859060030169083	19.44081942951398	33.28670520306905	21.309787225195613	-8.54449941756389	43.808600563530504	45.98371996614105	33.88736983508452	45.98371996614105	33.769070538583144	12.227458565039733	53.888742118835694	60.27477379264814	198.53752462393612	17.01807347756369	-4.760686522763706	17.01835043063521	21.436591031290313	7.5907052577352445	29.854286642759504	-2.175119402610548	12.096350131056532	-2.175119402610548	10.03953002494736	31.58114199849077	17.532	14.182694553720196	14.75423676059399	14.578873430951571	14.56233840329312	74.89502059126588	0.06459611172252072
 archi-vowels-PSX.wav	ú	47	40.081	296.5583419130583	457.967	1096.083	2895.172	41.342892684451094	35.118078629145934	32.78380955841955	18.103480371568182	16.006409529292746	33.10719700368401	16.770579278181348	-0.884221659244617	46.63009585754438	41.368306706810586	32.56260769714561	38.36428217914053	27.507649112444522	10.439334374229057	54.01217868404319	62.117002920724254	177.24436032485718	6.22481405530516	2.3342690707263856	23.239412312882912	25.336483155158348	8.235695680767087	17.654800937425964	5.261789150733797	8.805699009664977	8.265813678403852	19.12244674509986	36.19076148331533	13.514	18.392980557341417	14.777946229283812	14.703222898766493	14.675116690595882	75.28769799829615	0.07313293048221384
 archi-vowels-PSX.wav	ú	47	40.128	228.81531844025807	506.967	1254.727	3163.982	25.691394842728613	16.26573545198723	25.24618943485669	16.68092137289991	18.642275326535156	24.936963337964386	16.204124362179357	-8.413498936946585	27.947189030719066	31.241185134518954	24.76589322998386	38.66397742317356	31.585961327061515	3.988009575365543	48.34290339036722	55.57153308328437	183.24585742579174	9.425659390741384	-8.98045398286946	9.010473469828703	7.049119516193457	0.7544315047642272	24.617623299125942	-3.2939961037998877	6.475291904535094	-10.716788392454497	-3.6387722963424487	23.959179455353524	14.542	16.943546448124167	10.120987711609388	10.11492439776784	10.11757613133513	73.76184146716543	0.03312211447857928
archi-vowels-PSX.wav	úˤ	48	41.703	219.43114324697876	455.512	1302.232	2323.524	31.88684974129643	28.560418494788564	31.75503409890657	26.804009670494352	19.941292747208934	26.04268584721143	18.912323143284574	7.999419604423697	34.407592204037385	47.875627536585135	28.36271804520999	47.875627536585135	30.377229411416945	18.912323143284574	46.00281008389556	55.05146447938109	99.63574851354075	3.326431246507866	-3.194615604118006	5.082840070802078	11.945556994087497	5.844163894085	10.912903538860878	-13.46803533254775	19.512909491375144	-13.46803533254775	4.030362792620441	15.495269060752811	24.994	21.633229144513727	16.330905900899737	16.09334388611192	16.05057244038477	76.04661702675944	--undefined--
 archi-vowels-PSX.wav	úˤ	48	41.747	234.35902656587578	575.498	1314.754	2677.869	40.72036486958292	40.49724624136685	10.940150180165212	27.875050072091117	9.74263698928348	19.268841215528923	12.701550823417517	6.134213678136705	42.56585392405928	50.918423276110126	12.73925682716543	50.918423276110126	24.54553978138209	9.364704931524969	50.26808293731504	57.11276864686237	133.94698582903064	0.22311862821607065	29.55709606120164	12.845314797491806	30.977727880299444	21.451523654054	6.567337145280812	-8.352569352050843	38.1791664489447	-8.352569352050843	18.020314142677194	33.201148992534314	23.226	20.2751419883074	19.2424347862177	19.03750428030842	18.95248694279915	79.75347638448501	0.0703211492517736
 archi-vowels-PSX.wav	úˤ	48	41.792	266.68680301035374	782.819	813.762	2464.01	43.34590100937557	34.44393953005853	16.10133813335694	4.797908090800583	5.1527905874471855	31.935493995999682	17.93885699001767	13.994542226507598	45.39750503645997	44.66804787035407	20.271326183879317	47.591318846275634	47.591318846275634	21.051136969959433	56.37224887992272	56.607359994621	122.62169087456982	8.901961479317038	18.34260139670159	38.547992918574984	38.19311042192838	11.410407013375885	3.9443147635100715	0.7294571661058953	24.396721686474756	-2.1938138098156656	-2.1938138098156656	24.346368066500535	19.567	13.544137677878481	15.293253449966176	15.23728069345527	15.190549220553638	78.07144375465617	0.04807656342595784
 archi-vowels-PSX.wav	úˤ	48	41.836	324.0648994970729	502.387	1288.134	2469.456	44.879977869707346	29.66968792086544	13.67797967367601	18.70779864844552	17.178573983633488	28.752734017942526	14.48545130157652	8.418552477863939	50.031490023438394	35.61715021325962	23.99374172641366	38.851086762005586	27.891454632905635	18.293393957573098	58.48014757929568	67.91206998610814	137.63669970211302	15.210289948841908	15.991708247189429	26.172179221261825	27.70140388607386	16.12724385176482	6.066898823712581	14.414339810178774	11.62340848684596	11.180403261432808	22.14003539053276	31.738096065865296	20.64	21.952931571852726	13.150188717192922	13.025283584213781	12.999701981192507	79.3996062129354	0.10082500445418488
 archi-vowels-PSX.wav	úˤ	48	41.881	370.92176228448824	596.173	1486.385	2303.735	46.283888679429005	20.561100006346393	21.406883329356614	18.972297358782512	24.533452801373716	22.95260973955302	21.859689905632727	13.90016154793334	51.02700513515067	28.08408055865931	32.69857701842231	39.66682025258099	35.80028402318519	22.233974487576443	65.81120324881314	78.6922580238803	132.00520117619888	25.72278867308261	-0.8457833230102203	27.311591320646492	21.75043587805529	23.331278939875986	7.959528357699387	22.942924576491357	-4.614496459763004	11.360184882569676	15.226721111965475	28.793030647574223	16.26	25.113616859336734	17.934243584811597	17.804658929561185	17.7618096785104	79.86982278380792	0.07108224681268609
archi-vowels-PSX.wav	ú	49	42.626	224.74279014954442	447.22	1111.032	2166.623	40.10951418349265	35.50599720487823	30.381656490888737	35.46061901373389	19.858615944930058	21.414969363903847	13.328547397032125	-12.492639780227556	42.9721526800009	56.623781367036514	29.928340478543912	56.623781367036514	31.97531130096165	13.328547397032125	46.80597949109671	53.599018097359526	89.67072039100924	4.603516978614422	5.12434071398949	4.6488951697587595	20.25089823856259	18.694544819588803	25.82118717725968	-13.651628687035611	26.6954408884926	-13.651628687035611	10.996841379039253	29.643605282968778	22.55	28.6927686980988	27.482741200841282	27.409396107154606	27.4028507157771	84.45135176633947	0.09276782766499185
 archi-vowels-PSX.wav	ú	49	42.644	220.41376553662133	440.089	1069.074	2329.862	38.06249197210364	33.383045572238814	35.08735227161365	33.377368501688835	23.40962706178299	22.589934583770077	3.7585821965668194	-12.234530616730229	40.919275334694206	54.51029241203359	35.359265258845994	54.51029241203359	35.793023018113246	10.062092968211724	46.63367382650859	52.762094015234474	100.33576133166875	4.67944639986483	-1.7043066993748397	4.685123470414808	14.652864910320652	15.472557388333566	15.99311281329705	-13.591017077339387	19.1510271531876	-13.591017077339387	5.12625231658096	30.857182366482483	23.79	36.77575843804189	29.213301508583474	29.109387926045613	29.087868973953825	82.33819225938957	0.07237342901159385
 archi-vowels-PSX.wav	ú	49	42.661	216.0673368852487	436.699	1059.886	2380.848	36.36804266283251	31.515742187594448	31.11735663025	31.358940968949376	20.302674895601257	17.397355581506755	1.2366865096394672	-7.8002755709273774	39.14750215768536	52.48449628664842	31.276768236732323	52.48449628664842	32.72603065898598	3.6318674022018715	46.33059364716907	52.17790407431299	103.22877586120862	4.85230047523806	0.39838555734444725	5.009101693883132	16.06536776723125	18.970687081325753	9.036962080566845	-13.336994128963063	21.2077280499161	-13.336994128963063	6.421471498699383	35.51563475548349	18.088	30.263128726462973	22.231246380828118	22.216629429591613	22.18674220655204	80.19174276862793	0.05657243948130788
 archi-vowels-PSX.wav	ú	49	42.679	215.0365372951408	452.146	1088.967	2900.111	33.92927690564255	28.55224286472712	28.682957308050888	25.72690824959807	22.2644851771827	22.57087308745985	-1.58607175635345	-7.496703565560737	36.479751876407114	47.31277635991103	28.791149927986083	47.31277635991103	35.07019865668137	0.9459633982237792	45.63015501124128	52.26073687745587	149.77131453592705	5.377034040915433	-0.13071444332376814	8.202368656044484	11.664791728459853	11.358403818182701	5.9106318092072865	-10.833024483503912	18.521626431924943	-10.833024483503912	1.409553219725744	35.53378847818333	20.991	20.604657899030858	18.540442414812045	18.5210386272214	18.50028985573348	76.46949675799256	0.03492202668341121
 archi-vowels-PSX.wav	ú	49	42.696	203.60989593097574	518.029	1070.752	2645.961	24.977188971294446	29.731687450251293	30.357261243626148	15.865336227525205	4.097871824886035	20.122805020822305	2.240759554312764	-7.397679672450506	26.7449123531079	39.28058202332896	34.476495239532866	39.258925546333934	20.330497010756545	5.026102947099784	45.851128294154215	50.760402117496206	122.03938662623023	-4.754498478956847	-0.6255737933748549	9.11185274376924	20.87931714640841	4.85438395047214	9.63843922676327	-12.535669670221061	4.8040867837960946	-12.514013193226035	6.414415342351354	21.718809406008116	19.16	2.284286387405936	2.5460334934056785	2.553576637837745	2.5500325604741088	71.28067751619236	0.014508732721943083
